tree
version=v4
num_class=1
num_tree_per_iteration=1
label_index=0
max_feature_idx=115
objective=regression
feature_names=fantasy_pts_rolling_5g_avg fantasy_pts_rolling_5g_std fantasy_pts_rolling_10g_avg fantasy_pts_rolling_10g_std fantasy_pts_rolling_20g_avg fantasy_pts_rolling_20g_std pts_rolling_5g_avg pts_rolling_5g_std pts_rolling_10g_avg pts_rolling_10g_std pts_rolling_20g_avg pts_rolling_20g_std reb_rolling_5g_avg reb_rolling_5g_std reb_rolling_10g_avg reb_rolling_10g_std reb_rolling_20g_avg reb_rolling_20g_std ast_rolling_5g_avg ast_rolling_5g_std ast_rolling_10g_avg ast_rolling_10g_std ast_rolling_20g_avg ast_rolling_20g_std stl_rolling_5g_avg stl_rolling_5g_std stl_rolling_10g_avg stl_rolling_10g_std stl_rolling_20g_avg stl_rolling_20g_std blk_rolling_5g_avg blk_rolling_5g_std blk_rolling_10g_avg blk_rolling_10g_std blk_rolling_20g_avg blk_rolling_20g_std tov_rolling_5g_avg tov_rolling_5g_std tov_rolling_10g_avg tov_rolling_10g_std tov_rolling_20g_avg tov_rolling_20g_std 3pm_rolling_5g_avg 3pm_rolling_5g_std 3pm_rolling_10g_avg 3pm_rolling_10g_std 3pm_rolling_20g_avg 3pm_rolling_20g_std fantasy_pts_season_min fantasy_pts_season_max fantasy_pts_career_min fantasy_pts_career_max pts_season_min pts_season_max pts_career_min pts_career_max reb_season_min reb_season_max reb_career_min reb_career_max ast_season_min ast_season_max ast_career_min ast_career_max stl_season_min stl_season_max stl_career_min stl_career_max blk_season_min blk_season_max blk_career_min blk_career_max tov_season_min tov_season_max tov_career_min tov_career_max 3pm_season_min 3pm_season_max 3pm_career_min 3pm_career_max fantasy_pts_season_cumulative_total pts_season_cumulative_total reb_season_cumulative_total ast_season_cumulative_total stl_season_cumulative_total blk_season_cumulative_total tov_season_cumulative_total 3pm_season_cumulative_total fantasy_pts_lag_1 pts_lag_1 reb_lag_1 ast_lag_1 stl_lag_1 blk_lag_1 tov_lag_1 3pm_lag_1 WEIGHT SEASON_EXP FROM_YEAR TO_YEAR home_game away_game days_rest opponent_win_pct opponent_def_rating opponent_recent_form career_games_played season_start_year season_number age_at_game height_inches draft_pick_numeric is_undrafted position_Center position_Forward position_Guard
feature_infos=[-1:80.739999999999995] [0:33.644568655282235] [-1:71.920000000000016] [0:27.550241983208302] [-1:69.315000000000012] [0:27.550241983208302] [0:52.200000000000003] [0:24.785076154815421] [0:45.899999999999999] [0:19.406757127923825] [0:42.950000000000003] [0:15.874839410708679] [0:21.600000000000001] [0:10.329569206893384] [0:19.300000000000001] [0:8.2219219164377861] [0:17.649999999999999] [0:7.7781745930520225] [0:18.800000000000001] [0:7.334848328356899] [0:16] [0:6.7330032922413849] [0:14.1] [0:5.6568542494923806] [0:5.7999999999999998] [0:4.2190046219457971] [0:4] [0:3.0550504633038935] [0:4] [0:3.0550504633038935] [0:6.5999999999999996] [0:4.9497474683058327] [0:5.2000000000000002] [0:4.9497474683058327] [0:5] [0:4.9497474683058327] [0:8.1999999999999993] [0:4.6151923036857303] [0:6.9000000000000004] [0:3.5355339059327378] [0:6.6500000000000004] [0:3.5355339059327378] [0:9.1999999999999993] [0:5.9413803110051786] [0:7.2000000000000002] [0:4.3153472887152686] [0:7] [0:4.2426406871192848] [-3.5:99.5] [-2:105.2] [-3.5:55.700000000000003] [-1:105.2] [0:50] [0:73] [0:27] [0:73] [0:23] [0:31] [0:12] [0:31] [0:17] [0:24] [0:9] [0:24] [0:7] [0:10] [0:4] [0:10] [0:9] [0:10] [0:5] [0:10] [0:9] [0:12] [0:6] [0:12] [0:8] [0:14] [0:7] [0:14] [-2:4882.8000000000011] [0:2779] [0:1229] [0:895] [0:177] [0:252] [0:460] [0:392] [-3.5:105.2] [0:73] [0:31] [0:24] [0:10] [0:10] [0:12] [0:14] [164:290] [1:22] [2003:2024] none [0:1] [0:1] [1:2024] [0.106:0.89000000000000001] [93.099999999999994:119.59999999999999] [0:1] [0:1541] [2003:2024] [1:22] [18.828199863107461:40.142368240930871] [72:88] [1:61] [0:1] [0:1] [0:1] [0:1]
tree_sizes=2875 2969 2999 2979 2963 3010 2985 2980 2965 2962 2955 2985 2996 2959 2964 2957 2964 2942 2962 2933 2932 2962 2973 2977 2942 2892 2879 2955 2957 2888 2932 2889 2922 2929 2887 2940 2900 2906 2921 2882 2889 2871 2919 2902 2864 2957 2901 2915 2905 2840 2855 2854 2847 2878 2885 2876 2917 2842 2857 2876 2830 2834 2881 2834 2850 2817 2845 2860 2841 2806 2824 2854 2865 2768 2809 2852 2915 2846 2961 2860 2840 2885 2851 2831 2911 2893 2843 2851 2826 2848 2849 2825 2821 2799 2879 2851 2879 2831 2848 2844

Tree=0
num_leaves=31
num_cat=0
split_feature=28 28 28 28 0 67 20 20 28 28 97 20 67 0 108 107 107 50 18 50 67 27 84 1 28 103 2 44 20 23
split_gain=7040.16 1757.7 985.039 414.624 191.36 170.204 122.188 119.981 94.9008 89.9758 79.8756 73.6056 62.1745 53.7828 52.4371 52.3078 50.966 46.242 44.4163 40.9065 39.0758 34.387 34.3691 32.7362 31.9232 31.5894 30.4495 29.3483 29.1298 28.8836
threshold=1.1380952380952383 0.54772727272727284 1.5857142857142861 0.80625000000000013 11.510000000000003 6.5000000000000009 2.9500000000000006 3.3166666666666669 2.1750000000000003 1.3038461538461541 13.500000000000002 2.3166666666666669 6.5000000000000009 12.530000000000003 12.500000000000002 2018.5000000000002 2021.5000000000002 9.9500000000000011 3.7750000000000004 -1.3999999999999997 3.5000000000000004 0.94574616981628878 62.500000000000007 13.460107725845873 0.31009615384615391 0.50900000000000012 12.185000000000004 0.78888888888888908 0.76388888888888895 2.0072816352515472
decision_type=10 10 10 10 8 10 10 10 10 10 2 10 10 10 2 2 2 10 10 10 10 10 10 8 10 2 10 10 10 10
left_child=1 4 5 7 28 9 26 13 10 18 17 24 22 -3 25 -14 21 -4 -2 -10 -15 -7 -8 29 -6 -12 -5 -18 -1 -21
right_child=2 3 8 6 11 16 12 -9 19 -11 14 -13 15 20 -16 -17 27 -19 -20 23 -22 -23 -24 -25 -26 -27 -28 -29 -30 -31
leaf_value=0.84160155369979261 0.91306341568276583 0.86791115007724262 0.96101238497030228 0.86956219022188064 0.85564053126209161 0.93858910924044858 0.9064691859800339 0.8978925464138825 1.0951140329028892 0.93651248775937368 0.99319994934769718 0.8813972296282887 0.96386083474173967 0.87800240646629379 0.94347749008735438 0.9202550863140333 0.89978096307963795 0.88760414861900039 0.92837858073226442 0.97290452271958228 0.88756957241397727 0.96456449078917916 0.92718791433196956 0.96466932251136728 0.86701914776961919 0.97412151059479002 0.89796601406678145 0.94054647631935906 0.85482106556401427 1.0199502985889466
leaf_weight=4346 4429 2289 3451 390 3688 683 9088 6544 46 5313 1757 2796 340 6638 356 1441 218 88 3308 171 11963 2008 878 219 7439 1715 11702 930 2704 551
leaf_count=4346 4429 2289 3451 390 3688 683 9088 6544 46 5313 1757 2796 340 6638 356 1441 218 88 3308 171 11963 2008 878 219 7439 1715 11702 930 2704 551
internal_value=0.900368 0.884484 0.94583 0.89446 0.860095 0.931937 0.904106 0.886077 0.973918 0.926492 0.970017 0.866893 0.91137 0.882375 0.980028 0.92858 0.950446 0.959187 0.919612 1.00304 0.884155 0.957972 0.908294 0.998535 0.863248 0.983776 0.89705 0.932805 0.846672 1.00881
internal_weight=97489 72246 25243 51273 20973 16889 23839 27434 8354 13050 7367 13923 11747 20890 3828 1781 3839 3539 7737 987 18601 2691 9966 941 11127 3472 12092 1148 7050 722
internal_count=97489 72246 25243 51273 20973 16889 23839 27434 8354 13050 7367 13923 11747 20890 3828 1781 3839 3539 7737 987 18601 2691 9966 941 11127 3472 12092 1148 7050 722
is_linear=0
shrinkage=1


Tree=1
num_leaves=31
num_cat=0
split_feature=28 28 28 28 6 67 20 67 28 28 97 18 22 67 109 108 107 106 18 22 81 18 50 28 6 51 88 97 84 67
split_gain=5702.53 1424.57 796.813 336.342 156.878 137.617 99.4603 98.1088 76.8696 72.7042 64.6992 55.051 53.5972 50.1992 45.225 44.4117 42.3693 41.0702 37.5098 37.0204 35.6657 35.6428 33.1342 31.9111 30.1489 28.831 28.5926 28.2802 27.7391 27.3705
threshold=1.1464285714285716 0.54772727272727284 1.5857142857142861 0.80625000000000013 5.9000000000000012 6.5000000000000009 2.9500000000000006 4.5000000000000009 2.1750000000000003 1.3038461538461541 13.500000000000002 2.1000000000000005 2.8535714285714291 6.5000000000000009 30.58316221765914 11.500000000000002 2018.5000000000002 38.500000000000007 0.63333333333333341 5.4058823529411777 1409.5000000000002 3.4500000000000006 -1.3999999999999997 0.37980769230769235 6.9000000000000012 56.750000000000007 58.350000000000001 10.500000000000002 62.500000000000007 4.5000000000000009
decision_type=10 10 10 10 8 10 10 10 10 10 2 10 10 10 2 2 2 2 10 10 10 10 10 10 10 10 10 2 10 10
left_child=1 4 5 7 18 9 -5 11 10 21 17 24 23 28 20 26 -15 -4 -1 -9 27 -2 -10 -6 -3 -24 -12 -7 -8 -11
right_child=2 3 8 6 12 14 13 19 22 29 15 -13 -14 16 -16 -17 -18 -19 -20 -21 -22 -23 25 -25 -26 -27 -28 -29 -30 -31
leaf_value=-0.053093321401708873 0.011048295075706656 -0.030599504959359078 -0.0130032096867976 -0.0029885479797145836 -0.037607826602496106 0.030614374525643685 0.0055247574146596512 -0.006833005334084429 0.17527120506957822 0.019184322896469763 0.072398502341053675 -0.010563814310720804 -0.012246690974216188 0.057143328937099259 0.032209877674709876 0.045426248512763244 0.017898155652157223 0.054696840589067923 -0.039408661112528248 0.012397971974843861 0.090075590779725836 0.02468280059564466 0.01740901161813074 -0.02690798021821203 -0.01854745787739194 0.092669365000244336 0.099614101082244916 0.057183988057853033 0.024137700317694823 0.036390004589253337
leaf_weight=4578 4162 2818 92 12107 5134 555 9093 8058 46 1192 2830 7536 1602 340 1597 551 1441 3447 3561 1143 247 3555 54 6098 7879 887 447 1440 878 4121
leaf_count=4578 4162 2818 92 12107 5134 555 9093 8058 46 1192 2830 7536 1602 340 1597 551 1441 3447 3561 1143 247 3555 54 6098 7879 887 447 1440 878 4121
internal_value=6.04224e-11 -0.0142885 0.0409378 -0.00531059 -0.0362456 0.02843 0.00337261 -0.0128623 0.0661945 0.0235273 0.0626834 -0.0171104 -0.0293582 0.00992593 0.04507 0.0716941 0.0253902 0.0529369 -0.047106 -0.00444403 0.0542304 0.0173293 0.0924015 -0.0317987 -0.0217224 0.0883505 0.0761109 0.0497924 0.00716373 0.0325298
internal_weight=97489 72266 25223 51293 20973 16869 23859 27434 8354 13030 7367 18233 12834 11752 3839 3828 1781 3539 8139 9201 2242 7717 987 11232 10697 941 3277 1995 9971 5313
internal_count=97489 72266 25223 51293 20973 16869 23859 27434 8354 13030 7367 18233 12834 11752 3839 3828 1781 3539 8139 9201 2242 7717 987 11232 10697 941 3277 1995 9971 5313
is_linear=0
shrinkage=0.1


Tree=2
num_leaves=31
num_cat=0
split_feature=28 28 28 28 20 67 0 28 67 28 28 41 67 92 28 40 107 109 16 103 20 102 107 0 110 2 67 39 106 52
split_gain=4619.33 1167.8 646.22 213.879 186.416 111.646 78.1326 66.1068 64.7371 64.3305 61.0733 56.8421 52.6556 44.7924 40.1992 40.1442 38.6303 36.6322 32.6656 31.8641 31.3036 27.7111 27.5006 27.8472 27.8889 26.8146 24.3928 27.5808 29.7596 27.4541
threshold=1.1380952380952383 0.62019230769230782 1.5857142857142861 0.44722222222222224 2.9500000000000006 6.5000000000000009 11.510000000000003 0.80625000000000013 6.5000000000000009 1.7184210526315791 1.2899159663865549 0.78659665406324641 3.5000000000000004 2.5000000000000004 0.87867647058823539 3.1055555555555561 2018.5000000000002 30.58316221765914 4.452272727272728 0.42550000000000004 2.2111111111111117 8.5000000000000018 2015.5000000000002 11.510000000000003 80.500000000000014 28.805000000000003 4.5000000000000009 1.5703064107056541 542.50000000000011 1.0000000180025095e-35
decision_type=10 10 10 10 10 10 8 10 8 10 10 10 10 10 10 10 2 2 10 2 10 10 2 10 2 10 10 10 2 10
left_child=1 3 5 6 7 10 -1 -3 14 -4 15 -11 -5 19 -6 -2 -10 18 -7 21 -8 -13 -9 -24 -25 -19 29 -28 -29 -12
right_child=2 4 9 12 8 17 20 22 16 11 26 13 -14 -15 -16 -17 -18 25 -20 -21 -22 -23 23 24 -26 -27 27 28 -30 -31
leaf_value=-0.046191709436440243 0.011062243136502531 -0.012958097813635217 0.047775450280421426 -0.026526352862431841 -0.0020704552574593305 0.036650355661899579 -0.033565150175632712 0.0089758221369761523 0.051930193161325799 -0.015026072909069413 0.036704153961027004 0.077570542111573229 -0.01471057001550944 0.08069173754700637 0.007988698126729735 0.036334099123175721 0.015657023522229998 -0.0013047622601588366 0.060792106636977233 0.054664268179935319 -0.016010034364577007 -0.021471394688404841 -0.029797177761793137 -0.00038880102973862273 -0.012392906678795952 0.034531506634006899 0.026267390632874345 0.046159216679150482 -0.0056776286040743189 0.008615288851839124
leaf_weight=5796 5480 13010 2975 6996 7734 1113 6903 1732 350 85 498 1092 8183 1715 8169 710 1822 247 1129 2458 1191 29 422 7305 2633 1350 3650 1437 120 1155
leaf_count=5796 5480 13010 2975 6996 7734 1113 6903 1732 350 85 498 1092 8183 1715 8169 710 1822 247 1129 2458 1191 29 422 7305 2633 1350 3650 1437 120 1155
internal_value=-1.61533e-10 -0.0128669 0.0368254 -0.0283618 -0.00243496 0.0255725 -0.0373287 -0.00801067 0.00530841 0.0595751 0.0211627 0.0661012 -0.0201565 0.0674038 0.0030967 0.013961 0.0215021 0.040563 0.0488074 0.0610364 -0.030982 0.0750084 -0.00268764 -0.00463756 -0.0035692 0.0289889 0.027661 0.0310208 0.0421641 0.0170776
internal_weight=97489 72246 25243 29069 43177 16889 13890 25102 18075 8354 13050 5379 15179 5294 15903 6190 2172 3839 2242 3579 8094 1121 12092 10360 9938 1597 6860 5207 1557 1653
internal_count=97489 72246 25243 29069 43177 16889 13890 25102 18075 8354 13050 5379 15179 5294 15903 6190 2172 3839 2242 3579 8094 1121 12092 10360 9938 1597 6860 5207 1557 1653
is_linear=0
shrinkage=0.1


Tree=3
num_leaves=31
num_cat=0
split_feature=28 28 28 28 2 28 18 20 22 20 71 22 97 28 28 67 67 103 2 107 107 8 1 28 105 106 109 34 103 41
split_gain=3741.66 946.398 532.007 186.151 139.048 101.392 76.5323 74.0896 58.8901 58.4122 48.2375 47.6976 43.8435 40.0552 37.6423 35.568 30.8227 30.0704 27.5143 26.9945 26.7635 24.4788 32.5949 23.5336 23.042 22.9901 26.9992 38.4857 30.404 22.0239
threshold=1.1380952380952383 0.55277777777777792 1.4721362229102171 0.87867647058823539 9.8150000000000031 1.7184210526315791 4.5500000000000007 1.5277777777777779 1.205263157894737 2.8166666666666669 1.5000000000000002 5.4058823529411777 12.500000000000002 2.3166666666666669 1.2899159663865549 4.5000000000000009 6.5000000000000009 0.39800000000000008 11.470714285714289 2021.5000000000002 2019.5000000000002 28.250000000000004 16.412495239653456 0.44722222222222224 0.55000000000000016 547.50000000000011 27.275838466803563 0.94868421052631591 0.24000000000000002 1.9180577379296266
decision_type=10 10 10 10 8 10 10 10 10 10 10 10 2 10 10 10 10 2 10 2 2 10 10 10 10 2 2 10 2 10
left_child=1 4 6 7 -1 12 14 -3 23 18 -7 -9 21 17 -2 -10 24 29 -5 -18 -8 -4 -23 -6 -11 26 28 -28 -14 -12
right_child=2 3 5 9 8 10 20 11 15 16 13 -13 25 -15 -16 -17 19 -19 -20 -21 -22 22 -24 -25 -26 -27 27 -29 -30 -31
leaf_value=-0.041204662718889069 0.0080629105983231492 -0.016034829396015485 0.028684671601294509 -0.040266320498453245 -0.034110447698249467 -0.022388975613448825 0.037020746951484544 -0.0067663099477024598 -0.021436762714421524 0.012011780894374286 0.078544187869208512 0.0089604477562044618 0.11396417057794797 0.087764742110318289 0.021610659083675141 -0.0072313594327031248 0.037550883782570238 0.053298167771340103 -0.00077280546266909216 0.011361377022864924 0.023424904114778048 0.07511568869282105 -0.02071772769864072 -0.023081854982483517 0.0015855904561787816 0.038203030840000193 0.12543185188617234 0.0069537754982270097 0.049419241764914787 0.044670830232659317
leaf_weight=5664 4544 8882 2606 180 4956 71 2462 17328 8722 4494 943 2170 77 492 3738 2209 668 3632 8829 958 3515 229 42 3174 4012 1102 115 36 1398 241
leaf_count=5664 4544 8882 2606 180 4956 71 2462 17328 8722 4494 943 2170 77 492 3738 2209 668 3632 8829 958 3515 229 42 3174 4012 1102 115 36 1398 241
internal_value=-1.57581e-11 -0.0115802 0.0331429 -0.00332452 -0.0274476 0.0496835 0.0204013 -0.00846455 -0.0233597 0.00429651 0.0594911 -0.00501602 0.0402715 0.0605863 0.0141776 -0.0185661 0.00950558 0.0578098 -0.00156189 0.0221207 0.0290252 0.0316592 0.0602633 -0.0298048 0.00709409 0.0493541 0.0569116 0.0971854 0.0527887 0.0716494
internal_weight=97489 72246 25243 47521 24725 10984 14259 28380 19061 19141 5379 19498 5605 5308 8282 10931 10132 4816 9009 1626 5977 2877 271 8130 8506 2728 1626 151 1475 1184
internal_count=97489 72246 25243 47521 24725 10984 14259 28380 19061 19141 5379 19498 5605 5308 8282 10931 10132 4816 9009 1626 5977 2877 271 8130 8506 2728 1626 151 1475 1184
is_linear=0
shrinkage=0.1


Tree=4
num_leaves=31
num_cat=0
split_feature=28 28 28 6 20 97 67 67 50 28 67 23 108 28 28 84 35 84 61 73 34 92 40 107 109 109 8 46 26 39
split_gain=3030.74 774.857 430.926 148.866 124.292 84.5398 62.4914 58.1444 49.7498 47.3556 43.5136 43.0488 42.293 39.2786 35.7266 32.7179 31.3893 30.6053 29.7248 35.1081 29.3912 28.9332 27.9131 27.0878 26.2078 27.2493 26.5895 24.7661 24.4009 23.909
threshold=1.1380952380952383 0.62019230769230782 1.4721362229102171 5.9000000000000012 2.9500000000000006 12.500000000000002 6.5000000000000009 4.5000000000000009 -2.2499999999999996 0.94868421052631591 6.5000000000000009 1.7055119089851887 12.500000000000002 0.26491228070175443 0.44097222222222227 65.500000000000014 2.3516507396447257 49.500000000000007 14.500000000000002 7.5000000000000009 0.24264705882352944 2.5000000000000004 1.8973684210526318 2018.5000000000002 25.334702258726903 24.981519507186864 18.31666666666667 0.65833333333333344 1.3875000000000002 2.1200100772512021
decision_type=10 10 10 10 10 2 10 10 10 10 10 10 2 8 10 10 8 10 10 10 10 10 10 2 2 2 10 10 10 10
left_child=1 3 6 13 9 8 22 14 11 17 15 -4 16 -1 -5 -6 21 -3 20 -20 -10 -7 28 -12 25 -8 -26 29 -2 -22
right_child=2 4 5 7 10 12 24 -9 18 -11 23 -13 -14 -15 -16 -17 -18 -19 19 -21 27 -23 -24 -25 26 -27 -28 -29 -30 -31
leaf_value=-0.041463405443084592 0.0045494637764129965 -0.010344330668405014 0.185692792898044 -0.026264633292986103 0.0015423044234573427 0.050813657989338123 0.047244053139691676 -0.0064233441229065427 0.0063699136239786947 0.00058405510053925313 0.043154447655060463 0.061663855735897492 0.026598408818402787 -0.028288322228651783 -0.016591981151751711 0.0223187116990076 -0.047331537157297134 0.0049103886296303027 0.074045141056043706 0.019934661034987405 0.004909358936207444 0.066538109455508532 0.019782374252600893 0.01278000856339768 0.014170629382966926 0.16628946609795095 0.035694559373026881 0.035778161329174642 0.018280737771397739 0.089629254391830837
leaf_weight=3576 3347 16785 32 6487 15105 4174 498 3561 510 6890 350 223 590 6162 9283 798 30 1427 328 189 446 1626 5898 1822 961 20 1425 2800 2110 36
leaf_count=3576 3347 16785 32 6487 15105 4174 498 3561 510 6890 350 223 590 6162 9283 798 30 1427 328 189 446 1626 5898 1822 961 20 1425 2800 2110 36
internal_value=-2.79468e-11 -0.0104222 0.0298286 -0.0230438 -0.00192469 0.0447152 0.0183612 -0.0179647 0.0343101 -0.0064775 0.00439812 0.0772283 0.0521122 -0.0331265 -0.0205708 0.00258485 0.0546942 -0.00914905 0.0317703 0.0542639 0.0287035 0.0552219 0.0150133 0.0176746 0.0314518 0.0518404 0.0270254 0.032174 0.00985879 0.011237
internal_weight=97489 72246 25243 29069 43177 10984 14259 19331 4564 25102 18075 255 6420 9738 15770 15903 5830 18212 4309 517 3792 5800 11355 2172 2904 518 2386 3282 5457 482
internal_count=97489 72246 25243 29069 43177 10984 14259 19331 4564 25102 18075 255 6420 9738 15770 15903 5830 18212 4309 517 3792 5800 11355 2172 2904 518 2386 3282 5457 482
is_linear=0
shrinkage=0.1


Tree=5
num_leaves=31
num_cat=0
split_feature=28 28 28 28 18 67 28 67 4 106 107 92 88 67 109 24 8 2 103 85 50 88 28 7 107 57 110 103 114 89
split_gain=2464.99 695.103 292.54 153.069 107.34 73.8882 55.4798 53.8685 42.2879 42.0768 43.6659 51.3247 38.6354 29.9802 28.7655 28.6385 27.9529 27.301 26.6318 27.0844 29.448 26.4219 26.3413 25.2571 24.7982 23.3982 30.5596 23.3411 23.2329 22.9345
threshold=1.1937500000000003 0.69615384615384623 1.6306818181818186 0.38675213675213682 4.291666666666667 4.5000000000000009 0.94868421052631591 3.5000000000000004 34.411666666666676 36.500000000000007 2018.5000000000002 5.5000000000000009 8.1500000000000004 5.5000000000000009 28.086242299794666 1.3666666666666669 16.050000000000004 11.470714285714289 0.39800000000000008 48.500000000000007 -1.3999999999999997 7.7500000000000009 2.2250000000000005 2.783867696928056 2011.5000000000002 5.5000000000000009 80.500000000000014 0.37050000000000005 1.0000000180025095e-35 8.5000000000000018
decision_type=10 10 10 10 10 10 10 10 10 2 2 10 8 10 2 10 10 10 2 10 10 10 10 10 2 10 2 2 2 10
left_child=1 3 5 12 6 28 16 21 -7 -4 18 22 -1 14 -6 -10 25 -8 -11 20 -20 -5 -12 -22 -15 -3 -27 -9 -2 -25
right_child=2 4 9 7 13 8 17 27 15 10 11 -13 -14 24 -16 -17 -18 -19 19 -21 23 -23 -24 29 -26 26 -28 -29 -30 -31
leaf_value=-0.036984164116429644 0.015142803875298681 -0.020240066773644191 -0.0092561779373808075 -0.030736502998646116 0.0077269846647577264 0.017984857993106517 -0.041937860936252742 -0.0019590814024143454 0.022718602483527889 0.066184083056168838 0.032377889733381418 0.1506977306917692 -0.024615431795700859 0.070194337298957313 -0.0092928756351832505 0.035701419391395144 3.1426322296276453e-05 0.0029678275197759598 0.015952509760576796 0.023563141760758691 0.014780704041322075 -0.017617522591820752 0.07035850578455756 0.024933778951127156 0.01459730160509252 -0.0037069435479498212 -0.014236616286177292 -0.012503677412466411 -0.0021142457622919985 0.059944058355867073
leaf_weight=3953 1788 1544 137 1868 5580 5234 137 2688 3066 1124 2499 39 6993 82 1208 3811 5080 11498 213 389 150 8617 197 204 3709 8335 4118 9584 1384 2260
leaf_count=3953 1788 1544 137 1868 5580 5234 137 2688 3066 1124 2499 39 6993 82 1208 3811 5080 11498 213 389 150 8617 197 204 3709 8335 4118 9584 1384 2260
internal_value=-6.10737e-11 -0.00870882 0.0290335 -0.0193651 -1.08517e-05 0.0211997 -0.00300326 -0.0146912 0.0247582 0.0456342 0.0466971 0.0368008 -0.0290822 0.00867644 0.00469811 0.0299132 -0.00632252 0.00243907 0.0529336 0.0483026 0.0517068 -0.0199548 0.0351532 0.0546202 0.0157999 -0.00862859 -0.00718893 -0.010194 0.00761325 0.0570455
internal_weight=97489 74994 22495 33703 41291 15283 30712 22757 12111 7212 7075 2735 10946 10579 6788 6877 19077 11635 4340 3216 2827 10485 2696 2614 3791 13997 12453 12272 3172 2464
internal_count=97489 74994 22495 33703 41291 15283 30712 22757 12111 7212 7075 2735 10946 10579 6788 6877 19077 11635 4340 3216 2827 10485 2696 2614 3791 13997 12453 12272 3172 2464
is_linear=0
shrinkage=0.1


Tree=6
num_leaves=31
num_cat=0
split_feature=28 28 28 20 67 113 88 107 28 67 28 106 107 92 88 0 41 0 48 103 28 67 88 44 107 96 85 50 18 29
split_gain=2007.81 611.152 187.195 133.914 105.311 66.5748 55.6812 52.779 50.8483 47.4806 38.2257 34.9914 34.3321 39.5583 31.0182 29.1221 28.0135 27.8738 24.1185 23.8326 23.7392 23.5349 22.6219 27.4784 22.4314 22.1356 22.1346 24.0801 21.3624 21.2501
threshold=1.2426470588235297 0.69615384615384623 1.6306818181818186 0.89444444444444449 5.5000000000000009 1.0000000180025095e-35 17.250000000000004 2017.5000000000002 0.42481203007518803 4.5000000000000009 0.94868421052631591 56.500000000000007 2018.5000000000002 5.5000000000000009 7.7500000000000009 26.750000000000004 1.1052770498456497 40.670000000000009 27.550000000000004 0.39800000000000008 2.7250000000000005 4.5000000000000009 36.45000000000001 1.0500000000000003 2015.5000000000002 214.50000000000003 48.500000000000007 -1.3999999999999997 2.7083333333333335 1.8923900272269629
decision_type=10 10 10 10 10 2 10 2 10 10 10 2 2 10 8 10 10 10 10 2 10 10 10 10 2 2 10 10 10 10
left_child=1 3 9 14 5 6 -3 18 28 25 -8 -4 19 20 -1 -7 -11 -9 -6 -13 -14 -10 -20 -24 -12 -2 27 -21 -5 -29
right_child=2 4 11 8 7 15 10 17 21 16 24 12 13 -15 -16 -17 -18 -19 22 26 -22 -23 23 -25 -26 -27 -28 29 -30 -31
leaf_value=-0.034376902477323279 0.016247695864737066 -0.0076253579971784502 0.0045394189482768302 -0.022467537246916212 0.022618516722875723 -0.020383166513652323 -0.0010417792051480241 0.003518701675335661 -0.012618238469803443 0.013090627657639992 0.020469094067845865 0.060602569820114929 0.030865433162151391 0.13481862733238623 -0.022775902074183712 -0.0065161106525440651 0.026337537947526014 0.018347030779527689 -0.013880635564395739 0.014357258981102509 0.10755588325058543 -0.004050497953478469 0.14793304556182452 0.050315096124034869 0.0058166088629259703 -0.0032934943992178412 0.021206827425328506 0.050805389398182056 -0.0063139706135938722 -0.0071074777153822093
leaf_weight=3839 1417 6559 253 6389 1361 2032 10797 6046 12451 1965 1202 1105 2598 38 5767 5946 8510 1604 31 213 41 4318 42 92 7989 981 389 2510 939 65
leaf_count=3839 1417 6559 253 6389 1361 2032 10797 6046 12451 1965 1202 1105 2598 38 5767 5946 8510 1604 31 213 41 4318 42 92 7989 981 389 2510 939 65
internal_value=1.58474e-10 -0.00731035 0.0281728 -0.0174286 0.000493008 -0.00203775 0.00036953 0.0100151 -0.0134487 0.0209468 0.00299303 0.0410708 0.0423989 0.0335156 -0.0274122 -0.0100481 0.0238526 0.0066278 0.0269959 0.0479526 0.0320569 -0.0104121 0.0631023 0.0809118 0.00773286 0.00825357 0.0435528 0.0466706 -0.0203976 0.0493435
internal_weight=97489 77404 20085 33703 43701 34525 26547 9176 24097 12873 19988 7212 6959 2677 9606 7978 10475 7650 1526 4282 2639 16769 165 134 9191 2398 3177 2788 7328 2575
internal_count=97489 77404 20085 33703 43701 34525 26547 9176 24097 12873 19988 7212 6959 2677 9606 7978 10475 7650 1526 4282 2639 16769 165 134 9191 2398 3177 2788 7328 2575
is_linear=0
shrinkage=0.1


Tree=7
num_leaves=31
num_cat=0
split_feature=28 28 28 67 18 97 38 84 50 50 106 60 113 51 106 27 82 28 22 7 19 110 65 26 85 17 29 107 50 103
split_gain=1631.26 389.115 288.623 97.3019 63.9282 62.8632 61.1995 36.9782 35.9418 35.2234 33.2838 32.622 30.0678 41.1161 28.3082 27.6267 27.4014 27.2858 26.7745 23.8137 31.5132 23.0234 22.4794 22.1775 21.7228 21.6426 25.5033 21.3646 21.4907 20.6115
threshold=1.0540935672514622 0.54772727272727284 1.4472222222222224 4.5000000000000009 0.63333333333333341 13.500000000000002 1.0500000000000003 88.500000000000014 2.1500000000000008 -2.2499999999999996 751.50000000000011 1.0000000180025095e-35 1.0000000180025095e-35 79.40000000000002 28.500000000000004 1.4952303005917591 4.5000000000000009 0.80625000000000013 3.0250000000000004 4.0342273608932731 1.9746794344808967 78.500000000000014 4.5000000000000009 0.78888888888888908 17.500000000000004 3.6749138978892808 1.31539382184234 2020.5000000000002 1.0000000180025095e-35 0.43500000000000005
decision_type=10 10 10 10 8 2 10 10 10 10 2 10 2 8 2 10 8 10 10 10 10 2 10 10 8 10 10 2 10 2
left_child=1 4 7 6 -1 9 16 11 12 15 -7 -2 23 -14 -11 -4 -3 -8 -6 -17 -21 24 -16 -5 -19 -12 -27 -13 -29 -18
right_child=2 3 5 8 18 10 17 -9 -10 14 25 27 13 -15 22 19 29 21 -20 20 -22 -23 -24 -25 -26 26 -28 28 -30 -31
leaf_value=-0.027866768469414646 0.0063072011711001385 -0.045666199596417559 0.041277107596397404 -0.0026868113934195876 -0.017405105333760898 0.042375843215955035 -0.0068071537435707933 0.036809236966618482 0.011904943280812298 -0.01734265986708701 0.017573481573058627 0.021661234737168418 -0.011580972968910948 0.017872918272617454 0.017551757977917668 0.042741673652614866 -0.0056521995167635279 0.0033334824950186563 -0.0032922791580359146 0.24438935328613628 0.070951148942112921 -0.0042502970406493651 0.029856506836040027 0.0058033657043518221 0.024130173322167919 0.031112078246143128 0.14871805555054121 0.0029691798785093345 0.018286570810367553 -0.015659820966258894
leaf_weight=6523 8601 257 202 5023 12950 4974 11042 549 3098 167 887 3121 3389 551 2669 28 2972 2801 1500 22 20 3804 3346 7940 612 54 28 1887 1780 6692
leaf_count=6523 8601 257 202 5023 12950 4974 11042 549 3098 167 887 3121 3389 551 2669 28 2972 2801 1500 22 20 3804 3346 7940 612 54 28 1887 1780 6692
internal_value=-2.06312e-12 -0.00828011 0.0202083 -0.00333106 -0.0196495 0.0316519 -0.00711703 0.0113072 0.00200312 0.0248187 0.0390727 0.0103974 0.000188306 -0.00746191 0.0232691 0.060038 -0.0134392 -0.00368191 -0.0159401 0.114177 0.1618 0.00109971 0.0243966 0.00251353 0.00706263 0.0221175 0.0712702 0.0155801 0.0104044 -0.0125821
internal_weight=97489 69154 28335 48181 20973 12397 28180 15938 20001 6454 5943 15389 16903 3940 6182 272 9921 18259 14450 70 42 7217 6015 12963 3413 969 82 6788 3667 9664
internal_count=97489 69154 28335 48181 20973 12397 28180 15938 20001 6454 5943 15389 16903 3940 6182 272 9921 18259 14450 70 42 7217 6015 12963 3413 969 82 6788 3667 9664
is_linear=0
shrinkage=0.1


Tree=8
num_leaves=31
num_cat=0
split_feature=28 28 28 0 18 67 67 84 53 106 0 12 67 113 35 107 111 58 92 31 106 84 103 46 45 2 104 45 104 60
split_gain=1328.93 403.479 126.511 96.0381 78.9174 42.4736 41.6444 38.04 31.2175 27.9028 27.8568 27.1872 26.594 36.055 28.8289 27.4944 24.9369 24.8959 24.6836 23.1142 25.0408 24.6681 22.1671 21.2002 28.8235 32.4402 22.2304 21.1826 24.6631 21.3089
threshold=1.2426470588235297 0.69615384615384623 1.7184210526315791 11.510000000000003 4.291666666666667 6.5000000000000009 3.5000000000000004 54.500000000000007 9.5000000000000018 945.50000000000011 16.790000000000006 1.9000000000000001 5.5000000000000009 1.0000000180025095e-35 0.58750524035482787 2017.5000000000002 4.5000000000000009 1.5000000000000002 2.5000000000000004 0.86554360876699588 424.50000000000006 119.50000000000001 0.37050000000000005 1.3798076923076925 1.5855187495562164 27.631666666666675 117.45 1.0865149352258221 116.2 2.5000000000000004
decision_type=10 10 10 10 10 10 10 10 10 2 10 10 10 2 10 2 2 10 10 10 2 10 2 10 10 10 2 10 2 10
left_child=1 3 5 -1 7 17 16 10 -4 11 -3 -7 13 14 -12 -14 -5 19 -10 20 -2 23 -8 24 -21 -26 -25 -13 -29 -30
right_child=2 4 8 6 -6 9 22 -9 18 -11 12 27 15 -15 -16 -17 -18 -19 -20 21 -22 -23 -24 26 25 -27 -28 28 29 -31
leaf_value=-0.023346145374376872 0.014434265212282313 -0.010473777180109244 -0.011437232886199598 0.0036583971411707893 0.0074630397420066457 -0.018455457019507748 0.00077971661118396527 0.0080638416758949342 0.03248670335122654 0.0039017066080123189 -0.0053128108638624532 0.020572898752437251 0.031172189036650318 -0.0097298685231480293 0.0035488303782284106 0.0029976205353521423 -0.01626180119590178 -0.024891107339615148 0.047115493000153906 0.026514084701682261 -0.0025667841753066216 0.12758752243085342 -0.0092712845300035231 0.0088722936139847587 0.020144560912158341 0.19809908588372527 0.057513234952561526 0.033727619965566849 0.060061286823427096 0.16698408397761258
leaf_weight=8520 5816 4579 135 664 11598 116 2813 3268 3531 490 6925 1334 392 6151 7813 2975 11730 157 1713 1834 1018 22 9976 1348 20 21 101 2285 122 22
leaf_count=8520 5816 4579 135 664 11598 116 2813 3268 3531 490 6925 1334 392 6151 7813 2975 11730 157 1713 1834 1018 22 9976 1348 20 21 101 2285 122 22
internal_value=6.30178e-12 -0.00594741 0.0229203 -0.0141687 0.000392996 0.0181204 -0.0110638 -0.00216123 0.036043 0.0263868 -0.00332008 0.0292272 -0.00196962 -0.00329899 -0.000615023 0.00627782 -0.0151946 0.0146265 0.0372653 0.015236 0.0119018 0.0220459 -0.00706052 0.0213473 0.0283679 0.111292 0.0122627 0.030697 0.0362572 0.0763967
internal_weight=97489 77404 20085 33703 43701 14706 25183 32103 5379 4369 28835 3879 24256 20889 14738 3367 12394 10337 5244 10180 6834 3346 12789 3324 1875 41 1449 3763 2429 144
internal_count=97489 77404 20085 33703 43701 14706 25183 32103 5379 4369 28835 3879 24256 20889 14738 3367 12394 10337 5244 10180 6834 3346 12789 3324 1875 41 1449 3763 2429 144
is_linear=0
shrinkage=0.1


Tree=9
num_leaves=31
num_cat=0
split_feature=28 28 28 67 18 97 38 60 84 92 31 26 106 92 50 34 93 86 82 33 21 18 11 18 59 39 21 103 106 104
split_gain=1086.5 234.567 229.823 56.8441 46.0704 45.3533 41.4962 35.3874 31.1526 29.9778 36.8674 35.0137 25.5477 25.11 24.2225 23.8429 22.6963 22.5024 21.0488 21.0426 25.4183 20.4284 20.3524 20.7757 20.2728 19.7494 19.7334 19.6048 31.2398 23.416
threshold=1.0250000000000001 0.54772727272727284 1.4472222222222224 4.5000000000000009 0.63333333333333341 13.500000000000002 1.0500000000000003 1.0000000180025095e-35 91.500000000000014 4.5000000000000009 0.64222852518808682 2.2678571428571432 751.50000000000011 1.5000000000000002 2.1500000000000008 0.095454545454545472 1.0000000180025095e-35 52.500000000000007 4.5000000000000009 1.0339469490010882 2.058085020382507 2.1000000000000005 6.0798570167759509 4.291666666666667 13.500000000000002 0.9457461698162889 1.7053818821262869 0.36000000000000004 88.500000000000014 110.05000000000001
decision_type=10 10 10 10 8 2 10 10 10 10 10 10 2 10 10 10 10 10 8 10 10 10 10 10 10 10 10 2 2 2
left_child=1 4 7 6 -1 9 18 8 -2 15 -11 17 -7 16 26 -4 25 -12 -3 20 -14 -6 23 -10 -8 -9 -5 28 -17 -30
right_child=2 3 5 14 21 12 24 13 22 10 11 -13 19 -15 -16 27 -18 -19 -20 -21 -22 -23 -24 -25 -26 -27 -28 -29 29 -31
leaf_value=-0.023061576508934763 0.003905287434245184 -0.039902211575522345 -0.020507244176589053 -0.0040907300301247854 -0.015270726019738903 0.034978850798739046 0.00019466217982985293 0.028161021973973795 -0.020923927265194885 0.013488488180600867 -1.9607298514422251e-05 0.1822127389995491 -0.015312231461207072 0.020856435376464727 0.0099161219684179638 -0.0103338427101233 0.018155534357264799 0.11196265334361477 -0.010671403732565643 -0.026953239124460321 0.029927182073738436 -0.00687941925075998 0.063691292198658739 0.082634188464054695 -0.0066966786265639164 0.0022231973423136281 0.0031019828338577833 0.016820867280102191 0.079322463768566484 0.03182394307514777
leaf_weight=6523 10947 253 151 7511 10431 4974 8595 323 76 98 34 34 150 2882 2652 161 1891 38 9366 97 722 4019 146 26 8481 3220 7750 4836 116 986
leaf_count=6523 10947 253 151 7511 10431 4974 8595 323 76 98 34 34 150 2882 2652 161 1891 38 9366 97 722 4019 146 26 8481 3220 7750 4836 116 986
internal_value=2.95537e-11 -0.00736373 0.0151348 -0.00326293 -0.0160858 0.0257818 -0.00618712 0.00836981 0.00469927 0.0199777 0.0577011 0.0985769 0.032085 0.0133111 0.00109487 0.0187464 0.00930932 0.0590821 -0.0114402 0.0172303 0.0221452 -0.0129368 0.0397468 0.00547324 -0.003228 0.00458784 -0.000438052 0.0197183 0.0308124 0.0368238
internal_weight=97489 65581 31908 44608 20973 12397 26695 19511 11195 6454 204 106 5943 8316 17913 6250 5434 72 9619 969 872 14450 248 102 17076 3543 15261 6099 1263 1102
internal_count=97489 65581 31908 44608 20973 12397 26695 19511 11195 6454 204 106 5943 8316 17913 6250 5434 72 9619 969 872 14450 248 102 17076 3543 15261 6099 1263 1102
is_linear=0
shrinkage=0.1


Tree=10
num_leaves=31
num_cat=0
split_feature=28 28 26 40 18 67 28 28 0 97 22 107 88 83 1 8 10 28 12 115 45 87 87 1 22 103 10 11 90 35
split_gain=883.224 218.115 173.73 58.5473 42.8256 38.0584 34.6727 27.3123 26.7818 26.7319 25.9731 22.6205 27.8192 22.8655 22.5583 22.0277 21.3323 21.1966 21.1926 28.9107 20.6766 24.4501 30.6836 20.6286 21.2685 20.2236 22.6093 19.9884 27.1154 31.6338
threshold=0.97500000000000009 1.4721362229102171 0.5277777777777779 1.1026315789473686 4.5500000000000007 4.5000000000000009 2.1750000000000003 0.26491228070175443 18.290000000000006 12.500000000000002 10.775000000000002 2012.5000000000002 49.250000000000007 160.50000000000003 16.895280378701244 28.250000000000004 5.4058823529411777 1.2565789473684212 1.9000000000000001 1.0000000180025095e-35 1.4317807919044603 58.500000000000007 38.500000000000007 13.460107725845873 3.1026315789473689 0.54700000000000015 18.025000000000002 7.4625380106138532 6.5000000000000009 0.57814224635573275
decision_type=10 10 10 10 10 10 10 8 8 2 10 2 10 10 8 10 10 10 10 2 10 10 10 8 10 2 10 10 10 10
left_child=2 4 3 7 8 18 9 -1 -2 14 27 12 20 -14 15 25 -13 -10 -4 -20 21 22 -6 -8 -25 26 -3 -11 -29 -30
right_child=1 6 5 -5 11 -7 23 -9 17 10 -12 16 13 -15 -16 -17 -18 -19 19 -21 -22 -23 -24 24 -26 -27 -28 28 29 -31
leaf_value=-0.023316166590754261 -0.0065718666386888024 0.030590431629640875 -0.015604555632080172 -0.0073477144563989212 0.0052751259327950802 0.0014043125313762338 0.049954919457396496 -0.014436487343817648 0.0034298632961497228 0.022836945844881228 -0.018852458586377546 0.06987323728390038 0.010844560031120372 0.10110041271434743 -0.010296284225099555 0.041204455487159869 0.011004866288127912 0.01255290287330626 -0.0073256260743716972 0.00041817823638525637 0.062732515326804586 -0.047421835830050801 0.087782819046905006 0.092406791724985657 0.0032040077847303805 0.0075302900837733158 0.0090734346301700828 0.025698137138869495 0.078258763611316687 0.037197683991349123
leaf_weight=5036 2042 1306 1834 9607 231 13608 762 11096 10184 3195 121 62 41 89 292 386 8605 3396 12690 7775 90 63 56 31 194 1574 780 1341 250 752
leaf_count=5036 2042 1306 1834 9607 231 13608 762 11096 10184 3195 121 62 41 89 292 386 8605 3396 12690 7775 90 63 56 31 194 1574 780 1341 250 752
internal_value=1.79815e-11 0.0124827 -0.00725784 -0.013528 0.00729732 -0.00276324 0.0242182 -0.0172085 0.00410572 0.0224528 0.0269803 0.0126951 0.0319918 0.0726351 0.0165467 0.0184839 0.011426 0.00571129 -0.0053065 -0.00438362 0.0199835 0.0089909 0.0213742 0.0420991 0.0154942 0.0160877 0.0225448 0.0279817 0.0349972 0.0474425
internal_weight=97489 35843 61646 25739 24859 35907 10984 16132 15622 9997 5659 9237 570 130 4338 4046 8667 13580 22299 20465 440 350 287 987 225 3660 2086 5538 2343 1002
internal_count=97489 35843 61646 25739 24859 35907 10984 16132 15622 9997 5659 9237 570 130 4338 4046 8667 13580 22299 20465 440 350 287 987 225 3660 2086 5538 2343 1002
is_linear=0
shrinkage=0.1


Tree=11
num_leaves=31
num_cat=0
split_feature=28 26 28 60 6 88 113 67 35 67 79 41 103 67 115 107 103 84 97 0 6 87 1 13 103 104 103 96 28 32
split_gain=719.354 230.178 71.9628 60.1109 53.659 40.5196 33.4965 32.5806 29.6979 28.8821 34.8426 26.4699 24.8951 23.9967 23.795 25.5011 23.6837 27.049 24.6436 23.367 26.6502 21.335 21.2601 27.326 21.46 19.9323 19.5006 19.1902 18.6798 18.4088
threshold=1.2426470588235297 0.5277777777777779 1.7184210526315791 1.5000000000000002 5.4500000000000011 17.250000000000004 1.0000000180025095e-35 4.5000000000000009 0.5986938655656987 5.5000000000000009 5.5000000000000009 0.78659665406324641 0.44500000000000006 3.5000000000000004 1.0000000180025095e-35 2012.5000000000002 0.51350000000000018 123.50000000000001 16.500000000000004 35.230000000000011 11.450000000000001 2.5000000000000004 13.460107725845873 4.8062346774148201 0.35100000000000003 106.25000000000001 0.28600000000000009 214.50000000000003 2.1750000000000003 2.9500000000000006
decision_type=10 10 10 10 8 10 2 10 10 10 10 10 2 10 2 2 2 10 2 10 10 8 10 10 2 2 2 2 10 10
left_child=1 4 7 5 -1 21 8 27 12 -8 -11 -4 -7 -6 15 -10 17 29 -19 -18 -21 -3 28 -24 -25 -14 -23 -2 -13 -9
right_child=2 3 11 -5 13 6 9 16 14 10 -12 22 25 -15 -16 -17 19 18 -20 20 -22 26 23 24 -26 -27 -28 -29 -30 -31
leaf_value=-0.018849486667507156 0.010008183500591225 -0.017975434506183205 -0.028601064131978684 0.0088194976023011195 -0.012774853605108164 0.0048220421180561008 -0.0070600112371566222 0.019412202348379818 0.030970755472296371 0.025398680747522863 -0.010629161087901242 0.027851913634551979 0.0077044920008239818 -0.0054648933820347495 0.0098973523948436854 -0.00049571571279870828 0.0037919013533257288 0.15361871591636114 0.03510866551957232 0.1008112496419533 0.015466061383732223 0.0076699681773646187 0.011208758553826996 0.14549741017818452 0.039353758580982688 -0.006506733897280426 -0.0067989666309786817 -0.0078973819144070156 0.04523069468794369 -0.043410679285830645
leaf_weight=8015 1491 1522 85 6102 8722 4213 8429 6145 270 635 465 3341 1141 9257 6050 5586 2623 28 47 37 3288 1044 1089 25 80 7310 8643 1000 759 47
leaf_count=8015 1491 1522 85 6102 8722 4213 8429 6145 270 635 465 3341 1141 9257 6050 5586 2623 28 47 37 3288 1044 1089 25 80 7310 8643 1000 759 47
internal_value=4.30247e-11 -0.0043757 0.0168632 -0.000498102 -0.0120447 -0.00175298 -3.83985e-05 0.0132431 0.00191347 -0.00507118 0.0101687 0.0267604 -0.00145753 -0.00901111 0.00549908 0.000955095 0.0153686 0.0196584 0.0793524 0.0108488 0.0164158 -0.00696892 0.0276493 0.0159063 0.0646261 -0.00458803 -0.0052396 0.00282008 0.0310691 0.0189353
internal_weight=97489 77404 20085 51410 25994 45308 34099 14706 24570 9529 1100 5379 12664 17979 11906 5856 12215 6267 75 5948 3325 11209 5294 1194 105 8451 9687 2491 4100 6192
internal_count=97489 77404 20085 51410 25994 45308 34099 14706 24570 9529 1100 5379 12664 17979 11906 5856 12215 6267 75 5948 3325 11209 5294 1194 105 8451 9687 2491 4100 6192
is_linear=0
shrinkage=0.1


Tree=12
num_leaves=31
num_cat=0
split_feature=26 28 28 88 67 84 113 40 115 1 0 48 103 34 54 49 109 107 0 10 88 104 48 45 109 90 60 96 103 13
split_gain=598.74 179.706 70.4682 60.8076 36.5257 33.5397 32.462 27.9051 27.8885 27.4431 26.5522 25.2072 24.8246 24.3283 23.3604 28.7155 22.6933 22.605 21.871 20.7609 20.2251 20.1027 19.7057 22.8649 19.343 18.6111 18.1161 17.8963 17.8775 17.7445
threshold=1.2928571428571431 0.70294117647058829 1.6306818181818186 9.9500000000000011 5.5000000000000009 63.500000000000007 1.0000000180025095e-35 2.5131578947368425 1.0000000180025095e-35 12.096921095440878 27.310000000000006 -0.89999999999999991 0.56500000000000006 0.21825396825396828 1.5000000000000002 64.950000000000017 26.071184120465436 2014.5000000000002 28.970000000000002 8.3038461538461572 66.050000000000011 103.75000000000001 2.9500000000000006 0.91753098239279307 19.96303901437372 6.5000000000000009 1.5000000000000002 237.50000000000003 0.58400000000000007 1.6905725903640423
decision_type=10 10 10 10 10 10 2 10 2 10 10 8 2 10 10 10 2 2 10 10 10 2 8 8 2 10 8 2 2 10
left_child=1 3 7 27 5 8 13 16 17 -7 -6 -9 22 -5 -4 -16 29 -3 -8 -12 21 -13 -10 -24 -17 -14 -15 -1 -27 -2
right_child=2 4 14 6 10 9 18 11 12 -11 19 20 25 26 15 24 -18 -19 -20 -21 -22 -23 23 -25 -26 28 -28 -29 -30 -31
leaf_value=-0.01347946200246352 0.0038144593785840435 0.0069513962802940192 0.02540388112574701 -0.0082781877675593488 -0.0013558572505737538 0.0058688325100130752 -0.014756629312741871 0.12916839659214019 -0.0035064254232022789 0.036916509531914027 0.056632600272906591 0.03896871602513402 -0.0061453795964273826 -0.0020693936957133898 -0.017211855121928712 0.10204647023762976 0.0012429091958438222 -0.0064583407729529559 -0.0056782835411175823 0.0092768122656763357 0.042340857829953574 0.013092947117496909 0.021946921628975616 0.005100184215396205 0.016837674422776547 -0.025968167153917161 0.013633675112543471 -0.023786713399013466 0.016061340022289212 0.0154957370947417
leaf_weight=7343 1974 1404 6093 7726 3086 1213 6321 20 2090 372 94 324 4806 9536 299 28 3429 12013 4574 6113 288 4094 956 5122 549 118 796 2186 711 3811
leaf_count=7343 1974 1404 6093 7726 3086 1213 6321 20 2090 372 94 324 4806 9536 299 28 3429 12013 4574 6113 288 4094 956 5122 549 118 796 2186 711 3811
internal_value=1.68292e-11 -0.00409497 0.014998 -0.00891495 0.000773601 -0.0009851 -0.00663447 0.0108932 -0.00180851 0.0131557 0.00622495 0.0171405 0.00134729 -0.00403359 0.0232086 0.00793931 0.00768894 -0.0050551 -0.0109453 0.00999398 0.0166644 0.0149906 0.00486973 0.00774998 0.0209726 -0.00375853 -0.000859595 -0.015844 0.0100789 0.0115098
internal_weight=97489 76580 20909 38482 38098 28805 28953 13940 27220 1585 9293 4726 13803 18058 6969 876 9214 13417 10895 6207 4706 4418 8168 6078 577 5635 10332 9529 829 5785
internal_count=97489 76580 20909 38482 38098 28805 28953 13940 27220 1585 9293 4726 13803 18058 6969 876 9214 13417 10895 6207 4706 4418 8168 6078 577 5635 10332 9529 829 5785
is_linear=0
shrinkage=0.1


Tree=13
num_leaves=31
num_cat=0
split_feature=28 28 20 0 98 50 84 113 103 36 18 67 107 26 14 110 5 11 103 104 26 34 107 69 27 43 108 110 90 3
split_gain=485.25 135.441 88.8643 33.0751 31.5019 29.7438 26.0106 24.1641 23.8209 23.5171 22.01 24.6821 21.3415 20.5884 24.1544 20.5198 19.7755 25.5297 20.4695 23.7016 19.974 19.7303 19.0512 18.4652 18.0392 19.0935 17.3147 20.2658 17.3901 25.4383
threshold=0.94868421052631591 1.3660287081339715 1.4142857142857144 8.2900000000000027 2011.5000000000002 -2.2499999999999996 82.500000000000014 1.0000000180025095e-35 0.37850000000000006 4.366666666666668 4.291666666666667 5.5000000000000009 2015.5000000000002 1.3875000000000002 1.6833333333333336 83.500000000000014 7.495568866439001 4.8605555068442658 0.51350000000000018 105.95000000000002 1.2928571428571431 0.095454545454545472 2018.5000000000002 8.5000000000000018 1.4952303005917591 0.86554360876699599 11.500000000000002 82.500000000000014 6.5000000000000009 7.8115441637374046
decision_type=10 8 10 8 2 10 10 2 2 10 10 10 2 10 8 2 10 10 2 2 10 10 2 10 10 10 2 2 10 10
left_child=2 6 3 -1 16 24 9 -5 -4 13 12 -12 -10 14 -2 23 17 -3 19 -18 -20 -7 -19 -16 -6 -26 27 28 -22 -30
right_child=1 4 8 7 5 21 -8 -9 10 -11 11 -13 -14 -15 15 -17 18 22 20 -21 26 -23 -24 -25 25 -27 -28 -29 29 -31
leaf_value=-0.018054616957202427 -0.027926428083521644 -0.06936153517157316 0.0023552871488451725 -0.0056087843429023674 0.029392729764509257 -0.020912402944702715 0.021992954086854987 -0.01274455951098491 0.004789669583627509 0.020099254309576625 -0.0019847491440270499 0.014128972638772339 -0.0064973092798790398 0.0089591985147596115 0.002511360185274765 -0.01427505010589292 0.046490779045903895 -0.0062316904658252757 -0.0092923319970185936 0.024049703724337398 0.018297346777667495 0.011654387648474634 0.089565004007174431 0.060021403147506397 0.046259816086222962 0.15355387913684052 0.001958129032058005 -0.022558183333975204 0.091376887147243208 0.03092949125961757
leaf_weight=4680 273 53 7655 11004 221 191 795 8344 1840 837 4173 1231 18705 4740 18377 742 570 103 273 2700 1377 7150 26 56 43 27 483 94 78 648
leaf_count=4680 273 53 7655 11004 221 191 795 8344 1840 837 4173 1231 18705 4740 18377 742 570 103 273 2700 1377 7150 26 56 43 27 483 94 78 648
internal_value=1.46331e-11 0.00848369 -0.00586713 -0.0105109 0.0163898 0.01205 0.00418554 -0.00868615 -0.00254669 0.00361983 -0.00399278 0.00168586 -0.00548645 0.00304957 0.00160924 0.00202975 0.021561 -0.0109304 0.0225113 0.0279615 0.016476 0.0108071 0.0130762 0.00268608 0.0434052 0.0876447 0.0191009 0.0228697 0.0249002 0.0374238
internal_weight=97489 39857 57632 24028 14037 7632 25820 19348 33604 25025 25949 5404 20545 24188 19448 19175 6405 182 6223 3270 2953 7341 129 18433 291 70 2680 2197 2103 726
internal_count=97489 39857 57632 24028 14037 7632 25820 19348 33604 25025 25949 5404 20545 24188 19448 19175 6405 182 6223 3270 2953 7341 129 18433 291 70 2680 2197 2103 726
is_linear=0
shrinkage=0.1


Tree=14
num_leaves=31
num_cat=0
split_feature=26 26 67 88 40 67 115 103 111 67 106 84 56 35 92 96 61 12 81 16 3 15 2 83 37 52 44 4 109 69
split_gain=396.086 130.876 55.002 41.5054 33.6841 26.9003 30.511 24.7544 23.6449 23.6065 27.7152 24.3678 23.0523 21.9379 21.8182 21.7177 20.4177 20.3112 19.4504 29.6092 26.8265 21.8862 30.7668 24.8095 19.3967 19.3409 19.1784 18.6284 17.868 17.7229
threshold=1.2928571428571431 0.5277777777777779 6.5000000000000009 20.450000000000003 1.1026315789473686 5.5000000000000009 1.0000000180025095e-35 0.44500000000000006 5.5000000000000009 4.5000000000000009 444.50000000000006 114.50000000000001 4.5000000000000009 0.60557219071006607 2.5000000000000004 237.50000000000003 13.500000000000002 2.9000000000000004 707.50000000000011 4.2052631578947377 11.161254907494245 2.5308804836935024 32.941428571428581 179.50000000000003 1.1178102700547354 19.500000000000004 1.3875000000000002 26.285000000000007 19.404517453798771 1.0000000180025095e-35
decision_type=10 10 10 8 10 10 2 2 2 10 2 8 10 10 10 2 10 10 8 10 10 10 10 10 10 10 10 10 2 10
left_child=1 4 9 7 15 6 -5 16 -8 -2 17 -12 -7 -10 -4 -1 -3 -11 19 29 -20 22 -21 -23 -24 27 -25 -15 -17 -16
right_child=2 3 14 5 -6 12 8 -9 13 10 11 -13 -14 25 18 28 -18 -19 20 21 -22 23 24 26 -26 -27 -28 -29 -30 -31
leaf_value=-0.0094831300956087824 0.001893529254390282 0.00021150468054314273 0.016175568581968926 -0.0029915155704903617 -0.0044744509713920575 0.0050266275093986514 0.011964612888614591 -0.0074990229487066924 -0.0017502410124588025 -0.00057349974092424177 -0.00078032262119882791 0.067889376966950465 0.024411940589497638 0.017480016540310121 0.10175882840440387 0.062202178048236037 0.053835073846453779 0.015515243361592337 0.034808845410859865 0.16403205481267746 -0.0014579256084392366 0.018506920311461998 0.013402049988508226 0.042944228985145987 0.073973897349033341 0.073087833606152106 0.14170507146045566 0.00084162210863813168 -0.017910584893252535 0.0066350674083859654
leaf_weight=11284 3808 5143 5056 14903 9820 7266 2724 10336 6635 880 2068 53 670 1146 21 28 72 7244 430 31 388 270 70 51 216 46 32 1630 4877 291
leaf_count=11284 3808 5143 5056 14903 9820 7266 2724 10336 6635 880 2068 53 670 1146 21 28 72 7244 430 31 388 270 70 51 216 46 32 1630 4877 291
internal_value=2.50429e-11 -0.00333063 0.0121985 -0.000365908 -0.00909512 0.00154317 4.29103e-05 -0.00466504 0.00375542 0.00861615 0.0111149 0.00093561 0.00666324 0.00139084 0.0195415 -0.0118979 0.000951849 0.0137725 0.0289961 0.0384835 0.0176065 0.050333 0.0694054 0.0332056 0.0591486 0.00877604 0.0810207 0.00771035 -0.0174533 0.0130376
internal_weight=97489 76580 20909 50571 26009 35020 27084 15551 12181 14053 10245 2121 7936 9457 6856 16189 5215 8124 1800 982 818 670 317 353 286 2822 83 2776 4905 312
internal_count=97489 76580 20909 50571 26009 35020 27084 15551 12181 14053 10245 2121 7936 9457 6856 16189 5215 8124 1800 982 818 670 317 353 286 2822 83 2776 4905 312
is_linear=0
shrinkage=0.1


Tree=15
num_leaves=31
num_cat=0
split_feature=28 28 28 103 35 26 107 0 87 85 6 37 21 18 102 84 22 106 96 16 91 109 68 4 113 33 22 104 110 16
split_gain=324.219 90.3782 63.9361 26.1073 29.9574 24.3871 23.5907 23.8688 22.7116 26.8973 21.7626 21.0825 20.6459 20.276 19.1062 18.926 18.8487 19.0465 22.2488 26.833 18.6835 18.578 18.3502 18.0602 17.6085 27.8071 16.8474 18.4729 16.4197 28.0127
threshold=0.94868421052631591 1.3660287081339715 0.46862745098039221 0.36000000000000004 0.30465242510165497 2.2678571428571432 2016.5000000000002 44.470000000000006 14.500000000000002 9.5000000000000018 6.9000000000000012 1.2415253053016906 2.0484169237265779 8.2666666666666675 4.5000000000000009 61.500000000000007 9.9250000000000025 88.500000000000014 188.00000000000003 4.9083333333333341 1.0000000180025095e-35 20.091718001368928 1.0000000180025095e-35 28.950000000000006 1.0000000180025095e-35 0.47722520616533987 2.7029411764705888 104.55000000000001 81.500000000000014 13.625000000000002
decision_type=10 10 10 2 10 10 2 10 8 8 10 8 10 10 10 10 10 2 2 10 8 2 8 10 2 10 10 2 2 10
left_child=2 6 20 4 11 28 7 12 13 26 14 -3 -2 23 -4 24 17 18 19 -6 -1 -17 -9 -7 25 -12 -10 -28 -5 -30
right_child=1 3 10 5 16 8 -8 22 9 -11 15 -13 -14 -15 -16 21 -18 -19 -20 -21 -22 -23 -24 -25 -26 -27 27 -29 29 -31
leaf_value=-0.014059359588757646 0.0020136312160590067 0.033080165713493315 -0.0061204915903711613 0.011075593094085522 0.12597190903292763 0.043130291753062391 0.0019623071301339032 0.023464726747854825 -0.015541618824005128 0.022037946319280268 -0.0049087407110612775 -0.073515496358952742 0.016844438218361853 0.090713375061750423 -0.024635518674610876 0.10283079110085964 -0.017817453427292476 0.027536005353048683 -0.016184371177904049 -0.021013428853905721 -0.0072781967460167074 0.0099098793377302378 0.09788845045225962 -0.032213972802733033 -0.0055480181109599973 0.0022592689130998332 0.026039033923898974 0.091605729524578378 -0.0082404702703686473 0.033971186157535103
leaf_weight=6678 2832 28 6241 8777 27 41 20929 620 25 666 8774 55 1404 20 612 22 107 2549 201 23 10376 979 35 142 9826 14124 62 140 987 187
leaf_count=6678 2832 28 6241 8777 27 41 20929 620 25 666 8774 55 1404 20 612 22 107 2549 201 23 10376 979 35 142 9826 14124 62 140 987 187
internal_value=-5.18715e-12 0.00693459 -0.00479581 0.0133929 0.0216825 0.0111493 0.00342353 0.00967623 0.0253067 0.0321702 -0.00263653 -0.0375555 0.00692922 -0.00488559 -0.00777396 -0.00159259 0.0233738 0.0249479 -0.00133516 0.0583587 -0.00993356 0.0119521 0.0274416 -0.0153336 -0.00200691 -0.000487352 0.0618973 0.0714813 0.00958997 -0.00151681
internal_weight=97489 39857 57632 14037 2990 11047 25820 4891 1096 893 40578 83 4236 203 6853 33725 2907 2800 251 50 17054 1001 655 183 32724 22898 227 202 9951 1174
internal_count=97489 39857 57632 14037 2990 11047 25820 4891 1096 893 40578 83 4236 203 6853 33725 2907 2800 251 50 17054 1001 655 183 32724 22898 227 202 9951 1174
is_linear=0
shrinkage=0.1


Tree=16
num_leaves=31
num_cat=0
split_feature=26 20 67 88 60 84 113 83 31 41 88 103 67 36 106 13 11 107 104 89 111 27 41 105 30 37 9 40 82 35
split_gain=267.226 90.1847 39.9356 32.5236 27.4911 26.6503 24.1163 22.2646 21.2567 20.9187 23.2385 19.8245 24.6759 21.5763 19.6486 21.9487 20.0156 21.2149 30.5318 18.5711 18.2455 18.0747 18.0742 18.5743 16.8992 16.5091 17.1631 19.1883 17.3908 16.3888
threshold=1.2928571428571431 1.788888888888889 5.5000000000000009 8.7500000000000018 1.5000000000000002 65.500000000000014 1.0000000180025095e-35 145.50000000000003 0.64222852518808682 1.0904165719600523 31.250000000000004 0.55850000000000011 7.5000000000000009 0.90000000000000013 477.50000000000006 3.8209722277340594 5.5010764483835795 2019.5000000000002 112.75000000000001 38.500000000000007 4.5000000000000009 1.0567212294304205 1.9436129924374039 0.36666666666666675 1.5500000000000003 1.8027222972291639 11.161690297554662 5.0250000000000012 236.50000000000003 0.47078343338632955
decision_type=10 10 10 8 10 10 2 10 10 10 10 2 10 10 2 10 10 2 2 10 2 10 8 10 10 10 10 10 8 10
left_child=1 3 22 -1 5 11 29 24 -9 10 -4 12 -3 -13 21 19 -17 18 -18 -16 -8 -11 23 -2 -7 -21 27 28 -27 -5
right_child=2 4 9 6 -6 7 20 8 -10 14 -12 13 -14 -15 15 16 17 -19 -20 25 -22 -23 -24 -25 -26 26 -28 -29 -30 -31
leaf_value=-0.012187120458783018 0.013281728554888562 0.00029312651560483389 -0.010136179964388443 -0.0063904109501376864 0.0060212055055472394 0.050503747874296137 0.0065963504923394842 -0.0021459315684403597 0.020844310686639278 0.032170846098753585 0.01730071077281322 -0.012602735679295353 0.039365622904573065 -0.0024974101474290202 0.0061541091470755909 -0.015411356840563077 0.043766284513473516 0.015759875662303691 0.15762709794709318 0.010723410399461335 -0.009847618097290331 0.017019185422911177 -0.0096371618577376795 0.0035013966433401346 -0.014274570857989603 -0.014108892790973188 -0.0097934001294726694 0.17442656114697458 0.10406603781562862 0.00032417472831763395
leaf_weight=8040 2834 19272 702 6056 6982 207 727 1088 638 955 551 2550 163 12326 3607 93 250 290 26 110 9388 4484 744 6168 50 20 22 20 33 9093
leaf_count=8040 2834 19272 702 6056 6982 207 727 1088 638 955 551 2550 163 12326 3607 93 250 290 26 110 9388 4484 744 6168 50 20 22 20 33 9093
internal_value=1.45063e-11 -0.00273571 0.0100196 -0.00664758 0.000274752 -0.000830712 -0.00488468 0.010441 0.0063522 0.0141032 0.00192904 -0.00148216 0.000620825 -0.00422964 0.0156425 0.0107313 0.0275827 0.0346471 0.0544923 0.00781808 -0.00866573 0.0196796 0.0053424 0.00658043 0.037901 0.0370959 0.0676324 0.0909662 0.0594717 -0.00236006
internal_weight=97489 76580 20909 33304 43276 36294 25264 1983 1726 11163 1253 34311 19435 14876 9910 4471 659 566 276 3812 10115 5439 9746 9002 257 205 95 73 53 15149
internal_count=97489 76580 20909 33304 43276 36294 25264 1983 1726 11163 1253 34311 19435 14876 9910 4471 659 566 276 3812 10115 5439 9746 9002 257 205 95 73 53 15149
is_linear=0
shrinkage=0.1


Tree=17
num_leaves=31
num_cat=0
split_feature=67 26 18 88 103 88 50 29 12 35 109 67 29 89 84 43 104 96 87 27 20 7 5 105 25 87 21 81 6 47
split_gain=219.8 91.4088 52.9024 24.9217 23.4479 21.9551 20.3692 20.1565 19.4802 24.7405 19.4124 23.0144 20.2624 19.3145 17.967 17.2779 16.5014 17.7029 16.4212 20.7239 37.6692 19.3476 18.1858 17.9251 16.7843 22.9482 16.786 20.4143 16.313 18.7647
threshold=4.5000000000000009 1.2928571428571431 2.1000000000000005 12.050000000000002 0.36000000000000004 25.250000000000004 -1.0000000180025095e-35 1.8923900272269629 7.5500000000000007 0.49086322442346203 30.229979466119101 6.5000000000000009 1.8923900272269629 42.500000000000007 56.500000000000007 2.9580278177943957 106.15000000000002 236.00000000000003 54.500000000000007 2.0069281343198777 6.0500000000000007 2.5689727889526757 9.0640745455213985 0.55000000000000016 1.0477225575051665 65.500000000000014 3.6047806938353966 667.50000000000011 35.100000000000009 1.4367527759423022
decision_type=10 10 10 8 2 10 10 10 10 10 2 10 10 10 10 10 2 2 8 10 10 10 10 10 10 8 10 8 10 10
left_child=2 5 3 -1 8 -2 7 -6 9 -3 11 15 18 -12 -4 -8 -5 -18 19 21 -21 -13 -23 24 25 -20 27 -27 29 -10
right_child=1 4 14 16 6 -7 10 -9 28 -11 13 12 -14 -15 -16 -17 17 -19 23 20 -22 22 -24 -25 -26 26 -28 -29 -30 -31
leaf_value=-0.010806637872097461 -0.0020487787474561168 0.0055174678082795803 -0.0011559081786051582 0.0023427269595136515 0.0014135483819248086 0.0037384239649908089 0.0095210721734731996 0.063557911312805027 0.01025801280939076 0.027623909545672821 -0.0017353816074182331 -0.028435032646502219 -0.028352162137974143 0.094953574453081405 0.010603038019430067 -0.045827399599447587 -0.0036759783574885348 -0.010014374498540342 -0.03516017368861607 -0.013287438128305518 0.15054647152622541 0.048773981855642162 0.021973308875447933 0.025917025244579103 -0.0041183878193314398 0.11725991977297741 0.11313400292396546 0.018564486642510203 0.08171208517418968 -0.026256225998434475
leaf_weight=10834 10401 671 18249 2724 3427 17730 5358 53 687 2062 1276 62 86 21 1399 57 12131 6920 56 23 36 338 1009 747 644 23 25 236 27 177
leaf_count=10834 10401 671 18249 2724 3427 17730 5358 53 687 2062 1276 62 86 21 1399 57 12131 6920 56 23 36 338 1009 747 644 23 25 236 27 177
internal_value=3.67319e-11 0.00510371 -0.00441761 -0.00688737 0.0108694 0.0015987 0.00894925 0.00236 0.0180102 0.0221964 0.011243 0.0129444 0.0195479 -0.00016987 -0.000318634 0.00893846 -0.00493737 -0.00597831 0.0208356 0.0286156 0.086679 0.0261843 0.0286983 0.0142376 0.00537128 0.0233458 0.0348822 0.0273289 0.00516962 0.00277767
internal_weight=97489 45232 52257 32609 17101 28131 13477 3480 3624 2733 9997 8700 3285 1297 19648 5415 21775 19051 3199 1468 59 1409 1347 1731 984 340 284 259 891 864
internal_count=97489 45232 52257 32609 17101 28131 13477 3480 3624 2733 9997 8700 3285 1297 19648 5415 21775 19051 3199 1468 59 1409 1347 1731 984 340 284 259 891 864
is_linear=0
shrinkage=0.1


Tree=18
num_leaves=31
num_cat=0
split_feature=28 67 28 106 106 97 71 103 84 37 41 105 63 86 102 111 5 107 56 88 75 103 38 93 96 18 13 8 18 33
split_gain=182.248 51.9317 41.0606 27.7428 27.1185 26.7615 26.4417 24.0934 23.2183 25.9145 39.309 23.4674 22.6275 23.7465 22.1063 22.1048 31.1058 21.4379 31.58 23.0207 21.4202 20.7287 20.5603 20.3169 20.2219 20.2169 19.5144 18.8187 18.8092 17.7144
threshold=0.94868421052631591 6.5000000000000009 0.26491228070175443 627.50000000000011 878.50000000000011 12.500000000000002 3.5000000000000004 0.37050000000000005 121.50000000000001 2.1794192844442732 1.5256936159813488 0.90000000000000013 15.500000000000002 184.50000000000003 10.500000000000002 29.500000000000004 10.866594754946432 2015.5000000000002 4.5000000000000009 57.850000000000001 5.5000000000000009 0.54700000000000015 1.267857142857143 1.0000000180025095e-35 239.00000000000003 4.9000000000000012 3.5095100838171418 27.850000000000005 5.1000000000000005 0.63666273824766584
decision_type=10 10 8 2 2 2 10 2 8 10 10 8 10 10 10 2 10 2 10 10 10 2 8 10 2 10 10 10 10 10
left_child=2 3 -1 5 6 12 17 -4 15 10 -10 -12 14 -14 21 16 28 18 19 26 -5 -2 24 -21 -9 -18 -3 -16 -7 -8
right_child=1 4 7 20 -6 8 29 22 9 -11 11 -13 13 -15 27 -17 25 -19 -20 23 -22 -23 -24 -25 -26 -27 -28 -29 -30 -31
leaf_value=-0.011633625145998975 0.0048455147016199821 0.012803238994318601 0.001385986134556122 0.02002949098444623 -0.0013414331329487531 0.0010599184969159387 0.026026321665884717 -0.0042330919212346012 0.025485565515201803 -0.047773031077601696 0.074954263351502876 0.22631043240427973 0.017570155412997814 -0.012103278346508583 -0.023085933799124582 0.02104432375683336 0.010499724335632919 -0.002177921665400406 0.13367316431619905 0.11152012109063392 -0.012134629908753568 -0.0016321216757427708 -0.0015895285772930757 -0.00045771885376710158 -0.011442278136483935 0.038872811458428802 -0.042921498643629485 0.06944644306178975 -0.026074665975599095 0.013836272613630969
leaf_weight=5724 11040 1314 11252 235 1400 1906 1787 15129 70 22 21 20 1634 323 495 1210 1833 1518 22 43 1741 8941 20289 26 5238 291 66 23 295 3581
leaf_count=5724 11040 1314 11252 235 1400 1906 1787 15129 70 22 21 20 1634 323 495 1210 1833 1518 22 43 1741 8941 20289 26 5238 291 66 23 295 3581
internal_value=6.10115e-12 0.00519916 -0.00359562 0.00314403 0.0115392 0.00394875 0.013697 -0.00270925 0.0100887 0.0513777 0.0710292 0.148787 0.00239899 0.0126726 0.00141819 0.00909662 0.00575403 0.00615886 0.014762 0.0129566 -0.00830944 0.00194693 -0.00384266 0.0693256 -0.00608716 0.014387 0.0101381 -0.0189774 -0.00257693 0.0178943
internal_weight=97489 39857 57632 30100 9757 28124 8357 51908 5668 133 111 41 22456 1957 20499 5535 4325 2989 1471 1449 1976 19981 40656 69 20367 2124 1380 518 2201 5368
internal_count=97489 39857 57632 30100 9757 28124 8357 51908 5668 133 111 41 22456 1957 20499 5535 4325 2989 1471 1449 1976 19981 40656 69 20367 2124 1380 518 2201 5368
is_linear=0
shrinkage=0.1


Tree=19
num_leaves=31
num_cat=0
split_feature=67 26 18 53 103 17 26 103 67 111 84 103 107 47 59 12 35 56 17 30 51 39 27 60 53 88 46 17 50 43
split_gain=153.927 59.4705 38.1621 21.3045 18.3133 17.8421 17.3116 16.9151 18.2596 16.4415 19.0018 15.8648 20.129 17.597 16.2002 15.724 20.1617 15.9992 16.5662 19.1811 18.8065 19.0928 20.4977 17.4525 17.4083 18.5371 17.1817 17.0986 16.6481 16.511
threshold=4.5000000000000009 1.2928571428571431 2.1000000000000005 6.5000000000000009 0.36000000000000004 1.231285774706292 0.10555555555555557 0.59450000000000014 6.5000000000000009 40.500000000000007 94.500000000000014 0.43500000000000005 2014.5000000000002 1.5036562403594302 13.500000000000002 7.5500000000000007 0.49086322442346203 4.5000000000000009 1.7911847914609349 0.36666666666666675 75.950000000000017 1.4317807919044598 1.2526159490452953 1.5000000000000002 15.500000000000002 22.250000000000004 1.4868421052631582 3.034585516206612 -2.2499999999999996 2.2582094138490336
decision_type=10 10 10 8 2 10 8 2 10 2 10 2 2 8 8 10 10 10 10 10 10 10 10 8 10 10 10 10 10 10
left_child=2 7 3 -1 15 -6 -5 8 -2 -7 -11 14 13 -13 -8 16 -3 18 19 26 28 22 23 -22 -21 -26 -18 -24 -20 -30
right_child=1 4 -4 6 5 9 11 -9 -10 10 -12 12 -14 -15 -16 -17 17 -19 20 24 21 -23 27 -25 25 -27 -28 -29 29 -31
leaf_value=-0.016292283825531655 0.0017929918570833939 0.0039366878197716147 -0.00021544604275280989 -0.013625180417421346 -0.035288716213687385 0.0084730022537130786 0.0022542804612647668 -0.0023817475635572907 0.010505739324858474 -0.0083495353426197207 0.071339363436545108 0.00090410612211520164 -0.0072011507286052065 0.04019253485314625 -0.0065835080619539889 0.0036958981590192899 0.1329421972365756 0.089058257565154023 0.067366549236556661 -0.061780818924307826 0.049467554262706215 0.020368503257749037 0.012760305983178755 0.14616059586405755 0.10106182112940587 0.021861812590557916 0.047279020105717613 0.1135263116586776 0.0066454384446255179 0.059297781786511822
leaf_weight=1825 17141 671 19648 2246 98 12487 5621 8192 2798 861 31 1971 17538 121 3287 891 38 37 52 20 35 319 85 40 36 165 61 21 1090 63
leaf_count=1825 17141 671 19648 2246 98 12487 5621 8192 2798 861 31 1971 17538 121 3287 891 38 37 52 20 35 319 85 40 36 165 61 21 1090 63
internal_value=4.87746e-12 0.004271 -0.00369684 -0.0057945 0.00892161 0.00722465 -0.00517215 0.00144387 0.00301563 0.00753606 -0.00558008 -0.00450687 -0.00609519 0.00317652 -0.00100681 0.0152323 0.0189933 0.0238929 0.0227022 0.0435801 0.0187838 0.035088 0.0610302 0.101037 0.0271937 0.0360469 0.0801598 0.0327234 0.0120185 0.00952237
internal_weight=97489 45232 52257 32609 17101 13477 30784 28131 19939 13379 892 28538 19630 2092 8908 3624 2733 2062 2025 320 1705 500 181 75 221 201 99 106 1205 1153
internal_count=97489 45232 52257 32609 17101 13477 30784 28131 19939 13379 892 28538 19630 2092 8908 3624 2733 2062 2025 320 1705 500 181 75 221 201 99 106 1205 1153
is_linear=0
shrinkage=0.1


Tree=20
num_leaves=31
num_cat=0
split_feature=67 28 38 110 50 64 97 111 35 13 39 88 47 87 92 23 71 31 84 103 41 7 52 17 0 11 8 39 37 85
split_gain=124.681 49.0413 33.5213 24.5498 19.9419 19.6749 19.3418 18.7094 21.246 18.9109 17.2063 17.1302 16.7393 22.8201 21.3531 29.7081 19.4943 20.3216 19.114 19.3723 18.9676 16.4219 19.0525 16.6948 16.2986 21.1334 17.9642 19.4229 18.7724 17.7083
threshold=4.5000000000000009 1.2264957264957268 1.0500000000000003 79.500000000000014 2.1500000000000008 1.0000000180025095e-35 3.5000000000000004 5.5000000000000009 0.58750524035482787 3.754973061528649 1.2526159490452955 10.250000000000002 0.82202764200834422 72.500000000000014 5.5000000000000009 1.8432043183436029 3.5000000000000004 1.658243862791825 48.500000000000007 0.60550000000000004 1.0713822763440657 7.9120136541763069 20.500000000000004 1.5187091798289987 25.970000000000002 3.9153319604634942 6.5277777777777786 1.077545574753892 1.1178102700547354 7.5000000000000009
decision_type=10 10 10 2 10 10 2 2 10 8 10 8 10 8 10 10 10 10 10 2 10 10 10 10 10 10 10 10 10 10
left_child=2 4 11 7 -2 6 -6 9 -9 -4 -7 -1 20 14 16 -16 18 -18 21 24 -3 22 -14 -23 25 -20 -27 -28 -29 -26
right_child=1 12 3 -5 5 10 -8 8 -10 -11 -12 -13 13 -15 15 -17 17 -19 19 -21 -22 23 -24 -25 29 26 27 28 -30 -31
leaf_value=-0.0098380745544356663 6.5687005692974869e-05 -0.016819480772098175 0.0070685745922350295 -0.0042489192614090354 0.037433042868567433 -0.014699359125841192 0.00479828377209497 -0.0030111074997408067 0.0055293959130170199 0.044869201268545156 0.068431910021250611 -0.0041669746510287018 -0.0041498668799457563 0.0041686146476987663 0.16245956813747234 0.027199514165160157 0.017104979888435387 -0.010594173094531435 -0.041324023452276988 -0.0051238102135512074 0.0047045049890024225 0.096004418671131131 0.069276126205093339 0.012561041071260852 0.069312036687677561 0.14322770913554864 0.0052547971515551862 0.1322880647248692 0.046845895817710294 0.0090420279182962613
leaf_weight=8119 23342 487 2765 12962 190 34 4112 8299 4488 139 93 15485 1924 5252 22 62 5228 279 24 265 2570 25 36 586 55 22 69 36 90 429
leaf_count=8119 23342 487 2765 12962 190 34 4112 8299 4488 139 93 15485 1924 5252 22 62 5228 279 24 265 2570 25 36 586 55 22 69 36 90 429
internal_value=9.85748e-12 0.0038439 -0.00332716 -0.00102839 0.00123296 0.00738478 0.00623961 0.00163203 -1.35491e-05 0.0088779 0.0461763 -0.00611765 0.00799649 0.00942289 0.0124381 0.0626248 0.0119732 0.0157017 0.00620729 0.0180138 0.00127559 0.00166102 -0.00280123 0.0159753 0.026471 0.0477191 0.0575672 0.047903 0.0712579 0.0158909
internal_weight=97489 45232 52257 28653 27771 4429 4302 15691 12787 2904 127 23604 17461 14404 9152 84 9068 5507 3561 990 3057 2571 1960 611 725 241 217 195 126 484
internal_count=97489 45232 52257 28653 27771 4429 4302 15691 12787 2904 127 23604 17461 14404 9152 84 9068 5507 3561 990 3057 2571 1960 611 725 241 217 195 126 484
is_linear=0
shrinkage=0.1


Tree=21
num_leaves=31
num_cat=0
split_feature=28 67 26 106 106 48 84 8 16 16 75 6 9 13 81 18 92 45 4 23 103 13 94 86 32 22 15 1 81 14
split_gain=101.499 30.4043 26.5369 22.5996 22.5934 19.1055 23.0632 22.3316 18.3884 18.353 18.0074 17.436 23.1381 16.7774 19.3848 21.1716 22.072 19.5825 18.0164 17.1103 28.2681 23.2124 16.2835 15.9549 15.4712 15.4348 15.271 16.7386 15.0348 14.9447
threshold=0.94868421052631591 6.5000000000000009 0.5277777777777779 634.50000000000011 965.50000000000011 32.350000000000001 58.500000000000007 4.0500000000000007 4.3514705882352951 15.875000000000002 5.5000000000000009 28.300000000000001 5.4979794036094987 5.1380838162383684 602.50000000000011 4.5500000000000007 1.0000000180025095e-35 2.4198211652469994 25.631666666666675 2.585129527137072 0.43500000000000005 2.2041230063145054 1.0000000180025095e-35 265.50000000000006 1.2928571428571431 2.3514705882352946 2.155091149507784 10.544477227333347 1593.5000000000002 4.1125000000000007
decision_type=10 10 10 2 2 10 10 10 10 10 10 10 10 10 10 10 10 8 10 8 2 10 10 10 10 10 10 10 10 10
left_child=2 3 22 5 8 6 9 -8 23 13 -5 -12 -13 14 15 16 29 -18 19 20 21 -17 -1 24 -3 -15 27 -7 -9 -2
right_child=1 4 -4 10 -6 26 7 28 -10 -11 11 12 -14 25 -16 18 17 -19 -20 -21 -22 -23 -24 -25 -26 -27 -28 -29 -30 -31
leaf_value=-0.0080388911833059809 -0.012964521095003676 0.0026305903509749417 -0.00076507734190267888 0.01813780681792802 -0.0055566977141509339 0.021298933994363656 0.10647248525334441 0.009336113875356036 0.01360592911287063 0.076712975060218014 -0.015467358912480965 0.098891556918107235 0.0019022832843207363 -0.0040234106502362657 -0.004819685552196893 0.061646361979064604 0.0039316203881201483 -0.026930354434295596 0.0061873320241625273 0.0059795205735597096 0.021552666258803532 0.18304658169370325 -0.0029312246292846019 0.092915597930550584 0.083251807155708471 0.033392344768301295 0.0097895569362365445 0.079708975268941787 -0.0085002429428827093 -0.00045788641116422307
leaf_weight=10788 1719 2895 32033 228 994 154 23 5285 5824 32 1487 29 162 175 5157 63 8032 211 3233 212 177 21 14811 20 24 298 660 72 519 2151
leaf_count=10788 1719 2895 32033 228 994 154 23 5285 5824 32 1487 29 162 175 5157 63 8032 211 3233 212 177 21 14811 20 24 298 660 72 519 2151
internal_value=1.49715e-11 0.00388001 -0.00268333 0.00230751 0.00873111 0.00301996 0.00255107 0.00813087 0.0103518 0.00103747 -0.00823112 -0.011814 0.0166284 0.000924569 0.000504589 0.0022403 0.000216754 0.00314163 0.00885424 0.0270828 0.0442242 0.0919964 -0.00508371 0.00390334 0.00329346 0.0195493 0.017472 0.0399074 0.00774117 -0.00601316
internal_weight=97489 39857 57632 30100 9757 28194 27308 5827 8763 21481 1906 1678 191 21449 20976 15819 12113 8243 3706 473 261 84 25599 2939 2919 473 886 226 5804 3870
internal_count=97489 39857 57632 30100 9757 28194 27308 5827 8763 21481 1906 1678 191 21449 20976 15819 12113 8243 3706 473 261 84 25599 2939 2919 473 886 226 5804 3870
is_linear=0
shrinkage=0.1


Tree=22
num_leaves=31
num_cat=0
split_feature=67 26 84 48 96 106 59 103 5 104 97 0 39 102 51 113 96 103 103 104 85 10 29 39 84 39 81 1 28 12
split_gain=87.244 32.2524 26.6105 22.3814 19.2493 16.5469 16.2977 19.8502 15.3421 22.6557 14.9209 17.2764 16.3599 14.7394 17.9161 18.183 18.2414 14.4738 14.1162 17.7276 20.2271 22.0976 17.1584 14.5944 19.9744 23.5482 15.3533 14.3498 14.2181 14.8864
threshold=4.5000000000000009 1.2928571428571431 29.500000000000004 8.0500000000000025 237.50000000000003 194.50000000000003 14.500000000000002 0.54350000000000021 10.212514253028726 102.25000000000001 14.500000000000002 26.750000000000004 1.3519517580968834 4.5000000000000009 99.000000000000014 1.0000000180025095e-35 274.50000000000006 0.36000000000000004 0.59450000000000014 102.55000000000001 5.5000000000000009 13.225000000000001 1.2399033844939589 1.1622332768749206 89.500000000000014 1.0339469490010884 1225.5000000000002 1.9615045204525243 1.4721362229102171 9.2666666666666675
decision_type=10 10 10 10 2 2 10 2 10 2 2 8 8 10 10 2 2 2 2 2 10 10 10 10 10 10 10 10 10 10
left_child=2 13 3 4 10 8 7 -5 -4 -10 -1 -12 -13 14 15 18 -17 -3 19 20 -2 -22 -23 24 26 -26 -21 -25 29 -20
right_child=1 17 5 6 -6 -7 -8 -9 9 -11 11 12 -14 -15 -16 16 -18 -19 28 23 21 22 -24 27 25 -27 -28 -29 -30 -31
leaf_value=-0.0047014666775009456 -0.022393245867839674 0.012250538546891473 0.00080363208714644791 0.0081313642913508396 -0.010704593682625083 -0.0030584396045024577 -0.0041683421285985201 -0.003233246236302262 0.063519288217890768 0.0084856500870750303 0.0074668677560048337 0.13782598908458438 0.016966298036277295 -0.0075595653208119194 0.028218920125622351 -0.0061639813363934832 0.008361551290452655 0.0051316556957177149 -0.0013607530703969881 0.0082621684999429172 0.14477443733873469 0.012094733586021957 0.11182875195923059 -0.056919227959588176 0.013295096680521964 0.15136333371379548 -0.018636792356211861 0.0016856448152241848 -0.028773241977279002 0.026349566857344547
leaf_weight=18806 41 3624 5335 3368 6214 5912 6708 2827 77 2622 343 21 24 1824 253 4689 1060 13477 5464 5979 24 69 23 42 30 21 220 8009 182 201
leaf_count=18806 41 3624 5335 3368 6214 5912 6708 2827 77 2622 343 21 24 1824 253 4689 1060 13477 5464 5979 24 69 23 42 30 21 220 8009 182 201
internal_value=2.21256e-11 0.00321543 -0.00278318 -0.00414468 -0.00586711 0.000956994 -0.00075294 0.00294529 0.00391184 0.0100557 -0.00430099 0.01511 0.0733675 0.00113345 0.00173618 0.00147902 -0.00348577 0.00664027 0.00288471 0.00456147 0.0379813 0.0593206 0.0370282 0.00419457 0.0078203 0.0701467 0.00730754 0.00137992 -0.00126144 -0.000377563
internal_weight=97489 45232 52257 38311 25408 13946 12903 6195 8034 2699 19194 388 45 28131 26307 26054 5749 17101 20305 14458 157 116 92 14301 6250 51 6199 8051 5847 5665
internal_count=97489 45232 52257 38311 25408 13946 12903 6195 8034 2699 19194 388 45 28131 26307 26054 5749 17101 20305 14458 157 116 92 14301 6250 51 6199 8051 5847 5665
is_linear=0
shrinkage=0.1


Tree=23
num_leaves=31
num_cat=0
split_feature=67 113 34 107 103 109 57 6 103 102 4 88 22 82 97 97 4 11 25 8 13 35 71 52 12 23 12 65 38 31
split_gain=72.5239 39.6756 42.4301 29.2951 21.4234 21.3543 22.8815 21.1605 19.9547 18.9253 18.0386 18.0138 16.9433 18.9545 16.6088 17.6195 19.0045 15.3753 21.806 18.136 16.4055 15.236 19.172 23.8149 22.0805 19.8291 19.2422 17.5377 20.4385 15.2034
threshold=5.5000000000000009 1.0000000180025095e-35 0.29705882352941182 2018.5000000000002 0.61050000000000015 25.375770020533881 5.5000000000000009 10.450000000000001 0.25000000000000006 10.500000000000002 24.252500000000008 9.9500000000000011 1.2565789473684212 479.50000000000006 5.5000000000000009 6.5000000000000009 19.28250000000001 7.5417260218535676 2.2582094138490336 18.950000000000003 0.86554360876699576 0.78659665406324641 3.5000000000000004 18.500000000000004 7.5500000000000007 2.4812454286235979 9.4500000000000011 6.5000000000000009 2.683333333333334 0.86554360876699588
decision_type=10 2 10 2 2 2 10 8 2 10 10 10 10 10 2 2 10 10 10 10 10 10 10 10 10 10 10 10 10 10
left_child=1 2 8 17 14 6 -4 -3 -1 12 11 -7 -8 -14 -5 16 -16 -2 20 -20 -19 22 -17 24 27 -25 -26 -24 -29 -6
right_child=3 7 5 4 29 10 9 -9 -10 -11 -12 -13 13 -15 15 21 -18 18 19 -21 -22 -23 23 25 26 -27 -28 28 -30 -31
leaf_value=0.0087844343787531198 0.0063204084008230861 -0.0091142314815209607 -0.0058055385647364692 0.014286038930666557 -0.01004095152088868 -0.013758606375625315 -0.00016502909857886439 -0.0025361805760507209 -0.0038581521416111752 -0.026785304779084501 -0.004675735560293639 0.0076231835895069801 0.0077974115218306444 -0.01469081577506255 0.084198679421097045 0.00084070667801835596 -0.014607211599534708 -0.029679702642700964 0.060047149807214741 -0.044355585945375038 0.01798882751294259 -0.0010735743518071907 0.01394355026091848 0.13587406474564756 -0.023895812074922577 0.025573593573883557 0.016698591409173482 0.016898944477240243 0.13545039582711002 0.0053103818365281431
leaf_weight=1319 5147 8437 2058 1432 2076 460 3976 11633 23344 182 6224 2747 14151 385 20 2497 730 74 20 99 2965 3603 2358 28 298 39 192 33 26 936
leaf_count=1319 5147 8437 2058 1432 2076 460 3976 11633 23344 182 6224 2747 14151 385 20 2497 730 74 20 99 2965 3603 2358 28 298 39 192 33 26 936
internal_value=2.04519e-11 -0.00149717 -0.00010505 0.00496884 0.00222037 0.00240919 0.00420231 -0.00530145 -0.00318201 0.00530406 -0.00153641 0.00455626 0.00561955 0.00720179 0.00422484 0.00275826 -0.0119724 0.00969072 0.0151838 -0.0268089 0.0168281 0.0039758 0.00730114 0.0127254 0.0113669 0.0716693 -0.00798943 0.015291 0.069142 -0.00527042
internal_weight=97489 74916 54846 22573 14268 30183 20752 20070 24663 18694 9431 3207 18512 14536 11256 9824 750 8305 3158 119 3039 9074 5471 2974 2907 67 490 2417 59 3012
internal_count=97489 74916 54846 22573 14268 30183 20752 20070 24663 18694 9431 3207 18512 14536 11256 9824 750 8305 3158 119 3039 9074 5471 2974 2907 67 490 2417 59 3012
is_linear=0
shrinkage=0.1


Tree=24
num_leaves=31
num_cat=0
split_feature=67 67 109 91 88 103 82 33 10 1 84 80 28 49 55 0 106 80 103 13 84 85 38 109 88 22 36 52 9 52
split_gain=61.3321 22.8705 25.602 21.4449 19.5375 20.0366 18.6626 17.892 21.0553 20.8029 18.3134 16.8312 17.0122 16.4981 19.0549 16.0349 15.5029 16.0007 15.1589 17.1221 14.6767 14.3968 14.3427 22.3035 14.1249 23.4691 14.4839 31.5145 26.8477 21.6278
threshold=4.5000000000000009 6.5000000000000009 27.399041752224509 1.0000000180025095e-35 24.850000000000005 0.22550000000000003 657.50000000000011 1.238245861615183 10.025000000000002 13.369891547750173 120.50000000000001 41.45000000000001 1.4472222222222224 38.150000000000013 34.500000000000007 32.770000000000017 863.50000000000011 285.85000000000008 0.27900000000000008 6.172514429556978 60.500000000000007 36.500000000000007 0.68333333333333346 24.346338124572217 57.850000000000001 10.675000000000002 4.366666666666668 5.5000000000000009 8.8697363052203428 15.500000000000002
decision_type=10 10 2 10 10 2 8 10 10 10 10 10 10 10 10 10 2 8 2 10 10 10 10 2 10 10 10 10 10 10
left_child=3 2 4 -1 5 21 7 8 9 13 22 12 -4 -6 15 -15 24 -18 19 -5 -20 -2 23 -10 -3 26 28 -28 29 -26
right_child=1 16 11 18 6 -7 -8 -9 10 -11 -12 -13 -14 14 -16 -17 17 -19 20 -21 -22 -23 -24 -25 25 -27 27 -29 -30 -31
leaf_value=-0.0057956812607110756 0.018221292835307171 0.0069907565867115403 0.012694380942368711 0.004338119033543128 0.0070990618159994488 -0.0018905158488703292 -0.010430375678632199 0.014738819059283105 0.10605972810264896 -0.015925417740608714 0.056869558780454105 -0.0030939279917470749 0.10309584757143803 0.045592814306838467 -0.02601951033748845 -0.022802094838305101 0.02542688169262626 -0.0046067362967579344 -0.002184907467609703 0.097106342986226085 0.0090774294136187119 0.092256744156281156 0.0028659180425315064 0.01099115125524501 0.021774447518458338 -0.029643383489714733 0.14764086758648906 0.032144268187226127 -0.007612721239374648 0.077530691776025507
leaf_weight=13328 211 7815 387 3814 350 6975 712 2082 34 152 64 11264 22 466 47 37 198 1704 33897 20 1198 30 11520 90 405 90 27 189 277 84
leaf_count=13328 211 7815 387 3814 350 6975 712 2082 34 152 64 11264 22 466 47 37 198 1704 33897 20 1198 30 11520 90 405 90 27 189 277 84
internal_value=-3.33229e-13 0.00269597 0.00143746 -0.00233355 0.00338954 -0.000911025 0.00538471 0.00614339 0.0047409 0.0182925 0.00352325 -0.00237036 0.0175571 0.0240715 0.0348721 0.0405618 0.00671365 -0.00148021 -0.00114823 0.00482204 -0.00180046 0.0274373 0.00323004 0.0370583 0.0084673 0.0192315 0.0237109 0.0465813 0.0172618 0.0313522
internal_weight=97489 45232 34443 52257 22770 7216 15554 14842 12760 1052 11708 11673 409 900 550 503 10789 1902 38929 3834 35095 241 11644 124 8887 1072 982 216 766 489
internal_count=97489 45232 34443 52257 22770 7216 15554 14842 12760 1052 11708 11673 409 900 550 503 10789 1902 38929 3834 35095 241 11644 124 8887 1072 982 216 766 489
is_linear=0
shrinkage=0.1


Tree=25
num_leaves=31
num_cat=0
split_feature=67 113 51 92 7 49 103 10 107 13 13 28 34 30 109 5 20 88 86 1 44 87 7 84 104 86 86 19 19 35
split_gain=49.679 21.8818 21.2755 19.9399 20.1476 19.7224 18.9009 17.7571 16.8335 16.0244 19.4936 16.6117 17.4085 16.0121 22.7258 22.8932 15.5728 18.0752 22.5797 21.2412 18.7377 14.6581 16.5338 14.6329 19.4746 14.8623 16.5513 14.6756 14.5832 14.4895
threshold=4.5000000000000009 1.0000000180025095e-35 79.65000000000002 1.5000000000000002 13.137731368681655 12.050000000000002 0.43500000000000005 34.875000000000007 2015.5000000000002 5.1380838162383684 5.267824738680968 1.0250000000000001 2.3062500000000004 1.7083333333333337 24.072553045859006 12.556115620325958 4.3166666666666673 17.450000000000003 50.500000000000007 12.649999999984566 1.1833333333333336 66.500000000000014 5.5452664205413376 93.500000000000014 105.85000000000001 127.50000000000001 98.500000000000014 5.059634605717835 3.0413701570080014 0.43974378074880666
decision_type=10 2 10 10 10 8 2 10 2 10 10 10 10 10 2 10 8 8 8 8 10 8 10 10 2 10 10 10 8 10
left_child=5 3 -3 6 -5 -1 7 13 16 11 -11 12 -4 23 15 -15 -7 18 -18 20 -19 22 -12 27 -25 26 -26 -2 -21 -10
right_child=1 2 9 4 -6 8 -8 -9 29 10 21 -13 -14 14 -16 -17 17 19 -20 28 -22 -23 -24 24 25 -27 -28 -29 -30 -31
leaf_value=-0.013282601864720134 0.0044524248912590743 -0.0053549798294784748 0.012925407298099437 0.0073250462084261253 -0.022682382850785204 0.0019978325518819088 -3.9618278082617154e-05 0.091792353428900242 -0.0053775545964423058 0.094834411009732222 -0.024863344493364407 -0.0039851767877863587 0.10174164963157283 0.034420781803940349 0.0055097144567983203 0.15829423791170122 0.012947061759504407 -0.032228920352871268 0.15621953081678264 0.11760724785809334 0.037005677410504888 0.096429318085905505 0.026043514219603322 -0.050064032548858273 0.02026941125591596 0.021495210056921014 0.12084112510912948 -0.047873458193822042 0.028591845829098947 -0.0013333862744465041
leaf_weight=1531 7230 5980 545 12008 228 5875 16979 24 12200 36 88 1297 23 37 89 25 22 103 22 26 63 22 232 31 30 238 36 54 63 32352
leaf_count=1531 7230 5980 545 12008 228 5875 16979 24 12200 36 88 1297 23 37 89 25 22 103 22 26 63 22 232 31 30 238 36 54 63 32352
internal_value=4.71428e-12 0.00242637 -0.00223976 0.00346314 0.0067659 -0.00210019 0.00183182 0.0059087 -0.00176269 0.00606564 0.0248402 0.00226039 0.0165218 0.00564342 0.0378893 0.0843698 0.00313084 0.025393 0.0845833 0.0151798 -0.00595314 0.0174724 0.0120441 0.00500434 0.0254395 0.0331389 0.0751267 0.00406451 0.0545963 -0.00244083
internal_weight=97489 45232 8223 37009 12236 52257 24773 7794 50726 2243 378 1865 568 7770 151 62 6174 299 44 255 166 342 320 7619 335 304 66 7284 89 44552
internal_count=97489 45232 8223 37009 12236 52257 24773 7794 50726 2243 378 1865 568 7770 151 62 6174 299 44 255 166 342 320 7619 335 304 66 7284 89 44552
is_linear=0
shrinkage=0.1


Tree=26
num_leaves=31
num_cat=0
split_feature=26 107 2 103 13 50 110 12 1 11 8 22 105 49 11 90 32 6 22 111 7 91 8 92 46 7 47 10 67 15
split_gain=41.9069 21.4733 19.1973 18.8391 22.1698 21.6949 16.8187 22.3947 24.1807 19.56 26.2693 19.2248 21.9353 23.322 27.6876 20.5895 18.18 18.1781 16.7659 15.946 15.0417 18.8025 23.1659 14.9487 25.9836 22.855 17.0852 15.6674 15.1521 14.7628
threshold=0.76388888888888895 2017.5000000000002 39.655000000000015 0.44500000000000006 5.3150708251244296 7.0500000000000007 78.500000000000014 5.5500000000000007 16.630453986485673 9.2683671857062446 22.850000000000005 10.325000000000001 0.63333333333333341 41.050000000000004 8.4073119800991467 5.5000000000000009 1.2928571428571431 18.100000000000005 8.1055555555555561 40.500000000000007 5.6035631862203301 11.500000000000002 24.350000000000005 4.5000000000000009 1.341666666666667 5.2678247386809689 0.78659665406324641 22.075000000000006 6.5000000000000009 3.3693881118889415
decision_type=10 2 10 2 10 10 2 10 8 10 10 10 10 10 10 10 10 10 10 2 10 10 10 10 10 10 10 10 10 10
left_child=2 6 18 4 5 -3 7 16 11 -8 17 12 20 -14 -15 -16 -2 -11 -1 -4 29 -22 -23 -5 26 27 -25 -26 -28 -9
right_child=1 3 19 23 -6 -7 9 8 -10 10 -12 -13 13 14 15 -17 -18 -19 -20 -21 21 22 -24 24 25 -27 28 -29 -30 -31
leaf_value=-0.002908757988485174 0.0049497811980842923 0.0044638510732173866 0.0057202175895308092 -0.0011606263657053387 0.034422961321629905 -0.0099184945614591291 0.00028628141147168842 0.039945299185566073 -0.018518161862325598 0.018582109584369594 0.0095339840919676441 -0.01156689299258796 0.14790995038575089 0.021791896776241416 0.036988037527987253 0.15556269644293935 0.090398166121449325 0.11217310972967927 0.068398431141042354 0.083036469961344103 0.0048211771669866722 0.13688753020763397 0.010851154306105205 0.0053988192111062705 0.0036184339628865326 -0.03451251885803637 0.053885814733803272 0.11788194060325624 0.14867198811127588 -0.0011082463005425221
leaf_weight=40381 6177 11607 2218 26313 231 1153 6852 446 166 36 299 159 23 170 27 32 25 49 33 27 640 25 35 39 30 93 48 20 26 109
leaf_count=40381 6177 11607 2218 26313 231 1153 6852 446 166 36 299 159 23 170 27 32 25 49 33 27 640 25 35 39 30 93 48 20 26 109
internal_value=2.05357e-11 0.00182878 -0.00235055 0.00059927 0.00372008 0.00316426 0.00501407 0.0081637 0.017878 0.0015171 0.0234794 0.0215045 0.0249937 0.0519176 0.0422764 0.1013 0.00529422 0.0725346 -0.00285053 0.00665008 0.0195875 0.00983933 0.0633663 -0.000926662 0.0231214 -0.00519911 0.0589606 0.0493238 0.0871891 0.0318825
internal_weight=97489 54830 42659 39560 12991 12760 15270 8034 1832 7236 384 1666 1507 252 229 59 6202 85 40414 2245 1255 700 60 26569 256 143 113 50 74 555
internal_count=97489 54830 42659 39560 12991 12760 15270 8034 1832 7236 384 1666 1507 252 229 59 6202 85 40414 2245 1255 700 60 26569 256 143 113 50 74 555
is_linear=0
shrinkage=0.1


Tree=27
num_leaves=31
num_cat=0
split_feature=92 90 113 67 115 79 34 17 103 20 11 69 14 82 87 7 54 92 107 13 107 52 48 87 111 103 15 38 38 45
split_gain=37.4935 27.5192 19.3095 18.3875 24.246 20.6498 18.6051 18.4379 17.3005 16.7353 16.9882 16.2383 15.76 15.6642 15.443 30.5928 20.0431 18.5991 17.6342 16.2378 14.7475 14.3045 14.2526 13.3314 13.2835 16.4234 17.322 15.7924 14.4725 14.9838
threshold=1.5000000000000002 1.5000000000000002 1.0000000180025095e-35 5.5000000000000009 1.0000000180025095e-35 6.5000000000000009 0.51315789473684215 2.4041526222801815 0.7340000000000001 8.2250000000000014 7.4906959751660365 5.5000000000000009 1.9500000000000002 403.50000000000006 27.500000000000004 12.243364869275643 6.5000000000000009 5.5000000000000009 2017.5000000000002 1.4916198487095669 2016.5000000000002 4.5000000000000009 8.3500000000000032 268.50000000000006 20.500000000000004 0.23150000000000004 3.1989581637360218 3.0500000000000003 1.2928571428571431 0.68250705852645377
decision_type=10 10 2 10 2 10 10 10 2 10 10 8 10 8 8 8 10 10 2 10 2 10 10 10 2 2 8 10 10 10
left_child=1 -1 12 4 9 6 -6 -7 -5 -3 -11 -10 -2 24 15 16 17 19 -16 -14 -9 -19 -22 -20 25 -8 27 28 -27 -30
right_child=2 3 -4 8 5 7 13 20 11 10 -12 -13 14 -15 18 -17 -18 21 23 -21 22 -23 -24 -25 -26 26 -28 -29 29 -31
leaf_value=-0.0053399450973239011 -0.0084976437070469774 -0.0030762205806326901 -0.0028825429495356893 0.0038739168925257007 0.0024617855865382982 -0.0049749526574719774 0.08429861360928044 0.078795242437196003 -0.01973602196547173 0.015901370455735718 0.12278031407855453 0.057391189859280815 0.00051780090880422524 -0.02983240828417787 0.009301189469854183 -0.04128048520149856 -0.039474152101651783 0.0042202482798269821 0.00055273058264812818 0.013392204951020489 -0.0065514327754869666 0.10919109241598671 0.0098977594451916708 0.057037789835816338 0.0043303377757555198 0.012297323867824162 -0.013464208886676982 -0.011201868689500058 0.076864082296652828 0.031217021552264509
leaf_weight=12588 838 28922 3838 12429 9692 6321 40 27 465 58 20 29 1240 82 3533 116 79 21 8115 4666 786 34 1597 42 749 352 143 115 85 467
leaf_count=12588 838 28922 3838 12429 9692 6321 40 27 465 58 20 29 1240 82 3533 116 79 21 8115 4666 786 34 1597 42 749 352 143 115 85 467
internal_value=-2.14199e-12 -0.0010749 0.00357793 -0.000214221 -0.00109186 0.00154447 0.00428619 -0.00213743 0.00314447 -0.00295147 0.0433062 -0.0152083 0.00490502 0.0129838 0.00553437 0.00958808 0.010565 0.0112282 0.00339967 0.0106891 0.00530488 0.0691113 0.00447222 0.000843569 0.0147833 0.0212968 0.0191281 0.0237019 0.0281421 0.038246
internal_weight=97489 74967 22522 62379 49456 20456 11725 8731 12923 29000 78 494 18684 2033 17846 6156 6040 5961 11690 5906 2410 55 2383 8157 1951 1202 1162 1019 904 552
internal_count=97489 74967 22522 62379 49456 20456 11725 8731 12923 29000 78 494 18684 2033 17846 6156 6040 5961 11690 5906 2410 55 2383 8157 1951 1202 1162 1019 904 552
is_linear=0
shrinkage=0.1


Tree=28
num_leaves=31
num_cat=0
split_feature=0 113 71 10 107 87 13 33 50 0 15 3 47 103 6 56 3 92 40 33 56 41 80 109 103 109 94 14 103 2
split_gain=32.0978 24.9724 28.4485 24.2284 21.7893 18.7533 17.781 16.8382 15.9979 15.936 17.142 16.1269 18.2589 15.8714 15.7216 15.6565 15.0678 15.2216 14.7235 14.6265 16.4942 15.776 15.3537 14.903 14.6095 14.6057 14.4745 14.3448 14.269 14.0589
threshold=18.290000000000006 1.0000000180025095e-35 3.5000000000000004 8.6076923076923091 2017.5000000000002 72.500000000000014 5.1210344699038464 1.2494423429796102 -2.8999999999999995 27.310000000000006 1.6884282974400848 14.05580149102118 0.58476783698510937 0.28600000000000009 32.500000000000007 5.5000000000000009 16.447846855800957 5.5000000000000009 0.94868421052631591 0.55768438485135652 2.5000000000000004 1.5723766234549204 1615.7500000000007 27.034907597535938 0.29250000000000004 21.263518138261471 1.0000000180025095e-35 12.65 0.60050000000000014 43.875000000000021
decision_type=10 2 10 10 2 8 8 10 10 10 10 10 10 2 10 10 8 10 10 10 10 10 10 2 2 2 8 10 2 10
left_child=13 2 3 7 14 16 -3 8 -2 -10 -11 12 -12 -1 -5 24 17 -4 -14 20 -7 23 -22 -21 29 -18 -15 -17 -6 -8
right_child=1 6 5 4 28 19 15 -9 9 10 11 -13 18 26 -16 27 25 -19 -20 21 22 -23 -24 -25 -26 -27 -28 -29 -30 -31
leaf_value=0.0041428809014759198 0.035743673205486659 -0.0030759174375021205 0.0075374875774490693 0.0039834471794111736 -0.00054891631386037431 0.005961476255522109 0.017991184661852157 0.097606426300037477 0.0040295183997892375 -0.048359737247228626 0.11125930819660426 -0.017884356583037029 0.077697437485823265 -0.0067131959832003475 0.066088681557874493 0.055318214963419279 0.056910855425842878 0.059324647992718638 0.011381802444366065 0.0090685539877435814 0.095358247049152856 -0.008541457803634472 0.017279221835933108 -0.0055217152308638202 -9.9395406795403074e-05 -0.016661408350541324 -0.0015132733882570815 0.0085634758053216298 -0.0061555775591680606 0.095576362909973955
leaf_weight=2642 193 17019 13296 6977 17566 1799 120 21 2943 25 40 41 52 10539 41 122 29 57 94 1632 40 2142 68 1226 1206 388 10879 142 6121 29
leaf_count=2642 193 17019 13296 6977 17566 1799 120 21 2943 25 40 41 52 10539 41 122 29 57 94 1632 40 2142 68 1226 1206 388 10879 142 6121 29
internal_value=1.66578e-11 0.00103866 0.00211424 0.000340242 -0.000547742 0.00504107 -0.00212327 0.00833834 0.00778503 0.00609613 0.0302313 0.0388867 0.0514007 -0.0031699 0.00434627 0.00789106 0.00717398 0.00775855 0.0350011 0.000788833 0.00824017 -0.00205311 0.0461974 0.00280975 0.0035504 -0.0115449 -0.00407196 0.0301698 -0.00199774 0.0330917
internal_weight=97489 73429 54791 34114 30705 20677 18638 3409 3388 3195 252 227 186 24060 7018 1619 13770 13353 146 6907 1907 5000 108 2858 1355 417 21418 264 23687 149
internal_count=97489 73429 54791 34114 30705 20677 18638 3409 3388 3195 252 227 186 24060 7018 1619 13770 13353 146 6907 1907 5000 108 2858 1355 417 21418 264 23687 149
is_linear=0
shrinkage=0.1


Tree=29
num_leaves=31
num_cat=0
split_feature=88 103 96 35 94 22 102 81 65 26 106 106 53 109 49 36 103 87 27 52 103 23 35 81 37 111 55 107 45 12
split_gain=27.6726 20.7258 25.1369 18.5167 17.8612 17.2832 15.2752 17.0224 32.1929 17.5082 18.6115 18.318 17.1078 15.268 18.9942 15.1529 16.6129 18.2776 18.5155 14.4801 15.7767 15.6217 18.7314 14.2859 16.7663 14.7754 14.4247 14.097 16.2733 15.5094
threshold=27.850000000000005 0.5525000000000001 237.50000000000003 1.0000000180025095e-35 2.5000000000000004 7.4250000000000016 1.5000000000000002 147.50000000000003 4.5000000000000009 1.5857142857142861 134.50000000000003 384.50000000000006 19.500000000000004 25.334702258726903 62.150000000000013 3.1000000000000005 0.51950000000000018 46.500000000000007 0.94574616981628878 11.500000000000002 0.28600000000000009 3.3901945677737597 0.5986938655656987 51.500000000000007 1.7199379676144055 7.5000000000000009 44.500000000000007 2015.5000000000002 1.1571011735538292 8.1000000000000014
decision_type=10 2 2 8 10 8 10 10 10 10 2 2 10 2 8 10 2 10 10 8 2 8 10 10 10 2 10 2 8 10
left_child=1 2 3 -1 -3 23 7 8 9 -2 -11 -12 -10 -7 -15 -5 19 18 -18 20 -17 -22 -23 24 -6 -26 -25 28 -8 -30
right_child=6 4 -4 15 5 13 27 -9 12 10 11 -13 -14 14 -16 16 17 -19 -20 -21 21 22 -24 26 25 -27 -28 -29 29 -31
leaf_value=-0.0091867053601222843 0.00051089247838852453 -0.0050776013809447074 -0.0053550814193471345 0.0019081377036989805 0.0090636458964657943 0.0083679772210571001 0.0029127645999797872 -0.0041379251310103412 0.15179963693901136 0.1225037026664485 -0.014668077094988389 0.076333934911904308 0.03926427517618452 0.15682000753780206 0.025278205926651545 0.046015934847974525 0.015429895278066397 0.0054977466600636647 0.1329931480256287 -0.030012111384952092 0.0017358605918314203 0.13248703083289523 0.0043765265792608263 0.0023150198772627908 0.13007483310673548 0.033528229827974362 -0.018145705415330771 0.0017840109355083877 0.01033211281922373 0.033874388793169126
leaf_weight=1464 864 18895 6477 20749 239 53 3621 6646 22 23 55 37 35 21 23 133 21 45 37 79 459 21 25 2448 23 51 401 32220 1976 326
leaf_count=1464 864 18895 6477 20749 239 53 3621 6646 22 23 55 37 35 21 23 133 21 45 37 79 459 21 25 2448 23 51 401 32220 1976 326
internal_value=5.72139e-12 -0.00158673 0.000148678 0.00169636 -0.00389837 0.00293855 0.00178892 -0.00227938 0.00964329 0.00538979 0.0420452 0.0219306 0.082699 0.0445167 0.0880595 0.00243505 0.015768 0.0533221 0.0904271 0.0103732 0.0153739 0.00730376 0.0628618 0.00166307 0.0219421 0.063536 -0.000564851 0.00260827 0.00709209 0.0136661
internal_weight=97489 51664 29510 23033 22154 3259 45825 7682 1036 979 115 92 57 97 44 21569 820 103 58 717 638 505 46 3162 313 74 2849 38143 5923 2302
internal_count=97489 51664 29510 23033 22154 3259 45825 7682 1036 979 115 92 57 97 44 21569 820 103 58 717 638 505 46 3162 313 74 2849 38143 5923 2302
is_linear=0
shrinkage=0.1


Tree=30
num_leaves=31
num_cat=0
split_feature=92 102 103 13 84 86 82 30 18 26 84 113 107 34 5 6 102 12 39 48 6 49 19 113 7 3 15 6 105 21
split_gain=24.6964 20.4449 20.796 15.3769 16.1542 17.1183 15.0546 15.0092 16.7938 21.3717 17.3534 13.3355 14.6746 20.8601 18.3008 16.021 21.2807 17.6106 15.0845 14.9653 14.4932 14.0127 15.997 13.2908 13.053 12.9345 20.7075 19.2616 17.9733 18.3085
threshold=1.5000000000000002 4.5000000000000009 0.31750000000000006 5.172037957661721 93.500000000000014 121.50000000000001 81.500000000000014 0.36666666666666675 8.1000000000000014 2.3666666666666671 68.500000000000014 1.0000000180025095e-35 2014.5000000000002 0.24264705882352944 10.281313529636538 26.300000000000001 1.5000000000000002 8.2916666666666696 1.0339469490010884 32.350000000000001 11.266666666666667 82.250000000000014 1.2415253053016908 1.0000000180025095e-35 9.0332701367076176 10.594802184516572 1.4414292762296914 25.100000000000005 0.22500000000000003 2.9897973218411908
decision_type=10 10 2 10 10 10 8 8 10 10 10 2 2 10 8 10 10 10 10 10 8 10 10 2 10 10 10 10 8 10
left_child=1 2 3 4 -1 -6 -3 8 -4 10 -10 12 13 14 18 19 -17 21 -9 25 -13 22 -18 -2 -12 -15 -27 28 -28 -30
right_child=23 6 7 -5 5 -7 -8 11 9 -11 24 20 -14 15 -16 16 17 -19 -20 -21 -22 -23 -24 -25 -26 26 27 -29 29 -31
leaf_value=0.0025602673536185925 0.0040048278904188757 -0.012927408412228121 -0.0036171551049574389 0.028544939162414448 0.10199948188758666 0.018270161812720093 -0.002492116414866948 0.052516459052761401 0.015955890639600411 0.11087477242662794 -0.003599331874911692 -0.0063567095697867684 0.00080893141713750535 0.0028405851970316302 0.091464086202057926 -0.053913034825689266 -0.060981130268838668 0.049476672950216009 -0.029721104385527344 0.066823634188225942 0.00042668758816240168 -0.065519697453158027 0.012215299556297916 -0.0024560399561416851 -0.070407737882398985 0.1146002749790964 0.077762235050904571 0.098522909411362242 0.014892883157083656 -0.047438663180987793
leaf_weight=10771 18684 2270 22503 241 31 115 3536 54 609 21 102 5361 19544 1022 55 90 36 61 38 47 7636 39 175 3838 41 23 40 28 425 53
leaf_count=10771 18684 2270 22503 241 31 115 3536 54 609 21 102 5361 19544 1022 55 90 36 61 38 47 7636 39 175 3838 41 23 40 28 425 53
internal_value=2.69638e-12 -0.000872383 -0.000393901 0.00355969 0.00300812 0.0360483 -0.00657205 -0.00115445 -0.00311932 0.0113734 0.0085948 0.000162513 0.00167804 0.00944829 0.04583 0.00682538 -0.0110898 0.00130278 0.0185488 0.0112112 -0.00237133 -0.0104516 -0.000273191 0.00290382 -0.0227542 0.00956835 0.0216523 0.0177369 0.0133701 0.00798164
internal_weight=97489 74967 69161 11158 10917 146 5806 58003 23276 773 752 34727 21730 2186 147 2039 401 311 92 1638 12997 250 211 22522 143 1591 569 546 518 478
internal_count=97489 74967 69161 11158 10917 146 5806 58003 23276 773 752 34727 21730 2186 147 2039 401 311 92 1638 12997 250 211 22522 143 1591 569 546 518 478
is_linear=0
shrinkage=0.1


Tree=31
num_leaves=31
num_cat=0
split_feature=60 84 106 107 102 82 84 10 65 103 40 23 3 17 20 14 32 25 38 35 49 28 39 16 11 11 40 71 38 39
split_gain=21.4489 22.3458 14.9055 14.1741 14.0322 13.9625 16.5572 18.1815 14.9328 13.5389 13.3027 14.3353 16.6879 19.2674 18.2615 14.5889 16.6054 13.6615 13.1134 12.8634 19.3575 18.3345 16.9784 22.1833 19.609 21.6342 22.4362 16.8248 17.5101 14.5396
threshold=1.0000000180025095e-35 36.500000000000007 537.50000000000011 2015.5000000000002 4.5000000000000009 79.500000000000014 38.500000000000007 11.205263157894739 4.5000000000000009 0.44500000000000006 3.9750000000000005 3.9121941615792459 12.255157644378148 3.8950393578024447 6.5357142857142865 6.3166666666666673 0.47222222222222227 1.1897227048854206 4.1500000000000012 1.1200536622550707 52.350000000000001 1.5857142857142861 1.656622908042616 6.6076923076923082 5.1092973254170158 7.9733107365506806 3.1055555555555561 5.5000000000000009 2.7638888888888893 1.5703064107056541
decision_type=10 10 2 2 8 10 10 10 10 2 10 10 10 10 10 10 10 10 10 10 10 10 10 10 10 10 10 10 10 10
left_child=1 3 19 -1 9 6 7 -3 -8 -5 -4 12 13 15 -14 16 -12 -15 -18 -2 -21 22 23 -22 -24 -26 -27 29 -29 -23
right_child=2 5 10 4 -6 -7 8 -9 -10 -11 11 -13 14 17 -16 -17 18 -19 -20 20 21 27 24 -25 25 26 -28 28 -30 -31
leaf_value=0.0028058435613737844 0.0031425564345672697 0.043331412913707588 -0.0027217711398592626 0.00055799147238282836 -0.0078103350838522132 0.0016218122145581844 0.098059357666387792 -0.071831019171353039 0.025735525691762885 -0.0033436492664666757 0.10667117203984942 -0.025072276330104584 0.05832641183784823 0.033986471489501686 -0.012855239753805151 0.0092081193324142635 0.08029875005113668 0.13978909629842509 -0.0018260423030893682 -0.005158909054515862 0.10899318670481445 0.03856362508875983 0.13553856938378886 0.012076578406830792 0.019107133660559793 0.15127905971060196 0.04268171011040417 -0.0043513001995566097 -0.086614155272642768 -0.0095399178907667331
leaf_weight=5344 17569 26 7158 13382 4703 20057 41 29 94 26518 35 108 41 26 298 416 29 23 59 435 25 140 24 427 158 30 52 92 36 114
leaf_count=5344 17569 26 7158 13382 4703 20057 41 29 94 26518 35 108 41 26 298 416 29 23 59 435 25 140 24 427 158 30 52 92 36 114
internal_value=1.1911e-12 -0.000924946 0.00237866 -0.00206093 -0.00264403 0.0018774 0.0288584 -0.0173906 0.0477005 -0.00203508 -0.00118954 0.00940726 0.0134243 0.0236119 -0.00424625 0.018154 0.0484099 0.0836489 0.0252378 0.0039091 0.0126941 0.019767 0.0292056 0.017437 0.0493548 0.0407364 0.0824124 0.00207573 -0.0274877 0.0169738
internal_weight=97489 70194 27295 49947 44603 20247 190 55 135 39900 8193 1035 927 588 339 539 123 49 88 19102 1533 1098 716 452 264 240 82 382 128 254
internal_count=97489 70194 27295 49947 44603 20247 190 55 135 39900 8193 1035 927 588 339 539 123 49 88 19102 1533 1098 716 452 264 240 82 382 128 254
is_linear=0
shrinkage=0.1


Tree=32
num_leaves=31
num_cat=0
split_feature=14 110 79 111 10 0 48 27 28 14 7 27 95 94 2 19 24 88 103 18 96 34 50 13 44 103 21 46 4 45
split_gain=19.8309 24.7569 31.946 19.1541 18.3498 19.1044 20.9738 21.3098 17.5559 27.0383 19.9675 20.5549 17.245 17.64 17.1588 16.3752 15.9486 15.5019 15.0047 17.2014 15.1705 17.8394 16.3982 13.837 15.9354 17.6531 13.7809 13.6111 16.1318 13.5273
threshold=2.8166666666666669 79.500000000000014 8.5000000000000018 8.5000000000000018 8.0250000000000021 42.845000000000006 29.750000000000004 0.91753098239279307 2.3750000000000004 4.1125000000000007 4.2543932443297985 1.4952303005917591 1.5000000000000002 2.5000000000000004 42.195000000000014 2.3540578465190101 2.6333333333333337 9.9500000000000011 0.43500000000000005 10.900000000000002 221.50000000000003 1.6055555555555558 -1.3999999999999997 5.1210344699038464 1.3875000000000002 0.23400000000000001 0.80265360933717111 0.94868421052631591 37.377500000000019 0.92237834162261667
decision_type=10 2 10 2 10 10 10 10 10 10 10 10 10 10 10 10 10 10 2 10 2 10 10 10 10 2 10 10 10 10
left_child=3 4 23 16 17 6 8 12 18 -10 -11 -12 13 -8 27 -16 -1 -2 26 20 -20 22 -22 -3 -25 -26 -6 28 -9 -29
right_child=1 2 -4 -5 5 -7 7 14 9 10 11 -13 -14 -15 15 -17 -18 -19 19 -21 21 -23 -24 24 25 -27 -28 29 -30 -31
leaf_value=0.0032945593516157581 -0.0028643553951430796 -0.0024694506139715661 0.0098746334870980969 -0.0041684718064000257 0.028962363146744566 0.0075344511066479727 0.045807676958675325 0.094656699292104823 -0.047533544718667317 -0.012572310792039271 0.040069457003846766 0.15432353824857745 0.026090220053659848 0.15454383964464069 0.0013136271280901773 0.096118162667966994 0.074214593748183691 0.011652342785766517 -0.0026664620209649521 0.085233555442613115 -0.011189534340430046 0.095853588765575773 0.0059970244128229244 0.00244531378139984 0.1185378901497461 0.021145544096188091 0.0029993325840731054 -0.075629934874074212 -0.013820074539846525 -0.0038824779902850944
leaf_weight=3489 936 31828 2443 16901 209 4847 37 29 27 23 32 31 137 25 35 38 32 3436 16819 23 651 21 3771 1676 20 268 9370 29 26 280
leaf_count=3489 936 31828 2443 16901 209 4847 37 29 27 23 32 31 137 25 35 38 32 3436 16819 23 651 21 3771 1676 20 268 9370 29 26 280
internal_value=1.25928e-11 0.000734189 -0.00116842 -0.00277063 0.0024226 0.00168851 0.000792196 0.0187683 0.000423121 0.0397671 0.0671755 0.0962897 0.0458937 0.0896529 0.00641608 0.0506639 0.0039391 0.00854447 0.000279074 -0.00120007 -0.00129357 0.00390352 0.00346685 -0.00196678 0.00617928 0.0279089 0.00356581 -0.0024578 0.0433768 -0.0106161
internal_weight=97489 77067 36235 20422 40832 36460 31613 636 30977 113 86 63 199 62 437 73 3521 4372 30864 21285 21262 4443 4422 33792 1964 288 9579 364 55 309
internal_count=97489 77067 36235 20422 40832 36460 31613 636 30977 113 86 63 199 62 437 73 3521 4372 30864 21285 21262 4443 4422 33792 1964 288 9579 364 55 309
is_linear=0
shrinkage=0.1


Tree=33
num_leaves=31
num_cat=0
split_feature=90 110 79 48 9 42 67 102 6 44 25 7 27 111 84 7 32 43 23 6 14 109 29 84 28 39 13 44 10 8
split_gain=16.6041 18.8313 27.8409 17.9769 19.6045 25.6117 23.5761 17.9669 16.0176 15.4042 21.1239 14.4406 14.4061 17.3573 14.2904 14.7057 14.1697 30.8975 13.6241 12.9675 12.9408 12.9298 19.3116 12.8348 12.8173 12.426 12.3969 14.6146 13.5484 12.5137
threshold=1.5000000000000002 79.500000000000014 8.5000000000000018 30.750000000000004 4.9671140423267781 1.7083333333333337 6.5000000000000009 2.5000000000000004 12.450000000000001 1.6458333333333337 2.1794192844442732 7.4094503482121832 1.6346924281699649 1.5000000000000002 58.500000000000007 2.8459956687007311 1.9500000000000002 0.56253641334739612 3.7829255652028655 20.300000000000001 10.414285714285716 31.845311430527037 1.6255710349401811 47.500000000000007 1.1937500000000003 1.7654076557347687 5.1210344699038464 1.3875000000000002 20.925000000000001 21.550000000000004
decision_type=10 2 10 10 10 10 10 10 10 10 8 10 10 2 10 10 10 10 10 8 10 2 8 10 10 10 10 10 10 10
left_child=12 3 26 9 5 6 -5 -7 -6 16 14 -12 13 19 15 24 20 -18 -10 -1 21 -2 -23 -14 -11 -21 -3 -28 -29 -30
right_child=1 2 -4 4 8 7 -8 -9 18 10 11 -13 23 -15 -16 -17 17 -19 -20 25 -22 22 -24 -25 -26 -27 27 28 29 -31
leaf_value=0.004615158975745241 0.0035783008679834624 -0.0023587265179881088 0.0092860968538563977 0.048936994417703578 0.073745335165310552 -0.0082111860485109562 0.18104460198770872 0.098768657669425011 0.0095694122490056766 -0.0079922242223188344 -0.015298378612140135 -0.076109565578793226 -0.046953449947759511 -0.0030792938495883483 0.005705513433724399 -0.00064487561164908169 -0.037112505059866678 0.12104011346896491 -0.035555249909070177 0.035764705925248566 0.04548306461009715 -0.0086286736191203816 0.073916231609624003 0.00023171631619334221 -0.038655867402387023 0.12958232590928673 0.002300350705343767 0.0019589895831008792 0.12021863967645914 0.035619021598886191
leaf_weight=84 22579 32063 2383 35 37 73 22 20 1161 688 124 57 140 14092 3490 16750 21 30 71 48 72 1250 29 98 170 20 1601 122 20 139
leaf_count=84 22579 32063 2383 35 37 73 22 20 1161 688 124 57 140 14092 3490 16750 21 30 71 48 72 1250 29 98 170 20 1601 122 20 139
internal_value=1.34786e-11 0.000545113 -0.00116224 0.00187386 0.012957 0.0471449 0.0999259 0.0147952 0.00891587 0.00152638 -0.000432108 -0.0344489 -0.00312444 -0.00271675 -0.000140277 -0.00129894 0.0032642 0.0559184 0.00696888 0.0308949 0.00315198 0.00302423 -0.00675705 -0.0275243 -0.0140678 0.0633581 -0.00189573 0.00599218 0.0270264 0.0462605
internal_weight=97489 83007 36328 46679 1419 150 57 93 1269 45260 21279 181 14482 14244 21098 17608 23981 51 1232 152 23930 23858 1279 238 858 68 33945 1882 281 159
internal_count=97489 83007 36328 46679 1419 150 57 93 1269 45260 21279 181 14482 14244 21098 17608 23981 51 1232 152 23930 23858 1279 238 858 68 33945 1882 281 159
is_linear=0
shrinkage=0.1


Tree=34
num_leaves=31
num_cat=0
split_feature=107 18 27 105 11 87 28 103 26 88 104 21 4 80 38 41 41 81 23 83 7 60 12 13 106 29 35 0 83 35
split_gain=15.8774 17.1765 17.6544 15.7817 21.4768 20.1837 16.549 14.8828 17.6523 15.9317 14.5463 20.9742 14.3507 14.7473 17.6657 13.4366 13.2757 13.0779 12.9356 15.073 12.82 12.5143 12.4808 16.8346 13.944 13.9754 18.0285 17.5231 12.0895 13.1992
threshold=2015.5000000000002 9.7000000000000011 0.94574616981628878 0.63333333333333341 8.9108892503581156 52.500000000000007 1.9750000000000003 0.43500000000000005 2.0500000000000003 24.850000000000005 106.15000000000002 3.3027763687218359 55.215000000000011 3294.4499999999994 2.8875000000000006 1.2090665032085124 1.2399033844939589 946.50000000000011 3.6192103991251217 99.500000000000014 3.7080931144328466 2.5000000000000004 6.1000000000000005 4.3301231699118476 279.50000000000006 1.4211707643526295 0.67092934572856999 27.59 347.50000000000006 1.1288352132855748
decision_type=2 8 8 8 10 10 10 2 10 10 2 10 10 10 10 8 8 8 8 10 8 8 10 10 2 10 10 10 10 10
left_child=1 12 -3 5 6 -4 -5 8 -2 10 11 -9 13 18 -15 -10 -17 20 -1 -20 22 -14 23 24 25 -11 -27 -28 -22 -30
right_child=7 2 3 4 -6 -7 -8 9 15 17 -12 -13 21 14 -16 16 -18 -19 19 -21 28 -23 -24 -25 -26 26 27 -29 29 -31
leaf_value=0.0029699320158807362 0.0011248089274146955 0.11963948190212251 0.033865991607308389 0.047774342577904465 0.12880860280032114 -0.062625488057369144 -0.040402563674182733 0.0050847684556127046 -0.015215582152207694 0.0049894927533039963 -0.0037112438016733522 0.099367072526365521 -0.054699151788228831 0.10926469150185586 0.018874625113094227 0.10555025233576697 0.023856408187514451 -0.0039569872168323207 -0.0087523913159231227 -0.087201168342973256 0.0019074942572960799 0.0014202100917314873 -0.0097152626860672296 0.092825703583657743 -0.009126626439160429 -0.008672671288562318 0.15441229180856186 0.025081097614020109 0.016307592163706704 0.091762329670242393
leaf_weight=12877 25272 20 46 80 24 41 29 1399 87 1048 25749 24 81 25 160 21 377 6200 95 33 20593 78 1958 20 840 30 22 20 214 26
leaf_count=12877 25272 20 46 80 24 41 29 1399 87 1048 25749 24 81 25 160 21 377 6200 95 33 20593 78 1958 20 840 30 22 20 214 26
internal_value=-1.32902e-12 0.00317103 0.0296861 0.0215085 0.0431705 -0.011607 0.0243144 -0.0005136 0.00148747 -0.00140006 -0.00316732 0.00667491 0.00269431 0.0030543 0.0310895 0.0203849 0.0281669 0.000150415 0.00265549 -0.0289775 0.00117847 -0.0271689 -0.00405405 0.00154427 0.000612824 0.00791741 0.0505349 0.092826 0.00216756 0.0244819
internal_weight=97489 13589 240 220 133 87 109 83900 25757 58143 27172 1423 13349 13190 185 485 398 30971 13005 128 24771 159 3938 1980 1960 1120 72 42 20833 240
internal_count=97489 13589 240 220 133 87 109 83900 25757 58143 27172 1423 13349 13190 185 485 398 30971 13005 128 24771 159 3938 1980 1960 1120 72 42 20833 240
is_linear=0
shrinkage=0.1


Tree=35
num_leaves=31
num_cat=0
split_feature=33 110 79 50 50 87 24 87 81 53 18 87 20 106 38 111 19 49 85 88 29 107 84 57 79 82 39 26 50 80
split_gain=14.4285 19.7014 21.515 14.7282 14.9038 16.1578 13.7032 15.2059 15.6089 12.7163 12.3961 18.9023 13.8049 14.0154 16.1918 12.1058 20.2966 15.3571 11.8404 11.6423 12.9349 14.1566 13.886 18.0879 12.5565 15.6317 14.2332 12.4177 12.1586 15.0366
threshold=0.32478054967508568 79.500000000000014 8.5000000000000018 -2.2499999999999996 -1.0000000180025095e-35 60.500000000000007 0.90000000000000013 77.500000000000014 457.50000000000006 9.5000000000000018 7.6333333333333337 37.500000000000007 8.3166666666666682 615.50000000000011 3.5857142857142863 18.500000000000004 0.92592714937812726 32.650000000000013 65.500000000000014 52.350000000000001 1.4211707643526295 2005.5000000000002 13.500000000000002 12.500000000000002 6.5000000000000009 366.50000000000006 2.8244932824601743 2.1125000000000003 5.5500000000000007 1567.5500000000004
decision_type=10 2 10 10 10 10 10 8 10 8 10 8 10 2 10 2 10 10 10 10 10 2 8 8 10 10 10 10 10 10
left_child=10 3 19 9 5 18 7 8 -4 -2 -1 12 13 14 -12 16 -11 -18 -5 24 21 -21 -22 -24 26 28 -3 -23 -26 -30
right_child=1 2 6 4 -6 -7 -8 -9 -10 15 11 -13 -14 -15 -16 -17 17 -19 -20 20 22 27 23 -25 25 -27 -28 -29 29 -31
leaf_value=-0.0030337545478630228 -0.053756510703897226 -0.0014765586127216184 0.024161169019574481 0.0013958054478324477 0.0032730645267231629 -0.0055229316977230825 0.0029911253371547575 0.006499868355572965 0.077086555067135007 0.1069582370982971 0.021221524780547178 -0.0012799766788439138 0.0069955915299111174 0.12056988118371617 0.11362902102182093 -2.4100549489958214e-05 0.08575738789513708 0.01687874149769034 0.063294732426443415 0.069994571333130196 0.081150961986609871 0.0017626328923206593 -0.066876162946224213 0.021404278941486998 -0.0071062513948703934 -0.017400307281692253 0.058221651930361988 -0.050039881182477833 -0.00068941611452107924 0.028478113669098928
leaf_weight=18138 24 25489 259 9870 26487 4715 1519 397 71 32 108 586 140 24 23 192 36 321 31 30 35 2997 25 324 3292 1085 40 47 934 218
leaf_count=18138 24 25489 259 9870 26487 4715 1519 397 71 32 108 586 140 24 23 192 36 321 31 30 35 2997 25 324 3292 1085 40 47 934 218
internal_value=9.9368e-12 0.000598928 -0.00108882 0.00208653 0.00185854 -0.000704836 0.00839486 0.0196855 0.0355481 0.0175756 -0.0024711 0.00911281 0.0297575 0.0503166 0.0374457 0.0205222 0.0306633 0.0238245 0.00158961 -0.00170593 0.00379813 0.00163649 0.0211025 0.0150805 -0.00231876 -0.00663932 -0.00138302 0.000962791 -0.00401203 0.00483013
internal_weight=97489 78470 36762 41708 41103 14616 2246 727 330 605 19019 881 295 155 131 581 389 357 9901 34516 3458 3074 384 349 31058 5529 25529 3044 4444 1152
internal_count=97489 78470 36762 41708 41103 14616 2246 727 330 605 19019 881 295 155 131 581 389 357 9901 34516 3458 3074 384 349 31058 5529 25529 3044 4444 1152
is_linear=0
shrinkage=0.1


Tree=36
num_leaves=31
num_cat=0
split_feature=14 108 111 82 46 105 95 103 83 36 5 83 88 84 82 49 7 84 53 25 15 2 41 29 104 41 41 8 46 88
split_gain=13.6404 14.1756 13.7422 13.6304 13.344 13.312 23.1365 18.7993 12.6973 12.4161 23.6154 20.6674 12.3169 12.164 17.5984 16.9458 21.9609 18.2411 15.9544 15.8003 14.2272 26.2392 16.8134 16.3414 20.0263 14.8574 14.5067 14.0372 13.6713 14.232
threshold=2.8166666666666669 10.500000000000002 8.5000000000000018 363.50000000000006 3.5250000000000004 0.36666666666666675 4.5000000000000009 0.31150000000000005 462.50000000000006 5.2666666666666675 13.25432749292743 284.50000000000006 42.850000000000001 60.500000000000007 140.50000000000003 66.15000000000002 5.3619006201955246 45.500000000000007 28.500000000000004 2.2041230063145054 2.300965664032824 54.045000000000009 2.1395400170118561 1.0217277780989544 115.85000000000001 1.5085524631031704 1.8007339865966245 29.050000000000004 2.0250000000000004 41.050000000000004
decision_type=10 2 2 8 10 10 8 2 10 10 10 10 10 8 10 10 10 10 8 10 10 10 10 10 2 10 10 10 10 10
left_child=2 13 5 9 -5 6 12 -8 -7 -3 11 -11 -1 14 15 -2 17 27 -15 -20 21 22 25 24 -22 -18 -27 -17 29 -25
right_child=1 3 -4 4 -6 8 7 -9 -10 10 -12 -13 -14 18 -16 16 20 -19 19 -21 23 -23 -24 28 -26 26 -28 -29 -30 -31
leaf_value=0.0069661634714980065 0.0016897535569936632 -0.0021201115321387654 -0.0034818535919610067 -0.01426199007363161 0.068077413118444383 -7.2650168906802096e-05 2.2375267808851987e-05 0.11401334229546289 -0.070338103827089077 0.13886219373455755 -0.025450318478620972 0.017283820592123886 0.069027631135064771 0.012392164430520934 -0.0012283551279732323 0.017665313947979253 0.033860585101040633 0.12275491693745488 0.0029732200004808033 -0.028309019370512528 0.012503714159216361 0.10937575038161972 0.088666932650708741 0.038848541849958049 0.11993696454912424 -0.029996450812240522 0.019983770376262824 0.07218892144985864 -0.02788639300752704 -0.0097889406834992601
leaf_weight=1033 29049 6521 16901 1238 20 2367 23 39 26 27 39 29 33 1968 29060 209 142 23 7530 165 131 31 28 84 20 127 107 61 246 212
leaf_count=1033 29049 6521 16901 1238 20 2367 23 39 26 27 39 29 33 1968 29060 209 142 23 7530 165 131 31 28 84 20 127 107 61 246 212
internal_value=-8.23984e-12 0.000608906 -0.00229784 -0.00341149 -0.0129529 0.00338547 0.0123413 0.0717264 -0.000836086 -0.00159723 0.0342942 0.075902 0.00888739 0.00106642 0.000532228 0.00221134 0.0128739 0.037266 0.00435736 0.00230245 0.00653806 0.0207132 0.0139099 -0.00235975 0.0267333 0.00834287 -0.00714225 0.0299836 -0.010465 0.00401359
internal_weight=97489 77067 20422 7874 1258 3521 1128 62 2393 6616 95 56 1066 69193 59530 30470 1421 293 9663 7695 1128 435 404 693 151 376 234 270 542 296
internal_count=97489 77067 20422 7874 1258 3521 1128 62 2393 6616 95 56 1066 69193 59530 30470 1421 293 9663 7695 1128 435 404 693 151 376 234 270 542 296
is_linear=0
shrinkage=0.1


Tree=37
num_leaves=31
num_cat=0
split_feature=103 104 92 22 104 46 17 43 92 5 13 51 49 40 103 19 87 28 103 105 37 36 1 39 24 21 27 44 21 8
split_gain=11.9761 20.1078 12.6913 12.9224 12.6879 16.9608 13.384 18.6815 18.0611 15.1579 15.0465 11.9805 11.758 11.6241 11.2202 11.0936 10.8125 14.6871 20.1822 15.9505 19.9389 16.7186 13.7728 18.6437 15.892 12.9184 12.6741 13.2159 13.1211 12.187
threshold=0.43500000000000005 106.15000000000002 1.0000000180025095e-35 10.975000000000001 104.95000000000002 4.3750000000000009 3.3542981010942978 2.0615171442623468 2.5000000000000004 9.3754111020806636 3.6855400581556204 99.000000000000014 12.050000000000002 4.6583333333333341 0.54700000000000015 5.5722075312421957 34.500000000000007 1.9750000000000003 0.47450000000000003 0.77500000000000013 1.7199379676144055 1.1000000000000003 13.730458841266453 1.1761495463774236 2.4500000000000006 2.9448635507403553 1.077545574753892 0.38750000000000007 4.1958974150093331 21.650000000000002
decision_type=2 2 10 10 2 10 8 10 8 8 10 10 10 10 2 10 8 10 2 10 10 10 10 10 10 10 10 10 10 10
left_child=12 4 3 11 -2 6 -6 8 9 14 -10 13 -1 15 -8 -3 17 -4 -19 20 21 -20 23 24 -23 -22 -18 -28 -29 -25
right_child=1 2 16 -5 5 -7 7 -9 10 -11 -12 -13 -14 -15 -16 -17 26 18 19 -21 25 22 -24 29 -26 -27 27 28 -30 -31
leaf_value=-0.0089241739190942925 0.00096854488919517279 -0.0033392797191130817 0.0012968169852774682 0.049248620067188081 0.0049177949286047804 0.094038321725700216 0.0048300386903186643 0.11697321392595768 0.029626282503207525 0.0029978163814661156 0.12405311163100932 0.029254930390589007 0.0020068837735967636 -0.048888166391822911 0.083782293233606558 0.067702124073085457 -6.8972423669415029e-06 -0.046865237707664313 -0.018340168913583393 -0.007304130411560996 -0.039865917120224394 0.20216411369897069 0.0021017480155696043 0.081741454127815472 0.079138619310799102 0.058985355794429789 0.049713744828477506 -0.0060615183548962913 -0.054319957931313605 -0.0048910383389077407
leaf_weight=1018 7518 25529 14729 47 2649 23 30 20 45 379 27 113 29493 56 45 22 10424 38 23 83 39 21 23 62 21 20 42 4871 57 22
leaf_count=1018 7518 25529 14729 47 2649 23 30 20 45 379 27 113 29493 56 45 22 10424 38 23 83 39 21 23 62 21 20 42 4871 57 22
internal_value=2.10199e-11 -0.00074807 -0.00150509 -0.00313875 0.00321768 0.00847218 0.00785621 0.0221124 0.0185055 0.0111262 0.0650363 -0.00323449 0.00164217 -0.00337786 0.0522014 -0.00327811 -0.000123804 0.00177925 0.0219661 0.030296 0.043806 0.061013 0.0732622 0.0862518 0.140651 -0.00635701 -0.00198817 -0.00614365 -0.0066197 0.059052
internal_weight=97489 66978 56242 25767 10736 3218 3195 546 526 454 72 25720 30511 25607 75 25551 30475 15081 352 314 231 172 149 126 42 59 15394 4970 4928 84
internal_count=97489 66978 56242 25767 10736 3218 3195 546 526 454 72 25720 30511 25607 75 25551 30475 15081 352 314 231 172 149 126 42 59 15394 4970 4928 84
is_linear=0
shrinkage=0.1


Tree=38
num_leaves=31
num_cat=0
split_feature=18 16 9 0 33 59 50 49 44 45 27 100 21 48 29 47 89 21 28 39 20 63 27 107 59 11 91 25 19 42
split_gain=11.5136 13.404 13.2523 13.9948 10.6629 18.2611 15.9389 11.9161 11.9145 16.5367 19.2395 16.3721 14.6452 12.5195 12.9935 12.48 18.0436 16.7363 15.7545 12.3306 11.7832 14.1531 20.8407 11.3975 15.4031 12.9451 17.8086 12.7295 19.1915 18.3858
threshold=0.90000000000000013 15.475000000000001 10.388294526204151 21.130000000000006 0.43129778659994128 17.500000000000004 -2.2499999999999996 12.050000000000002 0.95000000000000007 1.1571011735538292 1.7654076557347687 1.0000000180025095e-35 1.8760169273024008 33.95000000000001 1.7316708885316061 1.218504112654218 38.500000000000007 3.3960745911975256 1.341666666666667 2.2620046769720759 9.7500000000000018 15.500000000000002 0.78780321510802953 2014.5000000000002 15.500000000000002 8.2720200488312976 3.5000000000000004 1.7604525947843548 3.0413701570080014 4.1000000000000005
decision_type=10 10 10 10 10 10 10 8 10 8 10 2 10 10 10 10 10 10 10 10 10 10 10 2 10 10 10 10 10 10
left_child=1 2 -1 -4 -2 6 -6 -8 12 10 -10 -12 -7 14 -14 16 17 -11 -18 -17 21 -21 -23 24 27 -26 -27 29 -29 -9
right_child=4 -3 3 -5 5 8 7 23 9 15 11 -13 13 -15 -16 19 18 -19 -20 20 -22 22 -24 -25 25 26 -28 28 -30 -31
leaf_value=-0.0028186957001530102 -0.0013292399132376284 0.067881988375275232 0.11288478359580041 0.0090592022884536435 0.020656261673338918 -0.0018185369469721651 -0.025483009731997887 0.0066290347344364897 -0.010741256364972749 0.0024867145180912566 0.09823370968302092 -0.00058855600655078894 0.0070935486956820448 -0.017065188250582949 0.060621991210981552 -0.0046209141101705752 0.011109618842601776 0.048545451041530158 0.12815463996451834 -0.0012626967752841136 -0.024867948592873293 0.12588362121582031 0.027121310126112432 0.0017327060152919082 0.018277506058952078 0.14589065812528132 0.032085049448704182 -0.001134646496194389 -0.061685071851719508 0.094487431334952521
leaf_weight=15257 23518 27 20 37 473 6197 155 3152 3217 1098 30 38 3198 215 46 4365 23 85 23 141 64 25 147 35219 312 20 44 253 66 24
leaf_count=15257 23518 27 20 37 473 6197 155 3152 3217 1098 30 38 3198 215 46 4365 23 85 23 141 64 25 147 35219 312 20 44 253 66 24
internal_value=1.74923e-12 -0.00251477 -0.00263889 0.0454892 0.00046963 0.0011912 0.00240901 0.00218908 -0.00136637 -0.00393 -0.00962861 0.0430095 0.00109106 0.00630378 0.00785258 -0.000794859 0.0081854 0.00579609 0.0696321 -0.0031223 0.014229 0.0222233 0.0414763 0.00229881 0.00744931 0.0266812 0.0676493 0.0053803 -0.0136623 0.00729295
internal_weight=97489 15341 15314 57 82148 58630 39718 39245 18912 9256 3285 68 9656 3459 3244 5971 1229 1183 46 4742 377 313 172 39090 3871 376 64 3495 319 3176
internal_count=97489 15341 15314 57 82148 58630 39718 39245 18912 9256 3285 68 9656 3459 3244 5971 1229 1183 46 4742 377 313 172 39090 3871 376 64 3495 319 3176
is_linear=0
shrinkage=0.1


Tree=39
num_leaves=31
num_cat=0
split_feature=13 31 55 67 106 81 49 48 106 22 35 9 9 82 41 104 106 87 81 52 40 86 86 6 8 0 49 48 0 39
split_gain=11.1182 14.9484 13.7591 13.6641 19.0603 15.0972 23.7161 17.0845 15.2716 14.2037 17.26 20.724 19.3413 13.5272 15.07 12.3664 11.5534 11.6438 11.4935 16.0257 15.5252 11.4717 16.1429 14.7281 18.5194 13.311 13.0116 12.9678 11.4681 16.4677
threshold=1.5220501602311287 1.7604525947843548 70.500000000000014 5.5000000000000009 603.50000000000011 138.50000000000003 34.45000000000001 1.0000000180025095e-35 1067.5000000000002 5.2583333333333337 0.80154921746165264 5.1172366027106682 4.7033417249944343 7.5000000000000009 1.8726638949827541 115.35000000000001 836.50000000000011 128.50000000000003 23.500000000000004 2.5000000000000004 1.341666666666667 26.500000000000004 18.500000000000004 22.675000000000004 20.050000000000004 40.010000000000012 46.050000000000004 22.850000000000005 41.870000000000012 0.91753098239279307
decision_type=10 10 8 10 2 8 10 10 2 10 10 10 10 10 10 2 2 8 10 8 10 10 10 10 10 10 10 10 10 10
left_child=1 -1 3 4 -2 6 7 -5 9 13 11 12 -11 -8 -15 -12 28 -18 -9 20 -20 22 23 24 26 -26 -13 -24 29 -7
right_child=2 -3 -4 5 -6 16 8 18 -10 10 15 21 -14 14 -16 -17 17 -19 19 -21 -22 -23 27 -25 25 -27 -28 -29 -30 -31
leaf_value=-0.0014707372464091849 0.00033913367551625934 -0.023807304718135164 0.032207783824507778 0.061266193825852223 -0.0069268604708678169 0.012052174507521687 0.085161630677826269 0.0089241259242334604 0.067314738916012196 0.025737328712074532 -0.0095672697819806085 -0.040003899980336433 0.136830078125 0.018207102112628555 0.084261571574542268 -0.081604203885352167 -0.0023448533123685052 -0.025639448798147547 -0.011776370380344339 -0.039104200917385035 0.060194991570379996 -0.06215862003357514 0.018164506256580355 -0.028798264717417105 0.12711957821791822 0.026700097299886472 0.041656641336157922 0.12619710624217989 0.0068878429503582833 -0.0010329403377603243
leaf_weight=26815 49068 303 138 37 3897 1111 34 238 59 42 203 50 25 851 36 27 1728 245 179 199 36 23 25 98 22 33 32 20 4754 7161
leaf_count=26815 49068 303 138 37 3897 1111 34 238 59 42 203 50 25 851 36 27 1728 245 179 199 36 23 25 98 22 33 32 20 4754 7161
internal_value=1.33202e-12 -0.00172031 0.000662935 0.000600953 -0.000195476 0.00304379 0.010646 -0.00483584 0.0173973 0.015461 0.0034883 0.0168607 0.0671898 0.0232608 0.020888 -0.0180238 0.00189375 -0.00523749 -0.00858703 -0.0186538 0.000274648 0.00573178 0.0113085 0.000801368 0.0219748 0.0668679 -0.00813637 0.066179 0.00297389 0.000724502
internal_weight=97489 27118 70371 70233 52965 17268 2269 689 1580 1521 600 370 67 921 887 230 14999 1973 652 414 215 303 280 235 137 55 82 45 13026 8272
internal_count=97489 27118 70371 70233 52965 17268 2269 689 1580 1521 600 370 67 921 887 230 14999 1973 652 414 215 303 280 235 137 55 82 45 13026 8272
is_linear=0
shrinkage=0.1


Tree=40
num_leaves=31
num_cat=0
split_feature=113 71 103 84 41 63 85 39 110 84 1 15 15 3 46 0 90 55 10 18 8 89 88 0 26 5 104 103 21 96
split_gain=10.4576 14.5475 13.3844 21.4349 14.581 13.2678 13.0158 13.1434 18.8036 16.3835 15.841 12.5564 13.1069 12.4386 16.1617 15.8947 12.397 17.2526 15.8957 22.3064 13.2782 12.5856 17.1171 13.4438 12.765 12.3794 13.8611 27.149 14.4803 12.8004
threshold=1.0000000180025095e-35 3.5000000000000004 0.54700000000000015 123.50000000000001 1.3950098240395692 11.500000000000002 47.500000000000007 2.1781685937879631 78.500000000000014 148.50000000000003 13.730458841266453 1.8870900731964169 2.4551509642012719 16.447846855800957 3.8250000000000006 44.770000000000017 6.5000000000000009 46.500000000000007 10.513157894736844 6.5000000000000009 9.8166666666666682 21.500000000000004 50.150000000000013 35.390000000000008 1.4722222222222225 14.534779975870071 108.95000000000002 0.57100000000000006 2.3493491224160912 208.50000000000003
decision_type=2 10 2 10 10 10 10 10 2 10 10 10 10 8 10 10 10 10 10 10 10 10 10 10 10 10 2 2 10 2
left_child=1 2 3 4 -1 -6 13 9 10 -8 -9 -5 -13 25 15 -15 18 -18 19 20 -7 23 -23 -19 -24 -3 27 28 -27 -28
right_child=-2 6 -4 11 5 16 7 8 -10 -11 -12 12 -14 14 -16 -17 17 21 -20 -21 -22 22 24 -25 -26 26 29 -29 -30 -31
leaf_value=0.0022938655893898724 -0.001860974812076919 0.0035137041972000422 -0.0021576895157920904 0.012039247080683709 -0.0068440795033431062 0.0005659293492127509 -0.0053763187179241565 0.14540539093315602 0.0042782721934223871 -0.090206427742605622 0.019544412419199946 0.14358889447017151 0.031735807582736017 0.0014381774111116299 0.06027192622423172 -0.033126303988274229 -0.0008918980287787858 0.060929757249059857 -0.0030277511134572518 0.10929194537124463 0.081199669775863501 0.080738613618970181 -0.0055506641841561039 -0.019552607568975998 0.06437279091527065 0.043312956157483554 0.042274390137754386 0.0061963640750669277 0.13061262016233646 -0.0022158297975887332
leaf_weight=21080 23055 19215 22867 40 3940 137 2248 20 133 23 20 22 20 277 30 256 354 29 2870 28 24 84 69 73 42 38 84 92 38 281
leaf_count=21080 23055 19215 22867 40 3940 137 2248 20 133 23 20 22 20 277 30 256 354 29 2870 28 24 84 69 73 42 38 84 92 38 281
internal_value=6.74863e-12 0.000576414 -0.000351249 0.00108246 0.000936737 -0.00280291 0.00268323 -0.00421142 0.0223584 -0.00623545 0.0824749 0.0521371 0.0903255 0.00351286 -0.0111435 -0.0151631 0.0014888 0.0140193 -0.00117788 0.0269127 0.0125859 0.0317923 0.0466805 0.00332963 0.0209069 0.0039307 0.0189637 0.0427336 0.0869628 0.00802302
internal_weight=97489 74434 51679 28812 28730 7650 22755 2444 173 2271 40 82 42 20311 563 533 3710 651 3059 189 161 297 195 102 111 19748 533 168 76 365
internal_count=97489 74434 51679 28812 28730 7650 22755 2444 173 2271 40 82 42 20311 563 533 3710 651 3059 189 161 297 195 102 111 19748 533 168 76 365
is_linear=0
shrinkage=0.1


Tree=41
num_leaves=31
num_cat=0
split_feature=102 86 103 50 29 77 87 92 29 35 49 18 5 7 27 17 16 23 35 86 84 15 24 89 40 12 8 0 109 90
split_gain=10.4216 12.1179 9.13933 14.6855 15.552 13.1221 13.1415 12.2034 20.6276 11.6885 11.4406 15.1467 17.8737 18.997 16.8085 13.383 11.7348 13.6906 14.9561 11.6855 11.4186 18.5124 22.3906 15.4326 14.5913 16.7045 13.9619 15.7405 23.8406 17.6041
threshold=4.5000000000000009 22.500000000000004 0.54700000000000015 2.8000000000000003 1.8760958758459301 12.500000000000002 157.50000000000003 5.5000000000000009 1.6423665179258726 2.209428268307903 82.800000000000011 10.700000000000001 12.159011710045428 8.3606198475114635 1.1995347124462643 2.7390932037715281 13.525000000000002 1.9864673473010479 1.3152272739361701 83.500000000000014 91.500000000000014 2.6031110483044313 0.77500000000000013 35.500000000000007 3.8535714285714291 6.1000000000000005 27.450000000000003 39.150000000000013 24.584531143052708 4.5000000000000009
decision_type=8 8 2 10 10 10 10 10 10 10 10 10 10 10 10 10 10 10 10 10 10 10 10 10 10 10 10 10 2 10
left_child=2 -2 20 5 10 7 -7 9 -9 -4 11 16 13 -13 -14 -12 -5 18 -18 -20 -1 22 -22 24 -24 -26 27 28 -23 -30
right_child=1 -3 3 4 -6 6 -8 8 -10 -11 15 12 14 -15 -16 -17 17 -19 19 -21 21 26 23 -25 25 -27 -28 -29 29 -31
leaf_value=0.00092991552371374643 -0.0095598106107994945 -0.00085154053202079062 -0.0020317712331136069 0.0027195087848762693 -0.06762525919193943 0.074160538270900203 -0.021988165414049514 -0.0093095495469040345 0.12283618939774377 0.046356136113405229 -0.055188895657877712 0.086047712492903605 0.03101274261672823 0.00019531571425688576 -0.060770042985677723 -0.0040249803486659911 -0.019396296485525665 0.10122487396001817 0.012597260494594989 0.088664983709653228 0.10459324061870574 -0.016783020194619896 0.016040849134271198 -0.036079067203144619 0.12032517069329818 0.016458248114213349 0.017921450771039949 -0.028329013138833754 -0.0078541249036788944 0.11104345384872322
leaf_weight=48977 2340 5039 31756 7089 31 44 21 27 21 50 68 76 53 39 32 206 61 23 46 36 30 100 680 52 30 32 212 265 20 33
leaf_count=48977 2340 5039 31756 7089 31 44 21 27 21 50 68 76 53 39 32 206 61 23 46 36 30 100 680 52 30 32 212 265 20 33
internal_value=4.00177e-12 -0.00361307 0.00029587 -0.000839504 0.00306223 -0.00178808 0.0430971 -0.00187967 0.0485042 -0.0019557 0.00334575 0.00408334 0.0312314 0.0569326 -0.00354078 -0.0167226 0.00333494 0.0296169 0.0180996 0.0459928 0.00118918 0.00992235 0.0197887 0.0165845 0.0202752 0.0667164 -0.00298221 -0.0135841 0.0119546 0.0661764
internal_weight=97489 7379 90110 39679 7760 31919 65 31854 48 31806 7729 7455 200 115 85 274 7255 166 143 82 50431 1454 824 794 742 62 630 418 153 53
internal_count=97489 7379 90110 39679 7760 31919 65 31854 48 31806 7729 7455 200 115 85 274 7255 166 143 82 50431 1454 824 794 742 62 630 418 153 53
is_linear=0
shrinkage=0.1


Tree=42
num_leaves=31
num_cat=0
split_feature=104 103 107 103 0 46 96 35 106 7 102 29 100 42 71 26 80 46 0 108 2 29 52 29 60 84 22 67 37 41
split_gain=8.85055 13.2986 11.6847 21.0419 11.6395 12.3279 22.9835 17.3088 23.9918 14.7925 13.7367 13.2127 23.9185 13.8364 14.7536 12.632 11.8283 11.2891 11.1368 14.7416 14.2429 27.9065 15.2848 13.7099 11.914 14.0225 20.3303 13.3657 15.0785 18.8638
threshold=106.15000000000002 0.43500000000000005 2023.5000000000002 0.62150000000000005 16.790000000000006 1.3038461538461541 219.50000000000003 0.747214234817975 291.50000000000006 2.9762791030165432 1.5000000000000002 1.3019168404345407 1.0000000180025095e-35 0.77500000000000013 4.5000000000000009 1.7750000000000001 434.30000000000001 5.1750000000000016 42.845000000000006 13.500000000000002 42.705000000000013 1.5723766234549204 4.5000000000000009 1.0771240531701662 1.0000000180025095e-35 77.500000000000014 6.9750000000000005 5.5000000000000009 1.7199379676144055 1.6205903716295447
decision_type=2 2 2 2 10 10 2 10 2 10 10 10 2 10 10 10 8 10 10 2 10 10 10 10 8 10 10 10 10 10
left_child=17 -2 18 4 -4 6 7 9 11 -6 -7 13 -13 14 -9 -8 -10 -1 23 20 21 -20 -23 24 -3 27 -27 -26 -29 -30
right_child=1 2 3 -5 5 10 15 8 16 -11 -12 12 -14 -15 -16 -17 -18 -19 19 -21 -22 22 -24 -25 25 26 -28 28 29 -31
leaf_value=0.0024606235326819063 0.0013635401980314462 -0.0024061658024583316 -0.0021337199895003801 -0.0070467293997482743 -0.035176481397991836 -0.011965196770137071 0.0058172540197942652 0.10093453215701241 0.065145172536373142 0.019930613315347234 0.0061565412716970136 0.02000277787446976 0.13476076931401623 -0.001138493718623411 0.02160417321162679 -0.055262475439480374 0.16832205757498742 0.075846674222321747 0.010906194120531947 -0.013217304832798111 0.0012448595335315098 0.032115021064167935 0.15138818553902889 -0.0058258709276633423 -0.00069101071202230162 0.010273881411800783 0.13277161747217178 0.0046599814910962128 0.053620419717444745 0.0071287723296942817
leaf_weight=11572 29654 26143 1844 1969 55 496 1039 35 25 426 2670 42 32 127 71 35 20 21 1025 555 4079 21 22 9314 4611 42 20 1172 160 192
leaf_count=11572 29654 26143 1844 1969 55 496 1039 35 25 426 2670 42 32 127 71 35 20 21 1025 555 4079 21 22 9314 4611 42 20 1172 160 192
internal_value=2.05893e-12 -0.000350041 -0.00125354 0.00207392 0.00467021 0.0071434 0.0134951 0.0259607 0.0428112 0.0136294 0.00331751 0.0328159 0.0696279 0.0211245 0.0477982 0.00382676 0.111002 0.00259356 -0.00187791 0.00226692 0.00393658 0.014217 0.0931385 -0.0024453 -0.00147168 0.00247058 0.0497893 0.00199238 0.0101112 0.0282613
internal_weight=97489 85896 56242 8886 6917 5073 1907 833 352 481 3166 307 74 233 106 1074 45 11593 47356 5702 5147 1068 43 41654 32340 6197 62 6135 1524 352
internal_count=97489 85896 56242 8886 6917 5073 1907 833 352 481 3166 307 74 233 106 1074 45 11593 47356 5702 5147 1068 43 41654 32340 6197 62 6135 1524 352
is_linear=0
shrinkage=0.1


Tree=43
num_leaves=31
num_cat=0
split_feature=102 102 20 4 33 88 24 75 4 3 41 12 50 110 13 18 17 89 9 41 34 65 11 89 2 1 13 26 76 79
split_gain=8.89815 14.4093 9.39135 12.6073 13.7589 12.2611 14.7988 9.49619 10.2186 9.62953 9.14419 8.90157 8.46339 10.1289 12.4121 12.2377 20.631 16.9904 14.9597 12.0854 17.245 15.5436 13.9343 12.3184 12.2132 11.5774 11.366 18.7124 14.965 12.6421
threshold=11.500000000000002 55.500000000000007 9.7500000000000018 34.26250000000001 1.2671032908556688 31.650000000000002 1.7750000000000001 6.5000000000000009 38.122500000000024 11.161254907494245 1.4254881213734898 2.9000000000000004 -0.39999999999999997 79.500000000000014 3.9051195905225882 5.1000000000000005 2.5342942664375032 13.500000000000002 5.4751962210956711 2.2489760709384927 0.56696428571428581 3.5000000000000004 5.7902544658798254 34.500000000000007 48.525000000000013 11.633786999675634 1.658243862791825 0.95000000000000007 3.5000000000000004 8.5000000000000018
decision_type=10 10 10 10 10 10 10 10 10 10 10 10 10 2 10 10 10 10 10 10 10 10 10 10 10 10 10 10 10 10
left_child=12 10 3 5 7 6 -3 8 9 -5 -2 -7 -1 14 -14 -16 -17 25 -19 26 21 -21 -22 -24 -23 -18 27 -15 29 -28
right_child=1 2 -4 4 -6 11 -8 -9 -10 -11 -12 -13 13 19 15 16 17 18 -20 20 22 24 23 -25 -26 -27 28 -29 -30 -31
leaf_value=-0.0011496831942457851 -0.0094242359433758804 0.0044013312338572119 -0.067489426336251199 0.078018433547445712 -0.027650201819356415 0.021928699240088462 -0.057960159733484035 0.016111278385022531 0.11791065271943808 -0.018936472721397878 -0.030954334640342113 -0.032757874645154408 0.0016276719019393043 -0.0010748646010069302 0.0045355574375022046 0.12224543690681458 0.13385522134602071 -0.034122230236728987 0.021823351974347358 0.11588080205299237 0.080253041563555602 0.082797874099221735 -0.017411103577546352 0.062426428716968407 0.0039714518736009719 0.036267587350260831 -0.00061418288942823463 -0.014604358868793655 0.084513953257174729 0.0082869874471774262
leaf_weight=32520 838 782 20 21 62 35 40 307 20 20 258 199 33155 3346 784 21 20 57 296 27 20 29 159 22 61 31 21120 1472 21 1726
leaf_count=32520 838 782 20 21 62 35 40 307 20 20 258 199 33155 3346 784 21 20 57 296 27 20 29 159 22 61 31 21120 1472 21 1726
internal_value=-6.76922e-12 -0.00576928 0.000579053 0.00149518 0.0159296 -0.00438246 0.00136671 0.0232718 0.0593094 0.0307234 -0.0144925 -0.0245783 0.000158206 0.000840178 0.00199059 0.0119431 0.0256078 0.0205845 0.0127896 -0.000571555 0.0188121 0.0493349 0.00104516 -0.00770709 0.0293711 0.0745372 -0.000794203 -0.00520841 0.000135855 5.82946e-05
internal_weight=97489 2602 1506 1486 430 1056 822 368 61 41 1096 234 94887 62367 34364 1209 425 404 353 28003 318 117 201 181 90 51 27685 4818 22867 22846
internal_count=97489 2602 1506 1486 430 1056 822 368 61 41 1096 234 94887 62367 34364 1209 425 404 353 28003 318 117 201 181 90 51 27685 4818 22867 22846
is_linear=0
shrinkage=0.1


Tree=44
num_leaves=31
num_cat=0
split_feature=90 29 109 7 6 37 67 19 82 82 100 97 80 26 2 9 89 104 48 7 13 16 29 22 39 9 105 7 28 56
split_gain=8.3339 14.1095 9.88061 16.8751 10.6981 10.3888 9.83413 10.4976 13.1047 16.2829 11.0883 16.533 13.4864 14.714 17.7437 16.5958 18.3292 17.6135 13.7142 20.5404 13.6585 13.5448 13.4031 13.8143 13.3436 23.2316 12.9742 18.8755 12.8326 17.3053
threshold=1.5000000000000002 1.8760958758459301 31.845311430527037 2.6188183008788219 31.500000000000004 3.1976530016253437 6.5000000000000009 3.968621967051075 140.50000000000003 386.50000000000006 1.0000000180025095e-35 6.5000000000000009 3294.4499999999994 1.8730158730158732 25.950000000000006 8.6010334326138764 38.500000000000007 102.65000000000002 18.650000000000002 10.618380029776789 4.387478493669545 8.0250000000000021 1.1747126000054033 5.9083333333333341 1.3395671481745666 5.7365784929497492 inf 7.6419864689588053 1.1937500000000003 1.0000000180025095e-35
decision_type=10 10 2 10 8 10 10 10 8 10 2 2 10 10 10 10 10 2 10 10 10 10 10 10 10 10 8 10 10 10
left_child=1 -1 6 -4 5 -5 -2 10 -9 -10 -8 -12 13 15 -15 16 17 22 -14 21 28 -20 -13 -24 25 -16 -27 -28 29 -17
right_child=2 -3 3 4 -6 -7 7 8 9 -11 11 12 18 14 24 20 -18 -19 19 -21 -22 -23 23 -25 -26 26 27 -29 -30 -31
leaf_value=-0.0020713376384371832 0.00030994237081277036 -0.070722029432654376 -0.022524363471141253 -0.00080566883955611977 -0.025225180868922809 -0.068179811310508973 0.0011033985888561301 -0.03375737636519157 0.015703663962318544 -0.032142495133859271 0.07479853304593187 0.013803916729309343 0.089512047505316647 0.08713982232979367 -0.028756052404642109 -0.021805632763948198 0.11056961812078954 0.011929747814033127 -0.029196288531216294 0.089388369534696865 0.06511083281040192 0.035360958232329445 0.023437063041187468 0.12602944953101022 -0.013363423761562802 0.05205922913510444 0.052977755530314009 -0.079567126149222969 -0.01992473474288841 0.072398882645827084
leaf_weight=14452 70466 30 441 4633 192 23 3336 157 235 102 38 44 36 21 85 39 20 1713 65 35 25 65 21 35 654 123 22 21 321 39
leaf_count=14452 70466 30 441 4633 192 23 3336 157 235 102 38 44 36 21 85 39 20 1713 65 35 25 65 21 35 654 123 22 21 321 39
internal_value=-2.9515e-11 -0.00221355 0.000386192 -0.00379604 -0.00209242 -0.00113849 0.000670809 0.00417726 -0.0098949 0.00122204 0.00520592 0.00920533 0.00846877 0.00688237 -0.00373231 0.0112374 0.0153615 0.0143112 0.0335907 0.0213897 -0.00659182 0.00308233 0.0551058 0.0875573 -0.00584095 0.0137594 0.0355294 -0.0117535 -0.0110845 0.0252966
internal_weight=97489 14482 83007 5289 4848 4656 77718 7252 494 337 6758 3422 3384 3183 926 2257 1833 1813 201 165 424 130 100 56 905 251 166 43 399 78
internal_count=97489 14482 83007 5289 4848 4656 77718 7252 494 337 6758 3422 3384 3183 926 2257 1833 1813 201 165 424 130 100 56 905 251 166 43 399 78
is_linear=0
shrinkage=0.1


Tree=45
num_leaves=31
num_cat=0
split_feature=35 27 113 34 30 55 94 84 34 51 61 5 15 71 105 27 22 106 16 1 40 32 87 24 86 27 50 39 4 0
split_gain=7.98205 12.1141 9.16618 13.3496 17.8882 10.5237 17.6528 24.4475 17.6729 14.4158 13.601 17.4327 13.5788 12.7002 14.6341 15.8887 12.188 11.6289 15.8017 15.5453 14.6558 11.8498 13.7356 17.2912 18.0969 16.0163 14.7832 21.1729 16.9452 14.5596
threshold=1.0000000180025095e-35 1.4031488753667809 1.0000000180025095e-35 2.0250000000000004 2.2916666666666674 27.500000000000004 2.5000000000000004 77.500000000000014 0.48684210526315791 51.250000000000007 14.500000000000002 9.3533803344460615 1.3519517580968834 3.5000000000000004 0.22500000000000003 1.7013059038951182 0.97500000000000009 122.50000000000001 3.6055555555555561 7.3100957585267237 1.7416666666666669 0.47222222222222227 42.500000000000007 1.9000000000000001 166.50000000000003 0.80265360933717089 1.1000000000000003 2.234825026599959 37.937500000000014 36.770000000000017
decision_type=10 10 2 10 10 10 10 10 10 10 10 8 10 10 10 10 10 2 10 10 10 10 10 10 8 10 10 10 10 10
left_child=1 -1 3 5 -5 6 10 9 -9 16 -2 -12 -11 14 -7 -16 -8 18 19 -15 -21 -19 23 -23 29 26 27 -24 -28 -25
right_child=2 -3 -4 4 -6 13 7 8 -10 12 11 -13 -14 17 15 -17 -18 21 -20 20 -22 22 25 24 -26 -27 28 -29 -30 -31
leaf_value=-0.0035347599691644273 0.0014068693863598146 -0.036646730973989815 -0.0015633588868000728 0.10093813577005942 -0.004849753957806212 0.0021559076025066955 -0.011761038596327392 0.025925137376087527 0.11157987981270522 0.040568819969020627 0.099083761963993322 -0.013660874652365844 -0.017028644119832983 0.1248571364652543 -0.0023975356200156271 -0.026584302094680341 0.014905353735108174 0.0049429567000306871 0.0076848317712585228 0.0020474347292981816 0.080004791680135232 0.0059163473918549927 -0.003567774999351481 0.018701973561803961 -0.083697426726575944 -0.0057537026141569157 0.054708297993680134 0.074532364562360773 0.0099566162062870792 -0.014288105642225013
leaf_weight=3588 18290 114 22825 31 33 8624 191 63 39 47 32 24 317 21 21978 275 1670 6294 678 66 38 4443 970 172 32 5538 112 36 346 602
leaf_count=3588 18290 114 22825 31 33 8624 191 63 39 47 32 24 317 21 21978 275 1670 6294 678 66 38 4443 970 172 32 5538 112 36 346 602
internal_value=-1.41853e-11 -0.00455442 0.000179774 0.000740454 0.0463913 0.000699245 0.00259825 0.0108032 0.0586755 0.00860865 0.00155753 0.0507646 -0.00959161 -8.23997e-05 -0.00134117 -0.00269643 0.0121685 0.00192643 0.0137081 0.0463785 0.0305319 0.00141629 -0.000395555 0.00347177 -0.0100037 -0.00329467 0.00600734 -0.000772939 0.0209003 -0.00695698
internal_weight=97489 3702 93787 70962 64 70898 20673 2327 102 2225 18346 56 364 50225 30877 22253 1861 19348 803 125 104 18545 12251 5249 806 7002 1464 1006 458 774
internal_count=97489 3702 93787 70962 64 70898 20673 2327 102 2225 18346 56 364 50225 30877 22253 1861 19348 803 125 104 18545 12251 5249 806 7002 1464 1006 458 774
is_linear=0
shrinkage=0.1


Tree=46
num_leaves=31
num_cat=0
split_feature=13 31 55 82 36 82 103 21 51 28 44 96 76 37 26 79 15 73 90 8 37 13 87 36 33 88 88 85 51 86
split_gain=7.58932 11.7454 10.6214 10.2282 17.2607 14.867 12.3583 24.373 11.2974 10.2233 17.4271 10.112 9.94216 14.1491 9.7553 9.35909 14.3407 16.4759 14.9427 11.7842 19.8002 14.3577 15.7477 15.4043 13.1521 11.5298 16.7406 11.2039 10.8747 10.6143
threshold=1.5220501602311287 1.7604525947843548 70.500000000000014 258.50000000000006 5.2666666666666675 268.50000000000006 0.48100000000000004 2.1404836157257527 55.850000000000001 1.6306818181818186 3.4500000000000006 243.50000000000003 4.5000000000000009 1.297417464888168 1.4722222222222225 7.5000000000000009 1.6346924281699651 5.5000000000000009 1.0000000180025095e-35 27.250000000000004 2.1014931715128884 1.2415253053016908 62.500000000000007 2.1000000000000005 0.50819888974716132 35.850000000000001 35.050000000000004 22.500000000000004 60.350000000000001 40.500000000000007
decision_type=10 10 10 10 10 10 2 10 10 10 10 2 10 10 10 10 10 10 10 10 10 10 8 10 10 10 10 10 10 10
left_child=1 3 12 11 5 6 7 8 -5 10 -4 15 -2 -14 -3 19 18 -18 -17 -1 21 23 -23 -21 -25 26 27 -19 29 -20
right_child=2 14 9 4 -6 -7 -8 -9 -10 -11 -12 -13 13 -15 -16 16 17 25 28 20 -22 22 -24 24 -26 -27 -28 -29 -30 -31
leaf_value=-0.00045699580877968496 0.00046214308628454823 -0.015978928414932404 0.13083194274277915 0.077569165062159301 0.09126501032353744 0.0015364752387042532 0.011636607061082032 0.13302897255996179 -0.018238666257821026 -0.00058090203083478492 0.022896884310130889 -0.0099510962497974791 -0.0060869652479887014 0.10259343884561374 -0.085126532207835809 -0.031774451581360254 -0.0047042127370162685 -0.0087637454245034895 0.0032448180777113708 0.1341536660194397 -0.036449701724840064 -0.033345099287107591 0.066623511822679296 0.096669990777969367 0.0022548453172526531 -0.033377404613549121 0.075040393356572505 -0.065440931763404458 0.0094600004079984507 -0.012124709316140301
leaf_weight=17401 70185 281 21 20 23 2118 160 29 32 65 52 1436 25 23 22 144 1571 330 1042 25 42 40 26 25 36 434 22 39 1030 790
leaf_count=17401 70185 281 21 20 23 2118 160 29 32 65 52 1436 25 23 22 144 1571 330 1042 25 42 40 26 25 36 434 22 39 1030 790
internal_value=-4.59705e-12 -0.00142132 0.000547716 -0.00120009 0.00505491 0.00421437 0.0277487 0.0595751 0.0186105 0.0282634 0.0539467 -0.0018099 0.000493258 0.0459891 -0.0209995 -0.00130154 -0.00494235 -0.0107135 -0.000342362 -0.00018374 0.0243262 0.0411196 0.00603647 0.0680438 0.0409496 -0.0221565 -0.00970165 -0.014754 0.00123913 -0.00338287
internal_weight=97489 27118 70371 26815 2382 2359 241 81 52 138 73 24433 70233 48 303 22997 5402 2396 3006 17595 194 152 66 86 61 825 391 369 2862 1832
internal_count=97489 27118 70371 26815 2382 2359 241 81 52 138 73 24433 70233 48 303 22997 5402 2396 3006 17595 194 152 66 86 61 825 391 369 2862 1832
is_linear=0
shrinkage=0.1


Tree=47
num_leaves=31
num_cat=0
split_feature=107 24 0 30 92 31 89 48 21 91 9 21 72 28 81 6 15 84 86 81 1 103 103 4 28 47 46 1 26 104
split_gain=7.42343 11.2526 18.2343 25.0829 8.66239 8.40511 7.22111 10.6877 10.7685 8.89772 9.45463 8.1173 8.68826 8.43118 7.71078 14.8685 14.1474 13.3788 13.5421 10.8837 11.257 10.2905 9.98544 12.1212 13.0645 10.3941 10.1381 13.9248 13.5979 18.838
threshold=2004.5000000000002 2.5500000000000003 46.010000000000012 0.45000000000000007 1.0000000180025095e-35 0.64222852518808682 1.0000000180025095e-35 12.15 2.3676051569159156 4.5000000000000009 4.4089554876353754 0.43129778659994128 2.5000000000000004 1.5857142857142861 946.50000000000011 36.900000000000006 2.6624934691584596 32.500000000000007 128.50000000000003 312.50000000000006 6.0244501818101055 0.42550000000000004 0.31850000000000006 59.757500000000014 2.1750000000000003 1.8320968365291226 0.69615384615384623 15.97477698325442 1.8730158730158732 110.85000000000001
decision_type=2 10 8 8 10 10 10 10 10 10 10 10 8 10 8 10 10 10 10 10 10 2 2 10 10 10 10 10 10 2
left_child=1 2 4 -4 -1 -6 7 8 9 -2 -11 12 13 -8 15 17 -17 18 19 -13 -21 -20 23 24 25 26 27 -16 -28 -30
right_child=6 -3 3 -5 5 -7 11 -9 -10 10 -12 14 -14 -15 22 16 -18 -19 21 20 -22 -23 -24 -25 -26 -27 28 -29 29 -31
leaf_value=0.060637173280119895 -0.0035074857523686581 -0.02941873564165743 -0.00099101669731594256 0.14251328406148944 0.022173321433365346 -0.056024057666460673 -0.0081747562512286386 0.055754220709204674 -0.024464643564120481 0.091953022964298733 0.0048188987329150692 0.00067961706931365983 0.036089264525663717 -0.058021802370037359 -0.01663486004998798 0.11209461701952893 0.011691094214782222 0.0026461554940984053 -0.0065672629778938639 -0.0076525272459375786 -0.0011432223185612847 0.061060760856147804 -0.0030967919681940403 0.056581194961803374 0.067864063616481521 -0.014398698501837979 0.012783930116945424 0.058459396163622536 0.0099420228543189854 -0.084952458052097696
leaf_weight=20 4630 34 21 29 28 27 1112 30 247 20 33 37058 43 35 289 23 36 22850 35 3245 14656 63 11291 44 31 307 1138 27 52 35
leaf_count=20 4630 34 21 29 28 27 1112 30 247 20 33 37058 43 35 289 23 36 22850 35 3245 14656 63 11291 44 31 307 1138 27 52 35
internal_value=1.35609e-12 0.0215898 0.0354642 0.0822415 0.00427929 -0.0162145 -3.52695e-05 -0.00375236 -0.00411447 -0.00304112 0.0376997 0.000164328 -0.00804139 -0.00969581 0.000271421 0.000650007 0.0508315 0.000612004 -0.000232219 -0.000298446 -0.0023232 0.0369079 -0.00196233 0.00469873 0.00348381 0.00240384 0.00575126 -0.0102186 0.00987083 -0.0282339
internal_weight=97489 159 125 50 75 55 97330 4960 4930 4683 53 92370 1190 1147 91180 77966 59 77907 55057 54959 17901 98 13214 1923 1879 1848 1541 316 1225 87
internal_count=97489 159 125 50 75 55 97330 4960 4930 4683 53 92370 1190 1147 91180 77966 59 77907 55057 54959 17901 98 13214 1923 1879 1848 1541 316 1225 87
is_linear=0
shrinkage=0.1


Tree=48
num_leaves=31
num_cat=0
split_feature=107 32 81 88 96 110 10 104 19 48 64 13 38 10 50 5 65 29 19 13 6 1 51 28 11 43 82 6 23 31
split_gain=7.03163 9.89898 15.6056 13.8584 13.0006 18.3419 15.5365 15.6032 15.5521 15.2538 13.6823 15.7388 15.7699 14.6532 12.0065 11.6581 15.6629 12.8084 15.2824 26.7356 13.2906 13.2678 11.6338 14.097 11.4946 18.8553 11.3353 11.2482 11.1975 11.1473
threshold=2018.5000000000002 0.38750000000000007 1549.5000000000002 51.650000000000013 217.50000000000003 75.500000000000014 13.513157894736844 113.25000000000001 4.135196948141604 6.6500000000000012 1.0000000180025095e-35 1.5220501602311287 2.3541666666666674 19.605555555555558 7.2500000000000009 15.166542106854473 7.5000000000000009 1.4304022957551952 0.92592714937812726 1.3779271744364849 21.300000000000001 8.3660026288372809 95.850000000000009 1.6306818181818186 6.3402432287538613 0.97871355387816916 382.50000000000006 24.500000000000004 1.5614120060577308 1.0477225575051665
decision_type=2 10 10 10 2 2 10 2 10 8 10 10 10 10 10 10 10 10 10 10 10 10 10 10 10 10 10 10 8 10
left_child=-1 2 15 -4 6 -6 7 8 26 -9 22 12 13 -12 -11 16 17 20 19 -19 -2 -20 -8 -24 25 -13 -3 29 -16 -26
right_child=1 4 3 -5 5 -7 10 9 -10 14 11 24 -14 -15 28 -17 -18 18 21 -21 -22 -23 23 -25 27 -27 -28 -29 -30 -31
leaf_value=0.0012605958238425853 -0.0021182172225011537 0.0015287470303445372 -0.039092976038978017 0.013422619215032058 0.03429071033487515 -0.0011431523344592378 -0.0019524316224914483 0.0061803150898263499 0.062810913809552435 0.023458641537519361 0.032205337539315225 -0.017624019101262094 0.0013065921820022844 0.13586682435668385 0.02513624865223061 -0.021993234037913409 0.065329680698258549 0.11689136806551531 -0.04121179752485845 -0.017234707673612452 0.0043989923166755018 -0.0093901899613815162 0.097574311609451597 0.0029901324957609179 -0.053424409686704172 0.1018589252007327 -0.046896186921916605 0.021650163211298229 -0.034611663753039222 0.032105903159826997
leaf_weight=30435 24702 3582 201 67 147 23492 6322 2358 41 1076 25 25 33 30 55 281 35 23 206 42 3583 360 26 40 64 28 49 68 73 20
leaf_count=30435 24702 3582 201 67 147 23492 6322 2358 41 1076 25 25 33 30 55 281 35 23 206 42 3583 360 26 40 64 28 49 68 73 20
internal_value=1.85162e-12 -0.000572169 -0.00194305 -0.0259641 0.000504707 -0.000922806 0.00292979 0.00614098 0.0015668 0.0108564 -0.000547203 0.0205832 0.0559575 0.088748 0.0200144 -0.00172283 -0.00152608 -0.001607 -0.015698 0.0302253 -0.00129265 -0.0209719 -0.0015164 0.0402506 0.00539813 0.045499 0.000875257 -0.00858443 -0.00893873 -0.03306
internal_weight=97489 67054 29500 268 37554 23639 13915 7234 3672 3562 6681 293 88 55 1204 29232 28951 28916 631 65 28285 566 6388 66 205 53 3631 152 128 84
internal_count=97489 67054 29500 268 37554 23639 13915 7234 3672 3562 6681 293 88 55 1204 29232 28951 28916 631 65 28285 566 6388 66 205 53 3631 152 128 84
is_linear=0
shrinkage=0.1


Tree=49
num_leaves=31
num_cat=0
split_feature=102 102 22 40 25 20 6 88 3 27 109 14 109 102 95 19 105 21 15 45 104 9 42 29 11 8 38 111 104 20
split_gain=6.52449 11.5092 8.42647 11.9469 8.13527 8.11313 10.8877 12.8881 12.3975 13.6809 10.084 11.079 11.4046 8.81875 8.2438 10.6184 9.04785 10.8439 7.99125 7.79848 7.2373 13.8226 8.99196 13.7911 9.60647 12.7211 10.3078 9.43547 7.93051 9.25021
threshold=11.500000000000002 55.500000000000007 5.1519230769230786 3.6125000000000003 1.6905725903640423 9.7500000000000018 19.500000000000004 28.450000000000003 13.660114282817617 1.0567212294304205 21.655030800821361 2.2928571428571431 20.751540041067766 193.50000000000003 1.5000000000000002 1.0477225575051665 0.36666666666666675 2.4267022165469911 2.0803307417005787 1.2888391932218626 119.30000000000003 4.4876352475357271 0.55000000000000016 1.1655189806610031 4.3238701706770231 6.5277777777777786 0.95000000000000007 11.500000000000002 119.15000000000002 6.4500000000000011
decision_type=10 10 10 10 8 10 10 10 10 10 2 10 2 10 10 10 10 10 8 10 2 8 10 10 10 10 10 2 2 10
left_child=20 2 -2 19 5 6 7 8 10 -10 11 -3 -13 -14 15 -8 -17 -18 -6 -4 28 22 -22 24 25 -24 -26 -28 -1 -30
right_child=1 4 3 -5 18 -7 14 -9 9 -11 -12 12 13 -15 -16 16 17 -19 -20 -21 21 -23 23 -25 26 -27 27 -29 29 -31
leaf_value=9.9642884429867375e-05 -0.0092853083019610993 -0.018515432675679525 -0.077442525069821966 0.017971280267970128 -0.077604859653860325 -0.060840614559128883 0.099666431275281048 -0.017851865074608321 0.010617436348430572 0.11515406350649537 -0.0028571791703969345 -0.00245936932447164 0.13128643433252971 0.041655832522488001 0.0042072335761858502 -0.014591688821773705 0.018079141756596126 0.088111508173416508 -0.0081255841277995886 -0.025100567561211224 0.0076217838739001649 0.0012183889044422595 0.042603690250841687 -0.024227908767502887 -0.0099099023315386905 0.12744919588168463 0.0068436939269304279 0.096774491002517088 -0.008646794561407432 -0.060574169356275256
leaf_weight=93056 949 30 55 33 25 20 22 338 31 21 577 23 21 23 185 41 67 33 49 59 172 962 43 29 39 30 20 28 471 37
leaf_count=93056 949 30 55 33 25 20 22 338 31 21 577 23 21 23 185 41 67 33 49 59 172 962 43 29 39 30 20 28 471 37
internal_value=8.65762e-12 -0.00494021 -0.0127363 -0.0350151 0.000733439 0.00240421 0.00330003 -0.00172188 0.00578768 0.0528342 0.00215798 0.0319904 0.054605 0.0844341 0.0186544 0.0350514 0.0249697 0.0411898 -0.0315983 -0.0503533 0.000135471 0.00747992 0.0241658 0.0392217 0.0507219 0.0774717 0.0282767 0.0593033 3.16199e-05 -0.0124289
internal_weight=97489 2602 1096 147 1506 1432 1412 1064 726 52 674 97 67 44 348 163 141 100 74 114 94887 1323 361 189 160 73 87 48 93564 508
internal_count=97489 2602 1096 147 1506 1432 1412 1064 726 52 674 97 67 44 348 163 141 100 74 114 94887 1323 361 189 160 73 87 48 93564 508
is_linear=0
shrinkage=0.1


Tree=50
num_leaves=31
num_cat=0
split_feature=102 102 102 81 43 25 9 88 21 30 4 88 18 90 23 88 20 103 107 43 39 4 1 103 86 11 48 83 22 21
split_gain=6.27239 6.7249 7.88527 7.60431 9.10537 7.46261 8.12444 7.27716 7.56985 6.53419 6.93793 11.7881 11.875 7.66025 7.65701 9.85975 6.57183 7.91415 6.10755 11.0182 14.1417 9.69198 9.63035 6.02479 20.0856 8.05707 9.28567 7.62907 7.31923 10.1334
threshold=320.50000000000006 11.500000000000002 60.500000000000007 563.50000000000011 2.3273044783351096 1.3227406337702019 8.6490202046994522 46.350000000000001 1.7013059038951182 2.3666666666666671 34.26250000000001 20.250000000000004 4.1000000000000005 4.5000000000000009 2.0546623583082053 46.150000000000013 3.1055555555555561 0.62600000000000011 2004.5000000000002 0.86554360876699599 2.2123387778440669 42.877500000000019 9.1068655413343169 0.82300000000000006 128.50000000000003 8.6020193413241497 21.650000000000002 82.500000000000014 2.6583333333333337 1.6865480854231363
decision_type=10 10 10 10 10 8 10 10 10 10 10 10 10 10 10 10 10 2 2 10 10 8 10 2 10 8 10 10 10 10
left_child=1 18 3 4 -3 9 -7 8 -5 10 13 12 -12 -4 15 -13 17 -15 19 21 22 -1 -21 -20 25 26 27 28 29 -25
right_child=-2 2 5 7 -6 6 -8 -9 -10 -11 11 14 -14 16 -16 -17 -18 -19 23 20 -22 -23 -24 24 -26 -27 -28 -29 -30 -31
leaf_value=0.020674942569299179 0.043589931630501247 -0.0091898512527760542 0.0061866338860738276 -0.010966395358404806 0.059029338248074062 -0.028446265155798758 0.024864781870107568 0.017110231236022497 -0.055793507385533306 -0.04809785676002503 0.12114922903478145 0.012587357234044734 0.013481854807053294 -0.012558346594676001 -0.003035657480841628 0.082586117861447511 -0.040098651954571587 0.03658633022324035 0.00014672303996178762 -0.07734882465817712 0.063860276656655168 0.10523776565880881 0.001142124969650198 -0.0085686701310928488 0.076362866304814814 -0.063274199546625221 0.035199890844523907 -0.039803054166259247 -0.043931424470307928 0.055387630632945474
leaf_weight=33 33 900 561 62 20 156 35 28 96 25 20 79 21 238 193 27 70 38 94238 22 26 23 54 215 25 33 38 104 48 28
leaf_count=33 33 900 561 62 20 156 35 28 96 25 20 79 21 238 193 27 70 38 94238 22 26 23 54 215 25 33 38 104 48 28
internal_value=1.17014e-11 -1.47602e-05 -0.00506323 -0.0114352 -0.00770683 -0.000246178 -0.0186772 -0.0298764 -0.0382031 0.00252138 0.0035362 0.015719 0.0660025 -0.00103066 0.00882389 0.0304172 -0.0127327 -0.00579205 0.000121924 0.0197665 0.000199684 0.0554061 -0.0215789 8.91582e-05 -0.0109593 -0.015644 -0.012014 -0.016556 -0.00824783 -0.00119922
internal_weight=97489 97456 2569 1106 920 1463 191 186 158 1272 1247 340 41 907 299 106 346 276 94887 158 102 56 76 94729 491 466 433 395 291 243
internal_count=97489 97456 2569 1106 920 1463 191 186 158 1272 1247 340 41 907 299 106 346 276 94887 158 102 56 76 94729 491 466 433 395 291 243
is_linear=0
shrinkage=0.1


Tree=51
num_leaves=31
num_cat=0
split_feature=1 30 73 0 109 7 9 105 2 88 16 14 12 19 42 29 28 0 83 15 7 14 43 48 90 13 17 20 84 38
split_gain=6.09219 8.37601 7.13471 10.9107 6.3877 10.1313 13.8169 9.41007 11.8834 9.72629 9.52837 9.37422 9.32109 12.756 11.0234 10.3856 14.3777 11.602 12.1717 11.8004 9.54094 16.2148 9.91315 12.6755 10.1419 9.49492 9.91026 10.637 20.4869 15.9456
threshold=1.9615045204525243 0.63333333333333341 6.5000000000000009 30.620000000000005 32.078028747433272 3.2951866393154163 3.826804935472675 0.45000000000000007 29.720000000000006 19.850000000000005 4.8535714285714286 8.6333333333333346 7.5500000000000007 2.4289043292708192 3.3666666666666671 1.6108178584676647 1.5857142857142861 35.730000000000011 205.50000000000003 2.2815683363167341 3.5613660101257651 4.7071428571428582 1.4487266298961141 26.150000000000002 4.5000000000000009 4.3108282162299441 3.591656924479588 5.5500000000000007 32.500000000000007 1.6833333333333336
decision_type=8 10 10 10 2 10 10 8 10 8 10 10 10 10 10 10 10 10 8 10 10 10 10 8 10 10 10 10 8 10
left_child=1 2 3 -1 -2 7 -7 8 9 -6 -10 -12 13 15 25 16 20 19 -19 -18 21 -8 -22 -24 -25 26 27 28 -15 -30
right_child=4 -3 -4 -5 5 6 12 -9 10 -11 11 -13 -14 14 -16 -17 17 18 -20 -21 22 -23 23 24 -26 -27 -28 -29 29 -31
leaf_value=-0.0060819482308946344 0.00026682094627844267 -0.037332842815737753 -0.054473743667559964 0.049820773786789667 0.0044406256706612862 0.022296720763953434 -0.021525540073280752 -0.024174689929413701 0.085347631678450858 -0.03540900277324998 -0.0072443092741617341 0.057309081597674283 -0.011458294907178002 0.0065914975171268144 -0.012458189323870945 0.056149344013205593 -0.03634363498400759 -0.035665022023022179 -0.11911883787675337 0.065000785887241369 -0.010396497518048303 0.092734731692406869 -0.0003015078081329261 0.083138119271307279 0.013911881902989127 -0.038557060728922038 0.085685280589386834 0.0044217670273382689 0.015729006845504045 0.084618059832913192
leaf_weight=619 91395 91 28 37 123 232 23 413 20 122 82 31 957 189 194 28 27 85 22 20 1124 27 864 33 59 33 20 451 56 84
leaf_count=619 91395 91 28 37 123 232 23 413 20 122 82 31 957 189 194 28 27 85 22 20 1124 27 864 33 59 33 20 451 56 84
internal_value=-5.05e-12 -0.00883085 -0.00503892 -0.0029289 7.07644e-05 -0.00329802 -0.00147391 -0.01374 -0.00233915 -0.0154029 0.0217256 0.010465 -0.00275761 -0.000263879 0.00900992 -0.00438334 -0.00512542 -0.0346325 -0.0528238 0.00678165 -0.00299205 0.040175 -0.00402971 0.00345592 0.038743 0.0140097 0.0161781 0.0143958 0.0280685 0.0570624
internal_weight=97489 775 684 656 96714 5319 4528 791 378 245 133 113 4296 3339 1027 2312 2284 154 107 47 2130 50 2080 956 92 833 800 780 329 140
internal_count=97489 775 684 656 96714 5319 4528 791 378 245 133 113 4296 3339 1027 2312 2284 154 107 47 2130 50 2080 956 92 833 800 780 329 140
is_linear=0
shrinkage=0.1


Tree=52
num_leaves=31
num_cat=0
split_feature=93 46 103 104 29 5 29 106 43 15 71 51 17 102 31 84 49 85 8 84 21 94 20 44 83 39 103 39 39 103
split_gain=6.08027 14.2742 13.3888 16.941 19.3495 15.1272 14.8407 12.1261 12.0267 13.3615 12.9674 12.5924 11.7261 11.6076 11.5653 11.4656 11.4509 13.9503 10.9339 10.709 10.4311 10.3054 14.4467 16.6353 19.1089 18.7878 22.1856 23.991 16.0367 20.4369
threshold=1.0000000180025095e-35 5.6250000000000009 0.27900000000000008 110.15000000000002 1.3341475681229584 11.350812050612161 1.235737308712648 216.50000000000003 1.1897227048854206 1.2671032908556688 2.5000000000000004 48.350000000000001 4.7593397497103211 320.50000000000006 1.3779271744364847 43.500000000000007 50.150000000000013 21.500000000000004 10.725000000000001 110.50000000000001 0.48549796400695738 7.5000000000000009 9.0500000000000025 3.2250000000000005 223.50000000000003 1.6261604343604679 0.40850000000000003 1.4317807919044598 1.9134024677363375 0.49400000000000005
decision_type=10 10 2 2 8 8 10 2 10 10 10 10 10 10 10 10 10 10 10 10 10 10 10 10 8 10 2 10 10 2
left_child=2 20 3 4 6 7 8 -6 9 -1 11 -10 14 -4 19 -12 18 -18 -11 -5 -2 22 -22 24 28 26 -26 -28 -24 -30
right_child=1 -3 13 12 5 -7 -8 -9 10 16 15 -13 -14 -15 -16 -17 17 -19 -20 -21 21 -23 23 -25 25 -27 27 -29 29 -31
leaf_value=0.072722186946442946 -0.011009441969227516 0.07654812188446522 -0.0011407239366414748 0.0021810727603686808 0.057831243167702974 0.022612344405691452 -0.04314483639741825 0.1614021036028862 0.039359390507301979 0.0041018250360479206 0.057840193167794499 0.13701692366081736 0.057529241949515912 0.073220211799655641 -0.026277509036350191 -0.025557697339750392 0.081655896455049518 -0.003944460244642364 -0.046862412772316023 0.058483607283629037 0.001041612022997465 -0.023011976853146085 0.022282973718777133 -0.02170456562031324 0.10736046784246962 -0.0061599869189821951 -0.015013235348679528 0.087515032669585768 0.031042933302956661 0.13415804186835886
leaf_weight=28 714 25 54485 5281 26 48 44 20 31 123 32 23 38 21 143 34 33 45 64 34 35369 175 89 99 36 245 74 33 37 40
leaf_count=28 714 25 54485 5281 26 48 44 20 31 123 32 23 38 21 143 34 33 45 64 34 35369 175 89 99 36 245 74 33 37 40
internal_value=9.49578e-12 0.00101118 -0.000616795 0.00384752 0.0205641 0.0618835 0.0120652 0.102862 0.0179471 0.00702626 0.0446121 0.0809543 0.0021716 -0.00111207 0.00178619 0.0148776 8.48073e-05 0.0322711 -0.0133405 0.00254124 0.000960014 0.00119612 0.00131372 0.0160523 0.0227994 0.0106515 0.0394545 0.0166076 0.0511933 0.0846092
internal_weight=97489 36936 60553 6047 551 94 457 46 413 293 120 54 5496 54506 5458 66 265 78 187 5315 36911 36197 36022 653 554 388 143 107 166 77
internal_count=97489 36936 60553 6047 551 94 457 46 413 293 120 54 5496 54506 5458 66 265 78 187 5315 36911 36197 36022 653 554 388 143 107 166 77
is_linear=0
shrinkage=0.1


Tree=53
num_leaves=31
num_cat=0
split_feature=104 103 115 52 89 50 104 83 9 48 48 9 18 3 23 104 60 27 19 1 111 1 35 79 11 37 29 59 32 3
split_gain=5.9821 9.83367 14.5722 12.131 13.8875 10.9415 17.4439 13.4098 13.7462 13.089 12.9643 11.507 13.5826 20.9655 11.2524 12.3804 21.2933 10.5342 20.4994 14.1628 14.4452 14.2438 10.13 9.78562 10.0963 10.6343 9.28782 9.1595 9.0298 15.5078
threshold=109.45000000000002 0.54700000000000015 1.0000000180025095e-35 26.500000000000004 31.500000000000004 4.4500000000000011 113.45000000000002 327.50000000000006 6.5400475565414382 20.450000000000003 11.350000000000003 7.3579128769814668 3.2916666666666674 10.936617900576421 3.6192103991251217 110.75000000000001 3.5000000000000004 1.3197184163705313 4.8218225929878944 7.204443073214156 12.500000000000002 6.3676526287164892 1.5723766234549204 11.500000000000002 10.674305103354319 1.297417464888168 0.442610105081709 7.5000000000000009 0.38750000000000007 14.794700620068022
decision_type=2 2 2 10 10 10 2 8 10 10 10 10 10 10 10 2 10 10 10 10 2 10 10 8 10 10 8 10 10 8
left_child=-1 2 3 -2 -5 14 17 9 -9 10 27 12 -11 -14 -3 -16 -17 18 26 21 -21 -19 23 28 -25 -26 -7 -8 -4 -30
right_child=1 5 22 4 -6 6 7 8 -10 11 -12 -13 13 -15 15 16 -18 19 -20 20 -22 -23 -24 24 25 -27 -28 -29 29 -31
leaf_value=0.001138316927889609 -0.0016634060068809087 -0.0031153090470172379 0.00082910920437430065 -0.0052778943695805294 0.10708312904462219 0.06512000344016336 -0.014968891363118736 0.099136738734621865 0.017651044120615782 0.0063155556008929305 -0.013715724321487779 0.0035547606588070151 0.040418223214025301 0.14834182328303103 -0.018985896713586824 0.019955177331188075 0.12697482471438973 -0.010006734854667574 0.10227491186931731 -0.039091570648889976 0.025126286418665024 0.094738557562232026 0.070039587603373962 -0.014491825636441504 0.088617326542735103 -0.0027914208120533401 -0.00022609101658720948 0.025659677498390918 0.0061654897962893258 -0.012524049831695179
leaf_weight=31330 19745 21631 12581 22 22 22 71 37 47 42 244 79 54 27 56 120 22 37 20 211 42 20 22 549 20 35 1920 254 7736 471
leaf_count=31330 19745 21631 12581 22 22 22 71 37 47 42 244 79 54 27 56 120 22 37 20 211 42 20 22 549 20 35 1920 254 7736 471
internal_value=-6.22277e-12 -0.000539057 0.000409769 -0.00154653 0.0509026 -0.00210559 0.00342668 0.015602 0.0535436 0.0114683 0.00370497 0.0333361 0.052464 0.0763928 -0.00289809 0.0208326 0.0365357 -0.00115513 0.0015515 -0.0182855 -0.0284309 0.026746 0.00221761 0.00214786 -0.0103996 0.0304481 0.000514184 0.0167839 0.00251243 0.0050929
internal_weight=97489 66159 41203 19789 44 24956 3127 855 84 771 569 202 123 81 21829 198 142 2272 1962 310 253 57 21414 21392 604 55 1942 325 20788 8207
internal_count=97489 66159 41203 19789 44 24956 3127 855 84 771 569 202 123 81 21829 198 142 2272 1962 310 253 57 21414 21392 604 55 1942 325 20788 8207
is_linear=0
shrinkage=0.1


Tree=54
num_leaves=31
num_cat=0
split_feature=30 13 52 6 9 25 111 11 38 15 24 24 16 105 95 14 87 43 25 11 12 15 15 5 24 52 26 17 7 110
split_gain=5.86168 5.82752 10.8195 20.4791 16.2342 17.3182 13.109 11.903 12.7295 17.4914 11.3269 15.3825 13.9328 11.841 11.9669 10.6826 12.2554 13.7276 10.2405 15.3054 9.95698 9.82102 9.29962 13.7374 11.9236 13.1192 10.8361 10.3677 14.3108 13.9576
threshold=4.9000000000000012 1.5220501602311287 8.5000000000000018 30.100000000000005 10.241798883540156 0.86554360876699588 6.5000000000000009 4.7182456576380893 4.9500000000000011 2.4551509642012719 2.6333333333333337 2.1000000000000005 3.552777777777778 1.0000000180025095e-35 3.5000000000000004 4.8166666666666673 140.50000000000003 1.9746794344808967 1.1474379817391951 4.4043937367376929 6.5500000000000007 1.1761495463774236 1.8988294856331291 9.9021947325554631 1.5500000000000003 22.500000000000004 2.2678571428571432 2.3504600772540534 6.4485108035207963 78.500000000000014
decision_type=10 10 10 10 10 10 2 8 10 10 10 10 10 10 10 10 10 10 10 10 10 8 10 10 10 10 10 10 10 2
left_child=1 2 3 6 5 -5 10 18 22 20 11 15 -12 -13 -15 -1 17 21 19 -4 -10 -17 27 -24 25 -25 -26 -9 29 -29
right_child=-2 -3 7 4 -6 -7 -8 8 9 -11 12 13 -14 14 -16 16 -18 -19 -20 -21 -22 -23 23 24 26 -27 -28 28 -30 -31
leaf_value=0.0086675610162447771 -0.049414218993236621 0.00049222218890425796 0.00063282309306992429 0.11937571440357715 -0.0212770214468679 0.030163986917229043 -0.0017672254454436189 -0.0081501497239076411 0.1217581919616177 -0.037001065740531143 0.092538037360645836 0.024153811316050235 -0.0082555432338267572 -0.047062882518312386 0.03101431623749111 0.056077581644058232 0.041014796769754454 -0.057974912734775279 -0.023981497516050131 0.077820072383904954 0.024378332956915813 -0.0065687182174040491 -0.030973457436424608 -0.0037882430493145001 -0.041356757321360377 0.075128135491501213 0.026482913855995452 0.073506266435918718 -0.010687079342404524 0.0015704273037156281
leaf_weight=2629 24 70350 54 32 34 68 20604 1162 21 22 32 42 24 134 23 26 55 51 37 49 21 667 421 496 148 22 28 60 104 49
leaf_count=2629 24 70350 54 32 34 68 20604 1162 21 22 32 42 24 134 23 26 55 51 37 49 21 667 421 496 148 22 28 60 104 49
internal_value=-3.98732e-12 1.21679e-05 -0.00123334 -0.000569875 0.0384161 0.0587117 -0.000784974 -0.00724758 -0.00880384 0.0352319 0.00471008 0.004021 0.0493408 -0.0230082 -0.0356248 0.00559008 -0.00453595 -0.00790328 0.0211431 0.037353 0.0730683 -0.00421835 -0.00993569 -0.0167222 -0.00807699 -0.000436582 -0.0305641 -0.00443244 0.0158492 0.0411681
internal_weight=97489 97465 27115 24421 134 100 24287 2694 2554 64 3683 3627 56 199 157 3428 799 744 140 103 42 693 2490 1115 694 518 176 1375 213 109
internal_count=97489 97465 27115 24421 134 100 24287 2694 2554 64 3683 3627 56 199 157 3428 799 744 140 103 42 693 2490 1115 694 518 176 1375 213 109
is_linear=0
shrinkage=0.1


Tree=55
num_leaves=31
num_cat=0
split_feature=39 8 10 103 13 83 51 7 21 52 43 88 45 71 34 53 13 8 13 36 11 41 28 59 12 88 23 21 65 105
split_gain=5.72083 17.5983 10.6708 11.7864 5.42073 5.34292 9.37571 9.15413 8.97571 6.56959 6.86123 6.19577 7.78002 6.10436 10.6339 9.82589 9.3613 10.3417 9.16562 13.2316 13.0961 15.3484 8.32787 9.74561 14.0068 19.6237 12.5939 11.663 8.87365 13.0543
threshold=2.9486329810976244 30.850000000000005 28.825000000000006 0.42550000000000004 2.3540578465190101 1.5000000000000002 75.950000000000017 5.6847747992152291 2.4551509642012719 18.500000000000004 1.0477225575051665 1.0000000180025095e-35 1.7957140812234786 6.5000000000000009 1.1464285714285716 12.500000000000002 1.9746794344808967 10.050000000000002 5.4999981217113953 2.3666666666666671 6.9513345832481974 1.7143537815787637 2.0750000000000006 28.500000000000004 17.500000000000004 45.150000000000013 1.2089305155016039 1.5855187495562164 4.5000000000000009 0.45000000000000007
decision_type=10 10 10 2 10 8 10 10 10 10 10 8 10 10 10 10 10 10 10 10 10 10 10 10 10 10 10 10 10 8
left_child=5 2 3 -2 -5 6 8 -8 9 -1 -11 12 -7 -13 15 -15 17 -17 22 -20 21 -21 23 -16 25 28 -27 -28 -25 -30
right_child=1 -3 -4 4 -6 11 7 -9 -10 10 -12 13 -14 14 18 16 -18 -19 19 20 -22 -23 -24 24 -26 26 27 -29 29 -31
leaf_value=-0.0061559625979635919 0.084533611425886987 -0.047855199732143305 0.10394983671250797 -0.028594528303872192 0.03269415630320846 -0.0089379031171391704 0.066984357461333285 -0.010513296449143027 -0.044674235146682145 -0.0095460732049983121 0.056228494803820341 0.00040948315472873133 0.044485293036060677 0.017859415900315683 -0.0017457424532577232 -0.016399096926942663 -0.013840468131225367 0.010225260369676579 0.00019693770251857738 0.038841255805972558 0.011882378378739724 0.14810084700584411 -0.04971439817122051 -0.014749904937872833 -0.052462986171245576 0.13201898024840789 -0.013541713424704291 0.08231751590967179 -0.0097865839721634987 0.082033404906590779
leaf_weight=1878 23 29 21 31 27 1031 35 27 59 29 35 86357 28 137 4930 229 1584 402 192 36 65 20 35 88 25 22 22 30 32 30
leaf_count=1878 23 29 21 31 27 1031 35 27 59 29 35 86357 28 137 4930 229 1584 402 192 36 65 20 35 88 25 22 22 30 32 30
internal_value=-3.69674e-12 0.0208834 0.0404268 0.0239578 -6.35889e-05 -2.80997e-05 -0.00506298 0.0332354 -0.00624963 -0.00508225 0.0264244 8.08982e-05 -0.00752539 0.000166376 -0.00249818 -0.00812985 -0.00973731 0.000562855 -0.000101638 0.0165191 0.0424187 0.0778625 -0.00109939 -0.000770848 0.0185313 0.0264548 0.0685949 0.0417617 0.0056656 0.0346424
internal_weight=97489 131 102 81 58 97358 2063 62 2001 1942 64 95295 1059 94236 7879 2352 2215 631 5527 313 121 56 5214 5179 249 224 74 52 150 62
internal_count=97489 131 102 81 58 97358 2063 62 2001 1942 64 95295 1059 94236 7879 2352 2215 631 5527 313 121 56 5214 5179 249 224 74 52 150 62
is_linear=0
shrinkage=0.1


Tree=56
num_leaves=31
num_cat=0
split_feature=50 87 96 14 38 73 52 9 19 57 19 109 50 93 25 88 26 105 0 25 28 4 15 103 40 105 27 46 28 84
split_gain=5.17908 9.18044 14.007 13.1683 15.4008 14.4191 16.4087 13.9018 16.0265 15.1157 16.3301 14.7378 13.4834 12.6789 17.9424 12.2968 13.1128 12.4169 12.2432 12.123 12.0797 11.5342 10.9367 13.1779 11.1008 10.9081 12.1811 10.7089 10.6915 10.8062
threshold=-0.39999999999999997 47.500000000000007 237.50000000000003 4.1125000000000007 2.183333333333334 4.5000000000000009 17.500000000000004 3.4649033049782152 2.4289043292708192 12.500000000000002 3.0165750888103111 32.31622176591376 -0.89999999999999991 1.5000000000000002 2.2582094138490336 51.050000000000004 1.8730158730158732 0.77500000000000013 39.810000000000009 0.97871355387816916 1.6306818181818186 41.51250000000001 1.7904058613809573 0.48700000000000004 1.6754385964912284 0.90000000000000013 1.4161750273926361 0.59411764705882364 1.1081871345029242 11.500000000000002
decision_type=10 10 2 10 10 8 10 10 10 8 10 2 10 10 10 10 10 10 10 10 10 10 10 2 10 10 10 10 10 10
left_child=1 2 3 12 5 6 22 -7 11 -10 18 -9 20 14 15 16 -6 -17 -11 -8 -1 -15 23 24 -5 26 27 -3 -14 -30
right_child=-2 25 -4 4 13 7 19 8 9 10 -12 -13 28 21 -16 17 -18 -19 -20 -21 -22 -23 -24 -25 -26 -27 -28 -29 29 -31
leaf_value=0.001385308149894057 0.00052645039213930305 0.044788136918629921 -0.0037151083989878718 0.033269676039503385 0.0057726791311299135 -0.025822775379867491 0.0031437086207526071 0.019493126210574575 0.018057878743683069 0.13891516646895655 0.02829462645145563 -0.025167633515850801 -0.0074774422614544162 -0.03327492732347178 0.081799490877461661 -0.045026488875289664 -0.027353364763487327 0.034770984109491108 0.050325174257159239 0.10220852923889956 -0.022696695043464922 0.036507248602531572 0.0019456333233459522 0.0030935641860035308 0.11261232102821982 -0.017833676232793739 -0.016306157843552865 -0.0020857742621030635 0.026755988635122775 -0.054269115920228664
leaf_weight=9421 64066 49 6791 110 1177 66 21 747 107 39 52 82 1000 193 27 104 133 24 26 30 213 27 2399 158 21 504 621 9168 20 93
leaf_count=9421 64066 49 6791 110 1177 66 21 747 107 39 52 82 1000 193 27 104 133 24 26 30 213 27 2399 158 21 504 621 9168 20 93
internal_value=6.19374e-12 -0.00100911 0.000100277 0.00169084 0.00564975 0.00913326 0.00522569 0.0186979 0.0214884 0.0452217 0.0700638 0.0150755 -0.000351052 -0.00232616 0.00103535 -0.000481089 0.0024095 -0.0300645 0.103479 0.0614171 0.000852874 -0.0247108 0.00415955 0.0225374 0.0459887 -0.00348502 -0.00274994 -0.00183658 -0.0107721 -0.0399284
internal_weight=97489 33423 23081 16290 5543 3858 2739 1119 1053 224 117 829 10747 1685 1465 1438 1310 128 65 51 9634 220 2688 289 131 10342 9838 9217 1113 113
internal_count=97489 33423 23081 16290 5543 3858 2739 1119 1053 224 117 829 10747 1685 1465 1438 1310 128 65 51 9634 220 2688 289 131 10342 9838 9217 1113 113
is_linear=0
shrinkage=0.1


Tree=57
num_leaves=31
num_cat=0
split_feature=104 104 104 63 86 3 0 13 110 103 48 97 89 81 40 37 12 79 7 83 84 8 4 18 82 15 5 12 82 9
split_gain=5.21432 10.4438 13.6018 20.4864 11.9399 13.8253 12.0498 11.6167 23.4708 12.3764 11.8556 15.7918 14.5526 13.5265 13.2128 14.352 13.8568 11.8818 15.8913 10.9876 15.4963 11.6549 11.4444 11.1826 10.114 10.0532 10.4251 10.1641 10.0457 10.7087
threshold=106.15000000000002 104.95000000000002 105.35000000000001 16.500000000000004 170.50000000000003 11.920395686633034 53.910000000000004 3.754973061528649 78.500000000000014 0.64250000000000018 10.750000000000002 17.500000000000004 14.500000000000002 1046.5000000000002 3.9045454545454548 0.86554360876699599 4.9000000000000012 7.5000000000000009 7.0639896588082092 421.50000000000006 119.50000000000001 31.850000000000005 26.885000000000009 8.9000000000000021 479.50000000000006 2.0262165916155332 9.1546788439908902 6.366666666666668 68.500000000000014 3.8005847503304602
decision_type=2 2 2 8 8 10 8 10 2 2 8 2 10 8 10 10 10 10 10 8 10 10 10 10 10 10 10 10 10 10
left_child=1 24 7 19 5 -5 -6 9 -9 10 11 -3 13 -12 15 -14 -17 18 -18 20 21 22 -4 28 -1 -26 -27 -28 -24 -30
right_child=-2 2 3 4 6 -7 -8 8 -10 -11 12 -13 14 -15 -16 16 17 -19 -20 -21 -22 -23 23 -25 25 26 27 -29 29 -31
leaf_value=0.00099243711543129439 -0.00026867816807137833 0.0027510117443396431 0.0077608454519045014 0.13705099754345915 -0.039935917295092216 0.024475860297679904 0.06596601988588062 0.11242715507745743 0.018610481673593832 -0.0041975807337957909 0.041788951403993579 0.080192551016807556 -0.02714933047807494 0.12172686059407339 -0.055079065392846654 -0.00018740510383236504 0.075631974895997933 0.11353850310732579 -0.013345848445725792 -0.034245551336597617 0.079514302581548693 0.074410362470717667 -0.030009570690272477 0.06158181491267422 -0.067993604812410569 0.021908888230204919 -0.076171497484812375 -0.011866449187147535 -0.04415679432836081 -0.001368081823790462
leaf_weight=7420 85896 442 916 24 22 20 21 35 112 365 98 28 43 27 23 63 49 29 34 91 25 21 186 23 31 89 26 450 63 817
leaf_count=7420 85896 442 916 24 22 20 21 35 112 365 98 28 43 27 23 63 49 29 34 91 25 21 186 23 31 89 26 450 63 817
internal_value=1.03416e-11 0.00199072 0.00648386 0.00168843 0.0492579 0.0858805 0.0117836 0.0144134 0.0409478 0.0111656 0.0178733 0.00736455 0.0313681 0.0590555 0.0170074 0.0246128 0.0373315 0.0584359 0.0391832 -0.000243667 0.00126495 0.000299384 -0.00047684 -0.00740588 -1.427e-05 -0.0125474 -0.00950526 -0.0153789 -0.00889435 -0.00443136
internal_weight=97489 11593 3577 2229 87 44 43 1348 147 1201 836 470 366 125 241 218 175 112 83 2142 2051 2026 2005 1089 8016 596 565 476 1066 880
internal_count=97489 11593 3577 2229 87 44 43 1348 147 1201 836 470 366 125 241 218 175 112 83 2142 2051 2026 2005 1089 8016 596 565 476 1066 880
is_linear=0
shrinkage=0.1


Tree=58
num_leaves=31
num_cat=0
split_feature=35 27 43 21 88 53 111 83 23 7 4 7 7 16 82 44 37 91 16 14 103 39 46 83 96 6 76 13 109 94
split_gain=5.05731 9.9473 8.34254 6.56138 11.7448 8.59486 7.79233 6.27516 6.52643 6.29807 10.7653 5.89798 13.3937 5.73515 5.7832 5.69603 12.7355 14.6618 15.3241 10.8946 10.6862 8.31711 8.08567 10.3019 9.49413 7.96352 7.58911 14.8865 7.19064 9.42378
threshold=1.0000000180025095e-35 1.4031488753667809 2.3057869817013859 2.320200831827083 20.650000000000002 40.500000000000007 60.500000000000007 35.500000000000007 2.1181476347752111 8.7607072692035945 23.74250000000001 4.3301231699118476 5.4144865220901925 5.7573529411764719 25.500000000000004 4.2500000000000009 0.86554360876699599 6.5000000000000009 3.552777777777778 4.6125000000000007 0.5335000000000002 2.9486329810976244 4.1250000000000009 499.50000000000006 185.50000000000003 25.300000000000001 4.5000000000000009 2.3540578465190101 28.299794661190969 5.5000000000000009
decision_type=8 10 10 10 10 10 2 10 10 10 10 10 10 10 10 10 8 10 10 10 2 10 10 10 2 10 10 10 2 10
left_child=1 2 3 5 -5 7 11 8 -1 13 -11 -6 -13 14 -9 21 17 18 -17 -20 -21 26 24 28 -18 -23 -2 -28 29 -24
right_child=15 -3 -4 4 6 -7 -8 9 -10 10 -12 12 -14 -15 -16 16 22 -19 19 20 -22 25 23 -25 -26 -27 27 -29 -30 -31
leaf_value=-0.0024238197482262143 0.00015764766152565561 -0.032949054998901203 0.02599450196379546 -0.0099456240812306682 -0.012930982513353229 -0.05639561679933898 0.075681584328413015 -0.055045975964035723 0.041217483069215508 -0.028593304231762887 0.07172246765669274 0.090877290946190015 0.01213217583588428 -0.063442472298629579 -0.010937725449300386 0.066137618385255337 -0.062684738032381851 0.081269158424449067 -0.066459714571634937 0.058312558041264617 -0.03189555887807289 0.055057695044066629 0.0059423069219680172 -0.067299992591142652 -0.016694578250583011 0.0023298783609490901 -0.010177724460760753 0.094305775592336438 -0.0091538290425435334 0.073909194596732661
leaf_weight=1637 93159 114 97 189 48 33 26 31 35 20 23 27 108 23 723 29 54 31 30 24 29 54 136 25 266 61 30 25 378 24
leaf_count=1637 93159 114 97 189 48 33 26 31 35 20 23 27 108 23 723 29 54 31 30 24 29 54 136 25 266 61 30 25 378 24
internal_value=4.48927e-12 -0.00395198 -0.00285739 -0.00381484 0.00811878 -0.00569587 0.0244545 -0.00502448 -0.00151028 -0.01219 0.025064 0.0171764 0.0278812 -0.0142517 -0.0127512 0.000131265 -0.00727908 0.0204061 0.00356009 -0.0183044 0.0089534 0.00021273 -0.0117626 -0.00454826 -0.0244554 0.027089 0.000179572 0.0373148 -0.00163229 0.0161373
internal_weight=97489 3134 3020 2923 398 2525 209 2492 1672 820 43 183 135 777 754 94355 1026 143 112 83 53 93329 883 563 320 115 93214 55 538 160
internal_count=97489 3134 3020 2923 398 2525 209 2492 1672 820 43 183 135 777 754 94355 1026 143 112 83 53 93329 883 563 320 115 93214 55 538 160
is_linear=0
shrinkage=0.1


Tree=59
num_leaves=31
num_cat=0
split_feature=93 46 82 103 13 28 96 41 88 18 40 24 12 88 14 81 49 45 103 13 1 16 24 87 87 5 13 40 23 26
split_gain=4.88819 11.1325 10.9235 12.3663 10.6086 10.1665 22.7143 12.8898 13.9598 11.9039 12.6294 10.9204 17.9882 19.5198 18.3805 22.0101 15.1816 14.7998 13.5264 13.4453 13.3795 20.7576 13.0223 14.9708 18.0114 12.3408 13.1274 12.2189 11.9342 11.8916
threshold=1.0000000180025095e-35 5.6250000000000009 366.50000000000006 0.16500000000000004 2.2041230063145054 2.3416666666666672 204.50000000000003 1.5256936159813488 41.250000000000007 4.7083333333333348 2.2426470588235299 1.7083333333333337 7.5500000000000007 64.15000000000002 6.4142857142857155 1158.5000000000002 43.150000000000013 1.8988294856331291 0.25000000000000006 3.3316324482458519 10.872488215578125 6.5131578947368434 1.9000000000000001 14.500000000000002 24.500000000000004 7.0742221068250881 1.9364486375644641 3.0513157894736849 1.3878497917710197 1.6833333333333336
decision_type=10 10 10 2 8 10 2 10 10 10 10 10 10 10 10 10 8 10 2 10 8 10 10 8 8 10 10 10 8 10
left_child=2 -2 3 4 -1 11 9 -8 -9 -7 -11 29 13 14 16 20 18 -15 -13 -20 22 -22 27 -24 -25 26 -18 -16 -14 -5
right_child=1 -3 -4 5 -6 6 7 8 -10 10 -12 12 28 17 15 -17 25 -19 19 -21 21 -23 23 24 -26 -27 -28 -29 -30 -31
leaf_value=0.016490888287911992 0.00086146727915964645 0.067614791079657163 -0.0054354649719245461 -0.00015589909388895741 0.098445228080857886 0.11090184712693806 -0.051164191010008964 -0.032847809546034445 0.082587406598031529 -0.031499795522540806 0.043660476578918937 0.061187728986676251 0.020451439585950641 0.017029716622147879 0.026207978950767985 0.10540298852655623 -0.0023119648863725805 0.11601601366115653 6.2396007567821509e-05 0.052461771084927028 0.05506252120522892 -0.035272416481425491 -0.0096158895903499797 0.15363843500614169 0.045311611504152874 -0.0098313308966774659 0.095506966697133114 -0.063632985142370077 -0.025476167918359105 0.0092318763032060974
leaf_weight=56 36911 25 4260 49663 22 21 56 22 20 27 130 42 63 44 41 27 34 23 840 52 34 101 32 20 66 2868 23 24 555 1387
leaf_count=56 36911 25 4260 49663 22 21 56 22 20 27 130 42 63 44 41 27 34 23 840 52 34 101 32 20 66 2868 23 24 555 1387
internal_value=-3.30922e-12 0.000906649 -0.000553036 -0.000183556 0.0396062 -0.000238765 0.0189066 -0.0197561 0.0221213 0.0401927 0.0307348 -0.000333227 -0.00484815 -0.0025408 -0.00339425 0.0187202 -0.00537131 0.0510101 0.00572838 0.00311707 0.0113603 -0.0125214 0.0289779 0.0487765 0.0705039 -0.00891563 0.0371588 -0.00696407 -0.0207942 9.91615e-05
internal_weight=97489 36936 60553 56293 78 56215 276 98 42 178 157 55939 4889 4271 4204 345 3859 67 934 892 318 135 183 118 86 2925 57 65 618 51050
internal_count=97489 36936 60553 56293 78 56215 276 98 42 178 157 55939 4889 4271 4204 345 3859 67 934 892 318 135 183 118 86 2925 57 65 618 51050
is_linear=0
shrinkage=0.1


Tree=60
num_leaves=31
num_cat=0
split_feature=44 42 37 42 46 24 22 6 25 42 15 109 6 79 22 12 32 7 17 103 15 11 80 40 34 15 109 9 5 104
split_gain=4.8879 10.9203 8.27613 7.05606 10.9777 10.4947 6.30478 5.38498 13.853 12.2367 11.9142 11.6762 15.1177 17.3567 15.724 17.1495 13.7415 11.2714 10.2978 16.1228 14.6436 12.7384 11.7274 15.3644 16.7593 14.7338 12.1866 15.2414 13.0011 11.5325
threshold=5.3500000000000005 4.9000000000000012 1.0477225575051665 5.3000000000000016 5.3750000000000009 1.5500000000000003 6.6125000000000007 27.500000000000004 2.2582094138490336 1.1000000000000003 3.3837839669488079 25.29089664613279 29.100000000000005 5.5000000000000009 5.0250000000000012 6.1000000000000005 1.0500000000000003 2.2582094138490336 1.9596406185896558 0.62150000000000005 1.2671032908556688 6.6675766740226221 2676 4.0250000000000012 0.39444444444444454 2.7421601221691589 29.504449007529093 4.4089554876353754 7.9315384781728282 108.95000000000002
decision_type=10 10 8 10 10 10 10 10 10 10 10 2 10 10 10 10 10 10 10 2 10 10 8 10 10 10 2 10 10 2
left_child=7 -2 -3 -4 6 -6 -5 -1 9 10 11 16 13 -13 -14 -16 -9 -11 19 -19 -20 22 23 26 -25 -26 27 -22 -29 -28
right_child=1 2 3 4 5 -7 -8 8 -10 17 -12 12 14 -15 15 -17 -18 18 20 -21 21 -23 -24 24 25 -27 29 28 -30 -31
leaf_value=-0.00014758104344131715 -0.077596300482749944 0.043960110340439895 0.032776225047806903 -0.078223979629848783 0.053673962473869324 -0.035466277854201117 -0.010844239503854797 -0.016407065445270676 -0.038983674862651863 -0.038849244663930117 -0.0015961431296823499 0.11583147702272983 -0.028825395602594922 0.03679668426585312 0.097846774088049482 0.018075624736798867 0.033329054064203785 -0.0022694493163899119 0.07480465515420355 -0.046408765056866752 0.061381652067814554 0.0060544593300596392 -0.037203261626118256 -0.020663091771561524 0.017294248862361368 0.13059150787691276 -0.098405592487408572 0.052431405729223647 -0.016257277736064769 -0.020411527784807343
leaf_weight=91976 25 27 24 41 25 28 21 130 77 68 308 40 54 91 33 147 97 421 29 103 35 3115 124 29 22 24 26 31 248 70
leaf_count=91976 25 27 24 41 25 28 21 130 77 68 308 40 54 91 33 147 97 421 29 103 35 3115 124 29 22 24 26 31 248 70
internal_value=-1.12298e-11 -0.0159815 -0.00670221 -0.0165431 -0.0268358 0.00658101 -0.0554018 3.13724e-05 0.00312409 0.00374226 0.0143551 0.0226541 0.0337294 0.0609294 0.0185021 0.0327003 0.00484581 0.00154396 0.00218617 -0.0109457 0.00401966 0.00346843 -0.00975893 -0.00274224 0.0388725 0.0764059 -0.0103547 -0.00082189 -0.0086252 -0.0415349
internal_weight=97489 191 166 139 115 53 62 97298 5322 5245 900 592 365 131 234 180 227 4345 4277 524 3753 3724 609 485 75 46 410 314 279 96
internal_count=97489 191 166 139 115 53 62 97298 5322 5245 900 592 365 131 234 180 227 4345 4277 524 3753 3724 609 485 75 46 410 314 279 96
is_linear=0
shrinkage=0.1


Tree=61
num_leaves=31
num_cat=0
split_feature=102 11 81 52 11 51 104 82 9 109 47 5 15 20 46 11 28 19 79 87 109 41 0 45 50 38 37 53 22 48
split_gain=4.78673 8.81846 11.3671 13.3861 8.98582 15.1386 14.885 12.8394 11.7708 14.0684 16.4826 11.3572 10.8771 18.3017 10.72 15.9142 10.4634 10.0876 12.6759 17.5576 10.3711 9.80125 9.70059 9.58572 9.30934 9.19082 11.5816 11.6708 11.5325 10.804
threshold=4.5000000000000009 9.6512202662115332 742.50000000000011 1.5000000000000002 7.6842285431766291 60.250000000000007 104.65000000000002 202.50000000000003 7.1898843614187529 24.190280629705686 0.92346433102971892 9.8792805511907407 1.6649983299916438 5.1055555555555561 0.64852941176470602 8.2720200488312976 1.7184210526315791 1.4487266298961143 8.5000000000000018 48.500000000000007 26.561259411362084 1.804029002947442 42.610000000000014 1.3197184163705313 -2.2499999999999996 2.4365079365079372 1.5082875444051556 22.500000000000004 3.9083333333333337 15.050000000000002
decision_type=8 10 8 8 10 10 2 10 10 2 10 10 10 10 10 10 10 10 10 10 2 10 10 10 8 10 10 10 10 10
left_child=-1 4 -3 -4 5 8 7 -7 11 -10 -11 24 13 -8 15 -6 -16 18 20 -20 21 -14 -18 -15 -2 26 -19 -28 -29 -30
right_child=1 2 3 -5 14 6 12 -9 9 10 -12 -13 17 23 16 -17 22 25 19 -21 -22 -23 -24 -25 -26 -27 27 28 29 -31
leaf_value=0.00020051832688581327 0.046400259092852877 -0.01940008931222462 0.10542578252830677 0.019886347615327295 -0.01426863040154179 0.082180810386830186 -0.00078610547946537934 0.0078640538227298992 -0.0062107257837832894 0.11824871227145195 0.02189262931977835 -0.016260492241440726 0.015209401360599796 0.027166677160292037 -0.012250581946173372 0.075941991636698902 -0.096888624285829492 -0.005201355406046335 0.12711839618330653 0.0110687866457738 -0.0092229875015059064 0.088412059918046002 -0.021317277957753438 0.098294248990714553 -0.0040395082640620646 -0.01660929865642434 -0.0054082132533262925 0.0062522205790238724 0.14263046383857728 0.043113493593409657
leaf_weight=90110 37 62 21 142 48 47 98 46 194 20 158 878 214 36 773 33 29 354 22 32 208 20 41 40 3309 392 53 28 20 24
leaf_count=90110 37 62 21 142 48 47 98 46 194 20 158 878 214 36 773 33 29 354 22 32 208 20 41 40 3309 392 53 28 20 24
internal_value=-5.19809e-12 -0.00244867 0.0170444 0.0309068 -0.00306174 -0.00169686 0.00657043 0.045422 -0.0046361 0.012417 0.0327192 -0.00613793 0.00422573 0.0277743 -0.0122644 0.0224838 -0.0156032 0.00122832 0.0126118 0.0583483 0.00702414 0.021466 -0.0526254 0.0646022 -0.00348175 -0.00525415 0.00403858 0.0302061 0.0564222 0.0883485
internal_weight=97489 7379 225 163 7154 6230 1634 93 4596 372 178 4224 1541 174 924 81 843 1367 496 54 442 234 70 76 3346 871 479 125 72 44
internal_count=97489 7379 225 163 7154 6230 1634 93 4596 372 178 4224 1541 174 924 81 843 1367 496 54 442 234 70 76 3346 871 479 125 72 44
is_linear=0
shrinkage=0.1


Tree=62
num_leaves=31
num_cat=0
split_feature=86 30 103 86 106 111 8 107 87 1 84 21 25 36 89 25 96 26 44 22 26 22 56 10 1 104 103 71 87 24
split_gain=4.76198 4.73227 4.65675 15.8868 7.24271 7.56748 6.59718 6.00581 9.71753 10.4674 16.5688 10.8766 10.3799 14.3171 15.2537 15.1448 13.9389 10.2283 13.7533 10.7696 14.7626 9.67539 9.56102 10.1843 9.40736 9.25072 12.7025 14.5205 15.4185 12.2615
threshold=367.00000000000006 4.7000000000000002 0.82300000000000006 128.50000000000003 517.50000000000011 15.500000000000002 18.633333333333336 2023.5000000000002 117.50000000000001 2.9514403214872322 28.500000000000004 1.1622332768749206 1.5543320308680684 2.5500000000000003 28.500000000000004 2.1446343412137616 209.50000000000003 1.6833333333333336 1.1833333333333336 2.8535714285714291 1.8730158730158732 4.9750000000000005 1.5000000000000002 11.405882352941179 10.360139960416447 110.15000000000002 0.25000000000000006 2.5000000000000004 133.50000000000003 0.90000000000000013
decision_type=10 10 2 10 2 2 10 2 8 8 10 10 10 10 10 10 2 10 10 10 10 10 10 10 10 2 2 10 8 8
left_child=1 2 7 4 -4 6 -6 25 9 10 22 -11 17 14 15 -14 -17 -13 19 -19 21 -21 -9 -24 -15 26 27 29 -29 -1
right_child=-2 -3 3 -5 5 -7 -8 8 -10 11 -12 12 13 24 -16 16 -18 18 -20 20 -22 -23 23 -25 -26 -27 -28 28 -30 -31
leaf_value=0.013287051948754272 -0.035868257832889626 -0.037287295987720001 -0.019306999703491978 0.068180598273873336 0.070085331957255095 -0.022242108908378418 -0.0030915184793147178 0.0052962964652963455 -0.010062802127766999 -0.0025513660957966603 0.098851126059889799 0.0045071009856175216 -0.0090542515139513391 -0.064623343029284283 0.08107274407925813 0.09422241282360308 -0.014294883608818055 0.088865898731278217 0.0084473259848891757 0.027413560920173215 -0.0025203563513294344 0.12459906637668611 0.093892739899456512 0.0093405342917760904 -0.015955336614408427 -0.0010680808399596701 0.00078138219813520178 0.0081930456369635179 -0.074222627182704545 0.058243430863274673
leaf_weight=131 37 34 395 25 28 36 22 239 612 3185 25 6441 390 58 23 29 20 41 328 21 62 20 28 29 126 51012 33536 419 24 113
leaf_count=131 37 34 395 25 28 36 22 239 612 3185 25 6441 390 58 23 29 20 41 328 21 62 20 28 29 126 51012 33536 419 24 113
internal_value=1.16586e-11 1.36183e-05 2.66367e-05 -0.00954168 -0.0135813 0.012717 0.0378875 7.65951e-05 0.00220346 0.0028819 0.0206759 0.00235027 0.00441559 -0.00770659 0.00168846 -0.00247063 0.0499296 0.00554837 0.0197577 0.0455202 0.0282661 0.0748211 0.0140733 0.050875 -0.0312963 -0.000214781 0.00105713 0.0145177 0.00372809 0.034107
internal_weight=97489 97452 97418 506 481 86 50 96912 11677 11065 321 10744 7559 646 462 439 49 6913 472 144 103 41 296 57 184 85235 34223 687 443 244
internal_count=97489 97452 97418 506 481 86 50 96912 11677 11065 321 10744 7559 646 462 439 49 6913 472 144 103 41 296 57 184 85235 34223 687 443 244
is_linear=0
shrinkage=0.1


Tree=63
num_leaves=31
num_cat=0
split_feature=55 44 46 1 42 46 55 29 36 19 71 105 94 39 24 81 86 28 41 23 29 18 19 14 2 37 10 3 4 41
split_gain=4.4388 11.6903 16.8 9.75328 7.3576 8.96561 5.13084 12.4992 17.276 11.5189 11.3229 11.7411 10.2846 10.1482 9.83569 14.4619 9.64973 16.0233 11.3638 9.42768 8.83896 9.00915 8.50548 7.80035 15.0531 8.13126 7.64781 11.6856 10.633 8.18864
threshold=70.500000000000014 3.4500000000000006 3.5250000000000004 12.298475514862385 4.3000000000000016 3.6583333333333337 59.500000000000007 1.2090665032085124 5.5000000000000009 1.8818990709935315 3.5000000000000004 0.77500000000000013 3.5000000000000004 1.2671032908556688 2.1000000000000005 786.50000000000011 104.50000000000001 1.4721362229102171 2.2489760709384927 2.4484149335622027 1.1183608037409078 11.300000000000002 1.8437094529227334 9.8500000000000032 50.595000000000013 0.82657830373090102 24.675000000000001 11.242372722738114 43.527500000000011 1.0960414380584826
decision_type=10 10 10 10 10 10 10 10 10 10 10 10 10 10 10 10 8 10 10 10 10 10 10 10 10 10 10 10 10 10
left_child=6 2 3 -2 5 -3 -1 8 13 10 -9 12 19 23 16 -16 17 -15 20 -12 21 22 -18 24 25 -8 29 28 -28 -27
right_child=1 4 -4 -5 -6 -7 7 9 -10 -11 11 -13 -14 14 15 -17 18 -19 -20 -21 -22 -23 -24 -25 -26 26 27 -29 -30 -31
leaf_value=0.00010176470466284447 -0.019522938219939962 -0.024147041941561351 0.11243856990337371 0.06715480160145533 -0.046881309055512951 0.040163003240266573 -0.035636789089238105 -0.054437101125717161 0.077358965382778228 -0.023651197494171838 -0.0041661594514152966 0.075180827286736723 -0.031405839583578898 0.005711394399286869 -0.0047252730506917705 0.11154493313282728 0.0092959998915470229 0.085323617378106495 0.039397334590554244 0.077792519629001633 -0.035923111261086757 0.060635278075933455 -0.015179851083744283 0.04432189229308911 -0.063875138253104272 0.01318949023822704 0.097900341898202903 -0.010173605953164997 0.013928129376941607 -0.024066212161629023
leaf_weight=94170 34 41 25 21 31 46 99 25 28 502 32 29 47 914 23 20 207 26 50 25 111 20 452 23 57 83 25 81 38 204
leaf_count=94170 34 41 25 21 31 46 99 25 28 502 32 29 47 914 23 20 207 26 50 25 111 20 452 23 57 83 25 81 38 204
internal_value=5.18128e-12 0.0149575 0.0444679 0.0135722 -0.00504959 0.00985597 -3.04405e-05 -0.00401947 -0.00074222 -0.0162396 0.00730847 0.0189148 0.00322521 -0.00164104 0.00209486 0.0493539 0.000953211 0.00791343 -0.00683561 0.0317806 -0.00976175 -0.005485 -0.00749169 -0.0128059 -0.0150443 -0.00979265 -0.0038563 0.0149494 0.0472504 -0.0132919
internal_weight=97489 198 80 55 118 87 97291 3121 2461 660 158 133 104 2433 1823 43 1780 940 840 57 790 679 659 610 587 530 431 144 63 287
internal_count=97489 198 80 55 118 87 97291 3121 2461 660 158 133 104 2433 1823 43 1780 940 840 57 790 679 659 610 587 530 431 144 63 287
is_linear=0
shrinkage=0.1


Tree=64
num_leaves=31
num_cat=0
split_feature=13 52 6 44 29 11 23 29 14 111 55 33 24 86 86 44 83 37 54 0 17 23 8 94 42 43 34 3 11 24
split_gain=4.41755 9.51492 16.0101 13.1892 11.261 9.83898 10.2541 11.7652 10.2056 9.72143 9.84921 11.3897 13.3139 11.6515 12.5507 14.4204 12.8364 12.6751 12.3576 18.9538 15.4302 13.0774 11.9497 13.2716 15.1595 11.5137 11.3698 11.5138 10.5312 9.8103
threshold=1.5220501602311287 8.5000000000000018 30.100000000000005 3.4500000000000006 1.1246829208201545 4.7182456576380893 3.3116617172250242 1.333059154145646 2.183333333333334 6.5000000000000009 15.500000000000002 0.74094429825773356 2.6333333333333337 226.50000000000003 106.50000000000001 1.1833333333333336 139.50000000000003 0.86554360876699599 1.5000000000000002 25.170000000000005 2.2808636343146431 2.6653231150263181 13.550000000000002 2.5000000000000004 2.3666666666666671 2.0246950765959606 0.39444444444444454 6.5307350263798929 6.1928438949588074 2.1000000000000005
decision_type=10 10 10 10 10 8 8 10 10 2 10 10 10 8 10 10 10 10 10 10 10 10 8 10 10 10 10 8 10 10
left_child=1 2 9 4 -4 -3 -7 8 -8 10 26 12 13 14 29 17 -17 -16 19 -18 22 -22 -21 24 28 -20 -1 -28 -24 -12
right_child=-2 5 3 -5 -6 6 7 -9 -10 -11 11 -13 -14 -15 15 16 18 -19 25 20 21 -23 23 -25 -26 -27 27 -29 -30 -31
leaf_value=0.0083421020840649448 0.0004178735235744224 0.019087625306897931 0.026030383105840417 -0.019796058316441142 0.095165930158997838 -0.010203345031343399 -0.047068998093406367 -0.049692388677171302 0.026283018328296971 -0.0014985979558115297 0.0037641368380550463 -0.0072122955473325895 0.057659079503191983 -0.033017771365718006 0.054760501494344617 0.10521088998764755 0.10954140820540488 -0.022032751893294195 0.013550877201863949 -0.05758205232295123 0.027986876306271082 0.11550792758503269 0.04229076718506606 -0.01554126580534824 0.0049477446168153128 -0.059131619101390247 0.10724726981586881 0.027511579475619576 0.14150986656546594 -0.028769768508417268
leaf_weight=168 70371 140 62 34 38 2309 21 28 196 20604 1709 869 49 78 26 20 32 124 170 22 38 31 23 58 44 25 27 55 20 98
leaf_count=168 70371 140 62 34 38 2309 21 28 196 20604 1709 869 49 78 26 20 32 124 170 22 38 31 23 58 44 25 27 55 20 98
internal_value=-1.57571e-11 -0.00108438 -0.000462273 0.0340084 0.0523019 -0.00672443 -0.00813935 0.0113128 0.0191844 -0.000652436 0.00407744 0.0026831 0.00603297 0.00502833 0.00624456 0.0183622 0.0267734 -0.00872192 0.0233851 0.0373207 0.0275281 0.0673079 0.0110921 0.0215117 0.0462136 0.00423261 0.0232411 0.053766 0.0884392 0.00199971
internal_weight=97489 27118 24424 134 100 2694 2554 245 217 24290 3686 3436 2567 2518 2440 633 483 150 463 268 236 69 167 145 87 195 250 82 43 1807
internal_count=97489 27118 24424 134 100 2694 2554 245 217 24290 3686 3436 2567 2518 2440 633 483 150 463 268 236 69 167 145 87 195 250 82 43 1807
is_linear=0
shrinkage=0.1


Tree=65
num_leaves=31
num_cat=0
split_feature=24 19 28 3 47 45 48 104 22 9 103 7 13 3 109 107 94 3 103 93 16 83 35 110 48 2 7 21 1 29
split_gain=4.65732 14.7804 12.9487 12.3132 11.4587 10.7847 17.8517 10.7063 10.3862 11.2829 10.1997 9.45494 8.41604 6.76723 6.65426 6.53327 14.1753 16.9546 11.1868 14.5227 6.04351 5.87166 5.48861 4.87014 9.96843 23.2355 13.0144 14.3178 18.9058 11.3891
threshold=2.9000000000000004 1.2415253053016908 2.0750000000000006 13.399894278119199 0.77689717092070731 0.99721446300587691 16.050000000000004 109.55000000000001 8.3166666666666682 7.1355914473000981 0.5335000000000002 4.7696931271769847 2.2041230063145054 9.3325118686040831 25.967145790554419 2004.5000000000002 4.5000000000000009 14.16323291714424 0.59450000000000014 1.0000000180025095e-35 5.3038461538461545 177.50000000000003 0.60733098379053507 80.500000000000014 29.750000000000004 21.535000000000007 8.1086367839665403 1.5257045792034711 12.728098836446677 1.6896410188265945
decision_type=10 8 10 10 8 8 10 2 10 10 2 10 8 10 2 2 10 8 2 10 10 10 10 2 10 10 10 10 10 10
left_child=15 2 13 4 -3 6 20 14 9 11 -8 12 -7 -2 -5 16 17 18 19 -1 -6 -11 -13 24 -17 -26 29 28 -28 -27
right_child=1 3 -4 7 5 8 10 -9 -10 21 -12 22 -14 -15 -16 23 -18 -19 -20 -21 -22 -23 -24 -25 25 26 27 -29 -30 -31
leaf_value=0.090618711025003462 0.015400572940707208 -0.073378508627414712 -0.016984246395785656 -0.059427214804149808 0.014902230424922891 0.046454558177636218 0.11839240681888029 -0.087761393432239335 -0.079625081935006642 0.0015206356461231526 0.024126451291764776 -0.019157826187538692 -0.039829624108970167 0.090496237293506671 0.016929857671260835 0.0002558814493958317 -0.031600416743674795 0.12321706585586073 -0.042439636694533489 -0.0054182256571948528 -0.058555196101466811 0.072614629885980067 -0.078788707902034127 -0.0010956272500014942 0.10722402047527874 0.01335710174791733 -0.015188765368209437 -0.009524383929996114 0.10540539746244366 -0.036212624182614193
leaf_weight=31 20 25 38 21 24 26 22 42 23 26 24 29 20 30 25 66801 37 20 21 32 21 21 33 27986 23 1349 26 619 26 48
leaf_count=31 20 25 38 21 24 26 22 42 23 26 24 29 20 30 25 66801 37 20 21 32 21 21 33 27986 23 1349 26 619 26 48
internal_value=6.05725e-13 -0.00993046 0.027017 -0.0184419 -0.00861943 -0.00260093 0.0254029 -0.051258 -0.0169175 -0.00761248 0.0692102 -0.0254109 0.0089397 0.060458 -0.0179288 4.81073e-05 0.0215581 0.0404702 0.0207686 0.041838 -0.0193779 0.033286 -0.0508968 1.68008e-05 0.000468702 0.00726768 0.00615598 -0.00529055 0.0451083 0.0116539
internal_weight=97489 470 88 382 294 269 91 88 178 155 46 108 46 50 46 97019 141 104 84 63 45 47 62 96878 68892 2091 2068 671 52 1397
internal_count=97489 470 88 382 294 269 91 88 178 155 46 108 46 50 46 97019 141 104 84 63 45 47 62 96878 68892 2091 2068 671 52 1397
is_linear=0
shrinkage=0.1


Tree=66
num_leaves=31
num_cat=0
split_feature=33 73 84 9 84 6 44 18 87 46 92 13 102 82 19 92 79 28 0 102 14 14 47 87 13 89 7 88 86 51
split_gain=4.4339 7.63736 12.318 16.6466 12.6069 11.769 10.0424 9.55139 15.2055 14.9546 11.392 11.1026 14.4695 13.3102 11.0615 10.5366 9.8944 9.53699 12.5295 11.5504 10.9828 12.7033 16.7765 11.8433 23.0821 10.8871 11.3371 10.6713 13.4844 13.3689
threshold=0.32478054967508568 9.5000000000000018 109.50000000000001 4.6541498423336591 122.50000000000001 20.700000000000006 1.8944444444444446 7.6333333333333337 38.500000000000007 2.8090909090909095 3.5000000000000004 2.2582094138490336 2.5000000000000004 52.500000000000007 2.8459956687007311 2.5000000000000004 9.5000000000000018 1.2817460317460319 42.845000000000006 1.5000000000000002 8.4142857142857164 7.1333333333333337 1.27382001931588 1.5000000000000002 2.0776550673994532 35.500000000000007 4.161329433774676 15.850000000000003 21.500000000000004 53.250000000000007
decision_type=10 10 10 10 10 10 10 10 8 10 10 10 10 10 10 10 10 10 10 10 10 10 10 8 8 10 10 10 8 10
left_child=1 2 7 -4 -5 6 -3 17 9 10 11 13 -13 -9 16 -16 -10 18 -1 -20 21 23 -23 24 -19 26 -25 28 -28 -30
right_child=-2 5 3 4 -6 -7 -8 8 14 -11 -12 12 -14 -15 15 -17 -18 20 19 -21 -22 22 -24 25 -26 -27 27 -29 29 -31
leaf_value=-0.0013333409138904639 0.00033201448992029037 0.071248657256364825 -0.028439960742126343 0.12587691435279946 0.021075595208359037 -0.03422265603701817 -0.012152564898133279 0.053733710961899273 -0.027653082708114431 -0.034917608843534252 -0.032199999051434655 0.047288742696802166 0.13360761022567749 -0.020360035249508326 0.0047606738194679987 0.064807166049585627 0.035490549586970233 0.093444767314940697 -0.033970546166830026 0.034461377257636441 -0.07768754473199016 -0.017436394627050808 0.086654070136137309 -0.02520614149370743 -0.014499701441337283 -0.062169879958743152 -0.046110566457112631 -0.0089281450522651004 0.076765113886683556 0.0055430293890337155
leaf_weight=16208 78470 22 23 24 22 160 42 54 172 32 21 87 25 44 208 34 29 32 29 165 23 30 32 382 52 42 24 894 47 60
leaf_count=16208 78470 22 23 24 22 160 42 54 172 32 21 87 25 44 208 34 29 32 29 165 23 30 32 382 52 42 24 894 47 60
internal_value=1.1921e-11 -0.00136985 -0.00115108 0.041023 0.0757545 -0.0197257 0.0165166 -0.00130648 0.0101035 0.0291503 0.0380255 0.045048 0.0665563 0.0204671 -0.00120415 0.013197 -0.0185428 -0.00175351 -0.00103096 0.0242319 -0.00907817 -0.00808882 0.0362877 -0.00988357 0.026622 -0.0119998 -0.0105022 -0.00502232 0.0216327 0.0368275
internal_weight=97489 19019 18795 69 46 224 64 18726 706 263 231 210 112 98 443 242 201 18020 16402 194 1618 1595 62 1533 84 1449 1407 1025 131 107
internal_count=97489 19019 18795 69 46 224 64 18726 706 263 231 210 112 98 443 242 201 18020 16402 194 1618 1595 62 1533 84 1449 1407 1025 131 107
is_linear=0
shrinkage=0.1


Tree=67
num_leaves=31
num_cat=0
split_feature=1 30 73 0 31 29 50 82 106 109 7 9 10 10 28 37 6 19 29 83 3 10 93 8 21 15 39 9 28 83
split_gain=4.32375 7.11927 5.993 8.19794 5.86174 4.84513 5.62194 4.6386 8.20432 4.35225 8.09701 8.74944 10.7122 14.3545 7.54224 6.9989 7.47011 8.19345 11.8166 11.566 10.6993 9.49294 9.32582 14.339 12.3246 11.211 15.3892 11.9973 9.25147 10.6472
threshold=1.9615045204525243 0.63333333333333341 6.5000000000000009 30.620000000000005 0.82657830373090091 1.1717915472542357 6.6500000000000012 81.500000000000014 150.50000000000003 32.078028747433272 2.6188183008788219 3.826804935472675 8.9115384615384645 10.707142857142857 0.59411764705882364 3.1976530016253437 31.500000000000004 2.8459956687007311 1.6255710349401811 347.50000000000006 6.9502917489717406 29.875000000000004 1.0000000180025095e-35 26.150000000000002 3.0876075500786686 2.700822724031736 1.6346924281699651 7.006346150021761 1.5857142857142861 33.500000000000007
decision_type=8 10 10 10 10 10 10 10 2 2 10 10 10 10 10 10 10 10 10 8 10 10 10 10 10 10 10 10 10 8
left_child=1 2 3 5 -3 6 7 8 -1 -2 14 12 -12 -14 -11 16 17 18 28 20 -19 22 23 -22 -25 26 -24 -28 -13 -30
right_child=9 4 -4 -5 -6 -7 -8 -9 -10 10 11 15 13 -15 -16 -17 -18 19 -20 -21 21 -23 25 24 -26 -27 27 -29 29 -31
leaf_value=-0.0060034822923914783 0.00022144800758068907 0.0033934096837865899 -0.049250805479407848 0.043714289641561543 -0.051074295653210533 -0.046994952843166321 0.031503092133524743 -0.023214140434954633 0.036008777595915885 0.0043743959527749281 -0.0045045466753191243 -0.0030911525430377027 0.080834996384070379 0.014887124487579291 -0.02439117954685124 -0.052584756352007392 -0.022000466420360031 0.067534109577536583 0.053979539374621327 -0.01481280868180917 -0.0065767926891376963 -0.044946146694322425 0.024236579972145324 0.093741912385127676 0.00072833906326975147 0.0074040136952421955 0.1508622526058129 0.043969817765589274 0.037644945519665879 -0.033216597403880659
leaf_weight=378 91395 29 28 37 62 26 44 118 53 130 171 3170 43 142 305 28 187 34 35 193 306 30 91 29 28 149 21 21 24 182
leaf_count=378 91395 29 28 37 62 26 44 118 53 130 171 3170 43 142 305 28 187 34 35 193 306 30 91 29 28 149 21 21 24 182
internal_value=-4.59709e-12 -0.00743954 -0.00394363 -0.00200979 -0.0337165 -0.0047429 -0.00289036 -0.00564685 -0.000837242 5.96154e-05 -0.00272111 -0.00155671 0.0135382 0.0302155 -0.0157946 -0.0027435 -0.00243337 -0.001585 -0.00382633 0.00689081 0.0127989 0.0100418 0.0125994 0.00200113 0.048051 0.0262418 0.0473459 0.097416 -0.00442562 -0.0249609
internal_weight=97489 775 684 656 91 619 593 549 431 96714 5319 4884 356 185 435 4528 4500 4313 3411 902 709 675 645 363 57 282 133 42 3376 206
internal_count=97489 775 684 656 91 619 593 549 431 96714 5319 4884 356 185 435 4528 4500 4313 3411 902 709 675 645 363 57 282 133 42 3376 206
is_linear=0
shrinkage=0.1


Tree=68
num_leaves=31
num_cat=0
split_feature=59 31 23 18 27 29 83 33 84 104 15 88 13 37 38 28 84 33 88 86 28 7 11 10 82 33 71 34 28 8
split_gain=4.23851 9.11026 14.4394 11.5232 8.7602 9.53488 12.0544 10.0644 7.81177 9.8352 9.40528 7.60202 7.4223 7.27426 21.9832 8.58678 13.4641 9.41968 7.08683 6.56815 10.3229 6.87913 6.67683 6.9586 6.36276 7.95861 6.33739 8.79329 8.58897 16.3666
threshold=28.500000000000004 1.6121532512998444 1.8623692050677805 1.5500000000000003 1.1995347124462643 1.234772230460971 72.500000000000014 1.4785476554822545 101.50000000000001 106.55000000000001 4.49444033092841 51.350000000000001 6.2529941676989056 1.9746794344808967 2.183333333333334 1.1464285714285716 66.500000000000014 1.060005038625601 49.550000000000004 113.50000000000001 0.84807692307692317 9.4021259148901013 6.7725256825899107 21.225000000000005 657.50000000000011 0.92237834162261667 6.5000000000000009 1.1026315789473686 1.6833333333333336 27.650000000000002
decision_type=10 10 10 10 10 10 10 10 10 2 10 10 10 10 10 10 10 10 10 10 10 10 10 10 10 10 10 8 10 10
left_child=26 4 3 -3 5 7 -7 13 9 10 -6 -5 18 15 -15 16 19 24 -11 21 -21 22 23 -2 25 -17 -1 -28 -29 -30
right_child=1 2 -4 11 8 6 -8 -9 -10 12 -12 -13 -14 14 -16 17 -18 -19 -20 20 -22 -23 -24 -25 -26 -27 27 28 29 -31
leaf_value=0.00014395263805226598 0.00053821437797946107 0.04864272410852899 0.10785712694749237 -0.035471664427055259 0.073330576039318529 0.10687570295163565 0.012901896294445181 0.057722620133842745 -0.061090147282396048 -0.025472360797730728 -0.016456236671656372 0.038625212237238887 0.038624001548697169 0.11715042250738904 -0.0048229726610912217 -0.013906508844280453 0.070901539493352178 -0.061465041792565372 0.011503369817093238 0.076469769080479949 0.0016930741102745136 0.053931641222342203 -0.023567526978559985 0.060448410212993624 -0.044726456872998706 0.049726182118368649 -0.0085089083574310716 -0.00017845160064728231 -0.069786194638878696 0.0085192254445116446
leaf_weight=88446 633 58 20 45 28 21 39 35 28 229 20 20 26 22 45 57 30 41 67 30 48 23 117 20 31 30 2033 5140 51 56
leaf_count=88446 633 58 20 45 28 21 39 35 28 229 20 20 26 22 45 57 30 41 67 30 48 23 117 20 31 30 2033 5140 51 56
internal_value=5.10258e-12 0.00485867 0.0290538 0.0162403 0.00272292 0.0069196 0.0457927 0.00491238 -0.0101623 -0.00630835 0.0359194 -0.0126726 -0.0126032 0.00327231 0.035228 0.00125247 0.0050334 -0.0201728 -0.0171029 0.00276469 0.0304533 4.12169e-05 -0.0015685 0.00237314 -0.00582547 0.0080358 -8.94829e-05 -0.00292553 -0.000762199 -0.0288039
internal_weight=97489 1763 143 123 1620 1222 60 1162 398 370 48 65 322 1127 67 1060 901 159 296 871 78 793 770 653 118 87 95726 7280 5247 107
internal_count=97489 1763 143 123 1620 1222 60 1162 398 370 48 65 322 1127 67 1060 901 159 296 871 78 793 770 653 118 87 95726 7280 5247 107
is_linear=0
shrinkage=0.1


Tree=69
num_leaves=31
num_cat=0
split_feature=13 2 94 23 7 22 22 3 104 8 31 22 0 13 52 2 26 2 73 3 97 29 35 29 48 23 88 97 31 9
split_gain=4.11728 9.27473 12.0599 12.7339 13.3974 11.7393 11.3717 10.7808 10.668 12.433 10.8058 13.1693 11.3428 19.7312 10.3195 17.0323 9.51906 9.09276 10.2708 8.63159 8.60422 8.27862 7.89315 7.77867 8.65072 7.25749 7.25423 10.5467 10.8479 7.84613
threshold=5.1210344699038464 28.153571428571436 4.5000000000000009 3.1910640221901168 5.5767301901688002 4.7029411764705893 2.757352941176471 13.487988479904944 116.55000000000001 13.950000000000001 1.297417464888168 2.9045454545454548 46.650000000000013 6.0745314427697314 13.500000000000002 38.815000000000019 0.47222222222222227 29.180000000000007 4.5000000000000009 15.344311287154307 13.500000000000002 1.2144698749608402 0.68227130771774525 1.0408037621993127 29.750000000000004 2.5107662774064847 42.45000000000001 7.5000000000000009 1.0477225575051665 4.9018134284776727
decision_type=10 10 10 10 10 10 10 10 2 10 10 10 10 8 8 10 10 10 10 10 2 10 10 10 10 10 10 2 10 10
left_child=-1 6 3 5 -5 8 -2 -6 10 -10 14 16 20 -14 17 -16 -12 18 -3 -4 -13 23 -8 25 -25 -7 29 -28 -29 -19
right_child=1 2 19 4 7 21 22 -9 9 -11 11 12 13 -15 15 -17 -18 26 -20 -21 -22 -23 -24 24 -26 -27 27 28 -30 -31
leaf_value=-0.00010070254157664793 -0.011917672038812433 0.095425049141049392 -0.028079154600305224 -0.017084686670984544 0.12341510040255695 -0.038907188888300553 0.00014477309194349107 0.033990399692473666 0.08830730819486475 0.016891517858568798 0.054566258013896321 0.12376891031329121 0.070868648381363003 -0.054673060171660931 -0.018188190773129467 0.092749733585984484 0.0056689045293653083 0.012938656692858786 -0.00071919739246368414 0.023443229008643401 0.04122257661884246 -0.040739389462396504 0.087924129042658034 -0.010581775754690171 0.080289026197384705 0.01401412172661144 0.061492324347936493 0.015771666886915166 -0.038865465883165598 -0.019610831901764519
leaf_weight=95203 477 20 144 21 26 55 21 28 38 68 46 28 31 21 25 31 296 96 25 42 23 72 20 20 22 49 34 133 50 324
leaf_count=95203 477 20 144 21 26 55 21 28 38 68 46 28 31 21 25 31 296 96 25 42 23 72 20 20 22 49 34 133 50 324
internal_value=-4.11227e-12 0.00419387 0.00764162 0.0104736 0.0506899 0.00847208 -0.00757376 0.0770467 0.0121017 0.0424934 0.00937857 0.0216865 0.0530334 0.0201691 0.00195712 0.0432239 0.0122457 -0.00143135 0.0420116 -0.0164451 0.0865421 -0.0129895 0.042964 0.00069534 0.0370172 -0.0139731 -0.00450032 0.0103461 0.000843489 -0.0121709
internal_weight=97489 2286 1768 1582 75 1507 518 54 1289 106 1183 445 103 52 738 56 342 682 45 186 51 218 41 146 42 104 637 217 183 420
internal_count=97489 2286 1768 1582 75 1507 518 54 1289 106 1183 445 103 52 738 56 342 682 45 186 51 218 41 146 42 104 637 217 183 420
is_linear=0
shrinkage=0.1


Tree=70
num_leaves=31
num_cat=0
split_feature=83 23 2 104 9 39 37 52 53 27 83 8 85 3 29 46 11 38 13 109 1 94 29 28 32 10 26 5 39 82
split_gain=4.07996 7.73686 9.13084 4.95324 11.7801 8.21894 12.5129 11.3941 14.7656 17.6246 11.0646 9.30546 7.35935 7.4142 7.86488 11.0122 15.5195 6.9751 6.93096 6.68165 6.36431 6.59836 6.93325 8.51046 6.61204 6.12259 5.62955 9.75403 12.3091 14.4388
threshold=1.5000000000000002 2.4368424640584476 37.84500000000002 119.30000000000003 4.7485795460976385 1.854423534450824 1.8027222972291639 5.5000000000000009 31.500000000000004 1.060005038625601 7.5000000000000009 28.450000000000003 30.500000000000004 4.1895106948351435 1.1655189806610031 1.2330316742081451 4.4043937367376929 3.3666666666666671 2.0554714830003755 22.848733744010953 9.1837356232110618 1.5000000000000002 0.9954639191026512 0.74342105263157909 1.0000000180025095e-35 23.975000000000005 0.78888888888888908 12.837375530580134 0.9457461698162889 81.500000000000014
decision_type=8 10 10 2 10 10 10 8 10 10 8 10 8 10 10 10 10 10 10 2 10 10 10 10 10 10 10 10 10 10
left_child=1 2 -1 -2 12 7 -7 8 10 18 -6 17 13 -5 15 20 -17 -9 -10 -14 21 22 23 24 -15 -8 -12 28 -28 -30
right_child=3 -3 -4 4 5 6 25 11 9 -11 26 -13 19 14 -16 16 -18 -19 -20 -21 -22 -23 -24 -25 -26 -27 27 -29 29 -31
leaf_value=-0.0042786934638745855 9.5292840698246426e-06 -0.045883228257298472 0.054267265161292426 -0.030089116841554644 0.050645897356527192 0.092458544898292305 0.037070204359629461 -0.021679189552490315 -0.015957412276512536 0.10920946043154869 -0.019675652294880847 0.032768514418396455 0.039384019011631612 -0.0013692905073580536 -0.012215677414758083 0.13801871771397797 0.034929050840437417 -0.08088933750987054 0.040537294975424909 -0.029005688708275558 -0.0093515833103379534 -0.013082211880156628 0.090760035502413905 -0.016557133375733561 0.059643004357050625 -0.026300868120354912 -0.036525390749062657 0.069975661422358823 0.066049140448180541 -0.007579485985029135
leaf_weight=1992 94098 44 27 22 35 23 31 208 39 26 206 29 20 23 39 23 40 22 49 50 43 26 24 28 78 30 71 20 39 84
leaf_count=1992 94098 44 27 22 35 23 31 208 39 26 206 29 20 23 39 23 40 22 49 50 43 26 24 28 78 30 71 20 39 84
internal_value=-6.15231e-12 -0.00439981 -0.00349576 9.51188e-05 0.00615973 -0.000201257 0.0296035 -0.00322493 0.00468947 0.0368722 -0.00337391 -0.0206122 0.020105 0.0260875 0.0299019 0.0356654 0.072565 -0.0273428 0.0154999 -0.00946577 0.0251939 0.0334925 0.0414072 0.0322253 0.0457491 0.0059041 -0.00787556 0.00348341 -0.00337146 0.0157662
internal_weight=97489 2063 2019 95426 1328 912 84 828 569 114 455 259 416 346 324 285 63 230 88 70 222 179 153 129 101 61 420 214 194 123
internal_count=97489 2063 2019 95426 1328 912 84 828 569 114 455 259 416 346 324 285 63 230 88 70 222 179 153 129 101 61 420 214 194 123
is_linear=0
shrinkage=0.1


Tree=71
num_leaves=31
num_cat=0
split_feature=41 38 29 7 35 3 104 19 43 104 33 41 107 16 53 41 104 38 11 83 17 57 7 105 12 47 82 8 84 60
split_gain=4.08332 14.0275 11.435 11.8821 10.4794 10.2596 13.4965 14.6312 10.8722 9.89299 9.84306 9.47915 13.9057 18.6252 13.6831 11.5174 11.1155 10.1507 17.3307 20.0184 13.034 14.6512 13.5975 13.5579 12.242 10.6093 13.9744 9.51385 12.3015 10.9324
threshold=1.9057717423562364 4.7250000000000005 1.7573145395232175 2.5132957790129056 0.86008240010958248 11.966121157363608 109.35000000000001 2.9832396974191338 1.7604525947843548 110.85000000000001 0.70315633998332439 2.1868539568580014 2009.5000000000002 7.5562500000000012 23.500000000000004 1.9436129924374039 106.75000000000001 2.7638888888888893 5.7902544658798254 158.50000000000003 2.9179570993036283 14.500000000000002 4.0393888659823265 0.63333333333333341 2.9000000000000004 1.6956076610607895 479.50000000000006 23.550000000000004 76.500000000000014 4.5000000000000009
decision_type=10 10 10 10 10 10 2 8 10 2 10 10 2 10 8 10 2 10 10 8 10 10 10 8 10 10 10 10 10 10
left_child=1 -1 3 10 11 6 -3 -8 -7 -10 -2 12 13 15 -13 -5 -17 -16 19 -19 21 22 23 -20 -24 26 -23 28 29 -14
right_child=2 5 -4 4 -6 8 7 -9 9 -11 -12 14 27 -15 17 16 -18 18 20 -21 -22 25 24 -25 -26 -27 -28 -29 -30 -31
leaf_value=0.00011140181976173903 -0.0046362728115569045 -0.0063981369965606279 -0.030939167094133468 -0.0078104120457456227 0.0055722074836925539 -0.039894504563294741 0.03022967148960258 0.11391077818399348 0.084531110115349306 -0.014932386102154853 -0.049388599384605811 0.056755488195820991 -0.0082948097631423343 -0.052173387081850146 -0.024922752541777001 0.041882353276014334 0.13610925603480567 0.12029583069875285 0.11166447489319936 0.0070499696919845561 -0.011792608083069193 0.14002781998027455 -0.043848438830199565 -0.00091315068304538734 0.0058571863211109307 0.0043517300928080527 0.025981835382325309 -0.01469736421528034 0.025668873939744749 0.026386661133823954
leaf_weight=91041 103 36 138 21 1711 38 48 37 20 20 94 46 1253 21 133 31 21 27 23 37 452 22 55 20 500 27 21 1258 137 98
leaf_count=91041 103 36 138 21 1711 38 48 37 20 20 94 46 1253 21 133 31 21 27 23 37 452 22 55 20 500 27 21 1258 137 98
internal_value=-7.39301e-12 0.000169372 -0.00247296 -0.00183013 -0.00102534 0.0266903 0.0449206 0.0666556 -0.00158996 0.0347994 -0.0259902 -0.00371113 -0.00700111 0.030819 0.00314401 0.0546935 0.0799355 0.00127147 0.0042139 0.0548256 0.0013218 0.0101956 0.00512868 0.0593028 0.000931404 0.0534818 0.0843309 -0.00829576 -0.00288365 -0.00577906
internal_weight=97489 91240 6249 6111 5914 199 121 85 78 40 197 4203 2840 94 1363 73 52 1317 1184 64 1120 668 598 43 555 70 43 2746 1488 1351
internal_count=97489 91240 6249 6111 5914 199 121 85 78 40 197 4203 2840 94 1363 73 52 1317 1184 64 1120 668 598 43 555 70 43 2746 1488 1351
is_linear=0
shrinkage=0.1


Tree=72
num_leaves=31
num_cat=0
split_feature=102 102 63 18 37 53 25 64 100 9 27 90 111 0 21 19 29 24 97 23 4 32 14 21 9 43 43 27 44 27
split_gain=4.04833 5.68766 7.10378 6.96033 5.38618 4.30056 15.7469 12.9926 16.8458 16.6815 11.7965 10.7978 10.4968 10.3399 10.3246 9.81396 12.5407 12.6284 9.5345 14.754 13.033 13.3163 15.042 12.9062 11.3109 21.2235 10.3925 9.40788 10.8736 17.6163
threshold=320.50000000000006 207.50000000000003 13.500000000000002 1.7750000000000001 1.6380804171854755 39.500000000000007 2.2041230063145054 1.0000000180025095e-35 1.0000000180025095e-35 7.2972592731644541 1.9564702302802399 6.5000000000000009 14.500000000000002 53.230000000000011 2.7446888612788523 3.4999927113323168 1.6205903716295447 1.5500000000000003 7.5000000000000009 1.2942477002862909 15.344999999999999 0.95000000000000007 6.0500000000000007 0.94574616981628878 4.2645175760542209 1.5082875444051553 2.8679227679621433 1.6541141089731555 1.5277777777777779 1.7013059038951182
decision_type=10 10 10 10 10 8 10 10 2 10 10 10 2 10 10 10 10 10 2 8 10 10 10 10 8 10 10 8 8 10
left_child=1 5 3 -3 -4 -1 7 15 9 -9 12 -10 -8 -11 -13 18 -17 -18 19 20 -7 22 23 -22 25 -21 -26 -20 29 -29
right_child=-2 2 4 -5 -6 6 10 8 11 13 -12 14 -14 -15 -16 16 17 -19 27 24 21 -23 -24 -25 26 -27 -28 28 -30 -31
leaf_value=-0.00024815194209565274 0.035019302864869435 -0.0022312337283599132 0.056956701699112149 -0.041771587771454864 -0.015554902858566495 -0.01598732549697161 -0.029616685935920012 0.076035543971441022 0.027474515393917123 -0.0016843245684867725 0.011362209157510239 0.13867257988971213 -0.10072457062510343 -0.082550724099079764 0.042849977885965597 -0.0045498520311112465 0.00057137553535756616 -0.10369077892257617 0.0034177225824007168 0.003044024610426277 -0.03238221219825474 0.0017782903742045164 0.12502318139633406 0.053552958564421931 -0.0074954120370767166 0.115270464935086 0.021211586999654405 0.11304321799959456 0.0083539707277705717 0.023303729764651508
leaf_weight=83230 33 79 21 102 20 80 103 22 62 64 55 23 26 21 22 1336 21 26 8819 72 22 91 23 85 2434 22 133 28 314 100
leaf_count=83230 33 79 21 102 20 80 103 22 62 64 55 23 26 21 22 1336 21 26 8819 72 22 91 23 85 2434 22 133 28 314 100
internal_value=1.15768e-11 -1.1858e-05 -0.0159999 -0.0245136 0.0215852 2.46451e-05 0.00164596 0.00203288 0.0264813 -0.00157551 -0.0274154 0.0545382 -0.0439485 -0.0216631 0.091826 0.00164835 -0.00633591 -0.0571056 0.00255175 -0.00238677 0.0185979 0.0311174 0.0516548 0.035884 -0.00476046 0.0293098 -0.00600806 0.00413126 0.0183682 0.0429342
internal_weight=97489 97456 222 181 41 97234 14004 13820 214 107 184 107 129 85 45 13606 1383 47 12223 2962 301 221 130 107 2661 94 2567 9261 442 128
internal_count=97489 97456 222 181 41 97234 14004 13820 214 107 184 107 129 85 45 13606 1383 47 12223 2962 301 221 130 107 2661 94 2567 9261 442 128
is_linear=0
shrinkage=0.1


Tree=73
num_leaves=31
num_cat=0
split_feature=24 19 28 3 85 90 104 3 5 52 105 24 88 34 47 109 28 36 1 45 86 1 48 43 89 20 20 3 88 28
split_gain=4.03253 11.955 10.4755 9.24796 9.90756 10.3163 8.73917 7.64772 8.20492 15.3081 12.9089 10.2971 7.05947 6.53247 6.17638 5.618 5.15417 12.7492 16.6828 15.5184 11.6827 11.3071 10.9061 11.4925 18.611 10.7283 10.2226 9.61543 8.95925 8.31351
threshold=2.9000000000000004 1.2415253053016908 2.0750000000000006 13.399894278119199 26.500000000000004 2.5000000000000004 109.55000000000001 12.471774800185525 10.330307989396648 6.5000000000000009 0.63333333333333341 3.1000000000000005 43.850000000000001 0.89181286549707617 1.2103353896487981 25.967145790554419 2.3416666666666672 1.9000000000000001 10.097054025044828 0.81988459163814564 171.50000000000003 9.1837356232110618 14.65 1.1178102700547354 20.500000000000004 8.0500000000000025 6.1125000000000007 9.3885657406468557 50.45000000000001 2.2678571428571432
decision_type=10 8 10 10 8 10 2 8 10 10 8 10 10 10 10 2 10 10 10 10 8 10 10 10 10 10 8 10 10 10
left_child=16 2 14 4 5 -3 15 8 11 12 -11 -7 -10 -6 -2 -5 29 18 -18 21 22 -19 23 -21 -25 26 27 -24 -27 -1
right_child=1 3 -4 6 13 7 -8 -9 9 10 -12 -13 -14 -15 -16 -17 17 19 -20 20 -22 -23 25 24 -26 28 -28 -29 -30 -31
leaf_value=3.0527489306670195e-05 0.024158352690524069 -0.04660103189180026 -0.015588141242532353 -0.05335332800944647 -0.072843589666573436 -0.013039307522454434 -0.078314632909106355 0.069614138305187229 -0.014084583419290456 -0.014152575822899471 0.084010668897203045 0.06781764357454248 -0.091754621205851442 -0.010854651132488952 0.095368752983354399 0.016806780248880389 0.01194171934973362 0.021267115809023379 -0.088350553451864822 -0.0039495367789641024 -0.042336421557036902 0.12407610549227051 0.039913058362435555 0.1235978040000191 0.016566753581476711 0.088380871216456103 -0.076577670621159291 -0.037608852761331947 -0.0029355896467512304 -0.02760222169972204
leaf_weight=96535 29 37 38 21 34 28 42 20 22 37 21 36 25 34 21 25 43 20 27 32 35 23 32 32 33 21 23 32 22 109
leaf_count=96535 29 37 38 21 34 28 42 20 22 37 21 36 25 34 21 25 43 20 27 32 35 23 32 32 33 21 23 32 22 109
internal_value=-7.01205e-13 -0.0092404 0.0239885 -0.0168952 -0.00838268 0.00168687 -0.0453348 0.0111401 0.00422004 -0.0129824 0.0213893 0.0324427 -0.0553984 -0.0418491 0.0540667 -0.0152228 4.47643e-05 0.0117458 -0.0267424 0.0205791 0.011441 0.076258 0.0197326 0.0451077 0.069259 0.00079895 -0.0193971 0.0011521 0.0416608 -6.38125e-07
internal_weight=97489 470 88 382 294 226 88 189 169 105 58 64 47 68 50 46 97019 375 70 305 262 43 227 97 65 130 87 64 43 96644
internal_count=97489 470 88 382 294 226 88 189 169 105 58 64 47 68 50 46 97019 375 70 305 262 43 227 97 65 130 87 64 43 96644
is_linear=0
shrinkage=0.1


Tree=74
num_leaves=31
num_cat=0
split_feature=3 29 51 39 8 1 103 49 104 104 43 26 20 9 103 106 59 60 27 7 82 1 27 17 71 28 0 31 48 7
split_gain=3.89557 8.80574 10.452 12.8749 10.6858 7.47109 15.1526 12.2503 11.7663 14.2254 7.32575 6.94201 10.0087 8.34012 7.06466 6.88844 7.60513 8.88858 6.72241 6.63773 6.55204 17.0737 19.5522 7.5143 6.90004 7.29714 8.17832 7.19926 8.46648 6.84378
threshold=16.447846855800957 1.1183608037409078 79.100000000000009 2.4506232412871429 30.550000000000004 12.728098836446677 0.29250000000000004 65.750000000000014 110.05000000000001 108.55000000000001 0.86554360876699599 1.1833333333333336 3.8166666666666669 10.241798883540156 0.27900000000000008 333.50000000000006 14.500000000000002 1.5000000000000002 0.97386269437804185 11.353412729444718 297.50000000000006 11.862019221007689 1.3395671481745668 1.8614274250229497 8.5000000000000018 1.2426470588235297 52.490000000000009 1.3779271744364847 30.750000000000004 5.8949115357551554
decision_type=10 10 10 10 10 10 2 8 2 2 10 10 10 10 2 2 10 10 10 10 8 10 10 10 10 10 10 10 10 10
left_child=-1 2 11 4 5 18 -7 -8 9 10 -9 13 -13 19 -15 16 17 -16 -4 -2 23 22 -22 -3 27 -26 -27 28 -25 -23
right_child=1 20 3 -5 -6 6 7 8 -10 -11 -12 12 -14 14 15 -17 -18 -19 -20 -21 21 29 -24 24 25 26 -28 -29 -30 -31
leaf_value=8.9359995763201085e-05 -0.0056337046902626758 0.023745385648379493 -0.03577391240331862 -0.030580188821069901 -0.020590522036784228 0.1240308238565922 0.1037977902130002 0.059042611615411168 -0.0045529179864480527 0.12297013191506267 -0.014058103498357994 0.016237349638008866 -0.055713396134047681 0.064625154693539327 -0.010230548464153943 -0.039734809041023257 0.068315471880487172 0.064695028960704809 0.033564792596684885 -0.052000101692974567 0.00080798276596599154 -0.043120368661281348 0.13125983025878668 -0.024151348304243304 0.060247028023004537 -0.05031690983860581 0.023894161166566792 -0.066103528397208136 0.024352022642508533 -0.0018815701157901901
leaf_weight=95579 262 43 27 50 45 20 21 29 79 20 26 29 58 26 76 25 24 20 29 35 27 48 20 466 20 27 33 37 39 249
leaf_count=95579 262 43 27 50 45 20 21 29 79 20 26 29 58 26 76 25 24 20 29 35 27 48 20 466 20 27 33 37 39 249
internal_value=-9.39197e-12 -0.0044717 0.00271368 0.0163547 0.0242829 0.0323279 0.0415734 0.0321497 0.0223795 0.0507484 0.0244859 -0.00579044 -0.0317298 -0.000968376 0.0166248 0.00801779 0.0179663 0.00537895 0.000133631 -0.0110978 -0.010888 0.000316057 0.0563194 -0.0166837 -0.0194787 0.00793614 -0.00950082 -0.0235251 -0.0204055 -0.00854643
internal_weight=97489 1910 901 346 296 251 195 175 154 75 55 555 87 468 171 145 120 96 56 297 1009 344 47 665 622 80 60 542 505 297
internal_count=97489 1910 901 346 296 251 195 175 154 75 55 555 87 468 171 145 120 96 56 297 1009 344 47 665 622 80 60 542 505 297
is_linear=0
shrinkage=0.1


Tree=75
num_leaves=31
num_cat=0
split_feature=110 24 107 88 92 30 32 28 1 88 104 25 40 6 107 35 26 41 37 105 93 3 84 45 40 33 35 24 22 39
split_gain=3.9721 10.2632 8.99818 12.9693 11.413 10.1942 8.85659 10.0569 14.8594 12.1735 12.3079 11.9553 16.8897 14.357 12.488 14.821 11.0632 15.5059 14.4926 13.2818 11.6666 11.658 10.8773 9.80967 15.6584 13.6332 13.2688 10.4177 11.3179 10.7603
threshold=80.500000000000014 2.5500000000000003 2004.5000000000002 53.150000000000013 1.5000000000000002 0.77500000000000013 1.4142857142857144 1.5419580419580423 3.6476019416652754 56.350000000000001 103.45000000000002 1.4916198487095664 3.757352941176471 24.900000000000002 2015.5000000000002 1.031826849701565 1.9500000000000002 1.7559250841325662 2.0615171442623468 0.55000000000000016 1.0000000180025095e-35 10.833789733854465 56.500000000000007 2.0124607063994389 3.3038461538461541 0.99721446300587679 1.1720406004780022 2.1000000000000005 2.757352941176471 1.3395671481745666
decision_type=2 10 2 8 10 10 8 10 8 10 2 8 10 10 2 10 10 10 10 10 10 10 8 10 10 8 8 10 10 10
left_child=-1 2 3 4 5 -2 7 -4 -9 11 -11 13 -13 14 15 -10 17 19 20 21 -19 -12 -18 24 27 -26 -27 -8 -29 -30
right_child=1 -3 6 -5 -6 -7 23 8 9 10 16 12 -14 -15 -16 -17 22 18 -20 -21 -22 -23 -24 -25 25 26 -28 28 29 -31
leaf_value=0.00040700270664387005 0.00084780096593830331 -0.021592137829090158 -0.0014375423801441514 0.079728126661344018 -0.0393481458811199 0.087250698290087969 0.0011895154181053463 0.066224785149097451 -0.0048215569581015645 0.055499298535287379 0.12092472392888297 -0.010940270862106742 0.074235109708927299 -0.044185542843108688 -0.02614862503145229 0.091349388862198053 -0.087093434170154596 -0.0016316174751236326 0.030463157003295833 -0.014840538995830635 -0.099501218222852406 0.031592787305514021 -0.0023530465522498796 -0.023793950758821576 -0.029652639230092367 0.077331243684007372 0.021870011425577107 0.056875269774879736 -0.062215972896665341 0.033128826166021412
leaf_weight=69310 36 240 20301 33 34 22 5924 24 59 40 21 169 27 271 176 22 28 21 29 38 29 48 33 141 39 55 200 70 20 29
leaf_count=69310 36 240 20301 33 34 22 5924 24 59 40 21 169 27 271 176 22 28 21 29 38 29 48 33 141 39 55 200 70 20 29
internal_value=1.15379e-11 -0.00100108 -0.000824197 0.0259458 0.00665434 0.0336213 -0.000944505 -0.00192776 -0.0115431 -0.0133892 0.00403927 -0.020298 0.000793072 -0.0281273 -0.0111943 0.0212989 -0.00429434 0.00782562 -0.0257768 0.0326349 -0.058396 0.0587808 -0.0412503 0.00229395 0.00287441 0.0254108 0.0338322 0.00177799 0.031073 -0.00578742
internal_weight=97489 28179 27939 125 92 58 27814 21336 1035 1011 287 724 196 528 257 81 247 186 79 107 50 69 61 6478 6337 294 255 6043 119 49
internal_count=97489 28179 27939 125 92 58 27814 21336 1035 1011 287 724 196 528 257 81 247 186 79 107 50 69 61 6478 6337 294 255 6043 119 49
is_linear=0
shrinkage=0.1


Tree=76
num_leaves=31
num_cat=0
split_feature=50 19 19 31 87 33 0 14 7 6 96 14 28 21 21 50 16 16 38 27 103 89 45 13 33 82 80 48 94 36
split_gain=3.99177 9.35217 13.9248 7.56171 7.37394 11.0836 15.1281 15.7864 13.452 12.5875 9.86701 12.943 13.4153 13.6547 12.7215 11.215 10.5533 14.8966 9.51654 11.6169 9.43357 9.37994 9.73141 10.057 9.28319 9.33001 10.3704 9.13375 9.41995 12.4506
threshold=-0.39999999999999997 5.6213806921323064 4.9396252429261649 1.0000000180025095e-35 59.500000000000007 1.060005038625601 38.010000000000012 5.6125000000000007 5.5317192897358307 21.900000000000002 237.50000000000003 4.1125000000000007 1.6306818181818186 3.481582844185533 3.1082326670376585 -0.89999999999999991 10.263888888888891 10.605555555555556 1.4142857142857144 0.68250705852645377 0.51950000000000018 30.500000000000004 2.0615488497893764 2.2912618684212727 0.68250705852645377 279.50000000000006 1151.2500000000007 30.750000000000004 3.5000000000000004 2.7750000000000004
decision_type=10 10 10 10 10 10 10 10 10 10 2 10 10 10 10 10 10 10 8 8 2 10 10 10 8 10 10 8 10 10
left_child=1 2 4 -4 10 -6 7 -7 20 -8 11 12 15 14 -14 -1 21 -18 -12 -20 -9 27 23 -23 25 -21 -27 -13 29 -29
right_child=-2 -3 3 -5 5 6 9 8 -10 -11 18 16 13 -15 -16 -17 17 -19 19 24 -22 22 -24 -25 -26 26 -28 28 -30 -31
leaf_value=0.00084832433938125207 0.00046218272597856952 0.061515505860249203 0.015305982174521143 -0.050472096337334196 -0.0044701654045776126 0.0088587405783686346 -0.037592264754991785 0.14720574962906538 0.022608116611705295 0.01210000681622081 -0.006667671380476037 0.0044908576924851222 -0.023141788699079392 0.053924137921560381 -0.10652299046516418 -0.0093030902266468592 0.11475392478030354 0.0015148455706926493 0.012461276061462525 -0.035445185184266557 0.057284018450549673 -0.00044374197730976186 0.053875963799655438 -0.039920178216396825 6.2907915056767297e-05 0.065555117502808569 -0.010571418888182105 0.024209369460222341 0.06967177310002011 -0.040678429483052565
leaf_weight=10586 64066 24 22 85 7431 227 95 20 56 110 3690 5689 215 21 20 1213 21 26 672 158 28 141 20 119 2246 20 170 227 37 34
leaf_count=10586 64066 24 22 85 7431 227 95 20 56 110 3690 5689 215 21 20 1213 21 26 672 158 28 141 20 119 2246 20 170 227 37 34
internal_value=-4.59815e-12 -0.000885923 -0.000930764 -0.0369476 -0.000815006 -0.00346843 0.0104194 0.0236407 0.055905 -0.0109281 1.97367e-05 0.0012344 -0.000686671 -0.0233341 -0.0302381 -0.000195295 0.0049022 0.052111 -0.00318787 0.00074369 0.0947514 0.00454815 -0.0133412 -0.0185118 -0.00229186 -0.0174896 -0.0025581 0.0053848 0.0224507 0.0157566
internal_weight=97489 33423 33399 107 33292 7967 536 331 104 205 25325 18369 12055 256 235 11799 6314 47 6956 3266 48 6267 280 260 2594 348 190 5987 298 261
internal_count=97489 33423 33399 107 33292 7967 536 331 104 205 25325 18369 12055 256 235 11799 6314 47 6956 3266 48 6267 280 260 2594 348 190 5987 298 261
is_linear=0
shrinkage=0.1


Tree=77
num_leaves=31
num_cat=0
split_feature=77 43 1 14 0 79 27 46 88 26 16 4 6 15 103 88 86 0 90 86 11 16 76 94 6 102 88 92 49 111
split_gain=3.88127 10.3054 10.5962 8.50257 8.40598 7.79007 6.7246 6.3956 8.74328 9.34523 7.88106 6.76497 6.53716 9.22684 6.31341 8.62885 5.92715 8.88652 9.11263 7.37928 7.49351 6.14627 5.69381 14.4209 5.26195 10.231 11.3571 20.0178 14.9795 10.8669
threshold=12.500000000000002 1.1178102700547354 5.6344919911231885 4.7071428571428582 43.370000000000012 12.500000000000002 0.50819888974716132 5.3750000000000009 49.850000000000001 1.4722222222222225 5.3535714285714286 49.40750000000002 19.100000000000005 1.3395671481745668 0.57100000000000006 40.050000000000004 111.50000000000001 45.690000000000012 6.5000000000000009 97.500000000000014 10.674305103354319 3.7029411764705888 4.5000000000000009 3.5000000000000004 27.500000000000004 1.5000000000000002 62.45000000000001 3.5000000000000004 89.800000000000026 1.5000000000000002
decision_type=10 10 10 10 10 10 10 10 10 10 10 10 10 10 2 8 10 10 10 8 10 10 10 10 10 10 10 10 10 2
left_child=5 -2 -3 14 -5 22 -7 8 12 -10 -9 -12 -8 -14 15 -4 19 18 -18 20 21 -15 24 -24 -1 26 27 28 29 -26
right_child=1 2 3 4 -6 6 7 10 9 -11 11 -13 13 16 -16 -17 17 -19 -20 -21 -22 -23 23 -25 25 -27 -28 -29 -30 -31
leaf_value=-0.00013397612459973483 0.075600591232068845 -0.062759115956723691 -0.063869845239376583 0.087695749684308599 0.003707817558791827 0.034510420131332736 -0.028160688331337187 -0.022095962161005574 -0.050692402866802044 0.011794495366273389 0.083949379081075845 0.0035909819789230824 0.049178544401882157 0.027552812515447542 0.032510786345510773 0.012357904829762199 -0.025204556476091967 -0.083364864048503698 0.041161400534212592 0.03552821160969781 0.040977181926850348 -0.016818793980067873 0.071245320652212424 -0.033575243112586799 0.016456634944541183 0.0051190919953585951 -0.030454445942446142 0.077298969487028746 0.053536663795026342 -0.015985714241873103
leaf_weight=91163 24 20 27 26 22 34 138 29 105 31 22 20 31 36 33 33 120 21 25 51 31 235 35 21 132 4313 165 31 41 474
leaf_count=91163 24 20 27 26 22 34 138 29 105 31 22 20 31 36 33 33 120 21 25 51 31 235 35 21 132 4313 165 31 41 474
internal_value=2.30926e-12 0.0144707 0.00535814 0.0150202 0.0492013 -2.75125e-05 -0.0091409 -0.0107992 -0.0132805 -0.0364491 0.0179989 0.0456835 -0.00870072 -0.00381804 -0.00262171 -0.0219446 -0.00698354 -0.0225673 -0.0137622 0.000344805 -0.00559676 -0.0109244 6.03354e-05 0.0319376 4.18019e-05 0.00314972 -0.00692606 -0.00120012 -0.00496128 -0.00891906
internal_weight=97489 185 161 141 48 97304 929 895 824 136 71 42 688 550 93 60 519 166 145 353 302 271 96375 56 96319 5156 843 678 647 606
internal_count=97489 185 161 141 48 97304 929 895 824 136 71 42 688 550 93 60 519 166 145 353 302 271 96375 56 96319 5156 843 678 647 606
is_linear=0
shrinkage=0.1


Tree=78
num_leaves=31
num_cat=0
split_feature=81 6 84 86 103 71 93 29 63 30 13 24 39 24 105 39 3 29 82 20 46 6 59 9 24 8 0 25 45 84
split_gain=3.88243 11.9787 10.1355 10.9392 10.921 10.3158 9.48917 9.17828 14.3644 13.0588 18.1078 10.7627 9.12374 8.82444 8.55003 14.1095 9.75601 8.7613 13.3073 11.1506 11.9935 12.6774 13.0698 17.9368 14.9697 12.8051 14.0693 13.1125 12.3373 20.1611
threshold=946.50000000000011 36.900000000000006 32.500000000000007 127.50000000000001 0.42550000000000004 1.5000000000000002 1.0000000180025095e-35 1.1183608037409078 20.500000000000004 0.36666666666666675 3.1224887344895973 2.5500000000000003 2.98235537401749 2.2250000000000005 0.90000000000000013 2.2154750723631058 6.8821023914801556 0.8652650648275283 148.50000000000003 0.38750000000000007 1.1464285714285716 5.2250000000000005 7.5000000000000009 5.3520500870666874 1.5500000000000003 28.850000000000005 45.070000000000014 1.1897227048854206 1.1622332768749206 46.500000000000007
decision_type=10 10 10 10 2 10 10 10 10 10 10 10 10 10 10 10 10 10 10 10 10 10 10 10 10 10 10 10 10 10
left_child=1 2 3 7 -5 -4 -3 8 11 -10 -11 12 13 -1 17 16 -16 18 -7 -19 -21 -22 23 24 -23 27 -27 28 -24 -30
right_child=-2 6 5 4 -6 14 -8 -9 9 10 -12 -13 -14 -15 15 -17 -18 19 -20 20 21 22 25 -25 -26 26 -28 -29 29 -31
leaf_value=-9.1772897295639539e-05 -0.0016824559952093297 0.01294284133706242 -0.0099489842288180211 -0.010965749860191956 0.05523843068251575 0.018828171617521608 0.091479204788804058 -0.0032765432791808679 -0.022817742269994182 0.11424169885268545 -0.00064433012967524323 -0.068439726369536449 0.050307012307975033 0.044210603468947944 -0.031075116538742904 0.077234458811581141 -0.0038577010812721707 -0.037869475467104313 0.0043107733375082882 0.0051057473024587194 -0.037132930327006562 0.090746651346033269 -0.0055298269898733611 0.0023260590527206661 0.0078009419350160494 0.076268165443952263 0.011432442399431454 -0.0061195523095912072 -0.002015869950093382 0.012180037147049053
leaf_weight=51510 12024 40 704 39 69 739 25 10119 22 34 23 23 36 45 152 20 986 71 4337 6696 93 55 1674 160 36 39 236 3468 2118 1896
leaf_count=51510 12024 40 704 39 69 739 25 10119 22 34 23 23 36 45 152 20 986 71 4337 6696 93 55 1674 160 36 39 236 3468 2118 1896
internal_value=-4.27929e-12 0.000236703 0.000204042 -0.000466811 0.0313314 0.00197317 0.0431491 -0.00052237 1.67644e-05 0.0426254 0.0678842 -4.84521e-05 -1.79623e-05 -5.31034e-05 0.00234168 -0.00602973 -0.00749307 0.00279011 0.00642432 0.00167493 0.0018454 -0.000387988 -3.50357e-05 0.0224863 0.057933 -0.000634427 0.0206273 -0.00127302 0.00168193 0.00468952
internal_weight=97489 85465 85400 61920 108 23480 65 61812 51693 79 57 51614 51591 51555 22776 1158 1138 21618 5076 16542 16471 9775 9682 251 91 9431 275 9156 5688 4014
internal_count=97489 85465 85400 61920 108 23480 65 61812 51693 79 57 51614 51591 51555 22776 1158 1138 21618 5076 16542 16471 9775 9682 251 91 9431 275 9156 5688 4014
is_linear=0
shrinkage=0.1


Tree=79
num_leaves=31
num_cat=0
split_feature=30 44 42 105 15 26 19 103 87 37 100 103 42 3 41 37 37 35 0 7 27 5 5 36 85 15 89 19 28 64
split_gain=3.86421 3.7392 9.01673 6.12953 7.7444 5.19518 6.66614 5.39407 5.001 15.0873 12.5829 6.70855 4.87567 6.27998 4.60809 4.5318 4.59727 12.7303 11.7358 13.1563 12.0199 11.1273 11.266 12.3562 9.81949 18.3124 9.09089 9.00023 8.82663 8.08041
threshold=4.9000000000000012 5.3500000000000005 4.9000000000000012 0.90000000000000013 1.8305164962692515 2.0500000000000003 1.658243862791825 0.58400000000000007 268.50000000000006 1.4487266298961141 1.0000000180025095e-35 0.55850000000000011 5.9000000000000012 11.12169551422404 1.8007339865966245 3.9242626900637476 2.5980583915950088 0.46795329871770469 53.910000000000004 7.5993413647162322 1.1377339247471161 8.2189119205551098 8.8167566240889332 2.7750000000000004 56.500000000000007 3.401330253966151 38.500000000000007 2.3540578465190101 2.1125000000000003 1.0000000180025095e-35
decision_type=10 10 10 8 8 10 8 2 10 10 2 2 10 10 10 10 10 10 10 10 10 10 10 10 10 10 10 10 10 10
left_child=1 8 -3 4 -4 6 -6 14 12 11 -11 -10 15 -14 -8 16 -1 -18 21 20 -20 -19 23 -23 26 -26 28 -25 29 -24
right_child=-2 2 3 -5 5 -7 7 -9 9 10 -12 -13 13 -15 -16 -17 17 18 19 -21 -22 22 24 27 25 -27 -28 -29 -30 -31
leaf_value=8.3373834583730591e-05 -0.040120961765448257 -0.06995579254627228 0.039042457969238359 0.044956999139062002 -0.064946279097348444 -0.067097260532054046 -0.014509811332183226 -0.045197727419435979 0.018743947853605884 0.0052722904831171043 0.10062496415790051 -0.048705866624569077 0.074541631899774072 -0.0047047250159084801 0.041456486649751184 0.040223061053880627 -0.021703684380422552 -0.030479186478718792 -0.022923912336204604 -0.042894722389909185 0.041860965930391104 0.11191892670234665 -0.00096101300359572271 -0.029678482242992951 0.088808265062854497 -0.0056918747399164289 0.054015904857266345 0.064054838046431542 0.050704217003658417 -0.051309174829811767
leaf_weight=95211 24 25 24 21 20 22 28 20 30 25 31 29 20 20 31 28 364 92 71 129 48 20 936 21 37 46 31 20 32 33
leaf_count=95211 24 25 24 21 20 22 28 20 30 25 31 29 20 20 31 28 364 92 71 129 48 20 936 21 37 46 31 20 32 33
internal_value=9.96256e-12 9.87949e-06 -0.0139682 -0.00553631 -0.0128491 -0.0231417 -0.0133738 -0.000317445 3.73258e-05 0.0208785 0.0580568 -0.0144094 1.26576e-05 0.0349185 0.0148962 -1.71893e-06 -1.33193e-05 -0.00491026 -0.000878069 -0.0207729 0.0032078 0.00301304 0.00563318 0.0474791 0.00334385 0.0364347 0.000682478 0.0160451 -0.000969207 -0.00267566
internal_weight=97489 97465 191 166 145 121 99 79 97274 115 56 59 97159 40 59 97119 97091 1880 1516 248 119 1268 1176 61 1115 83 1032 41 1001 969
internal_count=97489 97465 191 166 145 121 99 79 97274 115 56 59 97159 40 59 97119 97091 1880 1516 248 119 1268 1176 61 1115 83 1032 41 1001 969
is_linear=0
shrinkage=0.1


Tree=80
num_leaves=31
num_cat=0
split_feature=71 50 19 81 37 12 48 14 23 29 84 2 0 11 85 91 13 28 1 41 27 15 51 24 39 1 33 28 6 42
split_gain=3.7249 9.27257 11.972 9.33174 12.5686 7.75669 9.5851 15.501 10.0294 15.0496 8.31958 8.11146 7.46088 7.34802 11.672 10.3351 11.9798 9.48574 18.6252 20.0479 9.90506 13.9123 8.97212 13.8156 15.4712 8.46284 7.42395 12.5656 9.79611 13.5999
threshold=6.5000000000000009 2.1500000000000008 2.5689727889526757 39.500000000000007 1.1897227048854206 17.500000000000004 26.950000000000003 14.750000000000002 1.9630558976602781 1.3019168404345407 86.500000000000014 42.705000000000013 45.070000000000014 8.7222491875975923 2.5000000000000004 1.0000000180025095e-35 3.3972973171698291 1.341666666666667 11.690316504594346 1.5661344103611374 1.1622332768749206 3.5024651172483221 99.000000000000014 1.1000000000000003 1.656622908042616 13.117697967888811 1.6346924281699649 1.5131578947368423 27.700000000000006 0.36666666666666675
decision_type=10 10 10 8 10 10 10 10 10 10 10 10 10 10 8 10 10 10 10 10 10 10 10 10 10 10 10 8 10 10
left_child=-1 13 3 4 -3 6 7 10 9 -9 -5 -8 -11 17 -15 16 -16 22 19 -19 -21 -22 -2 24 -24 -25 27 28 -17 -30
right_child=1 2 -4 5 -6 -7 11 8 -10 12 -12 -13 -14 14 15 26 -18 18 -20 20 21 -23 23 25 -26 -27 -28 -29 29 -31
leaf_value=0.00018491679691133242 -0.0045056912261022888 -0.00059350666336037894 -0.035159600280441232 0.0074117669683642778 0.10629884929142215 -0.037898975696701274 -0.00049514021422411949 0.079175270439258649 0.10458476284275885 -0.049903416396542027 -0.044373109063599259 -0.07337915768417029 0.030719217533866569 0.077258948253637008 0.094445364578412128 -0.012559210271574556 0.00017911985383502074 -0.040789522261911772 -0.049227557128743972 0.090943662957711668 0.069976818217681008 -0.024458949764569603 0.0956203194433137 -0.038887703603158075 -0.011331153616663956 0.04147697176784277 0.018295190873187643 -0.050405688063308064 0.069339697010433063 0.0037538380139719276
leaf_weight=89481 5445 22 69 1017 22 39 37 35 23 22 32 26 24 22 26 280 28 64 137 22 26 39 38 38 21 20 172 56 39 167
leaf_count=89481 5445 22 69 1017 22 39 37 35 23 22 32 26 24 22 26 280 28 64 137 22 26 39 38 38 21 20 172 56 39 167
internal_value=4.85415e-12 -0.00206625 0.0054306 0.00758666 0.0528527 0.00599965 0.00740758 0.00948291 0.0463074 0.0297595 0.00583206 -0.0305743 -0.00783943 -0.00361078 0.00544165 0.00338439 0.0455666 -0.00483325 -0.0225293 0.00169357 0.0329455 0.0133154 -0.00391695 0.0234823 0.0575528 -0.0111757 0.000194138 -0.00555011 -0.000381563 0.0161706
internal_weight=97489 8008 1368 1299 44 1255 1216 1153 104 81 1049 63 46 6640 790 768 54 5850 288 151 87 65 5562 117 59 58 714 542 486 206
internal_count=97489 8008 1368 1299 44 1255 1216 1153 104 81 1049 63 46 6640 790 768 54 5850 288 151 87 65 5562 117 59 58 714 542 486 206
is_linear=0
shrinkage=0.1


Tree=81
num_leaves=31
num_cat=0
split_feature=103 84 106 29 75 40 82 107 87 96 106 46 5 3 28 111 41 109 104 45 3 35 43 32 17 49 20 49 20 103
split_gain=3.68235 13.7244 6.58784 7.5942 7.35501 5.58542 6.61532 5.22354 7.63754 8.68882 9.95656 15.2181 12.2726 11.1184 9.79955 9.30933 12.7105 15.9609 12.9683 10.2107 13.9129 12.0731 11.7145 10.5298 9.94022 10.0954 9.29737 9.23858 12.8822 8.72862
threshold=0.82300000000000006 58.500000000000007 464.50000000000006 0.7863214543819731 4.5000000000000009 0.80625000000000013 136.50000000000003 2023.5000000000002 117.50000000000001 215.50000000000003 76.500000000000014 1.3798076923076925 14.927947562081838 6.3543729474578035 1.2817460317460319 36.500000000000007 1.5256936159813488 30.898015058179332 115.35000000000001 0.78780321510802953 5.6238430895485765 0.9801853935366146 1.5543320308680684 0.95000000000000007 2.3684388969770587 54.050000000000004 5.0500000000000007 49.750000000000007 5.0500000000000007 0.48700000000000004
decision_type=2 10 2 10 10 10 10 2 8 2 2 10 10 10 10 2 10 2 2 10 10 10 10 10 10 10 10 10 10 2
left_child=7 2 4 -4 5 -2 -7 -1 9 10 14 15 13 -13 -9 16 17 18 19 20 -12 22 23 27 -22 -26 -20 28 -21 -11
right_child=1 -3 3 -5 -6 6 -8 8 -10 29 11 12 -14 -15 -16 -17 -18 -19 26 21 24 -23 -24 -25 25 -27 -28 -29 -30 -31
leaf_value=-0.0002272647594372747 -0.018309966947442743 0.053842719339511617 0.061197702468118891 -0.0045655623597531834 -0.031558227209311923 0.042979504416386288 -0.026897086761891842 -0.0010286357824687278 -0.0088383864922461138 -0.004949895689004535 -0.0081888435090460426 -0.018668555638397137 0.057367831977402299 0.004126606157314138 -0.064199643850326546 0.0034004134453101617 -0.0062737880926007879 0.090139874911734044 -0.0034566581963884589 0.016433097522866986 0.082052571840939073 -0.025539626664696981 0.089232797382606407 0.073686070313145002 0.022536672958328077 0.093879143774509441 0.056422176929431613 -0.029089707332168476 0.093982058552944142 0.0033812860658569976
leaf_weight=85296 93 33 22 87 209 42 20 1385 613 2313 41 233 41 2620 25 494 163 35 245 312 84 52 27 35 96 25 29 40 23 2756
leaf_count=85296 93 33 22 87 209 42 20 1385 613 2313 41 233 41 2620 25 494 163 35 245 312 84 52 27 35 96 25 29 40 23 2756
internal_value=7.00537e-13 -0.00850858 -0.0128587 0.00870776 -0.0193168 -0.00281051 0.0204387 4.43928e-05 0.00202705 0.0026285 0.00520205 0.00745767 0.00304562 0.00226496 -0.00214869 0.0149641 0.0196969 0.0237517 0.0214489 0.0283708 0.0449885 0.020011 0.0254312 0.0212296 0.055624 0.0372769 0.00288088 0.0163337 0.0217574 -0.000420257
internal_weight=97489 506 473 109 364 155 62 96983 11687 11074 6005 4595 2894 2853 1410 1701 1207 1044 1009 735 246 489 437 410 205 121 274 375 335 5069
internal_count=97489 506 473 109 364 155 62 96983 11687 11074 6005 4595 2894 2853 1410 1701 1207 1044 1009 735 246 489 437 410 205 121 274 375 335 5069
is_linear=0
shrinkage=0.1


Tree=82
num_leaves=31
num_cat=0
split_feature=24 19 45 39 88 18 52 12 29 32 1 10 1 20 34 7 83 52 81 106 48 19 21 17 89 32 8 48 10 19
split_gain=3.7916 17.4042 12.8197 11.2941 11.5878 12.6098 13.3741 12.0471 14.8518 15.2097 10.5306 15.0717 14.2552 22.6765 13.4221 14.8028 12.656 15.299 11.91 11.3922 11.8135 10.5869 16.6167 21.2718 18.0854 18.4906 16.6846 16.3141 21.8253 14.8178
threshold=1.7083333333333337 3.9242626900637481 2.929725120929267 1.3519517580968834 23.650000000000002 12.100000000000001 11.500000000000002 3.7750000000000004 1.1967304136657921 0.38750000000000007 5.3975920549277321 3.9750000000000005 6.3676526287164892 5.6333333333333337 0.29705882352941182 4.7696931271769847 3.5000000000000004 18.500000000000004 1158.5000000000002 849.50000000000011 6.0500000000000007 1.1474379817391951 1.077545574753892 1.6631981399671341 29.500000000000004 2.0500000000000003 28.650000000000002 10.750000000000002 13.70294117647059 1.0477225575051665
decision_type=10 10 10 10 10 10 10 10 10 10 10 10 10 10 10 10 8 10 10 2 10 10 10 10 10 10 10 10 10 10
left_child=-1 2 10 -3 -5 6 7 -6 9 -9 19 -12 13 -13 15 -15 17 -14 -16 20 -2 22 -18 -24 25 27 -26 -25 -29 -30
right_child=1 3 -4 4 5 -7 -8 8 -10 -11 11 12 16 14 18 -17 21 -19 -20 -21 -22 -23 23 24 26 -27 -28 28 29 -31
leaf_value=0.00020784528943190684 -0.028649152508522902 -0.047121537963570166 -0.047772534824265495 -0.069104442285606638 -0.046298600335915888 -0.074389108598232265 -0.033723994800499806 0.13445166245102882 0.0031275173052007915 0.027191349730277675 0.078026830837130551 0.0013431892166009059 0.012456679954654076 0.033838491293136035 0.010876826872117818 0.13079706240565545 -0.0088809615473503297 0.09943607380756965 0.091863577395931567 -0.074886257332508213 -0.0020264208375101165 -0.0031193995326046528 -0.043280566728984317 0.010332790590667476 -0.042911966300726571 -0.043664025250626237 0.0338364232937957 0.093729211593216122 0.012349160776163142 0.054845364716803208
leaf_weight=87743 225 119 58 32 30 25 87 20 131 39 25 373 91 32 104 31 465 26 22 27 643 6217 60 300 83 38 43 66 189 145
leaf_count=87743 225 119 58 32 30 25 87 20 131 39 25 373 91 32 104 31 465 26 22 27 643 6217 60 300 83 38 43 66 189 145
internal_value=-5.19511e-12 -0.00187123 -0.000906261 -0.0203774 -0.0116341 -0.0060948 -0.000533371 0.012592 0.0218905 0.0635508 -0.00061096 0.000499048 0.000265108 0.0156419 0.043861 0.0815483 -0.000853854 0.0317854 0.0250174 -0.0109173 -0.00892747 -0.00135593 0.00653714 0.0142963 0.0182946 0.0242728 -0.0167201 0.0279608 0.0411817 0.0307981
internal_weight=97489 9746 9263 483 364 332 307 220 190 59 9205 8310 8285 562 189 63 7723 117 126 895 868 7606 1389 924 864 738 126 700 400 334
internal_count=97489 9746 9263 483 364 332 307 220 190 59 9205 8310 8285 562 189 63 7723 117 126 895 868 7606 1389 924 864 738 126 700 400 334
is_linear=0
shrinkage=0.1


Tree=83
num_leaves=31
num_cat=0
split_feature=9 24 86 40 109 41 1 28 94 81 7 25 11 48 85 38 73 87 6 37 104 22 86 13 19 61 45 57 104 34
split_gain=3.86223 11.408 10.3904 16.7588 10.5903 17.2079 14.8159 14.0764 11.1361 22.8507 15.5105 10.6389 10.3179 14.2117 14.5582 10.0879 10.0051 9.84877 13.7624 11.4837 9.86562 12.029 10.1707 9.66062 9.46766 17.7023 10.5894 10.8343 9.31863 12.3985
threshold=7.0851956600154162 2.5500000000000003 167.50000000000003 3.9750000000000005 23.560574948665302 2.1395400170118561 12.581534084626282 1.0250000000000001 5.5000000000000009 763.50000000000011 6.7379481249007798 1.7604525947843548 9.6512202662115332 13.950000000000001 6.5000000000000009 4.5500000000000007 4.5000000000000009 146.50000000000003 30.900000000000002 2.2912618684212727 113.65000000000002 7.8694444444444454 220.50000000000003 3.6193658501904902 3.0413701570080014 13.500000000000002 0.9457461698162889 15.500000000000002 104.15000000000002 0.54772727272727284
decision_type=10 10 10 10 2 8 8 10 10 10 10 10 10 8 8 10 10 10 10 10 2 10 10 10 10 8 10 10 2 10
left_child=2 -2 3 -1 5 15 -7 -6 11 10 -10 24 13 -3 -15 -5 -16 -4 19 20 21 22 28 -18 26 -26 -9 -28 -19 -30
right_child=1 12 17 4 7 6 -8 8 9 -11 -12 -13 -14 14 16 -17 23 18 -20 -21 -22 -23 -24 -25 25 -27 27 -29 29 -31
leaf_value=-0.00032409531411956065 0.001382701387187358 0.0092219666064169911 -0.011422577068929523 -0.0052209451386149514 0.078607128303911963 0.088337793767762685 -0.013721005748957397 -0.039634714348034727 -0.065290169811473703 0.079287827218120749 0.038062575310468673 0.09490730091119591 0.01504304790086 0.0011479426496345732 -0.10817345611073755 -0.065942426219893005 -0.045504278361888445 0.090366658329963698 -0.04645602392210138 -0.031517331298116756 -0.019956263874967892 0.10342152265698784 -0.025937829078996884 0.018550712815313428 0.12904367986179532 0.02501532571843347 0.0070564619299159003 0.087458594356264394 0.039223753814713672 -0.035378635302186011
leaf_weight=69700 24794 126 1470 114 45 33 25 36 53 22 20 23 107 103 22 36 184 25 42 46 45 21 34 27 21 74 83 21 109 28
leaf_count=69700 24794 126 1470 114 45 33 25 36 53 22 20 23 107 103 22 36 184 25 42 46 45 21 34 27 21 74 83 21 109 28
internal_value=8.8418e-12 0.00106142 -0.000373246 -0.000180134 0.0163778 -0.00190862 0.0443469 0.0259345 0.0192198 -0.0100505 -0.0369743 0.0299976 -0.0129384 -0.0194189 -0.0301592 -0.0197941 -0.0439989 -0.0078331 0.00724268 0.0145652 0.0226561 0.0314927 0.0237861 -0.0373077 0.0236448 0.0480111 0.00711048 0.0232915 0.0342219 0.0239766
internal_weight=97489 25363 72126 70306 606 208 58 398 353 95 73 258 569 462 336 150 233 1820 350 308 262 217 196 211 235 95 140 104 162 137
internal_count=97489 25363 72126 70306 606 208 58 398 353 95 73 258 569 462 336 150 233 1820 350 308 262 217 196 211 235 95 140 104 162 137
is_linear=0
shrinkage=0.1


Tree=84
num_leaves=31
num_cat=0
split_feature=103 30 18 104 64 81 83 28 40 40 28 105 31 33 105 48 25 29 48 10 89 84 104 8 11 47 9 8 15 49
split_gain=3.72123 7.84108 7.1287 6.84181 10.2165 11.479 9.48796 17.345 8.51367 12.7084 10.8281 8.78506 9.8444 8.18952 8.15261 8.06741 14.2629 7.91126 10.4109 11.5418 12.1776 25.9225 10.7133 9.86531 9.7573 14.0327 9.67292 9.37959 14.9018 14.0976
threshold=0.43500000000000005 2.9000000000000004 2.1000000000000005 106.15000000000002 1.5000000000000002 21.500000000000004 562.50000000000011 1.5419580419580423 4.9250000000000016 4.4750000000000005 2.0750000000000006 1.0000000180025095e-35 0.56253641334739612 0.68250705852645377 0.90000000000000013 35.750000000000007 1.6121532512998444 1.0771240531701662 6.6500000000000012 10.025000000000002 9.5000000000000018 57.500000000000007 114.95000000000002 33.95000000000001 10.441566703220623 2.1395400170118557 11.831455191788683 28.450000000000003 1.3743625973076605 66.15000000000002
decision_type=2 8 10 2 10 10 10 10 8 10 8 8 10 10 8 10 10 10 8 8 10 10 2 10 10 10 8 10 10 8
left_child=1 -1 -3 4 6 -6 8 13 9 11 -10 12 -2 -8 -12 -13 -17 18 26 20 22 -22 -20 27 25 -25 -5 -19 -29 -30
right_child=3 2 -4 17 5 -7 7 -9 10 -11 14 15 -14 -15 -16 16 -18 23 19 -21 21 -23 -24 24 -26 -27 -28 28 29 -31
leaf_value=0.0010883247713240059 0.070329897619115234 -0.0050123006024117038 -0.036681774446759567 -0.0019434929078454869 0.0072360523270838199 -0.073381863730518443 0.062215543502853035 -0.068758520275792656 0.079660563450306657 -0.039135523900591045 -0.020606601983308794 0.0019624719687276831 -0.014593667371775068 -0.027196605354547501 0.05482574404095826 0.0061896015570234901 0.091176088500235772 -0.0032683240224426501 0.0051062017683467095 0.00050451721495135512 0.013945563010460791 0.123736724359068 -0.020943686879366975 -0.045270612052941729 -0.085813090606377679 0.036970724305137995 0.025740720239269922 0.09286667443811894 -0.025877518087365953 0.010935868765037868
leaf_weight=30160 39 252 99 20285 33 38 21 51 32 74 38 10251 21 20 23 67 28 13588 1533 18590 956 22 176 59 26 32 127 20 122 706
leaf_count=30160 39 252 99 20285 33 38 21 51 32 74 38 10251 21 20 23 67 28 13588 1533 18590 956 22 176 59 26 32 127 20 122 706
internal_value=-1.26906e-11 0.000915384 -0.0139447 -0.000416992 0.00189629 -0.0359116 0.00214799 -0.0298271 0.00242622 0.0021589 0.0325492 0.00245256 0.0406066 0.0185999 0.0078351 0.00223129 0.0312383 -0.000858573 -0.000157831 0.00138999 0.00751615 0.0164153 0.00242347 -0.00286594 -0.0317867 -0.0163506 -0.00177125 -0.00263155 0.00757193 0.00551167
internal_weight=97489 30511 351 66978 10736 71 10665 92 10573 10480 93 10406 60 41 61 10346 95 56242 41689 21277 2687 978 1709 14553 117 91 20412 14436 848 828
internal_count=97489 30511 351 66978 10736 71 10665 92 10573 10480 93 10406 60 41 61 10346 95 56242 41689 21277 2687 978 1709 14553 117 91 20412 14436 848 828
is_linear=0
shrinkage=0.1


Tree=85
num_leaves=31
num_cat=0
split_feature=94 15 86 1 1 13 82 57 23 85 84 80 48 10 15 53 105 25 37 16 5 103 47 43 84 88 96 1 16 0
split_gain=3.61458 12.8817 29.848 10.9734 10.2067 20.7608 11.0594 10.2621 10.2936 9.62762 10.7568 19.8572 15.7069 15.3122 18.696 12.6931 16.335 14.57 12.8071 12.0689 14.2508 10.8506 10.7505 14.0089 18.5074 13.4172 27.7819 11.8086 12.3821 15.3342
threshold=2.5000000000000004 1.2526159490452955 49.500000000000007 8.4012499067970836 8.3660026288372809 5.6347120880261867 315.50000000000006 3.5000000000000004 2.3905882426841516 132.50000000000003 24.500000000000004 1423.0500000000004 29.750000000000004 21.763888888888893 2.1845412803045217 15.500000000000002 0.90000000000000013 1.1897227048854206 1.3779271744364847 2.5131578947368425 10.917102709893607 0.29800000000000004 2.0803223573992411 2.1446343412137621 36.500000000000007 45.850000000000001 197.50000000000003 15.803401530800047 5.2583333333333337 35.070000000000014
decision_type=10 10 10 10 8 10 8 8 10 10 10 10 10 10 10 8 8 10 10 10 10 2 10 10 10 10 2 10 10 10
left_child=4 2 -2 -3 5 -1 -7 8 -6 10 15 12 22 -14 -15 16 -5 -17 -18 20 -13 -19 23 -12 27 26 -26 28 29 -25
right_child=1 3 -4 9 7 6 -8 -9 -10 -11 11 19 13 14 -16 17 18 21 -20 -21 -22 -23 -24 24 25 -27 -28 -29 -30 -31
leaf_value=0.00076208428710272376 0.028974033105324412 -0.0022526828772172925 -0.0057011881237776993 0.0076870251876494759 -0.0071001739779297957 0.1241537269204855 0.024386762931942942 -0.0012301157732033977 -0.034812446005451379 -0.028570912859522471 0.0079469691634130261 0.11520174320787191 0.11188015099614859 0.10955172129130614 0.015089517606027197 0.0009768709362532491 0.11188402342899094 -0.032470392347289705 0.020795132315745861 0.00032785092322604588 -0.0027451886135774358 -0.0072428019586701711 -0.015862713826491553 0.038261979256282774 0.12186513226585126 -0.048959945067763327 -0.0067470409344999836 0.11183013260364533 -0.0044630578122077848 0.14003278635442259
leaf_weight=35702 513 8711 481 348 952 20 25 35760 156 101 2988 20 24 24 165 4096 29 196 33 5370 21 1310 170 57 22 35 71 30 39 20
leaf_count=35702 513 8711 481 348 952 20 25 35760 156 101 2988 20 24 24 165 4096 29 196 33 5370 21 1310 170 57 22 35 71 30 39 20
internal_value=2.49726e-11 0.00104038 0.0121946 0.000576087 -0.000356378 0.000847643 0.0687276 -0.00152379 -0.0110019 0.00220055 0.00240681 0.00458379 0.0102891 0.0366391 0.0270847 -0.000872429 0.0161121 -0.0021155 0.0634012 0.000740518 0.0547899 -0.0105261 0.00865376 0.00993144 0.0315724 0.00381559 0.0236773 0.0559071 0.0414442 0.064696
internal_weight=97489 24874 994 23880 72615 35747 45 36868 1108 15169 15068 9056 3645 213 189 6012 410 5602 62 5411 41 1506 3432 3262 274 128 93 146 116 77
internal_count=97489 24874 994 23880 72615 35747 45 36868 1108 15169 15068 9056 3645 213 189 6012 410 5602 62 5411 41 1506 3432 3262 274 128 93 146 116 77
is_linear=0
shrinkage=0.1


Tree=86
num_leaves=31
num_cat=0
split_feature=9 96 103 89 84 110 48 3 8 53 90 37 60 8 84 65 34 4 18 2 82 29 105 5 5 37 48 29 6 11
split_gain=3.74321 13.8606 10.3304 8.25678 10.6632 10.0358 10.0323 8.56884 12.3377 13.0524 10.9707 9.2763 10.604 7.97597 9.85111 10.1204 7.73389 7.39017 6.77571 10.7594 12.9107 11.1432 8.56394 8.48009 6.77515 13.6786 7.75927 7.2115 6.6575 6.64938
threshold=3.5307040205948286 274.50000000000006 0.31750000000000006 8.5000000000000018 111.50000000000001 72.500000000000014 -0.89999999999999991 8.6143065751852017 8.2111111111111121 27.500000000000004 10.500000000000002 1.297417464888168 1.0000000180025095e-35 26.150000000000002 62.500000000000007 3.5000000000000004 0.65833333333333344 8.7205263157894759 1.5500000000000003 11.705000000000004 25.500000000000004 0.75935458991449933 0.45000000000000007 8.2189119205551098 10.917102709893607 1.1178102700547354 2.0500000000000003 0.93338032134592741 4.2250000000000005 3.1486771889162193
decision_type=8 2 2 10 10 2 8 10 10 10 10 10 10 10 10 10 10 10 10 10 10 10 8 10 10 10 8 10 10 8
left_child=1 3 -3 5 13 6 -1 8 -7 11 16 -10 -13 17 15 -15 -9 28 -8 20 -20 -22 23 -21 26 -26 27 -18 -5 -2
right_child=29 2 -4 4 -6 7 18 10 9 -11 -12 12 -14 14 -16 -17 24 -19 19 22 21 -23 -24 -25 25 -27 -28 -29 -30 -31
leaf_value=0.0653176700990451 0.019370754684697199 0.073750570964287318 0.013851884967508785 0.0052868924569338567 -0.075968734716827233 -0.0011467021278831462 -0.012724739053221638 -0.02266296667529177 0.0022272913345634782 0.071607060310168155 0.041650358685537389 0.017768845667667461 0.094242975028231743 0.0074319026060402395 -0.022326323948800565 0.10682730236578555 -0.0024361082762479787 -0.0077065145524606131 0.0001301371625491551 -0.0067503870800137526 0.037344013793127878 0.14164104022085666 -0.021354945972561837 0.076468657830264422 -0.010638483655902576 0.069916056096553811 -0.024762931341154978 0.062024717506331706 0.06801489578640979 0.00018372830102033493
leaf_weight=38 181 34 188 64 22 6398 86 419 293 39 38 66 25 20 24 21 100 2917 28 25 21 20 65 24 53 35 161 21 23 86040
leaf_count=38 181 34 188 64 22 6398 86 419 293 39 38 66 25 20 24 21 100 2917 28 25 21 20 65 24 53 35 161 21 23 86040
internal_value=6.65009e-14 -0.00171407 0.0230256 -0.00221128 -0.00659733 -0.000507031 0.017221 -0.00121866 -5.31462e-05 0.0164872 -0.0108316 0.0108891 0.0387782 -0.00610004 0.0285566 0.0583417 -0.0133593 -0.00684993 0.0104267 0.0213066 0.0524738 0.0882206 0.00244225 0.03401 -0.00282352 0.0214003 -0.0103827 0.00875131 0.0218702 0.000224007
internal_weight=97489 11268 222 11046 3091 7955 307 7648 6821 423 827 384 91 3069 65 41 789 3004 269 183 69 41 114 49 370 88 282 121 87 86221
internal_count=97489 11268 222 11046 3091 7955 307 7648 6821 423 827 384 91 3069 65 41 789 3004 269 183 69 41 114 49 370 88 282 121 87 86221
is_linear=0
shrinkage=0.1


Tree=87
num_leaves=31
num_cat=0
split_feature=33 27 83 83 103 61 18 37 26 29 104 15 23 27 92 13 36 19 5 41 21 44 19 3 14 40 84 86 43 30
split_gain=3.53045 6.32382 10.0291 10.3714 10.271 11.2079 10.009 11.1858 12.3442 11.9894 10.8193 11.1678 10.7937 9.33855 12.838 9.31725 13.6508 10.4232 9.78748 10.1475 9.00478 8.47738 9.98217 10.4192 12.0277 8.26765 8.03897 8.3999 7.90936 9.79372
threshold=0.32478054967508568 1.3197184163705313 8.5000000000000018 14.500000000000002 0.32400000000000007 12.500000000000002 7.6333333333333337 1.3779271744364847 1.5857142857142861 0.94619501361348168 110.65000000000002 2.1615319962351998 2.8743420208588026 1.4031488753667809 2.5000000000000004 2.3057869817013863 4.6333333333333337 1.9364486375644641 10.306088517273276 1.9630558976602781 2.6624934691584596 3.1500000000000008 2.5132957790129056 12.961001333013579 4.7071428571428582 1.0954545454545457 110.50000000000001 146.50000000000003 1.9746794344808967 1.0000000180025095e-35
decision_type=8 10 8 8 2 8 10 10 10 10 2 10 10 10 10 10 10 10 10 10 10 10 10 10 10 10 10 10 10 10
left_child=1 6 -3 -4 5 13 26 8 9 12 -11 -12 20 -5 -15 18 17 -17 -9 -20 -8 22 -19 24 -24 -6 27 -1 29 -29
right_child=-2 2 3 4 25 -7 7 15 -10 10 11 -13 -14 14 -16 16 -18 21 19 -21 -22 -23 23 -25 -26 -27 -28 28 -30 -31
leaf_value=-0.00089460435776779219 0.00029075621546165853 -0.037812066005141129 0.04085762926545787 -0.049132758565247063 -0.024143164606375882 -0.067304113141905805 0.014141918083605093 -0.03871643172641253 -0.024342839280143382 0.11502507235854864 0.075466984554280553 -0.002552757487865165 -0.021051688525282469 -0.014497379986518115 0.070627469603310941 0.093991770870659672 -0.036599595298240375 -0.027838701009750368 0.025518248528463856 -0.031743787924464494 0.09536328592470715 -0.037197511146465939 0.025353045691736045 -0.0093327042203219159 0.12064608720441659 0.00059888026509333843 0.049689737536133302 -0.018463084065636699 -0.041924552836043891 0.017286485022752086
leaf_weight=15859 79038 102 47 52 158 52 39 87 38 28 43 32 48 91 22 23 36 21 84 49 21 21 26 21 27 930 31 270 86 107
leaf_count=15859 79038 102 47 52 158 52 39 87 38 28 43 32 48 91 22 23 36 21 84 49 21 21 26 21 27 930 31 270 86 107
internal_value=9.93469e-12 -0.0012455 -0.00757521 -0.00529403 -0.0069562 -0.0268211 -0.000704032 0.0115242 0.0281235 0.0375724 0.0619815 0.0421786 0.0142934 -0.0140628 0.0020756 0.0010604 0.0182806 0.0324942 -0.0126375 0.00442171 0.0425694 0.0203007 0.0330108 0.0502789 0.0738986 -0.00299417 -0.0011856 -0.00128222 -0.0145592 -0.00831665
internal_weight=97489 18451 1454 1352 1305 217 16997 644 249 211 103 75 108 165 113 395 175 139 220 133 60 116 95 74 53 1088 16353 16322 463 377
internal_count=97489 18451 1454 1352 1305 217 16997 644 249 211 103 75 108 165 113 395 175 139 220 133 60 116 95 74 53 1088 16353 16322 463 377
is_linear=0
shrinkage=0.1


Tree=88
num_leaves=31
num_cat=0
split_feature=103 77 55 9 20 24 15 41 6 48 6 48 113 91 4 15 95 43 103 8 27 11 44 0 4 53 27 83 49 97
split_gain=3.4857 10.6651 10.1225 18.9588 14.0639 11.6336 12.0578 11.6335 11.5401 11.0339 14.4742 13.3538 10.9552 10.414 11.1209 10.4476 9.77826 9.98071 16.5315 19.262 15.2719 14.3377 9.55846 11.3887 14.3211 17.5824 9.92495 13.4718 9.02875 10.55
threshold=0.61350000000000005 12.500000000000002 48.500000000000007 9.179990312122408 10.15 0.63333333333333341 4.0524331832310665 1.3223781467535418 32.500000000000007 22.850000000000005 27.300000000000001 25.550000000000004 1.0000000180025095e-35 10.500000000000002 56.362500000000011 4.9643166130823442 5.5000000000000009 0.82657830373090102 0.68200000000000016 21.950000000000003 1.5563326292120554 8.1852723964487684 0.81666666666666676 41.610000000000014 51.762500000000003 39.500000000000007 1.7013059038951182 197.50000000000003 79.65000000000002 13.500000000000002
decision_type=2 10 8 10 10 8 10 10 10 10 10 10 2 10 10 10 10 10 2 10 10 10 8 10 10 10 10 8 8 2
left_child=-1 2 3 4 8 -4 12 -8 28 16 11 -11 22 14 15 -9 17 18 19 -5 -19 -20 23 -7 25 -25 -24 -28 -2 -30
right_child=1 -3 5 9 -6 6 7 13 -10 10 -12 -13 -14 -15 -16 -17 -18 20 21 -21 -22 -23 26 24 -26 -27 27 -29 29 -31
leaf_value=0.00031034366161998973 -0.0016696630222606625 0.049188184742594052 0.0055254493843489233 -0.057983827779701513 0.068485147364694507 -0.018132748052385857 -0.048379596559486045 0.045770585551978125 0.051140745201458539 0.09059427561238409 0.12134588992311841 -0.010356586191215014 -0.037364323764312556 -0.037703600135587517 0.097899519890546793 -0.026946068516579172 0.049795595450737216 -0.0018345425254000084 0.14321630530059337 0.07050859578885138 0.071524284233649579 0.032358606459040727 -0.014405578260631567 0.018335034988316089 -0.020222234865021265 0.11695498771451672 -0.027967048047677329 0.073757583809395635 0.0070545936845411716 0.054864319681443952
leaf_weight=76801 16762 42 582 28 29 81 24 62 42 20 21 38 164 21 25 29 59 525 20 20 30 28 1527 48 37 29 23 30 287 55
leaf_count=76801 16762 42 582 28 29 81 24 62 42 20 21 38 164 21 25 29 59 525 20 20 30 28 1527 48 37 29 23 30 287 55
internal_value=1.49498e-12 -0.0011521 -0.00125451 -0.000398941 -0.00109524 -0.0069851 -0.0104523 0.0158444 -0.00121292 0.0147581 0.0502101 0.0244541 -0.0126358 0.0270953 0.0388261 0.0225971 0.0108134 0.00728047 0.037052 -0.00444532 0.0021308 0.0785493 -0.010351 0.0105374 0.0309084 0.0554776 -0.012929 0.0296129 -0.00134148 0.0147433
internal_weight=97489 20688 20646 17964 17175 2682 2100 161 17146 789 79 58 1939 137 116 91 710 651 96 48 555 48 1775 195 114 77 1580 53 17104 342
internal_count=97489 20688 20646 17964 17175 2682 2100 161 17146 789 79 58 1939 137 116 91 710 651 96 48 555 48 1775 195 114 77 1580 53 17104 342
is_linear=0
shrinkage=0.1


Tree=89
num_leaves=31
num_cat=0
split_feature=102 81 53 55 50 88 48 84 105 48 106 22 75 86 40 44 4 29 25 1 21 106 36 37 51 111 33 25 6 102
split_gain=3.57292 6.91057 8.92563 9.76414 8.95622 8.83417 8.574 8.26103 7.2546 6.12784 6.22627 6.01346 5.83762 7.79015 5.41459 7.06734 7.57491 12.8702 7.85729 10.3157 6.73381 4.85243 11.454 9.50339 7.47369 5.98127 8.98571 5.99602 6.41097 9.24443
threshold=11.500000000000002 376.50000000000006 27.500000000000004 38.500000000000007 1.9500000000000002 46.350000000000001 6.5500000000000007 40.500000000000007 0.55000000000000016 15.250000000000002 345.50000000000006 5.3062500000000012 8.5000000000000018 69.500000000000014 4.2250000000000005 2.4365079365079372 33.492500000000014 1.2399033844939589 1.1178102700547354 7.204443073214156 1.1831231205715005 615.50000000000011 3.9000000000000004 1.9364486375644641 84.200000000000003 3.5000000000000004 1.060005038625601 1.3227406337702019 20.450000000000003 197.50000000000003
decision_type=10 10 10 10 10 10 10 10 10 10 2 10 10 10 10 10 10 10 10 10 10 2 10 10 10 2 10 10 10 10
left_child=-1 2 6 8 -5 9 14 -7 -4 10 -3 -8 13 -12 15 21 20 18 19 -18 -17 22 23 24 25 26 -2 28 -27 -30
right_child=1 5 3 4 -6 7 11 -9 -10 -11 12 -13 -14 -15 -16 16 17 -19 -20 -21 -22 -23 -24 -25 -26 27 -28 -29 29 -31
leaf_value=0.00010024994489283711 0.0046184756875257285 -0.026868373381815133 0.10601534972943011 -0.032100645949443181 0.052705693915486344 -0.024932921837483135 -0.017120852234198691 0.057422736055892092 0.022894090236652467 -0.047165273389117301 -0.0090835594118405614 -0.072266439510428382 -0.038770310563797303 0.05869691334664822 -0.052824514154344797 0.0508122172486037 0.08858412752548854 -0.033967211878015879 0.099220546641243773 0.00039261775091290477 -0.013336871437624926 -0.02021888693852816 0.062343735673597883 -0.034700952167896669 0.046025714343961549 -0.0023261729883080609 0.083705492350272845 -0.025152062348862022 0.082642648965966972 -0.0054343651693600885
leaf_weight=94887 51 155 21 33 20 21 141 29 21 76 39 23 22 30 20 20 21 21 26 36 90 144 28 85 34 1216 20 111 22 26
leaf_count=94887 51 155 21 33 20 21 141 29 21 76 39 23 22 30 20 20 21 21 26 36 90 144 28 85 34 1216 20 111 22 26
internal_value=-7.22018e-12 -0.00365581 -0.00155095 0.028441 -9.82535e-05 -0.0162736 -0.00288549 0.0228334 0.0644547 -0.0223461 -0.0146784 -0.0248547 0.00608463 0.0203862 -0.00105751 -0.000526838 0.0166203 0.0359695 0.0536643 0.0328842 -0.0016734 -0.00263938 -0.00105028 -0.00218448 -0.000316982 -0.00140664 0.0268965 -0.00286812 -0.00091122 0.0349343
internal_weight=97489 2602 2230 95 53 372 2135 50 42 322 246 164 91 69 1971 1951 214 104 83 57 110 1737 1593 1565 1480 1446 71 1375 1264 48
internal_count=97489 2602 2230 95 53 372 2135 50 42 322 246 164 91 69 1971 1951 214 104 83 57 110 1737 1593 1565 1480 1446 71 1375 1264 48
is_linear=0
shrinkage=0.1


Tree=90
num_leaves=31
num_cat=0
split_feature=24 83 106 86 80 7 16 84 47 17 89 81 61 42 95 42 0 41 45 82 37 47 13 48 47 1 45 39 8 102
split_gain=3.54985 9.20551 15.2637 10.4951 10.268 9.39567 8.54647 10.6578 9.09344 12.0403 10.8969 8.60296 8.25584 7.23462 7.20209 5.61239 4.31209 10.3307 8.19039 9.87714 9.96468 14.1511 11.9367 9.81903 10.4965 13.7691 12.1081 11.6687 10.6022 9.88037
threshold=2.9000000000000004 33.500000000000007 404.50000000000006 37.500000000000007 786.70000000000039 5.5452664205413376 4.6583333333333341 74.500000000000014 0.85252224582461622 2.4554387722620663 19.500000000000004 1021.5000000000001 8.5000000000000018 2.1000000000000005 1.5000000000000002 1.3666666666666669 42.845000000000006 0.87517750516004111 2.1029014015596119 9.5000000000000018 1.0477225575051665 2.1603478758446975 2.4949899597988741 17.450000000000003 1.9313886490339238 14.14987632295948 2.0124607063994389 1.060005038625601 25.950000000000003 4.5000000000000009
decision_type=10 10 2 10 10 8 10 10 10 10 10 10 10 10 10 10 10 10 10 8 10 10 10 10 10 10 10 10 10 10
left_child=16 2 5 14 -5 -2 7 -6 10 13 -8 12 -11 15 -3 -10 -1 -18 23 -20 21 -21 -23 24 26 28 27 29 -26 -19
right_child=1 3 -4 4 6 -7 8 -9 9 11 -12 -13 -14 -15 -16 -17 17 18 19 20 -22 22 -24 -25 25 -27 -28 -29 -30 -31
leaf_value=-0.00020785792236705615 0.10740900181233884 -0.025003024563193324 -0.042770437368502223 0.049187085253652188 -0.092837368652024979 0.020036352239549162 -0.092398300363371766 -0.011529236443732915 0.026554216478358619 0.05440458656977052 0.0075455914088524883 -0.051243176338770846 -0.01503395294742798 -0.0003965012602169405 -0.10482204318046572 0.098829053519737156 -0.044478089222684508 -0.015460802941777242 -0.069186220814784372 -0.0096794870340523812 -0.0084284952859221586 0.022184798588407124 0.10123477311661611 0.00085211585513131783 0.047502499030389153 0.082937436447246007 -0.046602199937022012 0.0090592523601809305 -0.010127551104663544 0.037755074220685629
leaf_weight=85070 20 26 24 28 28 32 24 38 22 23 20 44 67 33 20 21 48 331 24 105 1022 72 26 7308 58 40 43 2762 71 39
leaf_count=85070 20 26 24 28 28 32 24 38 22 23 20 44 67 33 20 21 48 331 24 105 1022 72 26 7308 58 40 43 2762 71 39
internal_value=-2.0891e-11 -0.00866975 0.0231954 -0.0148163 -0.00888252 0.0536412 -0.0139636 -0.0460236 -0.00563306 0.00302785 -0.0469693 -0.015005 0.00271145 0.0348226 -0.0597069 0.0618512 4.19998e-05 0.00182084 0.00200758 -0.00565359 -0.00440886 0.0158279 0.0431572 0.00290589 0.00739422 0.031678 0.00610163 0.00682522 0.0157836 -0.00985156
internal_weight=97489 470 76 394 348 52 320 66 254 210 44 134 90 76 46 43 97019 11949 11901 1249 1225 203 98 10652 3344 169 3175 3132 129 370
internal_count=97489 470 76 394 348 52 320 66 254 210 44 134 90 76 46 43 97019 11949 11901 1249 1225 203 98 10652 3344 169 3175 3132 129 370
is_linear=0
shrinkage=0.1


Tree=91
num_leaves=31
num_cat=0
split_feature=103 1 6 89 14 13 8 28 29 44 5 65 111 10 85 12 38 7 25 21 16 84 81 6 32 5 4 18 41 57
split_gain=3.38149 11.6967 17.155 10.8638 8.92491 8.86809 8.61753 9.03545 10.6427 8.09109 9.0772 6.06363 6.76746 5.74907 5.27212 5.0983 4.40121 4.24044 4.48505 4.10232 3.84156 3.56261 9.13857 11.4813 9.7536 9.59558 14.5801 12.8165 10.373 9.29667
threshold=0.17700000000000002 8.3660026288372809 24.500000000000004 11.500000000000002 3.0500000000000003 2.4289043292708192 16.950000000000003 0.64852941176470602 0.82202764200834411 2.4365079365079372 11.677659733096283 4.5000000000000009 43.500000000000007 14.422222222222224 4.5000000000000009 1.5500000000000003 1.1833333333333336 3.0889514691594706 0.86554360876699588 1.2526159490452955 3.6583333333333337 32.500000000000007 543.50000000000011 29.500000000000004 1.0000000180025095e-35 10.604192448426849 25.765000000000004 3.9000000000000004 1.3223781467535418 9.5000000000000018
decision_type=2 10 8 10 10 10 10 10 10 10 10 8 2 10 10 10 10 10 10 10 10 10 10 10 10 10 10 10 10 10
left_child=1 2 6 11 -5 -6 7 14 -9 10 13 12 16 -7 15 -1 19 -10 -19 -3 -16 -2 23 24 25 28 27 29 -23 -27
right_child=21 3 -4 4 5 9 -8 8 17 -11 -12 -13 -14 -15 20 -17 -18 18 -20 -21 -22 22 -24 -25 -26 26 -28 -29 -30 -31
leaf_value=-0.011154402792453767 -0.00050341592633403888 0.0042983302169225437 0.11091461256146432 0.036271707203101231 -0.04632866880067741 0.0045286621004343034 -0.0226076433993876 0.10249342335931336 0.068305994700640443 -0.059272766672074796 -0.027226913732309371 0.06887063586618751 0.05586229634160797 0.073805071160440217 -0.03655365450928609 0.051513439636020099 0.019302328014973461 0.042395659678560849 -0.0079164515639776438 -0.056770340928977182 0.010318200114895315 -0.0076864428801744593 -0.00024714956054075238 0.064127441309392449 0.0040410787594853132 0.052508781054480515 -0.034785227764708299 0.080541554072406152 -0.043329101450741293 -0.035063892051025676
leaf_weight=21 62032 22 20 27 100 25 50 24 20 22 39 20 24 23 36 34 41 34 37 22 34 445 25081 31 8997 22 39 40 100 27
leaf_count=21 62032 22 20 27 100 25 50 24 20 22 39 20 24 23 36 34 41 34 37 22 34 445 25081 31 8997 22 39 40 100 27
internal_value=-9.31444e-12 0.00705332 0.0213372 -0.00507816 -0.0178333 -0.0248229 0.0151594 0.0230275 0.0432566 -0.00509282 0.00860786 0.0182567 0.00896978 0.0377236 0.00441681 0.0275857 -0.00427046 0.0276337 0.0161767 -0.026236 -0.0137873 -4.91767e-05 0.000760937 0.00336725 0.00317246 -0.00843963 0.0161993 0.0385408 -0.0142264 0.00425445
internal_weight=97489 675 310 365 236 209 290 240 115 109 87 129 109 48 125 55 85 91 71 44 70 96814 34782 9701 9670 673 128 89 545 49
internal_count=97489 675 310 365 236 209 290 240 115 109 87 129 109 48 125 55 85 91 71 44 70 96814 34782 9701 9670 673 128 89 545 49
is_linear=0
shrinkage=0.1


Tree=92
num_leaves=31
num_cat=0
split_feature=24 19 45 67 18 89 3 3 9 39 16 28 29 106 105 3 39 41 91 105 45 29 6 6 84 32 34 88 11 1
split_gain=3.57041 13.8795 10.3472 9.50246 13.4546 14.5107 10.9888 13.013 12.9066 11.2544 13.9216 12.0144 11.1535 14.6874 16.0322 11.8683 9.32097 11.216 13.1337 10.9173 12.0717 10.393 10.1377 10.3239 10.0512 9.30407 22.6739 21.6566 11.0745 10.7924
threshold=1.7083333333333337 3.9242626900637481 2.929725120929267 7.5000000000000009 10.900000000000002 41.500000000000007 9.6745054423927961 9.821475901546437 4.5819694539484113 0.92237834162261667 3.4522727272727276 1.4721362229102171 1.4547261073653115 291.50000000000006 0.36666666666666675 7.2248183354906717 2.0069281343198777 2.2121078102527219 7.5000000000000009 0.45000000000000007 1.2526159490452953 1.31539382184234 21.700000000000006 17.633333333333336 69.500000000000014 1.4722222222222225 1.2111111111111115 49.550000000000004 4.7621036745511214 13.63435000253385
decision_type=10 10 10 10 10 10 10 10 10 10 10 10 10 2 10 10 10 10 10 8 10 10 10 10 10 10 10 10 8 10
left_child=-1 2 3 25 5 6 8 -8 -5 -9 -11 -12 13 -10 -15 -16 19 18 -18 20 -13 -22 23 -21 -20 -2 27 -27 -28 -30
right_child=1 -3 -4 4 -6 -7 7 9 12 10 11 16 -14 14 15 -17 17 -19 24 22 21 -23 -24 -25 -26 26 28 -29 29 -31
leaf_value=0.00020169182966783442 -0.0027621972802908817 -0.018342126935612466 -0.04305899841871498 -0.014119478404312068 -0.031727809645235541 0.075214786545506548 -0.076610190385863905 0.073677150668068375 0.12245094915447029 -0.07538235340186436 0.041855487936279842 0.044065169997226733 0.0033324882842418625 -0.019685858370442139 0.11464333201830204 0.038306552510550047 0.0013955720700323583 -0.015158154255753951 0.13267147233476861 -0.034796812531092895 0.02329842447070405 -0.059533895840021701 -0.061901552109764169 0.046110050814847155 0.033616386992590772 0.13521749773235234 0.054968347493559125 0.0060523998439311983 -0.01111888171220881 0.01769855253930603
leaf_weight=87743 7601 483 58 71 76 35 21 22 23 23 72 52 82 38 26 94 40 59 20 46 28 33 65 24 21 27 40 25 324 217
leaf_count=87743 7601 483 58 71 76 35 21 22 23 23 72 52 82 38 26 94 40 59 20 46 28 33 65 24 21 27 40 25 324 217
internal_value=-3.39857e-12 -0.00181583 -0.000954097 -0.000688797 0.00866746 0.0120977 0.00952895 0.000521412 0.0237145 0.00372886 0.000542815 0.00433907 0.0339282 0.0477892 0.0369208 0.0548462 -0.00262274 0.0180062 0.0421629 -0.0142681 0.00866483 -0.0215125 -0.0334638 -0.00705732 0.0819359 -0.00179214 0.00985622 0.0731189 0.00419415 0.000440052
internal_weight=97489 9746 9263 9205 971 895 860 526 334 505 483 460 263 181 158 120 388 140 81 248 113 61 135 70 41 8234 633 52 581 541
internal_count=97489 9746 9263 9205 971 895 860 526 334 505 483 460 263 181 158 120 388 140 81 248 113 61 135 70 41 8234 633 52 581 541
is_linear=0
shrinkage=0.1


Tree=93
num_leaves=31
num_cat=0
split_feature=55 28 42 23 44 1 44 55 6 29 67 36 16 9 60 21 92 107 42 13 0 42 41 15 1 14 35 7 91 5
split_gain=3.40571 9.04452 10.4746 11.9654 6.91183 5.6603 9.18754 3.6651 8.64419 9.88639 12.2373 15.3907 19.777 16.886 11.1486 10.0073 7.93187 9.91923 10.3417 10.4063 7.7233 7.6329 7.32546 7.6039 7.24348 10.1923 16.0025 9.49662 10.751 9.42426
threshold=70.500000000000014 1.6306818181818186 4.1000000000000005 2.1100408615086228 3.4500000000000006 12.298475514862385 3.4500000000000006 59.500000000000007 18.900000000000002 1.2090665032085124 7.5000000000000009 3.9000000000000004 7.9083333333333341 8.7575363852498747 2.5000000000000004 3.4066926616143802 3.5000000000000004 2020.5000000000002 5.1000000000000005 3.2951866393154163 40.910000000000011 1.3666666666666669 2.0787137919664453 2.0803307417005787 10.872488215578125 10.725000000000001 0.86008240010958248 9.3220154060852565 5.5000000000000009 11.087840067760487
decision_type=10 10 10 10 10 8 10 10 10 10 10 10 10 10 8 10 10 2 10 10 10 10 10 10 10 10 10 8 10 10
left_child=7 2 3 -2 -5 -3 -7 -1 -9 10 24 -12 13 15 16 -13 17 18 19 22 -19 -16 23 -11 27 -26 -27 -10 29 -29
right_child=1 5 -4 4 -6 6 -8 8 9 14 11 12 -14 -15 21 -17 -18 20 -20 -21 -22 -23 -24 -25 25 26 -28 28 -30 -31
leaf_value=8.5073229332596821e-05 0.0036786020607561679 -0.0437949068406049 -0.022715966243829048 0.12236163814862569 0.048528755106963223 0.058774982889493316 -0.030946995019912722 -0.018860940972952475 0.0017442257564629427 -0.0030207566562153046 -0.0087435887356599167 0.020941956070955933 -0.020860405625968144 0.15511399202048781 0.024107690528035165 0.10722341839224102 -0.046744607964744021 0.02850449593051484 -0.030396624735246104 0.099183880892537893 -0.021616922728124405 -0.035296918178023988 -0.010623760687232746 0.072696471710999813 -0.01035827605290569 0.1053381104161963 -0.0037686221301555635 0.11441003905265067 0.0031696495772511875 0.025712762869894507
leaf_weight=94170 37 34 28 21 32 21 25 324 998 21 75 41 29 20 24 20 36 38 30 21 161 219 41 36 824 20 41 23 54 25
leaf_count=94170 37 34 28 21 32 21 25 324 998 21 75 41 29 20 24 20 36 38 30 21 161 219 41 36 824 20 41 23 54 25
internal_value=4.87542e-12 0.0131018 0.0306998 0.047318 0.0777833 -0.0128553 0.010013 -2.66638e-05 -0.00339811 -0.00160692 0.00158886 0.0261873 0.0500038 0.0753749 -0.0126673 0.049231 -0.00205972 0.00256285 0.022074 0.0353019 -0.012046 -0.0294298 0.0216129 0.0448007 -0.000703689 -0.00743839 0.0320041 0.00471468 0.0337785 0.0682135
internal_weight=97489 198 118 90 53 80 46 97291 3121 2797 2170 185 110 81 627 61 384 348 149 119 199 243 98 57 1985 885 61 1100 102 48
internal_count=97489 198 118 90 53 80 46 97291 3121 2797 2170 185 110 81 627 61 384 348 149 119 199 243 98 57 1985 885 61 1100 102 48
is_linear=0
shrinkage=0.1


Tree=94
num_leaves=31
num_cat=0
split_feature=20 73 43 2 31 53 20 6 39 103 16 37 7 43 55 1 28 10 21 52 29 63 85 6 105 51 89 50 16 35
split_gain=3.35471 13.6147 15.3045 12.7509 12.1406 11.5187 10.7571 11.4484 12.7059 11.2165 11.863 13.6668 11.2914 12.0224 13.3522 10.7307 9.65622 9.58203 16.3519 11.0881 9.15317 8.67022 8.50504 10.8806 12.0109 14.4194 10.6673 10.6362 9.64989 9.70709
threshold=6.1125000000000007 3.5000000000000004 1.8437094529227334 26.970000000000006 1.658243862791825 36.500000000000007 5.9500000000000011 28.500000000000004 1.3519517580968834 0.65600000000000014 3.3038461538461541 1.1474379817391951 6.5383472973001355 0.82657830373090102 25.500000000000004 2.4630265746186484 1.4472222222222224 31.825000000000006 2.3676051569159156 10.500000000000002 0.89460983899425761 14.500000000000002 2.5000000000000004 17.100000000000005 0.55000000000000016 56.350000000000001 10.500000000000002 -1.0000000180025095e-35 2.4058823529411768 1.4468658700364927
decision_type=10 8 10 10 10 10 10 10 10 2 10 10 10 10 10 10 10 10 10 10 10 10 8 10 10 10 10 10 10 10
left_child=6 2 3 -2 15 16 -1 9 21 12 -11 -12 13 14 -8 -3 -5 22 -19 -20 -21 -9 23 24 27 -26 -25 -17 -24 -30
right_child=1 4 -4 5 -6 -7 7 8 -10 10 11 -13 -14 -15 -16 17 -18 18 19 20 -22 -23 28 26 25 -27 -28 -29 29 -31
leaf_value=-7.8312365393212288e-05 0.03977417762638355 -0.040863913932948248 -0.060689874440140561 -0.00911515509248427 -0.02391588796748419 0.042256606294540693 -0.059118969836050562 0.013853511185600208 -0.0027759191901045475 0.066902686276138879 -0.052459379572521996 0.022869514348322822 -0.031384892081348696 -0.019033758335856101 0.026727966924381414 0.014624421715059064 -0.047882841689431153 -0.051303344649427075 -0.048596856331763166 0.068582428670064963 0.00087504961228222354 0.095519917845152902 -0.021241257277019997 0.062098482285033577 0.076002761082989839 -0.018173104024349917 0.0039442013197266094 0.070561374686239811 0.0033467737171562727 -0.039986010321612975
leaf_weight=85215 49 56 64 213 173 32 21 26 148 31 37 69 373 326 132 55 92 85 42 22 216 26 166 33 21 72 714 89 8839 52
leaf_count=85215 49 56 64 213 173 32 21 26 148 31 37 69 373 326 132 55 92 85 42 22 216 26 166 33 21 72 714 89 8839 52
internal_value=1.0392e-11 0.00163775 -0.0153995 -0.00789016 0.00235865 -0.0148206 -0.000210112 -0.00965612 0.0121644 -0.0140688 0.0124889 -0.00342453 -0.0183392 -0.0081804 0.0149451 0.00279313 -0.020809 0.00302807 -0.0128877 -0.00122587 0.00713371 0.0546867 0.00360662 0.0124363 0.0311051 0.00309241 0.00651327 0.0491966 0.00264732 0.00309334
internal_weight=97489 11085 450 386 10635 337 86404 1189 200 989 137 106 852 479 153 10462 305 10406 365 280 238 52 10041 984 237 93 747 144 9057 8891
internal_count=97489 11085 450 386 10635 337 86404 1189 200 989 137 106 852 479 153 10462 305 10406 365 280 238 52 10041 984 237 93 747 144 9057 8891
is_linear=0
shrinkage=0.1


Tree=95
num_leaves=31
num_cat=0
split_feature=102 102 51 41 54 27 23 22 13 36 9 6 25 74 89 25 45 26 19 19 42 33 1 91 105 104 29 9 42 84
split_gain=3.32028 4.58047 4.26835 5.64346 3.48796 14.0083 12.4867 13.2696 7.98673 9.08881 7.38453 13.2628 6.67224 5.76577 7.60971 10.0752 4.22082 4.89812 11.2834 6.78244 5.42161 4.70248 4.2319 5.32168 4.02112 3.83212 9.48945 7.74028 6.99158 8.41114
threshold=320.50000000000006 214.50000000000003 77.15000000000002 0.73309395134597721 6.5000000000000009 0.80265360933717089 1.4244625529012718 2.2565789473684217 3.3640244544575082 2.3666666666666671 4.4340851050311114 20.900000000000002 0.56253641334739612 1.5000000000000002 4.5000000000000009 0.86554360876699588 1.6389339973919144 1.1180555555555558 0.86554360876699576 1.4916198487095669 0.90000000000000013 0.80265360933717089 13.197329274933962 4.5000000000000009 0.36666666666666675 119.30000000000003 1.4547261073653115 4.4876352475357271 0.45000000000000007 15.500000000000002
decision_type=10 10 10 10 10 8 10 10 10 10 10 10 10 10 10 10 10 10 10 10 10 10 10 10 10 2 10 10 8 8
left_child=1 4 3 -3 13 6 -6 -8 9 -9 11 -7 -11 25 -15 -16 17 18 -12 -20 21 -21 23 24 -19 -1 27 28 -27 -30
right_child=-2 2 -4 -5 5 10 7 8 -10 12 16 -13 -14 14 15 -17 -18 22 19 20 -22 -23 -24 -25 -26 26 -28 -29 29 -31
leaf_value=-2.9228354335664907e-05 0.031714441280134696 0.024497359278409379 0.02555652592669834 -0.028978641518130361 -0.010952020935930205 -0.015472848127995218 0.10463739094280063 0.060031260834710498 0.063382440494994322 0.023054508428121435 0.059395145997405058 0.058435806007154527 -0.039620432184963694 -0.018067538688580197 0.078998849385728445 0.0030911910888629362 -0.060281659487415762 -0.06250530753446662 -0.06117015045601875 -0.040294337999075655 0.034319953673073778 0.017014199983151186 -0.0065309884143061941 -0.081528420242830191 -0.0080366840127460426 0.0048238592739734383 -0.046824227919911643 0.0018876340036943996 0.055219936024012241 0.012989466094854966
leaf_weight=95103 33 23 22 139 138 112 21 22 30 29 20 31 41 30 36 34 34 23 32 45 23 21 32 32 33 180 34 946 87 103
leaf_count=95103 33 23 22 139 138 112 21 22 30 29 20 31 41 30 36 34 34 23 32 45 23 21 32 32 33 180 34 946 87 103
internal_value=2.71882e-12 -1.0739e-05 -0.0157736 -0.0213864 1.90782e-05 -0.00692014 0.0105064 0.0312146 0.0185763 0.00396555 -0.0181002 0.000549308 -0.0136551 7.07523e-05 0.0240703 0.0421294 -0.0271405 -0.0228232 -0.0101853 -0.0216862 -0.00748975 -0.0220598 -0.0376728 -0.0489971 -0.0304077 4.58702e-05 0.00533631 0.00668393 0.0189469 0.0323266
internal_weight=97489 97456 184 162 97272 719 281 143 122 92 438 143 70 96553 100 70 295 261 141 121 89 66 120 88 56 96453 1350 1316 370 190
internal_count=97489 97456 184 162 97272 719 281 143 122 92 438 143 70 96553 100 70 295 261 141 121 89 66 120 88 56 96453 1350 1316 370 190
is_linear=0
shrinkage=0.1


Tree=96
num_leaves=31
num_cat=0
split_feature=59 1 38 1 7 92 33 109 93 20 65 94 27 103 24 0 37 15 25 17 90 52 36 19 100 82 17 21 104 104
split_gain=3.27332 8.59049 9.11104 8.37633 9.34663 10.6677 7.93319 8.4391 6.92535 12.7183 17.8105 12.0375 11.1334 14.5731 13.4471 11.0046 11.1706 17.8008 16.0731 10.5969 9.8161 9.61289 7.68216 9.56531 7.64438 8.54035 7.50113 8.37875 8.77579 8.15446
threshold=17.500000000000004 6.0244501818101055 5.5500000000000007 3.9005768672469356 6.1562922312723698 1.0000000180025095e-35 1.8393833349049535 23.002053388090353 1.0000000180025095e-35 9.6500000000000004 3.5000000000000004 6.5000000000000009 1.9944289260117536 0.58400000000000007 2.5500000000000003 53.230000000000011 2.1794192844442732 3.0992829416278238 0.86554360876699588 3.5568685824880606 7.5000000000000009 7.5000000000000009 5.2666666666666675 2.8459956687007311 1.0000000180025095e-35 272.50000000000006 4.7593397497103211 0.68250705852645377 117.90000000000002 99.850000000000009
decision_type=10 10 10 10 10 10 10 2 10 10 8 10 10 2 10 10 10 10 10 8 10 10 10 10 2 10 10 10 2 2
left_child=-1 3 8 4 -2 -6 7 -5 11 12 -11 22 14 21 -10 16 -13 18 -18 -19 -12 -14 26 -24 25 -16 29 -28 -29 -3
right_child=1 2 -4 6 5 -7 -8 -9 9 10 20 15 13 -15 24 -17 17 19 -20 -21 -22 -23 23 -25 -26 -27 27 28 -30 -31
leaf_value=0.00031784162898059576 -0.00023362508633985153 -0.04938646237819623 -0.042033925716980149 -0.02218070120300385 0.0886693368665874 0.0082108659597320693 0.04539178152120224 -0.0065580019300109441 0.0012824810273341727 0.10450114275400456 0.059042226346699811 -0.0094191562822636445 0.058231408298015597 0.11375458225607873 0.023400323114516897 -0.013393404494497208 0.039907808821987023 -0.032280133012682198 0.15824245745316148 0.063804139995375986 0.00041837016849414159 -0.039813947826623924 0.085299707204103473 0.0020345305621221259 -0.054788295213992783 -0.041144436102633075 -0.044321353252977133 0.011030788384009909 0.073944633329908055 -0.0035438724689739335
leaf_weight=74941 775 39 52 413 26 45 27 2124 10426 26 38 34 20 20 41 57 22 24 24 22 115 20 22 37 65 41 25 291 24 7653
leaf_count=74941 775 39 52 413 26 45 27 2124 10426 26 38 34 20 20 41 57 22 24 24 22 115 20 22 37 65 41 25 291 24 7653
internal_value=4.17183e-12 -0.00105639 -0.000232467 -0.00568047 0.00294779 0.0376745 -0.0085274 -0.00910123 -0.000118579 0.00154778 0.0279818 -0.00229608 0.00110278 0.0440573 0.000859018 0.023066 0.0395596 0.0576604 0.101648 0.0136732 0.0149785 0.00920873 -0.00286971 0.0330826 -0.0291752 -0.00887206 -0.00313381 0.0114018 0.0158242 -0.0037763
internal_weight=97489 22548 19138 3410 846 71 2564 2537 19086 10812 179 8274 10633 60 10573 183 126 92 46 46 153 40 8091 59 147 82 8032 340 315 7692
internal_count=97489 22548 19138 3410 846 71 2564 2537 19086 10812 179 8274 10633 60 10573 183 126 92 46 46 153 40 8091 59 147 82 8032 340 315 7692
is_linear=0
shrinkage=0.1


Tree=97
num_leaves=31
num_cat=0
split_feature=41 29 7 10 18 19 35 8 91 49 92 40 40 15 86 17 0 7 87 86 3 23 17 13 0 60 73 105 15 15
split_gain=3.32601 9.00387 9.36392 9.28781 8.94909 10.758 12.6129 14.2164 14.2662 11.7066 16.1136 14.4719 14.3222 11.4188 16.7218 19.6178 13.9051 13.2364 11.1916 12.2081 15.1986 15.1733 13.0775 10.594 10.3962 10.1985 11.7002 11.7171 13.1823 20.6666
threshold=1.9057717423562364 1.7573145395232175 2.4697348311904634 15.025000000000002 7.6333333333333337 1.8818990709935315 0.80154921746165264 21.850000000000005 15.500000000000002 64.450000000000017 2.5000000000000004 3.4522727272727276 1.3867521367521369 2.5522306881278545 81.500000000000014 3.3390779700229296 43.130000000000017 5.9497839774558381 20.500000000000004 186.50000000000003 12.058986966733972 2.8232266931302719 2.4125342447872682 5.059634605717835 32.490000000000016 1.5000000000000002 5.5000000000000009 0.90000000000000013 1.8150598068116108 2.8421404775696382
decision_type=10 10 10 10 10 10 10 10 10 10 10 10 10 10 8 10 10 10 10 10 10 10 10 10 8 10 10 10 10 10
left_child=4 2 -2 -3 -1 25 7 8 9 10 11 12 24 16 15 17 -14 -15 -11 20 21 -20 -21 -9 -7 -6 -27 28 -28 -30
right_child=1 3 -4 -5 5 6 -8 23 -10 18 -12 -13 13 14 -16 -17 -18 -19 19 22 -22 -23 -24 -25 -26 26 27 -29 29 -31
leaf_value=-3.6532052773593758e-05 -0.024459674398281745 0.035523431450128561 -0.00098934933522456039 -0.038171946825518797 -0.00085989233064517542 0.012413062547420851 -0.0078092634106531368 -0.0034327222685208315 0.087585301786937103 -0.013426894614019911 -0.026837291408862388 -0.025534571419894417 0.024491553944827483 0.18341685647056216 0.0053499092508683954 0.01394264086848125 -0.037970507513964552 0.071139990077132273 0.037006541298857581 0.060456097093854279 0.023712839446003879 0.139100142830127 -0.048691716207110367 0.050436802291752486 -0.071844104704171144 -0.003957586380911161 -0.020115546638575885 0.11272983416914939 0.075152616771767933 0.010524710248099622
leaf_weight=88021 175 20 5936 118 178 32 792 929 27 37 112 79 327 21 42 24 40 21 24 21 48 37 23 38 27 83 39 20 101 97
leaf_count=88021 175 20 5936 118 178 32 792 929 27 37 112 79 327 21 42 24 40 21 24 21 48 37 23 38 27 83 39 20 101 97
internal_value=1.05739e-12 -0.00223188 -0.00166147 -0.0274915 0.000152861 0.00533167 0.00279999 0.00720152 0.0159449 0.0138309 0.00804048 0.0144129 0.0203228 0.0260946 0.054676 0.0860654 0.0176837 0.127278 0.0359261 0.0478611 0.0658081 0.0989322 0.00340156 -0.00131582 -0.0261453 0.0185326 0.0286851 0.0392272 0.0330245 0.0434915
internal_weight=97489 6249 6111 138 91240 3219 2701 1909 942 915 725 613 534 475 108 66 367 42 190 153 109 61 44 967 59 518 340 257 237 198
internal_count=97489 6249 6111 138 91240 3219 2701 1909 942 915 725 613 534 475 108 66 367 42 190 153 109 61 44 967 59 518 340 257 237 198
is_linear=0
shrinkage=0.1


Tree=98
num_leaves=31
num_cat=0
split_feature=104 103 16 13 45 33 19 93 15 96 33 49 37 48 92 47 55 49 3 19 3 14 57 8 51 103 21 11 27 87
split_gain=3.26877 10.363 13.9144 13.606 17.1437 20.3417 16.0294 10.0979 9.87049 8.32502 8.27351 8.56554 7.57482 7.97482 9.92136 7.69469 9.52877 9.11192 14.3767 18.375 11.8051 10.8559 12.6379 14.5845 12.7466 11.9934 11.6132 10.0205 9.61925 9.41399
threshold=110.15000000000002 0.25000000000000006 1.7573529411764708 2.0246950765959606 1.1995347124462643 0.43129778659994128 2.783867696928056 1.0000000180025095e-35 3.4649033049782161 219.50000000000003 0.32478054967508568 82.250000000000014 2.8838617020628585 37.250000000000007 1.5000000000000002 2.5378704026897849 50.500000000000007 51.850000000000001 12.255157644378148 3.3540936844653131 14.16323291714424 4.3166666666666673 12.500000000000002 21.550000000000004 70.750000000000014 0.5335000000000002 1.9578900207451224 8.9792157621688258 1.7013059038951182 24.500000000000004
decision_type=2 2 8 8 8 8 10 8 10 2 8 10 10 10 10 10 10 8 10 10 10 10 8 10 10 2 10 10 10 8
left_child=1 2 -1 9 8 -6 7 -7 -5 -4 11 12 13 15 -15 16 17 28 19 21 -20 27 23 -23 -24 -25 -27 -19 -3 -22
right_child=-2 10 3 4 5 6 -8 -9 -10 -11 -12 -13 -14 14 -16 -17 -18 18 20 -21 29 22 24 25 -26 26 -28 -29 -30 -31
leaf_value=0.076269936177766687 -0.00044295725130202 -0.0034962188230864381 0.015600626891659154 0.020306410956603124 0.13917107644855328 0.087935008853673946 -0.042585186713508201 0.00090948704630136503 -0.020523985136277612 -0.021894720232934105 0.001236825918230532 0.058165380495357445 -0.042545394542200188 0.087322331538201653 -0.0056486743191878006 0.041304252711005324 -0.018927755580739794 0.0021325508681621103 -0.03803230329976303 0.066994435321223941 0.057783512664692741 0.094791433836023009 0.024941532785186963 -0.025766395464597736 -0.036311580247890489 0.095527969326438589 0.0074894725315032473 -0.063321598351001748 -0.041101415915603658 -0.008789092501815917
leaf_weight=33 61500 4796 93 213 23 40 21 20 82 163 28954 23 48 22 24 39 365 363 114 59 28 42 98 32 52 29 31 25 69 88
leaf_count=33 61500 4796 93 213 23 40 21 20 82 163 28954 23 48 22 24 39 365 363 114 59 28 42 98 32 52 29 31 25 69 88
internal_value=-3.32719e-12 0.00075695 0.012912 0.00971993 0.0212645 0.0561753 0.0326087 0.0589265 0.00895694 -0.00827336 0.000520054 -0.00274975 -0.00297129 -0.00266862 0.0388157 -0.00297493 -0.00325386 -0.00227189 0.00662626 0.013487 -0.0151791 0.0087892 0.0236453 0.0459642 0.00370712 0.0236735 0.0500414 -0.00208486 -0.00402957 0.00728016
internal_weight=97489 35989 688 655 399 104 81 60 295 256 35301 6347 6324 6276 46 6230 6191 5826 961 731 230 672 284 134 150 92 60 388 4865 116
internal_count=97489 35989 688 655 399 104 81 60 295 256 35301 6347 6324 6276 46 6230 6191 5826 961 731 230 672 284 134 150 92 60 388 4865 116
is_linear=0
shrinkage=0.1


Tree=99
num_leaves=31
num_cat=0
split_feature=27 54 73 104 19 11 17 13 81 37 36 110 111 41 28 15 5 34 94 6 1 100 43 19 104 41 0 25 109 106
split_gain=3.2934 10.4053 10.3665 9.08967 8.11075 13.9402 13.0237 10.2688 9.32485 8.20673 10.3203 7.34656 13.5891 12.8591 18.0909 10.0898 11.5692 13.1475 17.0744 11.0209 10.4806 10.8661 8.47124 9.41186 9.12446 13.4997 8.36844 8.32217 7.78932 9.06721
threshold=0.80265360933717089 6.5000000000000009 8.5000000000000018 117.2 1.8818990709935315 6.6845265148068282 2.1623438140497186 2.0776550673994532 1125.5000000000002 1.1178102700547354 3.3666666666666671 76.500000000000014 6.5000000000000009 2.1262763460588903 0.94868421052631591 3.0586847265664545 7.7839536362005575 0.14642857142857144 1.0000000180025095e-35 8.6333333333333346 4.7547870614781482 1.0000000180025095e-35 2.3663375785871903 0.86554360876699576 109.15000000000002 1.1522763754798115 42.610000000000014 0.64222852518808682 28.225872689938402 354.50000000000006
decision_type=8 10 10 2 10 10 10 10 10 10 10 2 2 10 10 10 10 10 10 10 10 2 10 10 2 10 10 10 2 2
left_child=2 -2 11 4 6 -6 -4 -8 -9 10 -7 12 15 22 27 16 17 19 -19 -1 -20 -22 -13 -24 25 -25 -16 -15 29 -27
right_child=1 -3 3 -5 5 9 7 8 -10 -11 -12 13 -14 14 26 -17 -18 18 20 -21 21 -23 23 24 -26 28 -28 -29 -30 -31
leaf_value=0.056528875117118543 -0.00036370223835012852 -0.015800530228033578 -0.039750241173342582 0.069706880141581815 -0.02908748419674036 0.10763432651758194 0.10115061799207559 0.063415242926705459 -0.002101112906303671 0.0081478102916834067 0.0072619520482562847 -0.00057184187546207427 0.0013265454951634115 0.029844782307744028 -0.047535706474181177 0.05208515168671482 0.0059006238775338848 -0.0011296950280666352 0.12740517148375513 -0.019715702384710314 0.0093289651068379029 0.084528351652071537 0.035351991011738415 -0.008860137406736612 -0.0012071854697013446 0.041216975317469672 0.034440581426024436 0.091040983060374864 0.0027092437672157151 0.11826803150276344
leaf_weight=26 57411 440 21 28 96 20 26 42 45 265 21 30461 6322 50 33 61 1054 48 25 70 33 46 123 63 509 42 20 40 24 24
leaf_count=26 57411 440 21 28 96 20 26 42 45 265 21 30461 6322 50 33 61 1054 48 25 70 33 46 123 63 509 42 20 40 24 24
internal_value=8.15653e-12 -0.000481111 0.000702173 0.0141628 0.0112612 0.0041591 0.0325675 0.0460071 0.0295275 0.0145894 0.0562241 0.000507881 0.00327906 -0.00017059 0.0297483 0.0123354 0.0104731 0.0299061 0.0482044 0.000933871 0.0709739 0.0531159 -0.000307516 0.00994932 0.00522949 0.026643 -0.0166013 0.0570431 0.0514952 0.0692355
internal_weight=97489 57851 39638 564 536 402 134 113 87 306 41 39074 7685 31389 143 1363 1302 248 152 96 104 79 31246 785 662 153 53 90 90 66
internal_count=97489 57851 39638 564 536 402 134 113 87 306 41 39074 7685 31389 143 1363 1302 248 152 96 104 79 31246 785 662 153 53 90 90 66
is_linear=0
shrinkage=0.1


end of trees

feature_importances:
stl_rolling_20g_avg=124
opponent_win_pct=101
stl_season_cumulative_total=66
fantasy_pts_lag_1=59
reb_rolling_5g_std=58
stl_career_max=58
opponent_def_rating=57
fantasy_pts_rolling_5g_avg=56
stl_rolling_20g_std=55
fantasy_pts_rolling_5g_std=54
pts_rolling_5g_avg=50
pts_rolling_5g_std=50
season_start_year=47
ast_rolling_5g_std=45
reb_rolling_10g_std=44
ast_rolling_5g_avg=43
tov_rolling_20g_std=42
fantasy_pts_season_min=42
career_games_played=42
pts_rolling_10g_avg=41
stl_rolling_10g_avg=41
stl_rolling_10g_std=41
tov_rolling_10g_std=40
fantasy_pts_rolling_10g_std=39
pts_rolling_10g_std=39
pts_rolling_20g_std=39
tov_rolling_5g_std=38
age_at_game=38
ast_rolling_10g_avg=37
ast_rolling_10g_std=37
3pm_season_cumulative_total=36
ast_rolling_20g_avg=35
fantasy_pts_career_min=35
reb_season_cumulative_total=35
tov_season_cumulative_total=35
stl_rolling_5g_avg=34
blk_rolling_20g_std=34
opponent_recent_form=33
days_rest=32
fantasy_pts_rolling_20g_std=31
reb_rolling_20g_avg=31
ast_rolling_20g_std=30
pts_rolling_20g_avg=29
reb_rolling_10g_avg=29
tov_rolling_20g_avg=29
pts_season_cumulative_total=29
ast_season_cumulative_total=29
stl_lag_1=29
stl_rolling_5g_std=28
blk_rolling_10g_std=27
3pm_rolling_5g_std=27
3pm_rolling_10g_std=27
tov_rolling_10g_avg=26
3pm_rolling_10g_avg=26
fantasy_pts_rolling_20g_avg=25
reb_rolling_5g_avg=25
reb_rolling_20g_std=25
3pm_rolling_20g_avg=25
fantasy_pts_season_max=25
pts_lag_1=25
draft_pick_numeric=25
fantasy_pts_rolling_10g_avg=24
pts_season_min=24
WEIGHT=24
blk_rolling_20g_avg=23
tov_rolling_5g_avg=20
3pm_rolling_5g_avg=20
fantasy_pts_career_max=20
SEASON_EXP=20
height_inches=20
blk_season_cumulative_total=19
blk_rolling_5g_std=18
3pm_rolling_20g_std=18
tov_lag_1=18
position_Center=18
blk_rolling_10g_avg=17
pts_season_max=17
blk_career_max=17
reb_lag_1=17
blk_rolling_5g_avg=16
ast_season_min=16
pts_career_max=15
3pm_career_max=14
ast_lag_1=12
reb_career_max=11
tov_season_max=11
fantasy_pts_season_cumulative_total=11
blk_lag_1=11
stl_season_max=10
reb_season_max=9
reb_season_min=7
ast_career_max=7
home_game=7
ast_season_max=6
3pm_lag_1=6
season_number=6
position_Guard=6
pts_career_min=5
stl_season_min=5
tov_career_max=5
3pm_season_min=4
blk_season_max=3
3pm_season_max=3
reb_career_min=1
blk_season_min=1
tov_season_min=1
tov_career_min=1
FROM_YEAR=1
position_Forward=1

parameters:
[boosting: gbdt]
[objective: regression]
[metric: l2]
[tree_learner: serial]
[device_type: cpu]
[data_sample_strategy: bagging]
[data: ]
[valid: ]
[num_iterations: 100]
[learning_rate: 0.1]
[num_leaves: 31]
[num_threads: 10]
[seed: 42]
[deterministic: 0]
[force_col_wise: 0]
[force_row_wise: 0]
[histogram_pool_size: -1]
[max_depth: -1]
[min_data_in_leaf: 20]
[min_sum_hessian_in_leaf: 0.001]
[bagging_fraction: 1]
[pos_bagging_fraction: 1]
[neg_bagging_fraction: 1]
[bagging_freq: 0]
[bagging_seed: 400]
[bagging_by_query: 0]
[feature_fraction: 1]
[feature_fraction_bynode: 1]
[feature_fraction_seed: 30056]
[extra_trees: 0]
[extra_seed: 12879]
[early_stopping_round: 0]
[early_stopping_min_delta: 0]
[first_metric_only: 0]
[max_delta_step: 0]
[lambda_l1: 0]
[lambda_l2: 0]
[linear_lambda: 0]
[min_gain_to_split: 0]
[drop_rate: 0.1]
[max_drop: 50]
[skip_drop: 0.5]
[xgboost_dart_mode: 0]
[uniform_drop: 0]
[drop_seed: 17869]
[top_rate: 0.2]
[other_rate: 0.1]
[min_data_per_group: 100]
[max_cat_threshold: 32]
[cat_l2: 10]
[cat_smooth: 10]
[max_cat_to_onehot: 4]
[top_k: 20]
[monotone_constraints: ]
[monotone_constraints_method: basic]
[monotone_penalty: 0]
[feature_contri: ]
[forcedsplits_filename: ]
[refit_decay_rate: 0.9]
[cegb_tradeoff: 1]
[cegb_penalty_split: 0]
[cegb_penalty_feature_lazy: ]
[cegb_penalty_feature_coupled: ]
[path_smooth: 0]
[interaction_constraints: ]
[verbosity: -1]
[saved_feature_importance_type: 0]
[use_quantized_grad: 0]
[num_grad_quant_bins: 4]
[quant_train_renew_leaf: 0]
[stochastic_rounding: 1]
[linear_tree: 0]
[max_bin: 255]
[max_bin_by_feature: ]
[min_data_in_bin: 3]
[bin_construct_sample_cnt: 200000]
[data_random_seed: 175]
[is_enable_sparse: 1]
[enable_bundle: 1]
[use_missing: 1]
[zero_as_missing: 0]
[feature_pre_filter: 1]
[pre_partition: 0]
[two_round: 0]
[header: 0]
[label_column: ]
[weight_column: ]
[group_column: ]
[ignore_column: ]
[categorical_feature: ]
[forcedbins_filename: ]
[precise_float_parser: 0]
[parser_config_file: ]
[objective_seed: 16083]
[num_class: 1]
[is_unbalance: 0]
[scale_pos_weight: 1]
[sigmoid: 1]
[boost_from_average: 1]
[reg_sqrt: 0]
[alpha: 0.9]
[fair_c: 1]
[poisson_max_delta_step: 0.7]
[tweedie_variance_power: 1.5]
[lambdarank_truncation_level: 30]
[lambdarank_norm: 1]
[label_gain: ]
[lambdarank_position_bias_regularization: 0]
[eval_at: ]
[multi_error_top_k: 1]
[auc_mu_weights: ]
[num_machines: 1]
[local_listen_port: 12400]
[time_out: 120]
[machine_list_filename: ]
[machines: ]
[gpu_platform_id: -1]
[gpu_device_id: -1]
[gpu_use_dp: 0]
[num_gpu: 1]

end of parameters

pandas_categorical:[]
