tree
version=v4
num_class=1
num_tree_per_iteration=1
label_index=0
max_feature_idx=115
objective=regression
feature_names=fantasy_pts_rolling_5g_avg fantasy_pts_rolling_5g_std fantasy_pts_rolling_10g_avg fantasy_pts_rolling_10g_std fantasy_pts_rolling_20g_avg fantasy_pts_rolling_20g_std pts_rolling_5g_avg pts_rolling_5g_std pts_rolling_10g_avg pts_rolling_10g_std pts_rolling_20g_avg pts_rolling_20g_std reb_rolling_5g_avg reb_rolling_5g_std reb_rolling_10g_avg reb_rolling_10g_std reb_rolling_20g_avg reb_rolling_20g_std ast_rolling_5g_avg ast_rolling_5g_std ast_rolling_10g_avg ast_rolling_10g_std ast_rolling_20g_avg ast_rolling_20g_std stl_rolling_5g_avg stl_rolling_5g_std stl_rolling_10g_avg stl_rolling_10g_std stl_rolling_20g_avg stl_rolling_20g_std blk_rolling_5g_avg blk_rolling_5g_std blk_rolling_10g_avg blk_rolling_10g_std blk_rolling_20g_avg blk_rolling_20g_std tov_rolling_5g_avg tov_rolling_5g_std tov_rolling_10g_avg tov_rolling_10g_std tov_rolling_20g_avg tov_rolling_20g_std 3pm_rolling_5g_avg 3pm_rolling_5g_std 3pm_rolling_10g_avg 3pm_rolling_10g_std 3pm_rolling_20g_avg 3pm_rolling_20g_std fantasy_pts_season_min fantasy_pts_season_max fantasy_pts_career_min fantasy_pts_career_max pts_season_min pts_season_max pts_career_min pts_career_max reb_season_min reb_season_max reb_career_min reb_career_max ast_season_min ast_season_max ast_career_min ast_career_max stl_season_min stl_season_max stl_career_min stl_career_max blk_season_min blk_season_max blk_career_min blk_career_max tov_season_min tov_season_max tov_career_min tov_career_max 3pm_season_min 3pm_season_max 3pm_career_min 3pm_career_max fantasy_pts_season_cumulative_total pts_season_cumulative_total reb_season_cumulative_total ast_season_cumulative_total stl_season_cumulative_total blk_season_cumulative_total tov_season_cumulative_total 3pm_season_cumulative_total fantasy_pts_lag_1 pts_lag_1 reb_lag_1 ast_lag_1 stl_lag_1 blk_lag_1 tov_lag_1 3pm_lag_1 WEIGHT SEASON_EXP FROM_YEAR TO_YEAR home_game away_game days_rest opponent_win_pct opponent_def_rating opponent_recent_form career_games_played season_start_year season_number age_at_game height_inches draft_pick_numeric is_undrafted position_Center position_Forward position_Guard
feature_infos=[-1:80.739999999999995] [0:33.644568655282235] [-1:71.920000000000016] [0:27.550241983208302] [-1:69.315000000000012] [0:27.550241983208302] [0:52.200000000000003] [0:24.785076154815421] [0:45.899999999999999] [0:19.406757127923825] [0:42.950000000000003] [0:15.874839410708679] [0:21.600000000000001] [0:10.329569206893384] [0:19.300000000000001] [0:8.2219219164377861] [0:17.649999999999999] [0:7.7781745930520225] [0:18.800000000000001] [0:7.334848328356899] [0:16] [0:6.7330032922413849] [0:14.1] [0:5.6568542494923806] [0:5.7999999999999998] [0:4.2190046219457971] [0:4] [0:3.0550504633038935] [0:4] [0:3.0550504633038935] [0:6.5999999999999996] [0:4.9497474683058327] [0:5.2000000000000002] [0:4.9497474683058327] [0:5] [0:4.9497474683058327] [0:8.1999999999999993] [0:4.6151923036857303] [0:6.9000000000000004] [0:3.5355339059327378] [0:6.6500000000000004] [0:3.5355339059327378] [0:9.1999999999999993] [0:5.9413803110051786] [0:7.2000000000000002] [0:4.3153472887152686] [0:7] [0:4.2426406871192848] [-3.5:99.5] [-2:105.2] [-3.5:55.700000000000003] [-1:105.2] [0:50] [0:73] [0:27] [0:73] [0:23] [0:31] [0:12] [0:31] [0:17] [0:24] [0:9] [0:24] [0:7] [0:10] [0:4] [0:10] [0:9] [0:10] [0:5] [0:10] [0:9] [0:12] [0:6] [0:12] [0:8] [0:14] [0:7] [0:14] [-2:4882.8000000000011] [0:2779] [0:1229] [0:895] [0:177] [0:252] [0:460] [0:392] [-3.5:105.2] [0:73] [0:31] [0:24] [0:10] [0:10] [0:12] [0:14] [164:290] [1:22] [2003:2024] none [0:1] [0:1] [1:2024] [0.106:0.89000000000000001] [93.099999999999994:119.59999999999999] [0:1] [0:1541] [2003:2024] [1:22] [18.828199863107461:40.142368240930871] [72:88] [1:61] [0:1] [0:1] [0:1] [0:1]
tree_sizes=2822 2925 2935 2937 2919 2956 2925 2941 2929 2971 2925 2891 2946 2945 2933 2945 2927 2962 2969 2908 2924 2944 2905 2886 2888 2916 2897 2962 2932 2939 2886 2863 2892 2916 2845 2940 2919 2967 2924 2914 2854 2868 2931 2869 2913 2875 2832 2883 2883 2885 2856 2846 2852 2907 2874 2861 2812 2856 2824 2843 2896 2853 2869 2842 2896 2903 2811 2833 2854 2820 2858 2854 2858 2830 2824 2886 2869 2855 2794 2832 2839 2846 2883 2844 2854 2907 2825 2868 2834 2822 2877 2829 2852 2856 2867 2855 2821 2843 2791 2895

Tree=0
num_leaves=31
num_cat=0
split_feature=46 46 46 46 46 47 46 75 46 46 109 46 79 46 46 79 44 95 103 5 55 44 11 44 6 87 42 110 113 57
split_gain=54341.5 10264.2 8679.5 2550.49 1815.67 931.858 900.987 760.133 404.264 278.148 170.01 147.383 143.438 126.819 112.914 110.057 105.907 104.247 103.438 117.996 101.303 91.9701 81.839 76.4889 74.9202 74.6583 73.9359 75.7466 68.5726 66.7398
threshold=1.341666666666667 2.4058823529411768 0.51315789473684215 3.4250000000000003 1.8944444444444446 0.37049093658260052 0.94868421052631591 10.500000000000002 2.8535714285714291 1.648529411764706 26.92265571526352 2.2052631578947373 8.5000000000000018 0.70294117647058829 0.35147058823529415 6.5000000000000009 4.4500000000000011 1.5000000000000002 0.70200000000000007 8.8399139671205109 36.500000000000007 1.0500000000000003 9.3546357707109262 2.4365079365079372 10.225000000000001 197.50000000000003 2.3666666666666671 77.500000000000014 1.0000000180025095e-35 3.5000000000000004
decision_type=10 10 10 10 10 8 10 10 10 10 2 10 10 10 10 10 10 10 2 10 10 10 10 10 10 10 10 2 2 10
left_child=2 4 5 8 9 28 13 25 12 17 -9 26 24 -4 -7 21 -12 -2 19 -18 -10 -8 -21 -14 -3 -5 27 -6 -1 -11
right_child=1 3 6 7 11 14 15 10 20 29 16 -13 23 -15 -16 -17 18 -19 -20 22 -22 -23 -24 -25 -26 -27 -28 -29 -30 -31
leaf_value=1.2441675859149497 1.3659087901858753 1.4105578499121278 1.2979040779467648 1.551158793148554 1.4331297759493511 1.2602538473834481 1.3292549715766675 1.4937871697542249 1.4751024585537789 1.3510977402482052 1.6428864899231357 1.4497112597941328 1.4652689815261395 1.317862843194247 1.2814016619084914 1.3616448531492757 1.922633328576655 1.3863475428004248 1.5387623554775947 1.6608151444241139 1.518086593158662 1.3474689882612463 1.7556382527177827 1.5067736740884925 1.4653143000137339 1.6026937476806822 1.439863596049809 1.4110108341934777 1.2261162030623662 1.4020018872498967
leaf_weight=2568 5703 265 6094 1865 2820 6430 4591 52 648 267 395 4247 645 6666 4157 3035 29 4437 31 165 3563 6998 203 1425 4379 331 3105 3433 11657 7285
leaf_count=2568 5703 265 6094 1865 2820 6430 4591 52 648 267 395 4247 645 6666 4157 3035 29 4437 31 165 3563 6998 203 1425 4379 331 3105 3433 11657 7285
internal_value=1.35848 1.43863 1.28893 1.50982 1.40679 1.24609 1.32775 1.59033 1.48718 1.38567 1.66915 1.43426 1.47195 1.30833 1.26856 1.34469 1.68023 1.37485 1.71469 1.72843 1.51147 1.34025 1.71312 1.49384 1.46219 1.55893 1.42725 1.42099 1.22937 1.4002
internal_weight=97489 45293 52196 13996 31297 24812 27384 3071 10925 17692 875 13605 6714 12760 10587 14624 823 10140 428 397 4211 11589 368 2070 4644 2196 9358 6253 14225 7552
internal_count=97489 45293 52196 13996 31297 24812 27384 3071 10925 17692 875 13605 6714 12760 10587 14624 823 10140 428 397 4211 11589 368 2070 4644 2196 9358 6253 14225 7552
is_linear=0
shrinkage=1


Tree=1
num_leaves=31
num_cat=0
split_feature=46 46 46 46 46 47 46 75 46 46 79 46 46 44 0 79 42 49 49 106 106 103 5 95 42 58 89 87 103 79
split_gain=44053.2 7780.4 7648.59 1812.64 1589.44 916.248 701.297 403.652 376.075 284.012 176.43 171.761 129.191 121.623 111.3 109.296 85.0081 83.373 78.8668 78.403 73.4955 70.6581 72.7684 69.3369 68.502 68.4831 66.964 61.2216 62.5011 59.8065
threshold=1.3798076923076925 2.6125000000000003 0.55277777777777792 1.8944444444444446 3.7750000000000004 0.37049093658260052 0.97500000000000009 10.500000000000002 3.0250000000000004 2.2052631578947373 8.5000000000000018 1.648529411764706 0.35147058823529415 0.84523809523809534 21.970000000000002 4.5000000000000009 3.9000000000000004 49.550000000000004 42.850000000000001 243.50000000000003 863.50000000000011 0.70200000000000007 8.7219045179568244 1.5000000000000002 1.1000000000000003 1.0000000180025095e-35 10.500000000000002 116.50000000000001 0.42550000000000004 9.5000000000000018
decision_type=10 10 10 10 10 8 10 10 10 10 10 10 10 10 10 10 10 10 8 2 2 2 10 10 10 10 10 10 2 10
left_child=2 3 5 11 8 -1 13 25 10 26 18 23 -7 -4 27 -8 -9 -10 -3 -12 -19 22 -18 -2 -17 -6 -5 -11 -29 -16
right_child=1 4 6 9 7 12 15 16 17 14 19 -13 -14 -15 29 24 21 20 -20 -21 -22 -23 -24 -25 -26 -27 -28 28 -30 -31
leaf_value=-0.11619584280755274 0.0086196031024570723 0.062505968556154604 -0.048468247287841423 0.047647646693665474 0.20078461396374872 -0.088404860362109289 -0.021535483249433482 0.23622303038030057 0.13141417829034566 0.048351421559355269 0.099808909198324164 0.03754864020778214 -0.067653128634051957 -0.028771224453021556 0.089626000926793029 -0.012161294841664423 0.45480580570606088 0.16530617314619206 0.10568203625652627 0.14774026649728209 0.030499093707014875 0.16803264012259822 0.31272377663863304 0.02694476121198135 0.0044328618236314597 0.056194103991284099 0.066915217069540109 0.19864695380654251 0.071807871416943975 0.12122724859164036
leaf_weight=14225 4656 516 7803 2440 896 6430 4553 185 1110 933 441 7552 5624 5240 5864 4444 39 2973 2349 1509 41 31 476 3710 5651 34 6918 57 122 667
leaf_count=14225 4656 516 7803 2440 896 6430 4553 185 1110 933 441 7552 5624 5240 5864 4444 39 2973 2349 1509 41 31 476 3710 5651 34 6918 57 122 667
internal_value=3.12272e-11 0.0748596 -0.0603634 0.0508662 0.149373 -0.0990072 -0.0236902 0.239204 0.132681 0.0735722 0.113698 0.0266155 -0.0787228 -0.040555 0.087874 -0.00867325 0.294807 0.154844 0.0979058 0.1369 0.163472 0.314657 0.323483 0.0167461 -0.00287218 0.195499 0.0618914 0.0586289 0.112198 0.0928534
internal_weight=97489 43519 53970 32919 10600 26279 27691 1661 8939 17001 4815 15918 12054 13043 7643 14648 731 4124 2865 1950 3014 546 515 8366 10095 930 9358 1112 179 6531
internal_count=97489 43519 53970 32919 10600 26279 27691 1661 8939 17001 4815 15918 12054 13043 7643 14648 731 4124 2865 1950 3014 546 515 8366 10095 930 9358 1112 179 6531
is_linear=0
shrinkage=0.1


Tree=2
num_leaves=31
num_cat=0
split_feature=46 46 46 46 46 46 47 75 79 46 44 44 60 79 51 88 53 79 6 42 73 44 111 106 103 48 42 44 87 94
split_gain=35771.2 7214.96 5136.35 1702.73 1347.82 569.927 510.887 497.457 269.899 223.225 134.413 133.907 126.616 121.231 101.31 92.1203 89.9231 75.4177 73.6872 72.3438 70.6167 69.2122 69.1032 75.9849 69.0952 66.3772 66.2589 65.0661 64.2479 65.9531
threshold=1.2565789473684212 2.4058823529411768 0.48684210526315791 3.4250000000000003 1.7029411764705884 0.8377192982456142 0.31154763663392609 10.500000000000002 8.5000000000000018 2.0250000000000004 3.1500000000000008 1.5277777777777779 3.5000000000000004 5.5000000000000009 74.65000000000002 14.850000000000003 21.500000000000004 6.5000000000000009 7.9000000000000012 0.90000000000000013 5.5000000000000009 2.7638888888888893 18.500000000000004 863.50000000000011 0.81100000000000005 1.0500000000000003 0.22500000000000003 4.4500000000000011 158.50000000000003 4.5000000000000009
decision_type=10 10 10 10 10 10 8 10 10 10 10 10 8 10 10 10 8 10 10 10 8 10 2 2 2 10 8 10 10 10
left_child=2 4 6 8 11 19 -1 21 10 -6 16 17 27 18 25 -11 -3 -2 -7 -4 -14 -5 23 -16 -23 -10 -8 -9 -18 -30
right_child=1 3 5 7 9 13 26 12 14 15 -12 -13 20 -15 22 -17 28 -19 -20 -21 -22 24 -24 -25 -26 -27 -28 -29 29 -31
leaf_value=-0.10607627536522624 -0.00033308750170993074 0.034062957248030518 -0.051656680833843296 0.073513373876192487 0.044053491401672362 -0.037542628420686182 -0.083863428894778061 0.23634311290787863 0.061103574255434404 0.038591040029840651 0.11921909046581103 0.025829540709488577 0.31478096034664377 -0.0060232207316130394 0.15645996786288663 0.069896107086155568 0.083797638159848531 0.019062373119141596 -0.018414919636722201 -0.033189651317655611 0.13244079259015493 0.16837444200905327 0.061905974691564392 0.088904569792120081 -0.018381312638521195 0.11626507809011705 -0.067750907835965088 0.29618112088018095 0.10898470307544153 0.22482707300062837
leaf_weight=13128 5337 341 7893 83 8625 2816 5422 333 238 1060 1344 6706 26 6197 1346 8303 4372 3211 7072 2901 116 2093 99 190 20 2615 4822 400 322 58
leaf_count=13128 5337 341 7893 83 8625 2816 5422 333 238 1060 1344 6706 26 6197 1346 8303 4372 3211 7072 2901 116 2093 99 190 20 2615 4822 400 322 58
internal_value=-2.63794e-10 0.0624763 -0.0587303 0.122706 0.0371175 -0.028918 -0.0930161 0.188494 0.104214 0.0556602 0.0910894 0.0152514 0.252254 -0.0169895 0.123037 0.066352 0.0836662 0.00695269 -0.0238623 -0.0466935 0.165827 0.163088 0.142884 0.148104 0.166607 0.111663 -0.076279 0.268997 0.0872257 0.126666
internal_weight=97489 47238 50251 13996 33242 26879 23372 3071 10925 17988 6437 15254 875 16085 4488 9363 5093 8548 9888 10794 142 2196 1635 1536 2113 2853 10244 733 4752 380
internal_count=97489 47238 50251 13996 33242 26879 23372 3071 10925 17988 6437 15254 875 16085 4488 9363 5093 8548 9888 10794 142 2196 1635 1536 2113 2853 10244 733 4752 380
is_linear=0
shrinkage=0.1


Tree=3
num_leaves=31
num_cat=0
split_feature=46 46 46 46 46 45 75 46 46 46 95 109 53 79 42 42 89 48 104 85 8 104 87 113 83 79 22 6 87 46
split_gain=28974.7 5850.44 4166.51 1474.22 992.401 507.179 402.941 390.466 259.913 148.501 122.773 109.126 99.1539 88.7103 85.0255 81.4045 70.7417 70.6086 108.248 71.9169 70.303 67.2641 67.0381 65.7953 63.0544 62.8665 58.0018 57.6457 56.4321 55.9885
threshold=1.2565789473684212 2.3568181818181824 0.51315789473684215 3.4250000000000003 1.7029411764705884 0.32478054967508568 10.500000000000002 0.94868421052631591 2.8535714285714291 2.0250000000000004 1.5000000000000002 26.92265571526352 21.500000000000004 10.500000000000002 4.1000000000000005 0.55000000000000016 4.5000000000000009 18.250000000000004 108.35000000000001 16.500000000000004 17.450000000000003 115.65000000000002 73.500000000000014 1.0000000180025095e-35 8.5000000000000018 7.5000000000000009 6.7250000000000005 6.1000000000000005 197.50000000000003 0.35147058823529415
decision_type=10 10 10 10 10 8 10 10 10 10 10 2 10 10 10 10 10 8 2 8 10 2 10 2 10 10 10 10 10 10
left_child=2 4 5 8 10 23 28 15 12 25 -2 -8 -3 14 21 -4 -11 26 -19 -20 24 -14 -12 -1 -10 -6 -13 -9 -5 -7
right_child=1 3 7 6 9 29 11 27 20 16 22 17 13 -15 -16 -17 -18 18 19 -21 -22 -23 -24 -25 -26 -27 -28 -29 -30 -31
leaf_value=-0.080410825748183992 0.0057419011176780875 0.042967083950679524 -0.049339686465685637 0.14002599679672686 0.033937649491609871 -0.070807056518498099 0.086533997007287478 -0.029664620910646901 0.0074495447291569282 0.019451690056523138 0.018690432120915184 0.25070300214804181 0.075669791903560268 0.13126901800875887 0.14730654082571468 -0.0316941651998639 0.060513121113162344 0.15577143062101534 0.27272914876424087 0.1739290782880753 0.1189305138422536 0.10494769599129572 0.043241386935380009 -0.097221995684497201 0.096270701752806651 0.052412140594106461 0.35953347096116944 -0.0094184095101221658 0.18483094564579947 -0.055599558972814184
leaf_weight=2902 8512 629 3670 1865 5959 6142 52 1611 88 443 5337 175 5584 382 192 9090 7934 193 288 99 3252 913 1405 11772 871 2666 68 11068 331 3996
leaf_count=2902 8512 629 3670 1865 5959 6142 52 1611 88 443 5337 175 5584 382 192 9090 7934 193 288 99 3252 913 1405 11772 871 2666 68 11068 331 3996
internal_value=-2.25651e-10 0.0562287 -0.0528573 0.107867 0.0322443 -0.0820136 0.169644 -0.0244196 0.0919386 0.0488586 0.0137262 0.227028 0.0810145 0.084399 0.0817223 -0.0367693 0.0583417 0.235905 0.216946 0.247455 0.111914 0.0797841 0.0238067 -0.0938973 0.0881203 0.0396481 0.281158 -0.0119909 0.146779 -0.0648129
internal_weight=97489 47238 50251 14982 32256 24812 3071 25439 11911 17002 15254 875 7700 7071 6689 12760 8377 823 580 387 4211 6497 6742 14674 959 8625 243 12679 2196 10138
internal_count=97489 47238 50251 14982 32256 24812 3071 25439 11911 17002 15254 875 7700 7071 6689 12760 8377 823 580 387 4211 6497 6742 14674 959 8625 243 12679 2196 10138
is_linear=0
shrinkage=0.1


Tree=4
num_leaves=31
num_cat=0
split_feature=46 46 46 46 46 46 46 79 75 46 79 49 44 107 52 113 106 42 0 104 55 104 53 39 42 97 104 95 7 22
split_gain=23505.1 4165.76 4081.55 967.233 865.563 495.132 386.57 237.354 176.514 154.701 123.928 98.0724 96.1445 82.4785 80.6145 79.981 78.3721 72.7868 72.0783 67.1109 65.8716 66.7302 59.2494 58.0943 57.6551 57.0409 66.1914 56.3994 56.0385 64.6441
threshold=1.3798076923076925 2.6125000000000003 0.55277777777777792 1.8944444444444446 3.8750000000000004 0.20526315789473687 1.0250000000000001 8.5000000000000018 10.500000000000002 2.2638888888888893 6.5000000000000009 42.850000000000001 0.84523809523809534 2020.5000000000002 2.5000000000000004 1.0000000180025095e-35 591.50000000000011 1.3666666666666669 21.970000000000002 113.85000000000001 52.500000000000007 118.50000000000001 8.5000000000000018 2.8294088767300143 1.9000000000000001 7.5000000000000009 116.2 1.5000000000000002 4.4045284802308435 5.3062500000000012
decision_type=10 10 10 10 10 8 10 10 10 10 10 8 10 2 8 2 2 10 10 2 10 2 10 10 10 2 2 10 10 10
left_child=2 3 5 10 7 15 12 11 14 24 22 -3 -4 28 -6 -1 19 -12 -11 -13 -15 -22 -2 -10 -5 26 -20 -8 29 -9
right_child=1 4 6 9 8 -7 27 13 23 18 17 16 -14 20 -16 -17 -18 -19 25 -21 21 -23 -24 -25 -26 -27 -28 -29 -30 -31
leaf_value=-0.070171743542363149 -0.034892912995949224 0.045790772940015462 -0.035361265940490341 0.037163519059190221 0.21402027893524905 -0.054843932707002045 -0.0092442614459559268 0.14806467159052886 0.22433889797557779 0.039635679983135365 0.013870052211108073 0.084442615586379083 -0.019306021184606486 0.097392152163962201 0.129724571365992 -0.086907577014338822 0.042968705954442341 0.035916822441900621 0.075505272364384479 0.11826864788479402 0.12311125473649956 0.24389336731056779 0.012943723183913517 0.074714799915198929 0.052290736546566255 0.062387470001382311 0.12477320786795498 0.004818120473132962 0.12443764468671502 0.27034494572302753
leaf_weight=3696 267 668 8270 4235 143 10025 8275 179 667 909 2147 2525 6794 2686 549 12558 357 4950 1722 764 688 49 8554 27 6220 3591 324 4352 1241 57
leaf_count=3696 267 668 8270 4235 143 10025 8275 179 667 909 2147 2525 6794 2686 549 12558 357 4950 1722 764 688 49 8554 27 6220 3591 324 4352 1241 57
internal_value=1.65842e-10 0.0546814 -0.0440927 0.0371249 0.109204 -0.072322 -0.0173028 0.0981213 0.182882 0.0537112 0.0194102 0.081016 -0.0281202 0.113181 0.147144 -0.083102 0.0874697 0.0292472 0.0657667 0.0923 0.104659 0.131142 0.0114958 0.218518 0.0461632 0.0699805 0.0833072 -0.00439755 0.132932 0.177598
internal_weight=97489 43519 53970 32919 10600 26279 27691 9214 1386 17001 15918 4314 15064 4900 692 16254 3646 7097 6546 3289 3423 737 8821 694 10455 5637 2046 12627 1477 236
internal_count=97489 43519 53970 32919 10600 26279 27691 9214 1386 17001 15918 4314 15064 4900 692 16254 3646 7097 6546 3289 3423 737 8821 694 10455 5637 2046 12627 1477 236
is_linear=0
shrinkage=0.1


Tree=5
num_leaves=31
num_cat=0
split_feature=46 46 44 46 46 46 47 75 44 44 79 79 0 34 60 88 55 59 49 103 6 51 49 106 55 44 103 8 83 106
split_gain=19053.8 3841.6 2754.72 934.759 727.14 315.176 287.133 256.364 160.842 141.41 117.488 112.913 82.7426 81.5512 81.1005 64.609 62.5059 75.6123 59.7224 57.5582 57.5417 55.9633 55.3001 54.3745 54.3606 53.3897 55.4962 53.3374 52.5971 52.2539
threshold=1.2565789473684212 2.4058823529411768 0.47222222222222227 3.4250000000000003 1.8944444444444446 0.71825396825396837 0.31154763663392609 10.500000000000002 3.2250000000000005 1.5277777777777779 8.5000000000000018 5.5000000000000009 21.830000000000009 0.70294117647058829 3.5000000000000004 43.050000000000004 35.500000000000007 15.500000000000002 21.650000000000002 0.33550000000000008 7.6333333333333337 70.350000000000009 23.850000000000005 54.500000000000007 51.500000000000007 2.7638888888888893 0.81100000000000005 8.4142857142857164 26.500000000000004 669.50000000000011
decision_type=10 10 10 10 10 10 8 10 10 10 10 10 10 10 8 10 10 10 8 2 10 10 10 2 10 10 2 10 10 2
left_child=2 4 6 8 9 -4 -1 25 10 16 15 20 23 -14 -9 27 -2 -18 -12 -20 -7 -13 -11 -6 -21 -5 28 -3 -27 -17
right_child=1 3 5 7 12 11 -8 14 -10 22 18 21 13 -15 -16 29 17 -19 19 24 -22 -23 -24 -25 -26 26 -28 -29 -30 -31
leaf_value=-0.07759651016071667 -0.001292844391197868 -0.046259709103749352 -0.03767355940789479 0.041379767594612149 -0.0071618002823420936 -0.030333736336150136 -0.055394346357119817 0.19746218628032797 0.1001536990419387 -0.015041595941018669 -0.040055338440364914 0.002832827042376156 0.053766050041705704 0.033311417847930007 0.11489267970392691 0.087082413288709873 0.02640387571334454 -0.00020615450390870099 0.11278760803394142 0.07142692534657874 -0.01515790494304621 -0.016740894800907857 0.024504091224031938 0.034904658700271783 0.10503691974609847 0.082071806296823535 -0.042644747894955801 0.055674284733738755 0.13061830244123412 0.029271506377392342
leaf_weight=13128 5222 52 7842 83 350 3528 10471 733 2179 367 38 4574 8179 2559 142 1190 2477 1877 646 2007 8562 2146 9694 2517 633 254 20 4000 1839 180
leaf_count=13128 5222 52 7842 83 350 3528 10471 733 2179 367 38 4574 8179 2559 142 1190 2477 1877 646 2007 8562 2146 9694 2517 633 254 20 4000 1839 180
internal_value=5.01127e-10 0.0455973 -0.0428633 0.0895466 0.0270932 -0.0208316 -0.0677453 0.13829 0.0758448 0.0147826 0.0697884 -0.0138101 0.0448618 0.0488915 0.184062 0.0607135 0.0060844 0.0149323 0.0845911 0.0860326 -0.0195864 -0.00341795 0.0230616 0.0297692 0.0794857 0.120052 0.123143 0.0543661 0.124727 0.0794868
internal_weight=97489 47238 50251 13996 33242 26652 23599 3071 10925 19637 8746 18810 13605 10738 875 5422 9576 4354 3324 3286 12090 6720 10061 2867 2640 2196 2113 4052 2093 1370
internal_count=97489 47238 50251 13996 33242 26652 23599 3071 10925 19637 8746 18810 13605 10738 875 5422 9576 4354 3324 3286 12090 6720 10061 2867 2640 2196 2113 4052 2093 1370
is_linear=0
shrinkage=0.1


Tree=6
num_leaves=31
num_cat=0
split_feature=46 46 46 46 46 47 46 79 53 46 42 103 6 79 55 89 53 16 97 109 11 103 49 83 44 67 95 30 27 45
split_gain=15499.7 3353.8 2292.86 507.693 431.972 407.008 340.241 136.073 124.25 120.584 94.207 93.0541 90.9189 86.9811 78.7817 71.8245 67.7172 65.6281 64.5118 61.126 69.0559 62.3797 57.9298 56.4123 56.3809 56.2109 53.0307 51.9618 57.0005 51.943
threshold=1.5131578947368423 0.62828947368421062 2.7071428571428577 3.8750000000000004 2.0513157894736849 0.46991528214774475 1.0513157894736844 6.5000000000000009 49.500000000000007 3.1250000000000004 1.1000000000000003 0.45150000000000007 15.633333333333335 10.500000000000002 38.500000000000007 11.500000000000002 8.5000000000000018 3.4058823529411768 8.5000000000000018 27.820670773442853 7.9371710453823505 0.55850000000000011 23.850000000000005 2.5000000000000004 1.5857142857142861 4.5000000000000009 4.5000000000000009 0.55000000000000016 0.80265360933717089 2.948632981097624
decision_type=10 10 10 10 10 8 10 10 10 10 10 2 10 10 10 10 10 10 2 2 10 2 8 10 10 10 10 10 10 10
left_child=1 5 4 9 7 -1 10 22 -5 11 -3 -4 26 18 -13 -9 -8 -17 23 -10 -21 -22 -2 -14 -18 -11 -6 -15 -29 -23
right_child=2 6 3 8 12 -7 16 15 19 25 -12 14 13 27 -16 17 24 -19 -20 20 21 29 -24 -25 -26 -27 -28 28 -30 -31
leaf_value=-0.067656444523817125 -0.032765970037120291 -0.025380402956888821 0.09186235739165588 0.12292895080906507 0.035371081652440899 -0.043235577651887618 -0.035271628726931181 0.021077623670041526 0.12689880834571246 0.076771582030512889 -0.0080338433958016906 0.03392498427131118 -0.018166734068941922 0.086577473820668036 0.071592356498219753 0.061071969362328185 -0.0015407659782329243 0.034616861405130393 0.046256759650148575 0.35079767066856915 0.22291668304112844 0.12185848749255482 0.016765381155882855 0.06627295699730075 0.012771472972887998 0.10465644049451467 0.076776666858152418 0.32893014540452337 0.1279350130710491 0.27785515524446963
leaf_weight=16080 244 10734 1482 789 4350 11857 510 3038 145 1008 4420 782 81 153 1915 1184 11929 4508 4574 29 252 146 7316 3407 3578 2556 333 21 43 25
leaf_count=16080 244 10734 1482 789 4350 11857 510 3038 145 1008 4420 782 81 153 1915 1184 11929 4508 4574 29 252 146 7316 3407 3578 2556 333 21 43 25
internal_value=3.30076e-10 -0.0321306 0.0494822 0.093234 0.035828 -0.0572918 -0.00957989 0.0249881 0.148973 0.0832567 -0.0203209 0.0717322 0.0494511 0.05575 0.0606706 0.0334932 0.000582381 0.0401198 0.0540683 0.183394 0.201517 0.191283 0.0151668 0.0643121 0.00176156 0.0967698 0.0383154 0.118226 0.193887 0.144665
internal_weight=97489 59108 38381 9129 29252 27937 31171 16290 1386 7743 15154 4179 12962 8279 2697 8730 16017 5692 8062 597 452 423 7560 3488 15507 3564 4683 217 64 171
internal_count=97489 59108 38381 9129 29252 27937 31171 16290 1386 7743 15154 4179 12962 8279 2697 8730 16017 5692 8062 597 452 423 7560 3488 15507 3564 4683 217 64 171
is_linear=0
shrinkage=0.1


Tree=7
num_leaves=31
num_cat=0
split_feature=46 44 46 46 46 46 45 79 53 53 42 77 104 84 42 47 40 88 44 87 96 103 79 52 53 86 87 89 103 109
split_gain=12554.7 2720.32 1863.33 464.204 331.531 325.82 292.242 114.605 100.642 95.9924 69.7873 66.8215 77.6546 67.2069 65.9394 64.1443 63.9009 62.0555 59.4749 57.2092 55.7712 69.0917 68.9645 53.3858 51.8902 50.9959 56.6685 80.5673 49.5912 49.5121
threshold=1.5131578947368423 0.5277777777777779 2.8535714285714291 2.1519230769230773 3.8750000000000004 1.0645833333333334 0.32478054967508568 6.5000000000000009 49.500000000000007 21.500000000000004 1.1000000000000003 8.5000000000000018 113.85000000000001 117.50000000000001 1.7750000000000001 1.3950098240395692 3.4058823529411768 11.450000000000001 3.2250000000000005 45.500000000000007 220.50000000000003 0.68900000000000017 8.5000000000000018 11.500000000000002 8.5000000000000018 147.50000000000003 167.50000000000003 26.500000000000004 0.26200000000000007 27.820670773442853
decision_type=10 10 10 10 10 10 8 10 10 10 10 10 2 10 10 10 10 10 10 10 2 2 10 10 10 8 10 10 2 2
left_child=1 6 3 7 11 10 -1 17 25 -5 -3 12 -4 15 -9 -13 -17 -2 20 -8 21 22 -11 -14 -7 26 -6 -28 -24 -10
right_child=2 5 4 9 8 24 19 14 29 18 -12 13 23 -15 -16 16 -18 -19 -20 -21 -22 -23 28 -25 -26 -27 27 -29 -30 -31
leaf_value=-0.062060190191737766 -0.011049700897672904 -0.023466952037537774 0.065785147442078792 0.022939539437475925 0.10452434928428354 -0.031178047517050618 -0.042366623332396124 0.021648362234711102 0.11420892727786097 0.052065993710468932 -0.0092689511723293653 0.21010175965105496 0.083378914518374203 0.26233390891551972 0.037713228665117303 0.081363481377739827 0.14120185454504205 0.018150036286858604 0.083634976340035666 -0.0066903951557942187 0.039269518844122372 0.021678970741024144 0.12610651338849799 0.13047931191329951 0.0017486978766781678 0.038419288508165846 0.13106063971700876 0.29738599162262219 0.069646529547399014 0.18136563963232052
leaf_weight=14737 805 11779 3267 1259 548 494 11357 4380 145 4933 4903 48 1041 25 6132 984 218 7591 567 468 3149 566 173 313 15370 87 115 39 1544 452
leaf_count=14737 805 11779 3267 1259 548 494 11357 4380 145 4933 4903 48 1041 25 6132 984 218 7591 567 468 3149 566 173 313 15370 87 115 39 1544 452
internal_value=3.33324e-10 -0.0289175 0.0445339 0.0338719 0.0900678 -0.00953688 -0.0526643 0.0240617 0.134076 0.0490874 -0.019294 0.0797226 0.0741306 0.0999897 0.0310195 0.0967428 0.092216 0.0153504 0.0520987 -0.0409547 0.0503736 0.0552193 0.058074 0.094267 0.000723369 0.110636 0.119586 0.173182 0.0753353 0.165055
internal_weight=97489 59108 38381 31099 7282 32546 26562 18908 1386 12191 16682 5896 4621 1275 10512 1250 1202 8396 10932 11825 10365 7216 6650 1354 15864 789 702 154 1717 597
internal_count=97489 59108 38381 31099 7282 32546 26562 18908 1386 12191 16682 5896 4621 1275 10512 1250 1202 8396 10932 11825 10365 7216 6650 1354 15864 789 702 154 1717 597
is_linear=0
shrinkage=0.1


Tree=8
num_leaves=31
num_cat=0
split_feature=44 46 46 44 46 46 47 75 79 53 35 79 104 104 79 17 107 17 79 87 39 106 88 106 85 104 39 88 12 12
split_gain=10222.8 1838.94 1734.95 545.476 346.68 209.823 192.037 137.164 122.409 79.4254 74.6417 72.8336 62.158 59.233 64.4185 67.6344 58.228 56.9834 56.3705 55.5189 52.627 49.1131 61.3528 46.0868 74.5205 45.7018 49.5277 45.7669 45.0449 44.2478
threshold=1.3875000000000002 2.4058823529411768 0.51315789473684215 3.6333333333333337 1.7029411764705884 1.1291666666666669 0.2265112658102704 10.500000000000002 8.5000000000000018 25.500000000000004 0.94043231754460754 4.5000000000000009 118.05000000000001 111.05000000000001 7.5000000000000009 1.3338588977052661 2020.5000000000002 1.6711231563243534 6.5000000000000009 158.50000000000003 2.7898624234857583 621.50000000000011 43.050000000000004 336.50000000000006 16.500000000000004 110.95000000000002 0.43129778659994128 18.450000000000003 2.1000000000000005 2.3666666666666671
decision_type=10 10 10 10 10 10 8 10 10 10 10 10 2 2 10 10 2 10 10 10 10 2 10 2 10 2 8 10 10 10
left_child=2 4 6 8 18 11 -1 -5 19 25 13 -4 16 -11 -15 28 -10 -14 -2 21 -9 22 -3 24 -17 -6 27 -27 -16 -18
right_child=1 3 5 7 9 -7 -8 20 12 10 -12 -13 17 14 15 23 29 -19 -20 -21 -22 -23 -24 -25 -26 26 -28 -29 -30 -31
leaf_value=-0.058060256430857216 0.0045299252055802331 0.041200633764713432 -0.024330720707772736 0.091754589546302501 0.0069025882438525261 -0.00056783598939146008 -0.040441203591429713 0.14633931827172794 0.082152896193264796 0.030651167059011136 0.019096748455145668 -0.011876302822948584 0.024882576870732011 0.036835419455266763 0.26482291327168545 0.061258291411289016 0.017821814805497577 0.12994384844368848 0.01845989243821787 0.077370187007629362 -0.0072435286867877716 0.019486532830633226 0.066783972831883184 0.044830924809028228 0.14260655988421705 0.047687876783311371 0.025588670241558226 0.23767710193282082 0.099693451971167107 0.060916936438871319
leaf_weight=11759 8483 3880 10438 1925 1639 9572 13053 745 1356 4357 2253 8535 64 3046 24 679 259 267 4418 543 23 720 1236 1401 135 32 3599 21 53 2974
leaf_count=11759 8483 3880 10438 1925 1639 9572 13053 745 1356 4357 2253 8535 64 3046 24 679 259 267 4418 543 23 720 1236 1401 135 32 3599 21 53 2974
internal_value=8.70198e-11 0.0356062 -0.0294502 0.065566 0.0216979 -0.0126384 -0.0487913 0.10601 0.0559267 0.0309757 0.0354927 -0.0187281 0.0677784 0.0393029 0.0463647 0.0590287 0.0647597 0.10963 0.0093003 0.0467857 0.14174 0.04394 0.0473814 0.0558259 0.0747497 0.0207757 0.0270019 0.122967 0.151162 0.0574645
internal_weight=97489 44132 53357 13992 30140 28545 24812 2693 11299 17239 11948 18973 4920 9695 5338 2292 4589 331 12901 6379 768 5836 5116 2215 814 5291 3652 53 77 3233
internal_count=97489 44132 53357 13992 30140 28545 24812 2693 11299 17239 11948 18973 4920 9695 5338 2292 4589 331 12901 6379 768 5836 5116 2215 814 5291 3652 53 77 3233
is_linear=0
shrinkage=0.1


Tree=9
num_leaves=31
num_cat=0
split_feature=44 46 46 46 46 46 79 6 104 46 53 103 43 88 59 110 113 95 55 104 96 107 83 44 42 79 87 28 79 90
split_gain=8297.12 1628.38 1353.98 349.852 282.526 227.54 166.107 80.7042 79.1235 83.5667 78.4776 62.3419 69.9971 60.369 61.0868 58.7675 58.5451 57.373 57.9535 61.0144 56.665 54.7833 54.2757 53.9375 51.5723 50.1179 49.2317 52.1433 48.3036 48.0751
threshold=1.4722222222222225 0.64852941176470602 2.7071428571428577 1.948684210526316 3.7750000000000004 0.2752525252525253 5.5000000000000009 12.266666666666667 113.85000000000001 3.2750000000000004 50.500000000000007 0.56500000000000006 1.1897227048854206 10.250000000000002 18.500000000000004 77.500000000000014 1.0000000180025095e-35 2.5000000000000004 59.500000000000007 111.05000000000001 225.50000000000003 2021.5000000000002 11.500000000000002 1.0500000000000003 2.3666666666666671 6.5000000000000009 15.500000000000002 1.5419580419580423 6.5000000000000009 5.5000000000000009
decision_type=10 10 10 10 10 8 10 10 2 10 10 2 10 10 10 2 2 10 10 2 2 2 8 10 10 10 10 10 10 10
left_child=1 5 3 17 8 16 23 -5 9 26 11 -6 -13 -8 25 28 -1 18 -2 -20 -19 -10 -11 -3 -17 -15 -4 -28 -9 -29
right_child=2 6 4 7 10 -7 13 15 21 22 -12 12 -14 14 -16 24 -18 20 19 -21 -22 -23 -24 -25 -26 -27 27 29 -30 -31
leaf_value=-0.039120151251165934 0.0086192450123599405 -0.019274163609391191 0.010685204246253695 0.02088149753102302 0.11033823038523015 -0.030112948328027973 -0.017625934164760135 0.030656618011572264 0.1124368404375356 -0.015901743320386803 0.13661118680299961 -0.033013426671227947 0.078161805492702102 0.00039037376074169166 -0.0076284808512038817 0.022232792521509528 -0.052229293275008505 0.030831756321346278 0.016618288298705954 0.11575828303511326 0.0049022390549241842 0.069144526675492687 0.075998599168659184 -0.0075901929517526862 0.03986256533571797 0.01702020756924108 0.04398638076883115 0.10823182188002783 0.049984605834239138 0.042899481386454226
leaf_weight=4602 10705 9833 373 3431 650 10263 1545 1768 350 67 546 66 399 3629 3353 3169 13117 2994 154 104 1173 1773 1574 6605 3483 3620 2870 263 4813 197
leaf_count=4602 10705 9833 373 3431 650 10263 1545 1768 350 67 546 66 399 3629 3353 3169 13117 2994 154 104 1173 1773 1574 6605 3483 3620 2870 263 4813 197
internal_value=-1.41713e-10 -0.0248132 0.0342996 0.0245532 0.0682474 -0.0419617 -0.00802647 0.0345486 0.0599498 0.0534616 0.105549 0.0903386 0.0623821 0.000841315 0.0035325 0.0380922 -0.0488246 0.0135445 0.00974798 0.0565817 0.0235327 0.0762817 0.0722464 -0.0145794 0.0314638 0.00869497 0.0451371 0.0489961 0.0447921 0.0802525
internal_weight=97489 56567 40922 31794 9128 27982 28585 16664 7467 5344 1661 1115 465 12147 10602 13233 17719 15130 10963 258 4167 2123 1641 16438 6652 7249 3703 3330 6581 460
internal_count=97489 56567 40922 31794 9128 27982 28585 16664 7467 5344 1661 1115 465 12147 10602 13233 17719 15130 10963 258 4167 2123 1641 16438 6652 7249 3703 3330 6581 460
is_linear=0
shrinkage=0.1


Tree=10
num_leaves=31
num_cat=0
split_feature=46 44 46 44 46 44 79 97 88 104 87 113 96 49 97 3 87 4 95 80 103 13 1 17 12 39 31 31 49 79
split_gain=6765.03 1466.05 914.027 381.093 271.539 143.43 130.493 95.8984 93.1619 71.8924 67.7522 64.6731 59.8075 57.8727 57.4993 57.059 64.2253 52.9457 52.1847 50.4096 47.6276 47.194 45.9041 44.9732 82.5124 65.6791 52.9175 51.7293 51.3694 44.062
threshold=1.205263157894737 2.4365079365079372 0.35147058823529415 3.6333333333333337 1.7029411764705884 0.84523809523809534 7.5000000000000009 15.500000000000002 14.65 117.90000000000002 82.500000000000014 1.0000000180025095e-35 241.00000000000003 19.050000000000004 16.500000000000004 7.7240964950474504 119.50000000000001 44.752500000000019 2.5000000000000004 1464.2500000000002 0.64950000000000008 1.3779271744364849 9.8099949030263147 2.2717056032736234 4.5500000000000007 2.2912721319282854 1.1178102700547354 0.86554360876699588 81.350000000000009 6.5000000000000009
decision_type=10 10 10 10 10 10 10 2 8 2 10 2 2 8 2 10 10 10 10 10 2 10 10 10 10 10 10 10 8 10
left_child=2 4 11 6 10 -4 -3 -5 -6 13 18 -1 15 -8 17 -10 20 -15 -2 -12 -17 -19 -11 24 -9 27 28 -26 -25 -7
right_child=1 3 5 7 8 29 9 23 12 22 19 -13 -14 14 -16 16 -18 21 -20 -21 -22 -23 -24 26 25 -27 -28 -29 -30 -31
leaf_value=-0.034346082829950247 0.00040644939675640374 0.031300195120975219 -0.021386375952851838 0.074247965468345473 0.0050420085539816121 -0.009368946888127094 -0.086281183506211931 0.080854199790954595 0.017329883765540368 0.060825001494259803 0.042805187771314097 -0.046300343483118504 0.0083975569001926813 0.049202736043170311 0.014136017162439968 0.032100543140753404 0.051825658094866237 0.13659397380409438 0.015427212799618171 0.01144267785518617 0.010208858761976655 0.066692192852565751 0.11592206583385245 0.1047453325451539 0.18684078258345066 0.35188446034278192 0.23791304117441181 0.031542732119560241 0.019806362697007984 0.0072751831982254657
leaf_weight=6697 11763 4411 14810 1887 2324 11156 31 125 3297 333 763 13958 1618 5602 406 7483 1467 109 2879 1561 1146 848 277 373 151 21 25 25 88 1855
leaf_count=6697 11763 4411 14810 1887 2324 11156 31 125 3297 333 763 13958 1618 5602 406 7483 1467 109 2879 1561 1146 848 277 373 151 21 25 25 88 1855
internal_value=3.7931e-10 0.0261978 -0.026488 0.0526058 0.0148712 -0.0146564 0.044984 0.0865917 0.0236733 0.0529197 0.00587754 -0.0424244 0.0265578 0.0500489 0.0506557 0.0287518 0.0324818 0.0529162 0.00335992 0.0217394 0.0291932 0.0746538 0.0858445 0.115419 0.144403 0.184726 0.0962156 0.164781 0.0885314 -0.00699597
internal_weight=97489 49013 48476 14712 34301 27821 12017 2695 17335 7606 16966 20655 15011 6996 6965 13393 10096 6559 14642 2324 8629 957 610 808 322 197 486 176 461 13011
internal_count=97489 49013 48476 14712 34301 27821 12017 2695 17335 7606 16966 20655 15011 6996 6965 13393 10096 6559 14642 2324 8629 957 610 808 322 197 486 176 461 13011
is_linear=0
shrinkage=0.1


Tree=11
num_leaves=31
num_cat=0
split_feature=46 44 46 46 44 113 79 16 104 95 89 77 104 77 87 95 88 47 17 87 26 106 0 47 82 29 106 76 0 79
split_gain=5493.02 1203.61 834.501 249.218 144.757 138.506 115.938 75.9213 85.9126 74.2694 72.7195 62.4333 59.9617 56.5493 55.9404 53.3847 52.3282 51.5223 51.267 49.9363 49.2159 49.121 48.4539 50.0152 53.5266 47.416 46.0471 45.1574 45.0221 45.9757
threshold=1.5131578947368423 0.5634920634920636 3.0250000000000004 2.2052631578947373 1.0500000000000003 1.0000000180025095e-35 10.500000000000002 4.6583333333333341 118.05000000000001 2.5000000000000004 25.500000000000004 4.5000000000000009 116.7 3.5000000000000004 157.50000000000003 3.5000000000000004 47.45000000000001 2.4992100550338674 2.8501589151773712 222.50000000000003 2.4500000000000006 32.500000000000007 49.810000000000009 2.5851295271370716 210.50000000000003 1.234772230460971 836.50000000000011 1.5000000000000002 10.763333333333337 6.5000000000000009
decision_type=10 10 10 10 10 2 10 10 2 10 10 10 2 10 10 10 10 10 10 10 10 2 10 10 10 10 2 10 10 10
left_child=1 5 3 9 -3 -1 10 8 14 13 26 -5 19 -2 -8 -14 17 18 25 21 -12 -13 -18 24 -24 -9 -4 -23 -15 -30
right_child=2 4 6 11 -6 -7 7 16 -10 -11 20 12 15 28 -16 -17 22 -19 -20 -21 -22 27 23 -25 -26 -27 -28 -29 29 -31
leaf_value=-0.026609228058912193 -0.0028629653922190431 -0.013017478827863339 0.046496613709244738 0.016129516021736016 0.00032768151033683217 -0.041186668368400819 0.042735348988067495 0.11910936591322759 0.20305639975600773 0.025792943173203683 0.068656734586952359 -0.023879370807956619 0.045463815120847191 -0.031303086630927707 0.094061308991469778 0.095944559062526941 0.042710749963016222 0.19601729327126555 0.20946137436798642 0.15396005511283875 0.17468054160475732 0.034347242685261993 0.10716412713130315 0.025864355981349948 0.32003376810323625 0.026716739836015874 -0.046051673394712535 0.092592427794718088 0.0088587427595962654 0.021346549573813479
leaf_weight=11445 2061 15972 2386 1632 16551 15140 580 269 45 5908 1618 143 711 206 335 297 165 95 49 35 45 9505 27 25 21 70 55 135 5268 6695
leaf_count=11445 2061 15972 2386 1632 16551 15140 580 269 45 5908 1618 143 711 206 335 297 165 95 49 35 45 9505 27 25 21 70 55 135 5268 6695
internal_value=8.69862e-11 -0.0191277 0.0294573 0.0232454 -0.00622611 -0.034911 0.0644587 0.0865785 0.068161 0.016368 0.0553985 0.0343625 0.0371111 0.012455 0.0615268 0.0603376 0.111101 0.130012 0.113851 0.0347265 0.0715257 0.0342999 0.0727228 0.140558 0.200295 0.100031 0.0444113 0.0351629 0.0150493 0.0158474
internal_weight=97489 59108 38381 32596 32523 26585 5785 1681 960 20138 4104 12458 10826 14230 915 1008 721 483 388 9818 1663 9783 238 73 48 339 2441 9640 12169 11963
internal_count=97489 59108 38381 32596 32523 26585 5785 1681 960 20138 4104 12458 10826 14230 915 1008 721 483 388 9818 1663 9783 238 73 48 339 2441 9640 12169 11963
is_linear=0
shrinkage=0.1


Tree=12
num_leaves=31
num_cat=0
split_feature=44 44 44 46 46 79 43 89 103 106 8 97 43 50 87 79 49 104 106 96 3 103 110 17 0 95 45 49 4 88
split_gain=4487.93 882.676 742.171 182.295 172.049 143.401 80.7479 72.4822 67.6142 81.3837 66.646 65.4545 61.288 56.7558 57.5822 55.3835 52.496 52.8847 48.7201 48.419 47.4807 45.8359 49.1503 48.2716 53.2012 44.8983 43.691 42.9945 41.7916 41.4261
threshold=1.4722222222222225 0.47222222222222227 2.7638888888888893 3.4250000000000003 1.948684210526316 4.5000000000000009 1.0000000180025095e-35 14.500000000000002 0.56500000000000006 562.50000000000011 15.050000000000002 16.500000000000004 1.1897227048854206 -0.64999999999999991 84.500000000000014 6.5000000000000009 19.050000000000004 110.45000000000002 1299.5000000000002 225.50000000000003 14.794700620068022 0.68200000000000016 77.500000000000014 3.7659160746688838 54.710000000000001 2.5000000000000004 1.5723212559828266 17.450000000000003 45.062500000000021 10.250000000000002
decision_type=10 10 10 10 10 10 8 10 2 2 10 2 10 10 10 10 10 2 2 2 8 2 2 10 10 10 8 8 10 10
left_child=1 6 4 11 18 -3 -1 16 9 10 -5 15 26 14 -7 -4 -6 -18 19 25 -12 22 23 24 -9 -2 28 -17 -10 -15
right_child=2 5 3 8 7 13 -8 21 12 -11 20 -13 -14 29 -16 27 17 -19 -20 -21 -22 -23 -24 -25 -26 -27 -28 -29 -30 -31
leaf_value=-0.03761092314666508 0.0093591631693746066 -0.015239688312139305 0.017805192344484008 0.16567719807418493 -0.027542046600093063 -0.01054796943203575 -0.025577955420875716 0.040521079056044955 0.0020402032996599492 0.11288166717353182 0.067620004385731319 -0.002497303312472803 0.061522064178802453 -0.016601307689545403 0.028191120292600475 -0.097046923965570478 0.003546474365194438 0.024348831511391545 0.16593247998505833 0.00097377603896709819 -0.0077160999097011908 0.0085438135343227882 0.025109448511860408 0.17861343191564083 -0.058465423306704248 0.023825654443165901 -0.044927054555977092 0.04629856091664282 0.14021971026527216 0.0046294664886525876
leaf_weight=14578 7660 14238 806 65 260 7295 9032 4243 65 580 1037 342 1001 1012 405 21 1716 4246 20 4435 91 882 4475 25 55 2980 102 5782 33 10007
leaf_count=14578 7660 14238 806 65 260 7295 9032 4243 65 580 1037 342 1001 1012 405 21 1716 4246 20 4435 91 882 4475 25 55 2980 102 5782 33 10007
internal_value=1.59838e-11 -0.0182491 0.025226 0.0490255 0.0176056 -0.00767625 -0.0330077 0.0248642 0.0697448 0.0821546 0.0672161 0.0401607 0.0514246 -0.00192337 -0.00851039 0.0423682 0.0164433 0.0183614 0.00995886 0.00975193 0.0615424 0.030277 0.0324557 0.0400603 0.0392544 0.0134109 0.00088652 0.0457798 0.04857 0.0026796
internal_weight=97489 56567 40922 9925 30997 32957 23610 15902 2974 1773 1193 6951 1201 18719 7700 6609 6222 5962 15095 15075 1128 9680 8798 4323 4298 10640 200 5803 98 11019
internal_count=97489 56567 40922 9925 30997 32957 23610 15902 2974 1773 1193 6951 1201 18719 7700 6609 6222 5962 15095 15075 1128 9680 8798 4323 4298 10640 200 5803 98 11019
is_linear=0
shrinkage=0.1


Tree=13
num_leaves=31
num_cat=0
split_feature=46 46 42 44 46 46 79 0 103 96 87 57 25 39 3 109 7 21 103 0 87 88 53 103 46 104 52 89 10 28
split_gain=3657.03 792.461 510.488 251.399 114.826 91.9459 91.4371 65.7479 62.6788 58.2656 57.0508 52.4612 49.3006 49.1104 48.6593 48.5116 74.5748 48.2861 46.7934 45.5591 44.8735 42.0361 41.3204 41.2808 44.9633 43.3461 62.7277 40.5227 39.785 37.3475
threshold=1.205263157894737 2.2638888888888893 0.22500000000000003 3.2250000000000005 1.6055555555555558 0.70294117647058829 10.500000000000002 57.620000000000005 0.45500000000000007 249.00000000000003 135.50000000000003 3.5000000000000004 1.3227406337702019 0.58913774088347881 11.779466597825197 27.089664613278583 4.3874784936695459 1.4298407059684819 0.58400000000000007 19.810000000000006 10.500000000000002 10.550000000000002 8.5000000000000018 0.72100000000000009 3.2250000000000005 113.35000000000001 12.500000000000002 7.5000000000000009 19.410526315789479 0.97500000000000009
decision_type=10 10 10 10 10 10 10 10 2 2 10 10 10 10 10 2 10 10 2 10 8 10 8 2 10 2 10 10 10 10
left_child=2 4 20 8 22 -4 7 12 10 11 28 21 -5 -12 -14 16 -8 -17 -19 -10 -1 -6 -2 24 -21 -26 -27 -7 29 -3
right_child=1 3 5 6 9 27 15 -9 19 -11 13 -13 14 -15 -16 17 -18 18 -20 23 -22 -23 -24 -25 25 26 -28 -29 -30 -31
leaf_value=-0.033377400218427916 -0.038052961695939302 0.034798239070275343 -0.017662213646687946 0.037753995079755444 -0.058882668908356001 -0.013127674552612543 0.1931109370291233 0.098342100386168058 -0.0026621493178973945 -0.0035320114224424663 0.21057227565483616 0.017986739022719321 0.10055777252301652 0.058985327740569166 0.039929828236734764 0.03495792499804673 0.027491473950252966 0.11206044565899934 0.065447265202044899 0.025417400208179404 -0.021379747317584307 0.0030806823153838969 0.0038050589102605775 -0.0028474907922011487 0.039369331182391484 0.066274015836924036 0.226562761887908 -0.0024852383750245564 0.044183894814254554 0.0058834254622763217
leaf_weight=17211 240 1109 10839 2655 147 5213 30 233 605 1522 22 15941 273 749 257 152 290 613 332 6298 3807 429 13588 468 433 103 32 11406 1744 748
leaf_count=17211 240 1109 10839 2655 147 5213 30 233 605 1522 22 15941 273 749 257 152 290 613 332 6298 3807 429 13588 468 433 103 32 11406 1744 748
internal_value=-3.06961e-11 0.0192617 -0.0194751 0.0365966 0.00993464 -0.0104968 0.0559185 0.047064 0.0290082 0.0151902 0.0386234 0.0169154 0.0433127 0.0633108 0.0711589 0.0772766 0.0430183 0.08727 0.0956842 0.0237132 -0.0312043 -0.0127329 0.00307857 0.0258889 0.0278476 0.0547943 0.104268 -0.00582353 0.0333376 0.0231513
internal_weight=97489 49013 48476 17146 31867 27458 4835 3418 12311 18039 4372 16517 3185 771 530 1417 320 1097 945 7939 21018 576 13828 7334 6866 568 135 16619 3601 1857
internal_count=97489 49013 48476 17146 31867 27458 4835 3418 12311 18039 4372 16517 3185 771 530 1417 320 1097 945 7939 21018 576 13828 7334 6866 568 135 16619 3601 1857
is_linear=0
shrinkage=0.1


Tree=14
num_leaves=31
num_cat=0
split_feature=44 46 44 79 42 79 44 79 53 55 6 17 0 96 87 25 43 104 39 25 19 97 5 109 41 21 103 95 81 104
split_gain=2987.84 672.159 439.873 144.237 115.384 92.6939 87.8411 75.2459 58.8889 56.8324 55.773 54.1307 53.6902 52.762 41.6166 48.5452 41.7311 41.2803 54.4212 40.5066 40.1156 43.6294 40.9859 39.4321 43.9138 42.7491 44.8719 39.2445 36.646 39.334
threshold=1.5277777777777779 0.70294117647058829 3.2250000000000005 8.5000000000000018 0.22500000000000003 6.5000000000000009 2.0500000000000003 10.500000000000002 9.5000000000000018 37.500000000000007 6.4500000000000011 2.3260740100744308 57.620000000000005 241.00000000000003 145.50000000000003 0.82657830373090091 3.1224887344895973 119.00000000000001 0.84327404271156814 1.3227406337702019 1.9746794344808967 13.500000000000002 13.408805039798972 26.92265571526352 1.1294822589072742 1.4298407059684819 0.58400000000000007 6.5000000000000009 45.500000000000007 109.15000000000002
decision_type=10 10 10 10 8 10 10 10 8 10 10 10 10 2 10 10 8 2 10 10 10 2 10 2 10 10 2 10 10 2
left_child=1 4 3 6 -1 10 17 12 -8 -5 -3 -7 19 -11 16 -16 27 -2 -19 28 21 -21 -22 24 -9 -25 -27 -10 -4 -30
right_child=2 5 7 9 -6 11 8 23 14 13 -12 -13 -14 -15 15 -17 -18 18 -20 20 22 -23 -24 25 -26 26 -28 -29 29 -31
leaf_value=-0.0287291270620985 0.0076169233757956839 -0.017133918193919146 -0.022209730205525247 0.013961459789838865 -0.015998853817099434 0.016235705617743169 -0.070081692465787965 0.13938479285605032 0.018918984884899476 0.038725070960045953 -0.003861777330425985 -0.0010331874790718285 0.088507890070552736 0.00053634518650872516 0.012323498107101405 0.059422007355703368 -0.050330016008296674 0.12643507552261538 0.022449983969631486 0.0702156212022816 0.062632330984114581 0.16955333369942624 -0.021077810043877945 0.029471537058374714 0.017195504546643946 0.10068208698940449 0.056518135628733437 0.068014862046040833 0.008525022765865824 0.041775237257177508
leaf_weight=19783 12252 3855 112 1530 11123 3317 72 34 12282 4842 17721 4009 233 391 358 563 86 65 223 186 204 58 82 161 218 647 357 165 427 2133
leaf_count=19783 12252 3855 112 1530 11123 3317 72 34 12282 4842 17721 4009 233 391 358 563 86 65 223 186 204 58 82 161 218 647 357 165 427 2133
internal_value=1.17363e-10 -0.0138958 0.0220556 0.0179019 -0.0241475 -0.00293315 0.0145256 0.0501598 0.0201152 0.0309149 -0.00623312 0.00678567 0.0421614 0.0358717 0.0205978 0.0411144 0.0190902 0.00849658 0.0459188 0.0387889 0.064043 0.0938287 0.0386315 0.069549 0.0336814 0.0773075 0.0849784 0.0195698 0.0337797 0.0362292
internal_weight=97489 59808 37681 32829 30906 28902 26066 4852 13526 6763 21576 7326 3435 5233 13454 921 12533 12540 288 3202 530 244 286 1417 252 1165 1004 12447 2672 2560
internal_count=97489 59808 37681 32829 30906 28902 26066 4852 13526 6763 21576 7326 3435 5233 13454 921 12533 12540 288 3202 530 244 286 1417 252 1165 1004 12447 2672 2560
is_linear=0
shrinkage=0.1


Tree=15
num_leaves=31
num_cat=0
split_feature=44 44 46 42 79 95 79 53 79 104 1 5 103 50 106 89 96 72 47 46 88 82 88 0 48 49 86 6 100 10
split_gain=2424.18 448.823 420.325 146.827 89.0661 86.8941 73.8509 69.1634 57.831 51.6537 53.5725 50.7209 45.4054 45.0599 43.7082 50.1739 42.8107 44.7479 44.3373 41.3665 39.7675 39.531 57.1636 39.2475 39.2248 38.8197 59.3508 38.7507 38.7425 38.5283
threshold=1.3875000000000002 2.4365079365079372 0.35147058823529415 4.1000000000000005 4.5000000000000009 3.5000000000000004 7.5000000000000009 52.500000000000007 5.5000000000000009 116.7 10.496118329882444 9.2620135356749387 0.30400000000000005 -0.64999999999999991 200.50000000000003 7.5000000000000009 220.50000000000003 1.0000000180025095e-35 1.4466638149476216 2.1519230769230773 29.850000000000005 279.50000000000006 17.650000000000002 11.245000000000003 1.6500000000000001 54.050000000000004 10.500000000000002 31.900000000000002 1.0000000180025095e-35 13.025000000000002
decision_type=10 10 10 10 10 10 10 10 10 2 10 10 2 10 2 10 2 8 10 10 10 8 10 10 8 10 10 10 2 10
left_child=2 5 -1 6 -4 8 -3 -5 14 16 12 -9 -11 -6 15 -2 18 -18 -8 24 -13 22 -15 -10 -7 -20 -27 -28 -25 -14
right_child=1 3 4 7 13 19 9 11 23 10 -12 20 29 21 -16 -17 17 -19 25 -21 -22 -23 -24 28 -26 26 27 -29 -30 -31
leaf_value=-0.025509093026219138 -0.013121141313911287 0.017197553455330906 -0.012781215289417561 0.04816186218250193 -0.0081446060783236796 0.044960124859227048 0.060416503504843747 0.23132931532768103 -0.02229610075023216 0.060229832839953604 0.085041003466357248 0.22287101298570633 0.10182215957902373 -0.0077630554369172242 -0.0133217276803409 0.011525016807894922 0.006420054872697591 0.041852985341259585 0.022598935426401977 0.041696423817714996 0.077355063864477464 -0.0089739648396662472 0.011603779671796703 0.0068978721012978098 0.012662479181217335 0.1934483633041382 0.041563458996520565 -0.012349179799252367 0.015879860875502135 -0.016969693251459871
leaf_weight=20655 1114 4420 15512 1646 7507 451 598 26 352 305 370 20 32 2170 1822 3195 1229 502 2456 1015 308 2393 5120 9581 2262 25 2448 141 9628 186
leaf_count=20655 1114 4420 15512 1646 7507 451 598 26 352 305 370 20 32 2170 1822 3195 1229 502 2456 1015 308 2393 5120 9581 2262 25 2448 141 9628 186
internal_value=2.08656e-10 0.017339 -0.0143412 0.0315998 -0.00728741 0.0102076 0.0276373 0.0567859 0.00813735 0.0332021 0.0559207 0.0968851 0.0353194 -0.00232989 -0.000337092 0.00515328 0.0304602 0.0166958 0.0346638 0.0244746 0.086228 0.00217813 0.00583889 0.0107935 0.0180315 0.0316263 0.040108 0.0386273 0.0113999 0.000467643
internal_weight=97489 44132 53357 14712 32702 29420 12712 2000 25692 8292 893 354 523 17190 6131 4309 7399 1731 5668 3728 328 9683 7290 19561 2713 5070 2614 2589 19209 218
internal_count=97489 44132 53357 14712 32702 29420 12712 2000 25692 8292 893 354 523 17190 6131 4309 7399 1731 5668 3728 328 9683 7290 19561 2713 5070 2614 2589 19209 218
is_linear=0
shrinkage=0.1


Tree=16
num_leaves=31
num_cat=0
split_feature=44 42 44 79 79 96 96 36 49 79 89 103 87 95 27 7 45 17 111 6 37 87 37 79 94 105 22 95 21 7
split_gain=1974.28 458.4 295.511 102.058 91.9719 74.4703 73.3579 64.2768 54.6801 54.1893 49.3676 46.6881 65.4943 53.3924 43.1029 44.0726 58.9806 40.6764 42.4304 38.3524 37.7504 41.7821 37.6841 40.8178 37.4048 36.6982 35.8815 35.7837 35.5342 35.1427
threshold=1.5277777777777779 0.55000000000000016 3.2250000000000005 6.5000000000000009 5.5000000000000009 220.50000000000003 233.00000000000003 2.3666666666666671 23.850000000000005 10.500000000000002 10.500000000000002 0.44500000000000006 145.50000000000003 4.5000000000000009 1.0567212294304205 10.851266962532264 2.8027735976469486 2.7773587802452098 3.5000000000000004 16.900000000000002 1.1178102700547354 114.50000000000001 2.0615171442623468 8.5000000000000018 4.5000000000000009 inf 9.3750000000000018 1.5000000000000002 0.80265360933717111 2.3057869817013859
decision_type=10 10 10 10 10 2 2 10 8 10 10 2 10 10 10 10 10 10 2 10 10 10 10 10 10 8 10 10 10 10
left_child=1 6 3 8 27 7 -1 11 -2 14 -7 12 13 28 24 16 -16 26 19 -19 -15 -22 -9 25 -4 -24 -6 -3 -5 -11
right_child=2 4 9 5 17 10 -8 22 -10 29 -12 -13 -14 20 15 -17 -18 18 -20 -21 21 -23 23 -25 -26 -27 -28 -29 -30 -31
leaf_value=-0.014868447794626231 -0.036794845830890342 -0.010455730068195841 0.018771936729852556 0.080191841923996157 0.0062866174113259676 -0.0096159725328773694 -0.025353334210272655 0.038550763703514145 0.0080921409693033765 0.18903617739677431 0.013861764559151418 0.01325575444962619 0.073651449475437406 0.03672866408600111 0.051567798687553679 0.010157692147794167 0.1983833002724818 0.12778192200968344 -0.0097220152435710649 0.013456393339391713 0.078248048551613478 0.22868726917852961 -0.0013443398920819163 0.043506701215832999 0.059147399635915469 0.075376613783266613 0.098924325388811893 -0.00095634709500779392 0.016908548959134771 0.05553369141975785
leaf_weight=11670 278 13675 1670 92 9312 1045 15584 3226 11408 20 6266 6219 288 173 1203 268 28 31 3360 549 80 24 750 416 266 68 42 5585 2496 1397
leaf_count=11670 278 13675 1670 92 9312 1045 15584 3226 11408 20 6266 6219 288 173 1203 268 28 31 3360 549 80 24 750 416 266 68 42 5585 2496 1397
internal_value=1.51727e-10 -0.0112956 0.0179286 0.014524 -0.00328515 0.0186692 -0.0208638 0.0229839 0.00702432 0.0409639 0.010506 0.0182814 0.0281939 0.0236244 0.0341762 0.0469066 0.0549072 0.00311258 -0.00541045 0.0195669 0.0653516 0.112965 0.0328657 0.0180034 0.0243194 0.00503344 0.00670257 -0.00770111 0.0191582 0.057418
internal_weight=97489 59808 37681 32829 32554 21143 27254 13832 11686 4852 7311 9372 3153 2865 3435 1499 1231 13294 3940 580 277 104 4460 1234 1936 818 9354 19260 2588 1417
internal_count=97489 59808 37681 32829 32554 21143 27254 13832 11686 4852 7311 9372 3153 2865 3435 1499 1231 13294 3940 580 277 104 4460 1234 1936 818 9354 19260 2588 1417
is_linear=0
shrinkage=0.1


Tree=17
num_leaves=31
num_cat=0
split_feature=46 79 42 44 55 71 84 87 82 13 14 88 95 75 49 85 82 29 88 95 82 47 71 39 83 25 31 85 11 47
split_gain=1612.3 361.16 231.013 143.225 104.381 56.5476 55.1892 45.6763 51.1978 54.1542 47.0579 43.0978 41.8505 39.3819 39.3031 38.6624 38.3436 38.0768 38.4164 37.0809 35.9241 35.8539 34.7055 36.5295 35.9604 40.2158 33.8372 37.7409 37.5374 42.5611
threshold=1.205263157894737 8.5000000000000018 0.22500000000000003 2.0500000000000003 52.500000000000007 4.5000000000000009 2.5000000000000004 68.500000000000014 411.50000000000006 2.8459956687007311 3.2111111111111117 9.0500000000000025 1.0000000180025095e-35 5.5000000000000009 46.45000000000001 72.500000000000014 200.50000000000003 0.99934167186722778 19.450000000000003 6.5000000000000009 65.500000000000014 0.94043231754460754 4.5000000000000009 3.0514091584069418 302.50000000000006 0.82657830373090091 1.1897227048854206 37.500000000000007 6.6675766740226221 1.4304022957551952
decision_type=10 10 10 10 10 10 10 10 10 10 10 10 10 10 10 10 8 8 10 10 8 10 10 10 10 10 10 8 10 10
left_child=2 3 -1 7 5 -3 13 11 9 21 14 -2 -4 -5 -11 -12 -13 18 20 -8 -14 -9 23 26 -24 -26 27 28 -6 -30
right_child=1 4 12 6 22 -7 19 8 -10 10 15 16 17 -15 -16 -17 -18 -19 -20 -21 -22 -23 24 -25 25 -27 -28 -29 29 -31
leaf_value=-0.020821450808078207 -0.017693435334762083 0.02671174910708702 -0.011480412515213055 -0.03736228387611721 0.16083865438898404 0.0028973367079302217 0.016579661803028927 -0.032015018778041075 -0.010836512033061184 0.20316848821681122 0.023840746922455865 0.0041724502904222039 0.0013333060131537774 0.0069431341038486043 0.045744678356817794 0.10724398887763589 -0.0090445881298641742 -0.0099461897128878558 0.0052534726538756458 0.052772967382692687 -0.017605010332474875 0.010946626934741261 0.042331110838929216 -0.076755467280745504 0.059203125657513733 -0.033093248814151724 0.13549242389188815 -0.014261502979530228 0.20183075875043871 0.054706493831710092
leaf_weight=21018 1222 7293 11529 307 36 1155 13795 203 994 29 959 12401 2180 579 35 59 2667 5898 5998 289 1853 4510 931 20 70 145 56 72 20 1166
leaf_count=21018 1222 7293 11529 307 36 1155 13795 203 994 29 959 12401 2180 579 35 59 2667 5898 5998 289 1853 4510 931 20 70 145 56 72 20 1166
internal_value=-1.10537e-10 0.0127895 -0.0129312 0.00818154 0.0287807 0.0234559 0.0157994 0.00324025 0.0101314 0.013728 0.0339035 0.000368279 -0.00689145 -0.00840874 0.117077 0.0286745 0.00183307 -0.00357008 0.000178931 0.0173223 -0.00736808 0.00909617 0.0466598 0.0574016 0.0338185 -0.00304327 0.0593891 0.0560956 0.0602411 0.0571875
internal_weight=97489 49013 48476 38049 10964 8448 14970 23079 6789 5795 1082 16290 27458 886 64 1018 15068 15929 10031 14084 4033 4713 2516 1370 1146 215 1350 1294 1222 1186
internal_count=97489 49013 48476 38049 10964 8448 14970 23079 6789 5795 1082 16290 27458 886 64 1018 15068 15929 10031 14084 4033 4713 2516 1370 1146 215 1350 1294 1222 1186
is_linear=0
shrinkage=0.1


Tree=18
num_leaves=31
num_cat=0
split_feature=44 44 77 77 42 95 104 53 15 87 84 87 31 83 104 79 88 81 17 106 13 82 89 17 0 49 50 79 48 51
split_gain=1316.07 344.976 137.926 93.4169 90.6502 69.3484 52.6153 50.9649 47.0493 43.3339 53.0462 41.9461 40.1727 39.0604 38.8914 38.5472 37.4014 43.5006 36.9443 40.4785 35.683 34.3817 41.5866 34.3381 34.2838 40.8129 33.963 33.6951 33.3369 33.3129
threshold=1.0500000000000003 2.4365079365079372 1.5000000000000002 3.5000000000000004 4.1000000000000005 3.5000000000000004 117.90000000000002 52.500000000000007 2.2514544942018793 94.500000000000014 47.500000000000007 42.500000000000007 1.1178102700547354 414.50000000000006 113.15000000000002 9.5000000000000018 17.650000000000002 263.50000000000006 2.4812454286235979 724.50000000000011 4.8373436059376003 168.50000000000003 3.5000000000000004 1.4685294503919091 15.390000000000001 30.950000000000003 -1.8999999999999997 7.5000000000000009 7.5500000000000007 44.750000000000007
decision_type=10 10 8 10 10 10 2 10 10 10 10 10 10 10 2 10 10 8 10 2 8 8 10 10 10 10 10 10 10 10
left_child=2 3 23 15 6 9 20 29 14 10 24 21 13 18 -9 16 -2 -18 -10 -20 -3 22 -4 -1 -5 -26 -11 28 -7 -6
right_child=1 4 11 5 7 27 -8 8 12 26 -12 -13 -14 -15 -16 -17 17 -19 19 -21 -22 -23 -24 -25 25 -27 -28 -29 -30 -31
leaf_value=-0.0061754417636704674 -0.01576333328117822 0.019205491981208148 -0.016351320110098072 -0.0058555518354458302 -0.08117141140004 0.025545865296602355 0.04433000844395122 0.094224172210185017 -0.011717555598885406 -0.0084929136788502099 -0.0061125132851066449 0.0005496613126938128 0.18189817042577835 -0.049316512917478877 0.22152201149729081 0.043553436625035052 0.0058908638441313201 -0.012130204688552346 0.13233540000786123 0.0036102942087584073 -0.028050737960241091 -0.016039256157140313 -0.0040560542267169472 -0.021251991360063872 0.03151082913676994 0.0069844775152908926 0.017496238797972102 0.033163922961783415 0.0034931896582571921 0.037512085366842418
leaf_weight=1667 2302 11701 3766 1990 24 1286 849 96 51 567 4037 4390 21 42 32 167 3668 2110 76 36 162 6802 10206 16110 709 15757 4443 1332 1468 1622
leaf_count=1667 2302 11701 3766 1990 24 1286 849 96 51 567 4037 4390 21 42 32 167 3668 2110 76 36 162 6802 10206 16110 709 15757 4443 1332 1468 1622
internal_value=6.89863e-11 0.0103088 -0.0130953 0.00547597 0.0233948 0.00795028 0.0202813 0.0431846 0.0776064 0.00614432 0.00427097 -0.00833179 0.0501701 0.036676 0.126049 -0.00400155 -0.00498444 -0.000690039 0.0588335 0.0909595 0.0185602 -0.0102086 -0.00737011 -0.0198382 0.00654221 0.00804054 0.014555 0.0201063 0.0137908 0.0357816
internal_weight=97489 54548 42941 39836 14712 31589 12712 2000 354 27503 22493 25164 226 205 128 8247 8080 5778 163 112 11863 20774 13972 17777 18456 16466 5010 4086 2754 1646
internal_count=97489 54548 42941 39836 14712 31589 12712 2000 354 27503 22493 25164 226 205 128 8247 8080 5778 163 112 11863 20774 13972 17777 18456 16466 5010 4086 2754 1646
is_linear=0
shrinkage=0.1


Tree=19
num_leaves=31
num_cat=0
split_feature=46 46 79 44 96 77 115 53 87 40 88 103 52 82 55 48 7 28 15 39 75 31 104 1 29 7 21 37 109 5
split_gain=1068.29 267.355 175.989 69.5474 60.7019 60.3872 41.2156 44.6201 38.8219 64.3438 68.7355 37.4382 37.8145 37.252 42.7334 37.1405 36.961 37.3257 39.3614 118.367 35.4244 35.3672 44.9802 34.9052 37.3813 48.2577 43.192 40.5622 34.8704 46.2482
threshold=1.552777777777778 0.70294117647058829 8.5000000000000018 3.6333333333333337 239.00000000000003 3.5000000000000004 1.0000000180025095e-35 26.500000000000004 65.500000000000014 0.54195804195804198 16.050000000000004 0.81100000000000005 4.5000000000000009 180.50000000000003 33.500000000000007 15.350000000000003 2.3057869817013859 2.3750000000000004 2.0013879257199876 2.2912721319282854 10.500000000000002 0.86554360876699588 117.2 3.2196273038789287 0.65602740944978577 4.2543932443297985 1.8891922141374213 1.4487266298961141 29.195071868583167 8.7458260721118339
decision_type=10 10 8 10 2 10 2 10 10 10 10 2 10 8 10 8 10 10 10 10 10 10 2 10 10 10 10 10 2 10
left_child=1 4 5 11 -1 15 20 -8 13 10 -10 12 -4 14 -3 -2 -5 18 19 21 -7 -18 -23 -14 25 -25 -27 -28 -20 -30
right_child=2 8 3 16 -6 6 7 -9 9 -11 -12 -13 23 -15 -16 -17 17 -19 28 -21 -22 22 -24 24 -26 26 27 -29 29 -31
leaf_value=-0.0099545957904013972 -0.019812859235509399 -0.0039108163674382405 0.014005821170335246 0.14891235255185636 -0.018834632041813876 0.0031990365771136643 0.0048932054922596595 0.017248799587886447 0.016298229728318469 0.005115380962360392 0.1626863786260839 -0.055295196295930799 -0.035077943911925813 -0.0094653390888244857 0.006296757023440131 0.0045423474777786998 0.057955845272669608 0.14967092394828796 0.011728817230703943 0.27821305928670842 0.023955693180024915 -0.022631985723622083 0.13034214733735375 0.19473815560340882 0.027140272108426969 -0.0094378676650853002 0.21911185729232702 0.039044219091663078 0.15634242943355015 0.037635436326581673
leaf_weight=14513 1057 12891 4037 31 16393 8031 4002 10839 79 4315 54 65 87 6448 6015 1536 644 30 714 23 916 117 23 29 3929 58 22 29 35 527
leaf_count=14513 1057 12891 4037 31 16393 8031 4002 10839 79 4315 54 65 87 6448 6015 1536 644 30 714 23 916 117 23 29 3929 58 22 29 35 527
internal_value=4.9982e-11 -0.00814808 0.0134486 0.0244655 -0.0146647 0.0091055 0.0106851 0.013917 -0.00139005 0.00722695 0.075734 0.0202983 0.0208981 -0.00290178 -0.000663247 -0.00538571 0.0405126 0.0389223 0.0373272 0.0546126 0.00532412 0.0480529 0.00249948 0.0275963 0.028937 0.0800924 0.0495903 0.11672 0.0263952 0.0450282
internal_weight=97489 60708 36781 10400 30906 26381 23788 14841 29802 4448 133 8256 8191 25354 18906 2593 2144 2113 2083 807 8947 784 140 4154 4067 138 109 51 1276 562
internal_count=97489 60708 36781 10400 30906 26381 23788 14841 29802 4448 133 8256 8191 25354 18906 2593 2144 2113 2083 807 8947 784 140 4154 4067 138 109 51 1276 562
is_linear=0
shrinkage=0.1


Tree=20
num_leaves=31
num_cat=0
split_feature=42 79 77 44 104 95 95 36 103 106 87 59 22 50 103 106 43 7 46 91 3 49 9 41 64 8 83 45 33 48
split_gain=875.181 218.42 119.102 109.892 71.5592 53.5831 49.4566 47.825 48.6481 41.6172 41.1023 40.614 54.492 48.3753 39.9621 46.4621 45.639 57.0484 50.2641 43.5559 42.8334 39.5448 39.2443 55.7063 54.6579 39.1971 39.1958 43.4864 37.5078 36.7746
threshold=1.1000000000000003 6.5000000000000009 2.5000000000000004 3.2250000000000005 110.35000000000001 1.0000000180025095e-35 4.5000000000000009 2.1000000000000005 0.64250000000000018 404.50000000000006 126.50000000000001 11.500000000000002 3.3038461538461541 6.4500000000000011 0.56500000000000006 562.50000000000011 1.297417464888168 7.7071368167710714 3.4250000000000003 4.5000000000000009 15.146207809085299 20.850000000000005 7.5051833848876077 2.0134779451103522 1.0000000180025095e-35 15.450000000000001 485.50000000000006 1.9061215475626148 1.060005038625601 19.750000000000004
decision_type=10 10 10 10 2 8 10 10 2 2 10 10 10 10 2 2 10 10 10 10 8 10 10 10 10 10 8 10 10 8
left_child=2 21 5 4 -3 -1 7 8 11 22 -4 12 -6 -13 15 20 17 18 -17 -20 -5 -2 23 26 -24 -12 27 28 -9 -15
right_child=1 3 10 14 6 -7 -8 9 -10 -11 25 13 -14 29 -16 16 -18 -19 19 -21 -22 -23 24 -25 -26 -27 -28 -29 -30 -31
leaf_value=-0.016507476496649114 -0.019858012454788666 0.0042330858906860893 -0.0043782137846396672 0.032320748336831427 0.027406659510691551 -0.0052542097227301007 0.033060359298186334 0.040354469905685905 -0.014575079822496652 0.013340336108221888 0.11148100155716141 0.003434704617144989 0.001215642650656829 0.079764504573463152 0.017560163684036258 0.044487966362524917 0.047746306469060043 -0.02793585681134746 0.131397775939155 0.30880318061262368 -0.026964646992631833 0.0023165043209339357 0.039861519136263075 -0.046218103080419667 0.14887304111228636 -0.0028242932368690767 -0.071951798917725684 -0.025751396466159461 -0.025276753910278022 -0.0019582389265127564
leaf_weight=21534 836 8040 19327 1948 2647 5266 1499 1044 762 3007 60 4592 1135 150 1941 27 623 21 31 25 130 21163 1101 118 48 60 40 132 95 87
leaf_count=21534 836 8040 19327 1948 2647 5266 1499 1044 762 3007 60 4592 1135 150 1941 27 623 21 31 25 130 21163 1101 118 48 60 40 132 95 87
internal_value=-2.48043e-11 0.00900119 -0.00997338 0.0146639 0.0119657 -0.0142963 0.0157434 0.014008 0.00964317 0.0213331 -0.00401596 0.0117863 0.0195466 0.00570853 0.0285911 0.0362243 0.0579833 0.119307 0.156561 0.210597 0.0286118 0.00147383 0.030656 0.0195926 0.0444155 0.0543284 0.025516 0.0285835 0.0348804 0.049765
internal_weight=97489 51242 46247 29243 24497 26800 16457 14958 9373 5585 19447 8611 3782 4829 4746 2805 727 104 83 56 2078 21999 2578 1429 1149 120 1311 1271 1139 237
internal_count=97489 51242 46247 29243 24497 26800 16457 14958 9373 5585 19447 8611 3782 4829 4746 2805 727 104 83 56 2078 21999 2578 1429 1149 120 1311 1271 1139 237
is_linear=0
shrinkage=0.1


Tree=21
num_leaves=31
num_cat=0
split_feature=77 79 95 87 42 104 85 80 48 8 47 26 50 1 1 36 106 103 88 43 89 83 88 23 1 40 113 19 20 11
split_gain=724.885 218.066 105.263 83.8061 78.7639 52.4177 50.7434 40.6548 41.8591 40.1242 39.0987 37.3522 36.0682 32.8901 32.502 49.3885 43.2902 31.8773 31.2328 43.1245 31.066 30.9025 32.1436 30.8821 32.0881 31.3187 30.8182 30.2093 31.9878 29.8322
threshold=3.5000000000000004 7.5000000000000009 1.0000000180025095e-35 159.50000000000003 1.7083333333333337 110.35000000000001 24.500000000000004 459.65000000000003 17.250000000000004 35.550000000000004 1.7749593874422747 2.2678571428571432 -1.8999999999999997 5.2996226272347711 14.038607479886062 2.9000000000000004 132.50000000000003 0.66900000000000015 59.95000000000001 2.0615171442623468 42.500000000000007 82.500000000000014 38.850000000000001 1.2412326763541615 7.5563880257449485 0.39444444444444454 1.0000000180025095e-35 1.0477225575051665 1.0500000000000003 7.5417260218535676
decision_type=10 10 10 10 8 2 10 8 10 10 8 10 10 8 10 10 2 2 10 10 10 10 10 10 10 10 2 10 10 10
left_child=2 4 26 5 -2 9 12 8 10 -3 -4 14 21 -12 16 -16 -5 -6 -8 -20 -18 22 -7 -14 -25 -26 -1 28 -27 -13
right_child=1 3 7 11 17 6 18 -9 -10 -11 13 29 23 -15 15 -17 20 -19 19 -21 -22 -23 -24 24 25 27 -28 -29 -30 -31
leaf_value=-0.0096763895600365385 -0.0013373704928142582 0.0045919006188024246 -0.0012567720602926057 0.11614458215507595 0.0098982788398165426 0.013448364453971885 -0.0001920818708968709 -0.0090317374577405483 0.012612942472417378 0.13994516532614151 0.057398737466027 0.18994424777726335 0.0068940045376875078 -0.056212880078791862 -0.035546635416988846 0.042835437147127044 0.031733901022560469 -0.0045918922143004855 0.019783286356558915 0.17818667933992718 0.1243349262160828 -0.012775760668289402 0.10530353831808742 0.015164808008201625 0.14537836344426741 -0.051336412125134047 -0.016286391560901364 0.026099709690023312 0.058808594314068298 0.063691559799892064
leaf_weight=13425 18698 4879 6617 66 13793 538 1846 6469 2417 22 29 24 1121 210 167 155 1738 1706 68 23 37 575 41 2461 23 28 14862 4914 452 85
leaf_count=13425 18698 4879 6617 66 13793 538 1846 6469 2417 22 29 24 1121 210 167 155 1738 1706 68 23 37 575 41 2461 23 28 14862 4914 452 85
internal_value=-2.87334e-11 0.00782549 -0.00950171 0.0163351 0.00303205 0.0139232 0.0174596 -0.00294734 0.00129724 0.00519949 -0.00269198 0.0343728 0.0202893 -0.0424274 0.0314945 0.00218387 0.0366211 0.00830332 0.00262725 0.0598193 0.0336642 0.00364524 0.0199528 0.0224237 0.0246335 0.0289352 -0.0131493 0.0284386 0.0523835 0.0914903
internal_weight=97489 53460 44029 19263 34197 16991 12090 15742 9273 4901 6856 2272 10153 239 2163 322 1841 15499 1937 91 1775 1154 579 8999 7878 5417 28287 5394 480 109
internal_count=97489 53460 44029 19263 34197 16991 12090 15742 9273 4901 6856 2272 10153 239 2163 322 1841 15499 1937 91 1775 1154 579 8999 7878 5417 28287 5394 480 109
is_linear=0
shrinkage=0.1


Tree=22
num_leaves=31
num_cat=0
split_feature=79 42 77 77 100 47 40 71 95 111 35 1 12 47 49 53 19 102 106 88 23 23 88 17 103 17 23 93 15 91
split_gain=599.517 146.326 107.079 75.9265 47.7695 44.822 49.7455 42.9855 39.4042 37.3736 36.8456 36.0902 33.2992 34.344 44.6338 42.1325 32.6535 42.3542 39.9407 37.9995 34.1418 44.9387 32.518 32.3472 38.6072 38.4787 32.2988 43.1017 48.2208 37.6337
threshold=5.5000000000000009 1.7750000000000001 2.5000000000000004 8.5000000000000018 1.0000000180025095e-35 1.3430726352864193 3.0513157894736849 3.5000000000000004 4.5000000000000009 29.500000000000004 1.1200536622550707 5.3489251248509833 1.7750000000000001 1.8435520288767047 61.850000000000001 50.500000000000007 1.8027222972291639 5.5000000000000009 655.50000000000011 52.350000000000001 2.8925948923809712 3.0665854329812015 14.450000000000001 2.1053981018689636 0.59450000000000014 1.8432043183436029 2.7287443262538496 1.0000000180025095e-35 2.2514544942018793 10.500000000000002
decision_type=10 10 10 10 2 10 10 10 10 2 10 10 10 10 10 10 10 10 2 10 10 10 10 10 2 10 10 10 10 10
left_child=2 7 -1 4 10 -5 16 12 -6 -9 22 -8 -2 -14 -15 -16 17 19 20 -7 -18 -22 -3 25 -25 -20 -13 -28 -29 -30
right_child=1 3 -4 5 8 6 11 9 -10 -11 -12 26 13 14 15 -17 18 -19 23 -21 21 -23 -24 24 -26 -27 27 28 29 -31
leaf_value=-0.012282297464926359 -0.0086956353253978599 -0.0088356786011782942 -0.0028857373682363795 0.10707235750875305 0.012834928849711574 0.028777460565582454 0.13044521718152932 0.00020672041134330287 0.02890878877425029 -0.01389021304738179 -0.015447610869482953 0.025202684111024838 0.0099268309739894665 -0.020967027336082539 0.1290302828885615 -0.043260834442282264 -0.015162899480658125 -0.073719762991133489 0.048407334089279178 0.10965447442966603 0.12522880499960767 0.0054237612786256079 0.0093548623409267992 -0.038084342251889981 0.12540287613868714 0.20865217214045317 0.038691741428025818 0.22918506963499663 0.12045305701731533 -0.040127263590693477
leaf_weight=25733 1359 1079 22937 70 11141 922 49 7510 1767 2509 727 451 8202 640 40 22 632 38 43 62 42 123 11014 52 20 23 179 29 54 20
leaf_count=25733 1359 1079 22937 70 11141 922 49 7510 1767 2509 727 451 8202 640 40 22 632 38 43 62 42 123 11014 52 20 23 179 29 54 20
internal_value=9.43553e-11 0.00782995 -0.00785392 0.0124454 0.0107411 0.028056 0.0260366 0.00133591 0.0150353 -0.00332349 0.00641734 0.0473559 0.00588454 0.00810989 -0.0131188 0.0678947 0.0175176 0.0298728 0.0040128 0.0338734 -0.00458748 0.0359196 0.00773181 0.0536825 0.00732877 0.10425 0.0418015 0.0683479 0.119886 0.077053
internal_weight=97489 48819 48670 28537 25728 2809 2739 20282 12908 10019 12820 782 10263 8904 702 62 1957 1022 935 984 797 165 12093 138 72 66 733 282 103 74
internal_count=97489 48819 48670 28537 25728 2809 2739 20282 12908 10019 12820 782 10263 8904 702 62 1957 1022 935 984 797 165 12093 138 72 66 733 282 103 74
is_linear=0
shrinkage=0.1


Tree=23
num_leaves=31
num_cat=0
split_feature=77 79 95 95 42 87 103 7 17 17 35 9 59 36 86 3 80 47 51 40 44 45 41 104 15 105 45 5 48 48
split_gain=488.467 152.294 74.6502 62.2666 53.058 45.0105 50.6201 38.2842 36.8378 35.0392 36.2152 34.9509 36.4823 37.2182 34.7776 33.5351 33.4834 33.3931 41.9268 54.6542 35.785 35.4519 34.5398 32.9848 36.4372 33.1736 32.6653 34.6932 31.8323 31.477
threshold=3.5000000000000004 7.5000000000000009 1.0000000180025095e-35 3.5000000000000004 1.7083333333333337 222.50000000000003 0.6080000000000001 6.1967681008508757 2.4178610310032078 1.8721623494159381 0.5108638890494771 11.420254869118684 11.500000000000002 1.3666666666666669 240.50000000000003 10.119993961118206 459.65000000000003 1.5939390995512388 73.750000000000014 1.341666666666667 4.2500000000000009 1.9343376196311504 0.96698179450255328 104.75000000000001 2.3961768805660451 0.63333333333333341 1.4818885965154671 14.927947562081838 15.15 17.250000000000004
decision_type=10 10 8 10 10 10 2 10 10 10 10 10 10 10 10 10 8 10 10 10 10 10 10 2 10 8 10 10 10 10
left_child=2 4 -1 11 -2 -5 7 -7 15 -9 -11 12 17 -14 -13 -8 29 21 -19 22 28 -3 -20 24 25 -15 27 -25 -21 -4
right_child=1 3 16 5 -6 6 8 9 -10 10 -12 14 13 23 -16 -17 -18 18 19 20 -22 -23 -24 26 -26 -27 -28 -29 -30 -31
leaf_value=-0.010914816613391474 -0.0011682181306412764 0.025104365300460736 -0.001915493984917847 0.020420011390402296 0.0067443951752654057 0.15722733342720729 -0.031064591391219032 0.1644320507568342 -0.097147132713219231 -0.038467155015323218 0.075323620652885781 0.02950910397953671 -0.0062465528298527679 0.077021656701197996 0.13004485916738448 0.1332548244167929 -0.0077131488446304831 0.0036401159494333598 0.033290406093001372 0.049036443393006703 -0.072209995180471914 0.1589668310713023 0.20411237889001599 0.017663377596889806 -0.036394811377949303 -0.011299782049486309 0.0039276658574855751 0.12238341498014052 -0.0032676827366558019 0.011356413569055363
leaf_weight=28003 18698 1835 6856 5170 15499 56 27 27 29 41 88 364 2147 65 38 23 6753 2421 20 336 36 20 29 2783 315 123 3060 32 178 2417
leaf_count=28003 18698 1835 6856 5170 15499 56 27 27 29 41 88 364 2147 65 38 23 6753 2421 20 336 36 20 29 2783 315 123 3060 32 178 2417
internal_value=7.33349e-11 0.00642384 -0.00779983 0.0135353 0.00241799 0.0225739 0.0608405 0.0863006 -0.00748291 0.0608397 0.0391576 0.00995904 0.00908743 0.00514169 0.0390125 0.0445223 -0.00235686 0.0159874 0.00950094 0.0331888 0.0241728 0.0265476 0.134389 0.00897527 -0.015602 0.0192369 0.0110795 0.0188538 0.0309233 0.00154382
internal_weight=97489 53460 44029 19263 34197 5461 291 212 79 156 129 13802 13400 8525 402 50 16026 4875 3020 599 550 1855 49 6378 503 188 5875 2815 514 9273
internal_count=97489 53460 44029 19263 34197 5461 291 212 79 156 129 13802 13400 8525 402 50 16026 4875 3020 599 550 1855 49 6378 503 188 5875 2815 514 9273
is_linear=0
shrinkage=0.1


Tree=24
num_leaves=31
num_cat=0
split_feature=79 44 96 95 103 40 71 7 104 82 7 103 15 10 41 102 59 10 111 65 11 3 51 48 87 82 1 19 28 89
split_gain=406.024 102.382 76.1711 55.3972 53.129 66.7086 56.0913 42.5192 41.0845 55.5945 44.6422 41.0465 38.1451 36.8115 54.2943 35.6229 36.021 35.5864 41.3453 35.1715 34.9431 42.5979 42.1172 36.992 37.8794 34.8225 42.3916 38.9007 34.6823 34.0072
threshold=5.5000000000000009 2.4365079365079372 239.00000000000003 3.5000000000000004 0.46050000000000008 4.8250000000000002 2.5000000000000004 2.2582094138490336 112.95000000000002 288.50000000000006 3.3316324482458519 0.47250000000000003 2.9938743696300958 19.410526315789479 1.231285774706292 3.5000000000000004 6.5000000000000009 22.975000000000005 13.500000000000002 1.0000000180025095e-35 7.8705814667400427 11.69013116294108 58.650000000000013 16.150000000000002 166.50000000000003 100.50000000000001 14.618173619090834 2.7202320023735456 1.1937500000000003 13.500000000000002
decision_type=10 10 2 10 2 10 10 8 2 10 10 2 10 10 10 10 8 10 2 8 10 10 10 8 10 10 10 10 10 10
left_child=2 3 15 -2 5 6 7 -3 -9 10 -10 -6 -7 28 17 16 29 18 -15 -13 23 -22 -23 24 -12 26 27 -16 -8 -1
right_child=1 4 -4 -5 11 12 13 8 9 -11 20 19 -14 14 25 -17 -18 -19 -20 -21 21 22 -24 -25 -26 -27 -28 -29 -30 -31
leaf_value=0.0029018127258746002 0.0021913345322850677 0.16959264731925469 -0.011411102699372141 0.015774716589485465 -0.028106563756803121 0.1449753807282404 0.0086495945111039248 0.015568402301907154 -0.07509033046662808 0.14823286609322417 0.040509435345339746 -0.065479159932278222 0.024640256443689036 0.11650491259656007 0.039330981006920757 -0.012594290766353187 -0.0036726215767089476 0.01432498482203013 0.01969004445003741 0.010717225580718 -0.011190942420967315 -0.05464432355430391 0.082519921446787839 0.11808607356328714 0.15536982676675243 0.0047719846557266717 0.098530712884882188 -0.033327905888048313 -0.02946595752427222 0.029323137757719928
leaf_weight=3790 31210 23 18981 3322 289 68 915 770 32 51 389 61 43 133 317 3621 21719 114 66 8778 190 27 131 95 31 1256 89 96 323 559
leaf_count=3790 31210 23 18981 3322 289 68 915 770 32 51 389 61 43 133 317 3621 21719 114 66 8778 190 27 131 95 31 1256 89 96 323 559
internal_value=5.39444e-11 0.00644368 -0.00646341 0.00349806 0.0135633 0.0216748 0.0199886 0.0345293 0.0327191 0.0466789 0.040892 0.00897883 0.0983591 0.0123469 0.0205017 -0.00330022 -0.00200921 0.0588746 0.0843955 0.0101914 0.0451926 0.0207139 0.0590805 0.0617336 0.0489872 0.0136697 0.0359316 0.0224417 -0.00129493 0.00629789
internal_weight=97489 48819 48670 34532 14287 5159 5048 1739 1716 946 895 9128 111 3309 2071 29689 26068 313 199 8839 863 348 158 515 420 1758 502 413 1238 4349
internal_count=97489 48819 48670 34532 14287 5159 5048 1739 1716 946 895 9128 111 3309 2071 29689 26068 313 199 8839 863 348 158 515 420 1758 502 413 1238 4349
is_linear=0
shrinkage=0.1


Tree=25
num_leaves=31
num_cat=0
split_feature=44 79 95 104 106 110 88 51 11 82 45 106 0 90 90 104 103 104 17 41 77 25 86 104 76 71 21 10 16 25
split_gain=338.844 108.51 52.7083 49.253 45.2969 45.1347 40.0796 38.7312 48.0498 40.0427 42.1796 52.4063 37.1625 37.1057 49.2845 36.0651 35.3632 34.1049 45.0062 38.4316 33.6472 50.604 34.4528 33.9581 36.3528 32.4306 31.5009 31.486 43.6453 48.3786
threshold=1.0500000000000003 8.5000000000000018 1.5000000000000002 110.55000000000001 468.50000000000006 81.500000000000014 26.250000000000004 75.850000000000009 6.7725256825899107 28.500000000000004 1.8318150445912063 482.50000000000006 15.567500000000003 2.5000000000000004 4.5000000000000009 112.75000000000001 0.81100000000000005 119.00000000000001 1.8146931912169795 0.75935458991449933 8.5000000000000018 1.3227406337702019 134.50000000000003 118.50000000000001 3.5000000000000004 4.5000000000000009 3.8937270836788458 23.522727272727277 5.1539473684210533 0.86554360876699588
decision_type=10 10 10 2 2 2 10 10 10 8 10 2 10 10 10 2 2 2 10 10 10 10 8 2 10 10 8 10 10 10
left_child=5 2 17 26 6 -1 -5 25 9 -9 11 15 -8 -13 -15 -11 20 -2 19 -19 21 22 23 24 -10 -3 -4 -22 29 -29
right_child=1 7 3 4 -6 -7 12 8 16 10 -12 13 -14 14 -16 -17 -18 18 -20 -21 27 -23 -24 -25 -26 -27 -28 28 -30 -31
leaf_value=-0.0042196441120532181 -0.0014049846618460742 0.012737892766062242 0.0012074690081289559 0.0049061487253021577 -0.00036049848151787473 -0.010978979670400998 0.077613843391916848 -0.034019604867652938 0.0016829590455515434 0.10802657586996847 0.011072342353172712 -0.040561286086107005 0.01652067513074347 0.13422832216885758 0.039374534272391237 0.26287673768543063 -0.10570032727783141 0.19743480591670326 0.008988115456434586 0.051542525212391326 0.066684852076987572 0.041845159687914989 -0.030960192277936845 0.080322341325264127 0.1151980069176904 -0.0061853302249718512 -0.04263263023988216 0.042077237059888639 0.043850835314599351 -0.028720298843821553
leaf_weight=27535 19606 6435 8831 4028 3364 15406 101 51 1038 53 133 34 7022 82 165 21 23 23 358 84 216 396 267 63 29 1054 167 161 502 241
leaf_count=27535 19606 6435 8831 4028 3364 15406 101 51 1038 53 133 34 7022 82 165 21 23 23 358 84 216 396 267 63 29 1054 167 161 502 241
internal_value=2.55033e-11 0.00523081 0.00299381 0.00620678 0.00981029 -0.0066447 0.0128786 0.0141233 0.0228486 0.0502929 0.0591043 0.0770993 0.0173869 0.0573823 0.0708645 0.151971 0.0178103 -0.000770157 0.0259964 0.0829025 0.0187855 0.0102913 0.00134688 0.0089805 0.00476819 0.0100746 0.000393811 0.0323838 0.024188 -0.000366062
internal_weight=97489 54548 43584 23513 14515 42941 11151 10964 3475 539 488 355 7123 281 247 74 2936 20071 465 107 2913 1793 1397 1130 1067 7489 8998 1120 904 402
internal_count=97489 54548 43584 23513 14515 42941 11151 10964 3475 539 488 355 7123 281 247 74 2936 20071 465 107 2913 1793 1397 1130 1067 7489 8998 1120 904 402
is_linear=0
shrinkage=0.1


Tree=26
num_leaves=31
num_cat=0
split_feature=77 79 42 87 84 87 100 86 87 108 82 111 29 45 88 42 18 103 17 52 7 41 104 1 49 82 75 16 59 13
split_gain=287.501 88.5093 47.1863 44.8542 40.3624 34.9176 38.8491 48.6033 38.983 60.1735 36.2008 35.6759 34.5128 32.4163 33.949 31.0088 30.525 30.3108 31.0326 47.1105 32.1452 42.0001 29.6323 42.6662 38.8379 37.6756 36.5649 29.2437 30.5901 28.9848
threshold=3.5000000000000004 7.5000000000000009 0.55000000000000016 159.50000000000003 35.500000000000007 81.500000000000014 1.0000000180025095e-35 66.500000000000014 125.50000000000001 2.5000000000000004 136.50000000000003 8.5000000000000018 1.4747423797192287 1.3743625973076603 37.650000000000013 1.3666666666666669 2.1000000000000005 0.49400000000000005 3.7196136942210551 6.5000000000000009 3.6400484653395426 1.9584257358838435 112.35000000000001 13.369891547750173 81.700000000000003 13.500000000000002 5.5000000000000009 1.552777777777778 8.5000000000000018 2.4949899597988741
decision_type=10 10 8 10 10 10 2 10 10 2 10 2 10 10 10 10 10 2 10 10 8 10 2 10 10 10 10 10 10 10
left_child=2 5 -1 4 22 10 -7 8 11 -10 15 29 -9 14 -14 -2 -11 18 20 -20 21 -17 -3 24 27 -25 -27 -24 -29 -8
right_child=1 3 -4 -5 -6 6 7 12 9 16 -12 -13 13 -15 -16 17 -18 -19 19 -21 -22 -23 23 25 -26 26 -28 28 -30 -31
leaf_value=-0.008909673682080824 -0.003032514483940014 0.006644111040877124 -0.0023208955085899253 0.023545776164953593 0.0025454300716514239 0.00065919112689763872 0.039224401012409565 0.0063807501312904942 0.24332462366331709 -0.011248455481494175 -0.0038676565830022686 0.022146246182392793 0.041998018452099391 0.013287456713330287 0.18696706317365172 0.043703283581273206 0.13992349930446257 0.0018757401719001366 0.20493050473076957 0.022885174782608042 0.0089870548187962456 -0.10107644143558683 0.099413221386762771 0.15925918347388507 0.14634924585169012 -0.019245398988297913 0.043049794291179604 -0.02343592229711337 0.014268577607255958 0.16277835743830485
leaf_weight=24478 4808 4681 19551 2272 6701 3758 43 2791 22 34 12104 716 35 78 30 437 22 5483 21 44 3716 21 39 25 22 109 695 226 4493 34
leaf_count=24478 4808 4681 19551 2272 6701 3758 43 2791 22 34 12104 716 35 78 30 437 22 5483 21 44 3716 21 39 25 22 109 695 226 4493 34
internal_value=-1.44044e-11 0.0049283 -0.00598394 0.0103497 0.00858515 0.00187445 0.00787097 0.0149937 0.0357369 0.103192 0.000171674 0.0291019 0.00883573 0.0567508 0.108907 0.00353658 0.0481405 0.00678531 0.0131357 0.0816998 0.012068 0.0370649 0.0125183 0.0174206 0.0137885 0.0383635 0.0346043 0.0131756 0.0124629 0.0937807
internal_weight=97489 53460 44029 19263 16991 34197 7563 3805 871 78 26634 793 2934 143 65 14530 56 9722 4239 65 4174 458 10290 5609 4780 829 804 4758 4719 77
internal_count=97489 53460 44029 19263 16991 34197 7563 3805 871 78 26634 793 2934 143 65 14530 56 9722 4239 65 4174 458 10290 5609 4780 829 804 4758 4719 77
is_linear=0
shrinkage=0.1


Tree=27
num_leaves=31
num_cat=0
split_feature=79 95 96 55 47 50 94 12 22 103 67 23 11 38 13 19 63 19 45 96 89 87 11 36 7 86 45 15 29 16
split_gain=237.244 74.0542 49.9303 50.7554 64.4819 45.4574 39.2192 37.8013 72.543 51.4776 39.706 57.2523 53.7929 46.5707 35.2211 34.6894 33.3447 38.7532 33.2543 32.2904 31.995 29.635 29.5332 28.0909 41.282 37.4892 28.5256 27.9294 27.7375 27.3515
threshold=6.5000000000000009 1.0000000180025095e-35 220.50000000000003 41.500000000000007 1.7618022672756111 -1.3999999999999997 3.5000000000000004 2.5500000000000003 10.775000000000002 0.49400000000000005 5.5000000000000009 0.826010021107764 8.4563118659967689 5.2500000000000009 4.6260007757167925 1.2415253053016908 16.500000000000004 3.4278195413804746 1.4818885965154671 241.00000000000003 3.5000000000000004 56.500000000000007 8.074896117516241 1.7750000000000001 14.085453042028602 128.50000000000003 3.3673265669362302 0.94993651463092799 0.82202764200834411 3.0250000000000004
decision_type=10 10 2 10 8 10 10 10 10 2 10 10 10 10 10 10 10 10 10 2 10 10 10 10 10 10 10 10 10 10
left_child=1 21 5 4 15 22 18 8 -7 10 11 -9 13 -12 20 -4 17 23 -5 -8 -13 -1 -2 24 25 -11 -25 -22 -18 -19
right_child=2 -3 3 6 -6 7 19 9 -10 16 12 14 -14 -15 -16 -17 28 29 -20 -21 27 -23 -24 26 -26 -27 -28 -29 -30 -31
leaf_value=-0.007642897178510486 0.0014398043705063975 -1.8099417738246373e-05 0.0092950606223990203 0.010612309840348512 -0.030057187836988686 -0.00030084501989787387 0.030458975904417887 0.14276599771365889 0.18621276915073395 0.004696740486132972 -0.0025398420291697383 -0.017622733965181821 0.032213314509417841 0.12316062688827514 -0.080477352347224959 -0.0071584578840481559 -0.051771616116734864 -0.049499674930292017 -0.0075405747269471166 0.0053288205149937826 0.12105489630860487 0.0045698030177922086 -0.029714528762700934 0.014924269736423199 -0.12105857017967436 -0.062148288252958386 -0.10192886596279485 0.025796238078458524 -0.0024650492271481132 0.043352863426027503
leaf_weight=31214 2286 30015 2124 2229 865 2985 1151 41 21 3438 1681 171 722 30 32 3230 131 34 1844 920 31 2122 351 4015 27 86 21 4314 884 474
leaf_count=31214 2286 30015 2124 2229 865 2985 1151 41 21 3438 1681 171 722 30 32 3230 131 34 1844 920 31 2122 351 4015 27 86 21 4314 884 474
internal_value=4.7393e-11 -0.00362128 0.00672012 0.0016446 -0.004724 0.0096018 0.00809095 0.0112978 0.00100214 0.0132163 0.0196505 0.0251258 0.0093232 -0.00033586 0.0240653 -0.000631138 0.00825681 0.0103991 0.00239382 0.0192954 0.0248061 -0.0068655 -0.00270702 0.00860874 0.00212167 0.00306545 0.0143163 0.0264759 -0.00882875 0.0371383
internal_weight=97489 63351 34138 12363 6219 21775 6144 19138 3006 16132 7022 4589 2433 1711 4548 5354 9110 8095 4073 2071 4516 33336 2637 7587 3551 3524 4036 4345 1015 508
internal_count=97489 63351 34138 12363 6219 21775 6144 19138 3006 16132 7022 4589 2433 1711 4548 5354 9110 8095 4073 2071 4516 33336 2637 7587 3551 3524 4036 4345 1015 508
is_linear=0
shrinkage=0.1


Tree=28
num_leaves=31
num_cat=0
split_feature=77 79 104 40 3 95 106 51 29 81 81 80 77 55 39 84 6 103 39 63 10 47 26 105 44 44 17 13 25 43
split_gain=197.816 62.611 34.9846 45.7466 44.005 37.6771 37.0795 34.0677 47.1299 33.4392 43.1858 34.366 33.1379 32.1124 32.4798 31.4375 28.5305 27.9048 36.9311 30.9731 26.8608 26.6504 28.5554 27.2103 27.9123 26.3875 26.3294 41.4984 33.7778 29.393
threshold=3.5000000000000004 8.5000000000000018 110.65000000000002 3.4522727272727276 12.010525476336321 1.0000000180025095e-35 634.50000000000011 90.600000000000009 0.78843978169951412 239.50000000000003 320.50000000000006 498.35000000000014 1.5000000000000002 51.500000000000007 0.67080761218861007 15.500000000000002 9.1000000000000014 0.72700000000000009 1.5855187495562166 13.500000000000002 26.825000000000006 1.7618022672756111 1.0500000000000003 0.63333333333333341 2.183333333333334 1.5857142857142861 2.6619998593824179 2.5132957790129056 0.64222852518808682 3.1224887344895973
decision_type=10 10 2 10 10 10 2 10 10 10 10 10 8 10 10 8 10 2 10 10 10 10 10 8 10 10 10 10 10 10
left_child=12 2 -2 5 9 21 20 8 -6 -5 11 -11 -1 -3 -15 -14 -8 25 19 -19 26 -4 -23 24 -24 -16 27 29 -29 -7
right_child=1 13 3 4 7 6 16 -9 -10 10 -12 -13 15 14 17 -17 -18 18 -20 -21 -22 22 23 -25 -26 -27 -28 28 -30 -31
leaf_value=-0.0081737668852142672 -0.00095515233434233205 0.0076076938452044225 -0.0014514007822196433 -0.050462355027938714 -0.070879605355171058 0.0081628664517137718 0.027019335565506977 0.0013281077674279611 0.068309899288779077 0.01498910459973242 0.0086566226414087257 0.18133178767920644 0.001243610641872267 0.14392798287527903 0.12546042475927 -0.0058176419798493736 -0.0095920727650902222 -0.011049129068851471 0.03106593125883271 -0.15850158061446817 -0.017154448278631797 -0.041312149697177308 -0.010699874488636851 -0.074279121241460619 0.1002339388568734 0.020144975478294046 0.0010411824083636644 0.0059448477509019175 0.032459370876357127 -0.096319954311130218
leaf_weight=18584 18014 7518 4854 87 26 9678 237 135 378 23 709 27 11526 21 24 13919 2089 28 51 29 425 341 48 26 43 2733 3764 734 1391 27
leaf_count=18584 18014 7518 4854 87 26 9678 237 135 378 23 709 27 11526 21 24 13919 2089 28 51 29 425 341 48 26 43 2733 3764 734 1391 27
internal_value=-2.00858e-11 0.00408798 0.00240571 0.00482336 0.0224878 0.00378919 0.00593667 0.0448192 0.0593522 0.00826008 0.0149911 0.104814 -0.00496362 0.0110499 0.0200167 -0.00261906 -0.00586168 0.0191084 -0.0307552 -0.0860688 0.00764982 -0.00362713 -0.0266861 0.015942 0.0417194 0.0210618 0.00832584 0.0106436 0.0233009 0.00787219
internal_weight=97489 53460 43056 25042 1385 23657 18345 539 404 846 759 50 44029 10404 2886 25445 2326 2865 108 57 16019 5312 458 117 91 2757 15594 11830 2125 9705
internal_count=97489 53460 43056 25042 1385 23657 18345 539 404 846 759 50 44029 10404 2886 25445 2326 2865 108 57 16019 5312 458 117 91 2757 15594 11830 2125 9705
is_linear=0
shrinkage=0.1


Tree=29
num_leaves=31
num_cat=0
split_feature=79 96 104 53 85 5 87 13 24 95 1 17 103 45 67 20 106 60 1 23 51 5 103 8 45 15 11 5 86 25
split_gain=166.624 57.3802 47.3853 47.0599 38.3641 36.6982 34.6487 35.1381 33.3882 41.7709 33.2644 41.4073 35.6964 33.5922 33.3191 33.2175 32.6176 49.6529 40.7927 36.4572 39.2953 38.5303 36.9813 35.2981 33.0108 31.433 31.3666 31.0087 30.6046 29.2506
threshold=6.5000000000000009 227.00000000000003 104.85000000000001 27.500000000000004 15.500000000000002 12.351004646888919 45.500000000000007 4.4832884829242134 0.55000000000000016 7.5000000000000009 4.7547870614781482 1.5520016766490443 0.62600000000000011 2.2060465313997457 2.5000000000000004 1.3166666666666669 400.50000000000006 7.5000000000000009 2.6468848537593703 2.8743420208588026 58.750000000000007 10.401778693981138 0.55850000000000011 33.45000000000001 1.2326528377441648 2.3598829133165915 8.0376580269230384 9.0640745455213985 31.500000000000004 1.8027222972291639
decision_type=10 2 2 10 10 8 10 10 10 10 10 10 2 10 10 8 2 10 10 10 10 10 2 10 10 10 10 10 10 10
left_child=1 6 25 4 5 10 -1 28 9 -5 14 -12 13 29 -4 -15 17 19 -18 26 22 24 -21 -20 -22 -2 -10 -25 -8 -13
right_child=2 -3 3 8 -6 -7 7 -9 16 -11 11 12 -14 15 -16 -17 18 -19 23 20 21 -23 -24 27 -26 -27 -28 -29 -30 -31
leaf_value=-0.0024338039562941441 0.0048038284123902066 -0.0066349604558173514 0.13693681804835797 -0.00051815632549432613 -0.0097737376921681329 -0.017298531160318726 0.022669096575071025 0.053566563994317619 0.017341660300523067 0.093372443648210415 -0.013295006094653665 0.013614009843776859 -0.011848867578540114 0.060491899556169904 0.020097398184953971 -0.0444507753181081 -0.071473234149655604 0.16906729429250672 0.0064652559094598985 0.04006995039108472 0.073347768034690466 0.035484094568773578 0.18775026083613436 0.16680633202195169 -0.027747260630774769 -0.022004163460663844 0.0037268808795048805 0.035697288471071613 0.0021104856707339372 -0.038572488533840939
leaf_weight=26739 778 26060 25 3691 2464 717 783 143 4688 48 1176 4550 831 36 1029 186 66 21 8626 39 39 949 30 20 188 999 2648 184 9626 110
leaf_count=26739 778 26060 25 3691 2464 717 783 143 4688 48 1176 4550 831 36 1029 186 66 21 8626 39 39 949 30 20 188 999 2648 184 9626 110
internal_value=-1.32046e-11 -0.00303482 0.00563182 0.00650486 0.00123583 0.00436835 -0.000518946 0.00433334 0.0092648 0.000687179 0.00632418 0.0037929 0.00731038 0.0105716 0.0228687 -0.027433 0.0110977 0.0154883 0.00685212 0.0151125 0.0309347 0.0266314 0.104279 0.00743757 -0.0103785 -0.0102672 0.0124273 0.0485511 0.00365697 0.0123821
internal_weight=97489 63351 34138 32361 11124 8660 37291 10552 21237 3739 7943 6889 5713 4882 1054 222 17498 8602 8896 8581 1245 1176 69 8830 227 1777 7336 204 10409 4660
internal_count=97489 63351 34138 32361 11124 8660 37291 10552 21237 3739 7943 6889 5713 4882 1054 222 17498 8602 8896 8581 1245 1176 69 8830 227 1777 7336 204 10409 4660
is_linear=0
shrinkage=0.1


Tree=30
num_leaves=31
num_cat=0
split_feature=79 79 97 89 54 80 87 106 44 9 104 3 47 30 22 47 8 2 2 103 27 33 28 19 47 35 75 16 19 9
split_gain=139.993 47.5031 34.996 35.6029 29.4304 29.0808 46.7339 41.8641 48.4081 40.3737 42.0827 35.435 31.6185 30.9806 30.6228 27.7924 35.173 46.8451 31.7295 31.0151 39.8248 34.3369 27.7485 48.2936 27.4875 27.238 29.7868 29.3776 60.4447 26.8293
threshold=4.5000000000000009 8.5000000000000018 10.500000000000002 7.5000000000000009 7.5000000000000009 2128.0500000000006 125.50000000000001 186.50000000000003 2.9500000000000006 8.7575363852498747 114.55000000000001 8.1117130671762734 1.5313923466510657 0.36666666666666675 7.8166666666666673 1.5990756810785174 19.725000000000005 51.155000000000008 56.045000000000009 0.38450000000000006 1.0339469490010884 0.9457461698162889 2.3750000000000004 1.8437094529227334 2.1603478758446975 0.7212710764420035 7.5000000000000009 4.3514705882352951 2.5980583915950093 5.7759076368578066
decision_type=10 10 2 10 10 8 10 2 10 10 2 10 10 10 10 10 10 10 10 2 10 10 10 10 10 10 10 10 10 10
left_child=-1 2 3 -2 5 6 14 8 9 10 29 13 -12 -9 -5 -4 -17 19 -19 20 -18 -22 -3 -24 25 26 -21 28 -28 -8
right_child=1 22 15 4 -6 -7 7 11 -10 -11 12 -13 -14 -15 -16 16 17 18 -20 24 21 -23 23 -25 -26 -27 27 -29 -30 -31
leaf_value=-0.0048086860402262455 -0.002183688420955648 0.0084412885770985008 8.2526175143297098e-05 0.0051129872619474249 -0.059916626957847802 -0.0062593321622332002 0.022345224589529172 -0.07680796119694909 0.0071901661508917058 -0.029082958679646255 0.095268317712470893 0.024806283979120776 0.27308417737483975 0.01320662897748825 0.025069254468702607 -0.019322367528470101 0.0037556690282802632 -0.054196184741608769 0.0064105078188292954 -0.010717889785850317 0.10773780147731304 -0.021259099932817313 0.19039228331783545 0.01226548065741857 -0.069629961427520301 -0.012045206117223844 0.038935084840002132 0.019783612232034408 0.21649655017446584 0.09837792176030466
leaf_weight=37348 7521 11240 15511 18647 68 1788 71 75 158 32 20 449 20 78 802 1834 141 223 141 178 100 26 23 45 51 450 73 216 26 134
leaf_count=37348 7521 11240 15511 18647 68 1788 71 75 158 32 20 449 20 78 802 1834 141 223 141 178 100 26 23 45 51 450 73 216 26 134
internal_value=3.7507e-11 0.00298623 0.00163381 0.00376744 0.00577077 0.00597131 0.00703879 0.0277234 0.05136 0.0765543 0.0903518 0.0106438 0.184176 -0.0309182 0.0059359 -0.001725 -0.00983039 0.000882401 -0.0307194 0.0100046 0.0402644 0.0811194 0.00882659 0.0725143 0.00187644 0.0057437 0.021981 0.0404585 0.0855674 0.0720446
internal_weight=97489 60141 48833 29863 22342 22274 20486 1037 435 277 245 602 40 153 19449 18970 3459 1625 364 1261 267 126 11308 68 994 943 493 315 99 205
internal_count=97489 60141 48833 29863 22342 22274 20486 1037 435 277 245 602 40 153 19449 18970 3459 1625 364 1261 267 126 11308 68 994 943 493 315 99 205
is_linear=0
shrinkage=0.1


Tree=31
num_leaves=31
num_cat=0
split_feature=95 96 55 6 81 102 104 107 15 17 0 83 15 36 25 51 46 38 23 23 69 77 49 105 21 17 16 15 108 95
split_gain=117.421 47.2457 38.5665 40.9306 40.9002 36.0512 39.5874 46.4706 46.3012 41.9171 39.783 33.8339 40.2087 30.47 39.5409 29.9019 40.9325 28.8698 28.7582 34.2619 27.1643 28.9955 28.5454 27.407 48.5721 37.3152 45.9702 33.3464 29.2289 42.0044
threshold=1.5000000000000002 229.00000000000003 59.500000000000007 26.300000000000001 1593.5000000000002 5.5000000000000009 110.35000000000001 2021.5000000000002 1.2888391932218626 2.2314185840186407 31.630000000000006 165.50000000000003 1.6389339973919144 1.7750000000000001 0.82657830373090091 51.050000000000004 2.8535714285714291 1.4722222222222225 2.2860248909486907 1.9541154648747441 2.5000000000000004 7.5000000000000009 78.050000000000011 0.90000000000000013 1.7170938713998083 2.2865193963771193 4.6583333333333341 1.6884282974400848 2.5000000000000004 4.5000000000000009
decision_type=10 2 10 10 8 10 2 2 10 10 10 10 10 10 10 10 10 10 10 10 10 10 10 8 10 10 10 10 2 10
left_child=1 2 -1 4 11 6 -2 8 9 10 -8 12 -4 17 -15 16 -7 -14 19 -5 21 22 -10 25 -25 26 28 -28 -23 -30
right_child=5 -3 3 18 -6 15 7 -9 20 -11 -12 -13 13 14 -16 -17 -18 -19 -20 -21 -22 23 -24 24 -26 -27 27 -29 29 -31
leaf_value=-0.0006257860251418719 0.00065845505624563105 -0.0058217922237345622 0.18423128719799794 -0.060515050705344908 0.18721799939870834 -0.024182191244624639 -0.0057671644037777317 0.0043498152651818243 0.016265496098049129 0.11645615213007357 -0.073708925657808996 0.0025043924925503909 0.0601328984182328 0.19021910536102951 0.04200592344471564 -0.0012841267439615929 -0.15819255759318671 -0.10977820703759789 -0.046040655268356212 0.098643640134679647 0.0076091290649379952 0.11032196362502873 0.11417553161581358 -0.141368145333684 0.047938811914487317 0.017834809302197149 0.018526769302785396 0.15064573859405003 0.055927723955240233 -0.031393215642605402
leaf_weight=35064 11914 26482 26 21 20 453 461 13961 4006 24 106 135 20 24 72 1188 24 20 100 38 2487 54 30 23 33 336 25 81 182 79
leaf_count=35064 11914 26482 26 21 20 453 461 13961 4006 24 106 135 20 24 72 1188 24 20 100 38 2487 54 30 23 33 336 25 81 182 79
internal_value=4.38192e-11 -0.00262443 -0.000241974 0.0280311 0.0487989 0.00458941 0.005297 0.00782183 0.0139367 -0.0129896 -0.0184688 0.0394777 0.0702888 0.0485057 0.0790592 -0.00977579 -0.0309249 -0.0248227 -0.0133737 0.0419939 0.016106 0.0204639 0.0169933 0.0376933 -0.0298123 0.0426871 0.0625217 0.119486 0.0433529 0.0294972
internal_weight=97489 62022 35540 476 317 35467 33802 21888 7927 591 567 297 162 136 96 1665 477 40 159 59 7336 4849 4036 813 56 757 421 106 315 261
internal_count=97489 62022 35540 476 317 35467 33802 21888 7927 591 567 297 162 136 96 1665 477 40 159 59 7336 4849 4036 813 56 757 421 106 315 261
is_linear=0
shrinkage=0.1


Tree=32
num_leaves=31
num_cat=0
split_feature=79 104 87 95 52 16 17 45 63 95 16 10 65 102 39 1 38 44 77 38 21 37 96 1 83 105 15 15 88 19
split_gain=103.409 35.5518 38.1436 34.929 33.8314 31.9596 33.965 30.8581 30.1447 29.894 52.8791 34.6254 29.5069 29.0993 28.8386 30.4009 28.3743 45.6134 54.865 42.3525 44.8283 40.9531 40.5892 36.9635 33.9848 38.9315 38.018 36.6181 36.6735 32.5945
threshold=6.5000000000000009 104.95000000000002 159.50000000000003 1.5000000000000002 4.5000000000000009 3.4058823529411768 1.9439514830419651 1.1571011735538292 12.500000000000002 4.5000000000000009 3.2565789473684217 7.7029411764705893 2.5000000000000004 6.5000000000000009 1.8393833349049535 14.258856895602099 3.0500000000000003 2.878571428571429 10.500000000000002 3.2678571428571432 2.5308804836935024 1.297417464888168 214.50000000000003 14.038607479886062 290.50000000000006 0.90000000000000013 2.0262165916155332 2.9750281531653884 40.250000000000007 3.278710395895112
decision_type=10 2 10 10 10 10 10 10 10 10 10 10 8 10 10 10 10 10 10 10 10 10 2 10 10 10 10 10 10 10
left_child=3 -2 4 -1 5 6 9 -8 13 11 12 -3 -11 -5 -9 -16 23 22 19 21 -21 -19 -18 24 25 27 -27 -4 -29 -25
right_child=1 2 16 8 -6 -7 7 14 -10 10 -12 -13 -14 -15 15 -17 17 18 -20 20 -22 -23 -24 29 -26 26 -28 28 -30 -31
leaf_value=-0.003700653418183486 -0.0088046024835955229 0.018912516044104311 0.023161705075923363 0.0048788375934338876 0.0078591840186983276 -0.0024854457777729287 -0.003152713689439421 0.029926984232216347 -0.0080427755691439059 -0.035118707638747734 0.1282280063771821 -0.0047928065823740432 0.032747827188222993 -0.018875631888644124 -0.091234375809024021 0.045420009035755091 0.1755556587702953 0.20311636894941332 0.099611774065460151 -0.050178759331573487 0.023213556129914551 0.02632927724748458 0.050610761470997183 -0.043931986713059923 -0.011836554432667033 0.01014001289832181 -0.16907675996422769 0.15929151187855295 0.02197243150424313 0.080213842253821596
leaf_weight=48316 1914 755 1061 11926 13951 9680 485 1228 2570 87 47 3351 243 539 41 27 39 20 78 135 217 38 78 178 334 29 20 41 37 24
leaf_count=48316 1914 755 1061 11926 13951 9680 485 1228 2570 87 47 3351 243 539 41 27 39 20 78 135 217 38 78 178 334 29 20 41 37 24
internal_value=-2.67029e-12 0.00443669 0.00522318 -0.0023908 0.00426288 0.00111611 0.00668173 0.0183644 0.0018185 0.00204046 0.0289897 -0.000433937 0.0148557 0.00385167 0.0264167 -0.0369745 0.0175496 0.0361819 0.0227372 0.00811231 -0.00493406 0.0872903 0.0922591 0.0110109 0.0163453 0.0242685 -0.0630097 0.0280233 0.094153 -0.029182
internal_weight=97489 34138 32224 63351 29895 15944 6264 1781 15035 4483 377 4106 330 12465 1296 68 2329 605 488 410 352 58 117 1724 1522 1188 49 1139 78 202
internal_count=97489 34138 32224 63351 29895 15944 6264 1781 15035 4483 377 4106 330 12465 1296 68 2329 605 488 410 352 58 117 1724 1522 1188 49 1139 78 202
is_linear=0
shrinkage=0.1


Tree=33
num_leaves=31
num_cat=0
split_feature=77 104 110 4 40 97 79 50 94 86 6 23 111 12 7 104 14 6 97 45 18 104 1 8 9 7 106 7 0 80
split_gain=87.0608 39.9488 33.7415 32.5626 48.6853 30.2159 28.3223 27.9577 30.1099 39.3053 45.6258 33.8327 33.3439 28.1587 28.6333 54.4716 42.42 27.6995 27.277 40.0025 50.3622 39.3795 57.4216 36.6593 33.0298 31.6601 35.4143 34.8834 36.579 45.5848
threshold=3.5000000000000004 118.05000000000001 77.500000000000014 27.931666666666676 3.4522727272727276 4.5000000000000009 13.500000000000002 -1.8999999999999997 1.0000000180025095e-35 78.500000000000014 24.300000000000001 2.4036704233387263 6.5000000000000009 2.3666666666666671 13.549907246303988 113.15000000000002 3.3166666666666669 7.1000000000000005 13.500000000000002 1.6884282974400848 8.2666666666666675 110.35000000000001 6.1542668104005189 26.650000000000002 6.7632585553947075 7.0285097561759651 309.50000000000006 11.207139692871607 42.110000000000014 995.25000000000023
decision_type=10 2 2 10 10 2 10 10 10 10 10 10 2 10 10 2 10 10 2 10 10 2 10 10 10 10 2 10 10 10
left_child=-1 2 5 17 -5 -2 -3 -7 9 10 -9 -12 -10 -14 18 -16 -17 -4 23 20 21 -20 -23 -15 -21 26 -25 28 -27 -30
right_child=1 6 3 4 -6 7 -8 8 12 -11 11 -13 13 14 15 16 -18 -19 19 24 -22 22 -24 25 -26 27 -28 -29 29 -31
leaf_value=-0.0032929007503794787 -0.0052142016384550864 0.014237867886523786 -0.0072065604239194255 -0.0052259703741333692 0.012109031081484331 -0.003655843397392158 0.13087636707794101 0.0019011707008416716 0.0030494093099100229 -0.023993293347401117 0.12870531390607357 -0.0085887347747172632 -0.00016207948952446966 0.015527863925939973 -0.055414760264922196 -0.047151992368427195 0.13105646258439213 0.0060150407701849099 0.02974096127719425 -0.027051913731737987 0.20882429748773579 -0.030737982178106905 0.14818445370650629 0.013946321292927392 0.025172111492247268 -0.018628746132740629 -0.070633425135460601 -0.061601889041955016 0.17070224745006399 0.029631313806562046
leaf_weight=44029 2646 2406 1904 14009 1832 2571 21 2856 5323 607 50 28 1414 6259 142 22 34 9444 323 143 20 24 71 76 791 107 142 57 29 109
leaf_count=44029 2646 2406 1904 14009 1832 2571 21 2856 5323 607 50 28 1414 6259 142 22 34 9444 323 143 20 24 71 76 791 107 142 57 29 109
internal_value=3.55974e-11 0.00271199 0.00211585 -0.000292108 -0.00322119 0.00486162 0.0152471 0.00611932 0.00746854 -0.000830106 0.00396201 0.0794203 0.00941641 0.0128878 0.015098 -0.0224764 0.061046 0.00379668 0.0160107 0.0288695 0.0538041 0.0463869 0.102983 0.0134082 0.0171764 -0.0121047 -0.0411469 0.00885959 0.0252527 0.0592767
internal_weight=97489 53460 51033 27189 15841 23844 2427 21198 18627 3541 2934 78 15086 9763 8349 198 56 11348 8151 1372 438 418 95 6779 934 520 218 302 245 138
internal_count=97489 53460 51033 27189 15841 23844 2427 21198 18627 3541 2934 78 15086 9763 8349 198 56 11348 8151 1372 438 418 95 6779 934 520 218 302 245 138
is_linear=0
shrinkage=0.1


Tree=34
num_leaves=31
num_cat=0
split_feature=79 94 17 87 29 1 17 61 79 29 24 87 109 22 43 19 92 104 83 46 77 69 102 15 86 16 1 39 7 104
split_gain=74.423 37.391 37.1599 36.2536 34.7002 30.5064 42.4098 30.1889 33.5179 27.9416 28.1872 42.4749 38.9298 37.8726 37.4309 34.554 38.1998 31.6354 33.8424 30.5408 28.7981 28.3328 36.7055 31.9541 51.5662 27.4786 33.1535 27.1574 32.7612 46.0443
threshold=4.5000000000000009 1.0000000180025095e-35 2.6732101621478397 159.50000000000003 1.5857091511613615 4.1910619111471759 2.1053981018689636 21.500000000000004 9.5000000000000018 1.4931730619136905 1.5500000000000003 222.50000000000003 35.467488021902817 2.1026315789473689 1.8027222972291639 2.9832396974191338 1.0000000180025095e-35 116.2 254.50000000000003 3.9750000000000005 10.500000000000002 1.5000000000000002 1.5000000000000002 1.8794438991510598 92.500000000000014 11.075000000000001 11.916459203806582 1.2708567691023445 10.161200418588885 118.05000000000001
decision_type=10 10 8 10 10 10 10 8 10 10 10 10 2 8 10 10 10 2 10 10 10 10 10 10 10 10 10 10 10 2
left_child=-1 27 3 -3 5 6 -5 -4 25 10 12 19 13 21 -13 16 20 -18 -19 -12 -15 -7 -23 -24 -25 -9 -27 28 -2 -30
right_child=1 2 7 4 -6 9 -8 8 -10 -11 11 14 -14 15 -16 -17 17 18 -20 -21 -22 22 23 24 -26 26 -28 -29 29 -31
leaf_value=-0.0035061256900142733 -0.00091707595808544285 0.0046217350226829363 -0.0013346134553212314 -0.11043571857292028 0.10954878504077595 -0.050755082524341091 0.050203359927292225 0.0078570760652957213 0.15503043519333004 -0.053923040043030473 0.040929679351342299 0.18325712857012813 0.14105259068310261 0.011536511861998226 0.054093394493847563 0.048965337478795036 -0.03104318943707382 0.14562777880240571 -0.014491566630683586 -0.053774343612603852 0.10275102766230702 -0.030343251098548213 0.044403750806207391 0.073640192011371258 0.26155414646086483 0.019745711982250214 0.18472938910126688 -0.010163508979598869 0.018679535543411698 0.14317021902763483
leaf_weight=37348 9427 30547 14418 42 42 23 27 251 20 49 229 37 24 257 57 144 425 22 33 40 40 31 71 40 23 29 21 3441 298 33
leaf_count=37348 9427 30547 14418 42 42 23 27 251 20 49 229 37 24 257 57 144 425 22 33 40 40 31 71 40 23 29 21 3441 298 33
internal_value=-7.26366e-12 0.00217733 0.0034995 0.00540295 0.0198135 0.0174784 -0.0475769 -0.000659324 0.0296719 0.0203838 0.0228176 0.0470682 0.0150481 0.0123212 0.104934 0.00397195 -0.00436659 -0.0218078 0.0495562 0.0268473 0.0238213 0.0532235 0.0677174 0.0904031 0.142244 0.0213424 0.0890389 -0.00252495 0.000168666 0.031091
internal_weight=97489 60141 46942 32203 1656 1614 69 14739 321 1545 1496 363 1133 1109 94 921 777 480 55 269 297 188 165 134 63 301 50 13199 9758 331
internal_count=97489 60141 46942 32203 1656 1614 69 14739 321 1545 1496 363 1133 1109 94 921 777 480 55 269 297 188 165 134 63 301 50 13199 9758 331
is_linear=0
shrinkage=0.1


Tree=35
num_leaves=31
num_cat=0
split_feature=95 104 35 107 86 104 87 17 87 104 100 38 47 15 15 96 27 103 6 16 3 25 29 44 24 29 4 2 84 30
split_gain=64.8025 44.4182 40.2995 47.0431 31.7051 31.2342 37.5698 31.128 34.2318 29.6687 32.5647 31.2428 28.3897 29.9607 31.6626 29.4173 35.1196 27.7081 33.2824 28.2451 33.8955 36.4005 32.9944 30.744 36.6848 27.6951 27.3554 27.2173 24.478 33.1221
threshold=1.0000000180025095e-35 110.45000000000002 0.94043231754460754 2021.5000000000002 143.50000000000003 118.05000000000001 171.50000000000003 2.0546623583082053 185.50000000000003 116.05000000000001 1.0000000180025095e-35 1.8166666666666669 1.0500465896795479 1.2888391932218626 0.87559503577091358 220.50000000000003 1.4794846360821885 0.46050000000000008 17.100000000000005 4.4058823529411777 8.4185806404325998 0.86554360876699588 1.0264444940950479 3.4500000000000006 1.3666666666666669 0.8652650648275283 25.510000000000005 28.021111111111114 35.500000000000007 0.55000000000000016
decision_type=10 2 8 2 8 2 10 10 10 2 2 10 10 10 10 2 10 2 10 10 10 10 10 10 10 10 10 10 10 10
left_child=7 -2 3 12 5 9 -7 8 -1 10 11 -5 -3 14 -14 16 -15 18 -11 20 -20 22 25 24 -23 -22 -18 -28 29 -19
right_child=1 2 -4 4 -6 6 -8 -9 -10 17 -12 -13 13 15 -16 -17 26 28 19 -21 21 23 -24 -25 -26 -27 27 -29 -30 -31
leaf_value=0.00097484720604382831 -0.0014546030517891384 0.0012093051960001236 -0.0036207582452729183 -0.0051943283277358053 -0.012114760393085997 0.013402880729019876 0.11245340529160622 -0.0049714091275398116 0.12052871324121953 -0.011877618815674078 0.0089244560774248624 0.0088046480260960715 0.048447554566319218 0.021367070423164089 -0.014939272213136449 0.0058762034025158852 -0.070053215144174313 -0.035522896306563731 -0.03409399174685989 -0.0013583248423546862 0.11683092610316073 -0.065476408958130949 0.20836966271795659 0.11525159936260294 0.060317735848101711 -0.011794653076391954 0.079867517075648431 -0.012528740799212077 -0.062295757327833538 0.033936682701110839
leaf_weight=11455 21875 2323 5530 4858 1330 2114 39 27606 24 1290 7128 2373 91 5172 588 2264 67 219 49 388 47 49 23 27 44 26 38 198 154 100
leaf_count=11455 21875 2323 5530 4858 1330 2114 39 27606 24 1290 7128 2373 91 5172 588 2264 67 219 49 388 47 49 23 27 44 26 38 198 154 100
internal_value=-3.01054e-11 0.00210912 0.00424322 0.0056461 0.0028095 0.00385817 0.0151971 -0.00315162 0.00122481 0.00240287 0.00412793 -0.000600279 0.0109961 0.0136968 -0.00644413 0.0154639 0.0194285 -0.00784968 -0.00256585 0.0158295 0.0409952 0.0580293 0.103926 0.0213119 -0.0059609 0.0710191 -0.013661 0.00234862 -0.0295547 -0.0137487
internal_weight=97489 58404 36529 30999 20258 18928 2153 39085 11479 16775 14359 7231 10741 8418 679 7739 5475 2416 1943 653 265 216 96 120 93 73 303 236 473 319
internal_count=97489 58404 36529 30999 20258 18928 2153 39085 11479 16775 14359 7231 10741 8418 679 7739 5475 2416 1943 653 265 216 96 120 93 73 303 236 473 319
is_linear=0
shrinkage=0.1


Tree=36
num_leaves=31
num_cat=0
split_feature=79 94 14 103 87 24 5 48 97 28 12 16 17 0 87 41 87 89 5 47 79 47 39 53 5 84 109 88 44 12
split_gain=55.506 28.3186 30.4793 27.3578 44.3241 39.299 41.7216 32.3142 30.0354 46.1149 26.0535 25.5704 25.5124 26.509 24.8511 38.4463 24.6703 24.3534 25.4558 23.8905 34.3547 23.6931 32.6614 37.0501 30.4504 52.3515 34.2098 32.5368 32.5224 31.6792
threshold=6.5000000000000009 3.5000000000000004 6.5277777777777786 0.61850000000000016 222.50000000000003 1.5500000000000003 9.9693741723963996 31.550000000000004 17.500000000000004 0.94868421052631591 5.9000000000000012 2.0513157894736849 1.4547261073653117 13.850000000000001 243.50000000000003 1.4304022957551952 125.50000000000001 19.500000000000004 10.604192448426849 1.2815932199788433 9.5000000000000018 1.7618022672756111 1.157101173553829 31.500000000000004 10.477516655347836 42.500000000000007 24.765229295003426 50.150000000000013 2.9500000000000006 2.1000000000000005
decision_type=10 10 10 2 10 10 10 10 2 10 10 10 8 8 10 10 10 10 10 10 10 10 10 10 10 10 2 10 10 10
left_child=12 2 3 4 7 14 -7 21 19 -10 -9 -3 16 -14 15 -6 -1 -11 -19 20 -5 22 23 -2 25 27 28 -23 -27 -26
right_child=1 11 -4 8 5 6 -8 10 9 17 -12 -13 13 -15 -16 -17 -18 18 -20 -21 -22 24 -24 -25 29 26 -28 -29 -30 -31
leaf_value=0.0042373724433472527 0.0072753327687823492 0.099748765286659047 -0.0050444440975096179 0.0042725195579061456 0.12292475387867954 0.21575696790404619 0.051852628625020748 0.049428699591187064 0.13799015851691365 0.051710489998296118 -0.0074873341791397707 0.0087129044460984763 -0.0074944802075238241 -0.0014820572242552534 -0.010266671977782001 -0.033800850467135511 0.11033846013967626 -0.082984137823805218 0.042682148833517675 -0.0090971969083900109 0.087172508464669285 -0.0043478061489550203 0.00082300246408162402 0.02565447551740882 -0.030557589819647197 0.034416899627074601 -0.055681841313395722 0.082684834064407797 -0.063084698571429523 0.0084832650559184316
leaf_weight=5648 5065 31 5211 880 45 25 41 279 36 71 113 6555 8622 49059 96 24 22 40 27 3375 53 1808 5601 1400 226 100 353 44 52 2587
leaf_count=5648 5065 31 5211 880 45 25 41 279 36 71 113 6555 8622 49059 96 24 22 40 27 3375 53 1808 5601 1400 226 100 353 44 52 2587
internal_value=3.83746e-12 0.0032505 0.00184234 0.00344867 0.00520173 0.0487215 0.113938 0.00463144 -0.00353658 0.0371962 0.0330218 0.00914141 -0.0017516 -0.00238078 0.0226351 0.0684115 0.00464905 0.0109022 -0.0323425 -0.00518177 0.00898174 0.00398576 0.00641269 0.0112553 -0.00167832 -0.0100624 -0.0386028 -0.00228008 0.00106109 0.00534667
internal_weight=97489 34138 27552 22341 17859 231 66 17628 4482 174 392 6586 63351 57681 165 69 5670 138 67 4308 933 17236 12066 6465 5170 2357 505 1852 152 2813
internal_count=97489 34138 27552 22341 17859 231 66 17628 4482 174 392 6586 63351 57681 165 69 5670 138 67 4308 933 17236 12066 6465 5170 2357 505 1852 152 2813
is_linear=0
shrinkage=0.1


Tree=37
num_leaves=31
num_cat=0
split_feature=87 82 88 80 103 82 50 49 37 3 100 94 63 91 87 45 40 104 103 10 36 103 77 73 33 3 80 23 20 41
split_gain=50.4853 36.5236 36.6713 27.3743 32.2869 30.4225 27.9183 27.6101 33.7193 28.8577 29.8055 26.4008 30.6285 28.6795 26.0901 26.0294 34.4614 33.9831 34.6682 42.3987 32.5743 29.7505 41.1631 35.4038 36.0814 27.7533 41.3232 28.3154 27.9442 26.5879
threshold=59.500000000000007 136.50000000000003 8.7500000000000018 2191.0500000000006 0.61850000000000016 81.500000000000014 0.60000000000000009 67.750000000000014 0.97871355387816916 17.348898459534997 1.0000000180025095e-35 3.5000000000000004 12.500000000000002 4.5000000000000009 84.500000000000014 1.5257045792034711 3.1055555555555561 113.35000000000001 0.28600000000000009 8.5131578947368443 4.1000000000000005 0.31150000000000005 8.5000000000000018 3.5000000000000004 0.80265360933717089 7.7546616802084278 1140.9500000000005 1.2151778852081419 2.7071428571428577 0.88733328646080578
decision_type=10 10 8 10 2 10 10 10 10 10 2 10 10 10 10 10 10 2 2 10 10 2 10 10 10 10 10 10 10 10
left_child=1 2 -1 4 5 -2 14 -5 -9 -10 -11 12 13 -4 -7 16 25 20 19 -19 -17 22 23 -20 -25 -16 -27 -28 -29 -30
right_child=3 -3 11 7 -6 6 -8 8 9 10 -12 -13 -14 -15 15 17 -18 18 21 -21 -22 -23 -24 24 -26 26 27 28 29 -31
leaf_value=-0.0058419521267564362 0.028805055676875607 -0.0045616217510775258 0.00077451618765224904 -0.014078721163899816 -0.0022986652862482821 -0.0020468910528885645 0.01216490181760378 0.027415346879991101 -0.004631022499515045 -0.0078630242565715762 0.09375813888806489 0.0086449248061482575 -0.0058529672041454364 0.010596459157057243 -0.0010708193953184975 -0.0050968375160465726 0.064351382159062789 0.1266038789972663 0.14715672721276465 -0.023304763613597356 -0.088507816707715403 0.015265100722700037 0.17567799229312828 -0.030200858491044199 0.12396749746054413 0.049202593451532863 0.052980853210118133 -0.011082107182970334 0.10103844012058266 0.014558799913686922
leaf_weight=8188 622 24102 24314 1577 4631 4890 5484 453 2371 54 62 4591 6098 3387 1062 1904 131 20 23 333 48 1057 27 63 20 368 153 511 37 908
leaf_count=8188 622 24102 24314 1577 4631 4890 5484 453 2371 54 62 4591 6098 3387 1062 1904 131 20 23 333 48 1057 27 63 20 368 153 511 37 908
internal_value=8.56348e-12 -0.00140151 0.000233701 0.00369499 0.00513339 0.0070822 0.00628922 -0.00340375 0.00232224 -0.00224839 0.0464517 0.00152955 0.000563046 0.00197544 0.00350062 0.00757074 0.0141326 0.00161907 0.0127099 -0.0148114 -0.00714793 0.0208738 0.0654482 0.0373708 0.00694814 0.0119678 0.0189719 0.0120578 0.00775746 0.0179448
internal_weight=97489 70680 46578 26809 22292 17661 17039 4517 2940 2487 116 38390 33799 27701 11555 6665 3170 3495 1543 353 1952 1190 133 106 83 3039 1977 1609 1456 945
internal_count=97489 70680 46578 26809 22292 17661 17039 4517 2940 2487 116 38390 33799 27701 11555 6665 3170 3495 1543 353 1952 1190 133 106 83 3039 1977 1609 1456 945
is_linear=0
shrinkage=0.1


Tree=38
num_leaves=31
num_cat=0
split_feature=87 81 88 4 53 38 86 110 54 40 45 103 22 87 86 104 32 47 49 11 109 42 44 44 90 4 88 17 40 9
split_gain=45.0362 35.2443 28.1624 39.5367 36.564 28.2218 27.8309 26.8906 28.7267 28.0473 28.0522 28.1741 27.5877 26.1525 46.6326 35.1436 36.327 34.3636 34.3377 25.838 25.2981 24.9394 26.4414 39.3734 40.7837 29.6711 35.7183 32.0628 33.9993 31.2032
threshold=10.500000000000002 69.500000000000014 15.850000000000003 18.752500000000005 25.500000000000004 2.4365079365079372 3.5000000000000004 77.500000000000014 4.5000000000000009 3.4522727272727276 2.0657351921300431 0.23150000000000004 4.8535714285714286 146.50000000000003 59.500000000000007 114.75000000000001 0.29285714285714287 2.2357737193057878 56.95000000000001 4.8024608511680142 21.504449007529093 6.9000000000000012 4.8500000000000005 5.0500000000000007 3.5000000000000004 44.752500000000019 35.850000000000001 2.3086411552952275 5.2250000000000005 10.095378296869619
decision_type=10 10 10 10 10 10 10 2 10 10 10 2 10 10 10 2 10 10 10 10 2 10 10 10 10 10 10 10 10 10
left_child=-1 20 5 4 -4 6 -3 8 21 10 12 -12 13 17 -15 16 -16 -9 -17 -11 -2 22 -5 24 -24 -25 -27 -28 29 -29
right_child=1 2 3 7 -6 -7 -8 9 -10 19 11 -13 -14 14 15 18 -18 -19 -20 -21 -22 -23 23 25 -26 26 27 28 -30 -31
leaf_value=-0.0031826761364101893 -0.016027353332216335 0.074572975697616742 0.0067752736205961631 0.0040807039783997126 0.029290483458623603 0.019921156309177554 -0.0042131153131395966 0.00030836829422407821 -0.043659575025539382 0.079112842257292773 -0.11056077004440371 -0.01398445965967183 -0.0078354272309271045 0.11101067594762118 0.052835300686408064 0.14138129261523688 -0.016648787763084712 -0.089186208192692254 0.023395307294118244 0.0084387199718425742 0.034871682590043925 -0.091612251254695437 0.19850929313898089 -0.038750143119922059 0.046487031591435274 0.15778638596336048 0.081422139957266049 -0.099959259215328444 0.094682087275114929 0.029211439704522491
leaf_weight=30535 121 45 4641 19430 854 517 12318 19362 125 53 31 1181 4620 53 98 37 324 43 74 2158 506 27 25 78 60 21 53 45 22 32
leaf_count=30535 121 45 4641 19430 854 517 12318 19362 125 53 31 1181 4620 53 98 37 324 43 74 2158 506 27 25 78 60 21 53 45 22 32
internal_value=-2.21118e-12 0.00145149 0.00122842 0.00223996 0.0102745 -0.00296911 -0.00392634 0.00131926 0.00412868 -0.000676813 -0.00160235 -0.0164546 -0.000870931 0.000738592 0.0215522 0.0126567 -0.000512672 0.000110055 0.062724 0.0101329 0.0250491 0.00443048 0.00456167 0.0323748 0.0911995 0.0124541 0.0355404 0.0186512 -0.0149535 -0.0462779
internal_weight=97489 66954 66327 53447 5495 12880 12363 47952 19918 28034 25823 1212 24611 19991 586 533 422 19405 111 2211 627 19793 19766 336 85 251 173 152 99 77
internal_count=97489 66954 66327 53447 5495 12880 12363 47952 19918 28034 25823 1212 24611 19991 586 533 422 19405 111 2211 627 19793 19766 336 85 251 173 152 99 77
is_linear=0
shrinkage=0.1


Tree=39
num_leaves=31
num_cat=0
split_feature=87 80 8 20 33 52 2 55 94 104 0 82 85 102 32 87 76 3 95 82 104 24 27 80 105 105 7 94 10 52
split_gain=36.4793 29.8672 42.194 32.4251 45.4011 43.2693 32.1997 28.487 26.2608 25.7349 26.4027 24.5429 24.8541 26.1015 23.3399 26.8626 35.1187 40.9444 38.535 39.8858 35.3495 39.7835 34.0449 28.4443 27.4084 26.1583 25.5101 26.224 24.8227 46.1959
threshold=10.500000000000002 162.05000000000004 21.950000000000003 3.3166666666666669 0.67080761218860996 5.5000000000000009 30.135000000000005 50.500000000000007 3.5000000000000004 100.45000000000002 12.990000000000002 13.500000000000002 21.500000000000004 15.500000000000002 0.78888888888888908 26.500000000000004 1.0000000180025095e-35 12.010525476336321 6.5000000000000009 108.50000000000001 116.35000000000001 2.1000000000000005 0.97386269437804185 704.9000000000002 1.0000000180025095e-35 0.63333333333333341 10.965855862744805 6.5000000000000009 24.116666666666671 12.500000000000002
decision_type=10 10 10 10 10 10 10 10 10 2 10 10 10 10 10 10 10 10 10 10 2 10 10 10 10 8 10 10 10 10
left_child=-1 2 3 6 5 -5 8 -4 -2 -3 -11 -12 13 14 15 -13 28 24 19 22 21 -21 -19 25 -18 -24 27 -26 29 -17
right_child=1 9 7 4 -6 -7 -8 -9 -10 10 11 12 -14 -15 -16 16 17 18 -20 20 -22 -23 23 -25 26 -27 -28 -29 -30 -31
leaf_value=-0.0028644085454921512 0.016019988839991176 -0.022233302154367592 -0.10270315978365641 0.0071836987083467351 -0.016918449336662891 0.17053229612112047 -0.078903660497495115 0.028938840448856352 0.11413279024085828 -0.0059543628551978166 -0.09357518606163838 -0.0020945158012048793 -0.001094225508457514 -0.029662985869411691 0.011059539959809831 0.0040907608392322416 0.059657367027484545 0.20977005051529926 -0.026745852151264751 -0.013574544246488763 0.14282542825069117 0.12470688784401865 0.082085557602919079 0.15056418533387939 0.0054223943108994734 -0.03501522722481578 -0.07311818555928766 0.093350802063941959 -0.0054439584790055917 0.069951309890390556
leaf_weight=30535 1062 473 48 24 38 50 35 25 28 4809 27 8984 20006 240 3631 22823 101 23 60 124 23 25 65 38 1098 27 40 35 2885 107
leaf_count=30535 1062 473 48 24 38 50 35 25 28 4809 27 8984 20006 240 3631 22823 101 23 60 124 23 25 65 38 1098 27 40 35 2885 107
internal_value=6.68342e-12 0.00130634 0.0162574 0.0206172 0.0719297 0.117554 0.0155087 -0.0576203 0.0185403 0.00100798 0.00117666 0.00174478 0.00178744 0.00321694 0.00341378 0.00265231 0.00420452 0.0183078 0.0468856 0.0604791 0.0274385 0.00962704 0.0976229 0.0777815 0.00967169 0.047719 0.00536772 0.00813863 0.00329818 0.00439809
internal_weight=97489 66954 1310 1237 112 74 1125 73 1090 65644 65171 60362 60335 40329 40089 36458 27474 1659 385 325 172 149 153 130 1274 92 1173 1133 25815 22930
internal_count=97489 66954 1310 1237 112 74 1125 73 1090 65644 65171 60362 60335 40329 40089 36458 27474 1659 385 325 172 149 153 130 1274 92 1173 1133 25815 22930
is_linear=0
shrinkage=0.1


Tree=40
num_leaves=31
num_cat=0
split_feature=87 82 102 40 46 46 87 11 22 33 87 51 36 6 80 102 18 86 1 104 79 87 13 13 46 83 1 39 3 50
split_gain=33.1853 29.8706 33.8995 24.6106 32.6921 46.4918 41.9009 37.7694 28.411 26.287 24.1582 30.3704 29.8387 44.3146 35.8175 29.6977 43.356 38.1571 45.4098 28.1303 61.0897 28.0687 24.6221 23.5313 32.0232 23.0373 25.7365 38.1546 37.6598 22.6219
threshold=59.500000000000007 89.500000000000014 3.5000000000000004 0.64495798319327746 2.6125000000000003 2.3166666666666669 88.500000000000014 6.8620811467762151 1.1464285714285716 1.0567212294304205 29.500000000000004 25.550000000000004 1.9000000000000001 10.450000000000001 331.65000000000003 1.5000000000000002 6.3000000000000016 42.500000000000007 11.690316504594346 117.45 9.5000000000000018 32.500000000000007 1.4916198487095669 2.756750086314077 1.6754385964912284 14.500000000000002 15.175786635071526 0.9499365146309281 13.023137528826647 -1.3999999999999997
decision_type=10 8 10 10 10 10 10 10 10 10 10 10 10 10 10 10 10 10 10 2 10 10 10 10 10 10 10 8 10 10
left_child=1 2 10 4 5 9 -7 -8 -6 23 -1 -12 19 22 21 16 17 -16 -19 25 -21 -15 -14 -2 -25 -13 28 -28 -27 -5
right_child=3 -3 -4 29 8 6 7 -9 -10 -11 11 12 13 14 15 -17 -18 18 -20 20 -22 -23 -24 24 -26 26 27 -29 -30 -31
leaf_value=0.00089067000498905104 0.015320076364254816 -0.0031331531308462085 -0.0074890861815806748 -0.0075414686405346348 0.057366459904348147 0.001367986509028603 0.20327984634283425 0.042204826728751262 -0.045144702801763109 -0.046570836337374862 0.10719414207964176 0.057470575621461163 0.028014853205531837 0.022760722669772804 0.030402381089458353 0.0053310387734741439 -0.020700676089807139 0.076035379220007193 0.24933556687264216 0.017765587553809827 0.17489495129772911 0.15521045639179648 0.14723220823741542 0.13341555840646227 0.019950697574092718 -0.00081626727060077602 0.12923081378276285 -0.002593755653059041 -0.061515856188071788 0.00323518861059222
leaf_weight=25197 769 36367 4154 2124 34 34 37 24 132 61 31 68 30 32 101 1097 74 54 21 296 27 32 41 42 61 2861 37 54 106 23491
leaf_count=25197 769 36367 4154 2124 34 34 37 24 132 61 31 68 30 32 101 1097 74 54 21 296 27 32 41 42 61 2861 37 54 106 23491
internal_value=1.04537e-11 -0.00113629 0.000980117 0.00299573 0.0170292 0.0236785 0.090324 0.139906 -0.0241484 0.0168926 0.00214664 0.00852442 0.00790411 0.0197712 0.0158923 0.0124194 0.043523 0.0705261 0.124559 0.00280494 0.0309002 0.0889856 0.0968587 0.0213321 0.0662179 -9.8063e-05 -0.0013782 0.0510052 -0.00298484 0.00234159
internal_weight=97489 70680 34313 26809 1194 1028 95 61 166 933 30159 4962 4931 1482 1411 1347 250 176 75 3449 323 64 71 872 103 3126 3058 91 2967 25615
internal_count=97489 70680 34313 26809 1194 1028 95 61 166 933 30159 4962 4931 1482 1411 1347 250 176 75 3449 323 64 71 872 103 3126 3058 91 2967 25615
is_linear=0
shrinkage=0.1


Tree=41
num_leaves=31
num_cat=0
split_feature=96 100 36 79 15 7 110 19 27 45 85 33 19 46 47 88 83 87 49 10 79 42 80 45 6 89 46 43 87 84
split_gain=28.0574 29.9564 30.6769 34.7621 32.5986 51.0018 32.0952 33.6615 31.8736 43.9261 29.5714 30.5208 34.0323 29.4667 27.5433 27.3494 31.3184 36.9038 34.1428 32.4599 30.2083 27.5764 38.6323 27.1946 31.3305 30.7891 27.6017 27.0348 26.8921 43.4148
threshold=242.50000000000003 1.0000000180025095e-35 3.1000000000000005 8.5000000000000018 2.0561556246288948 7.2330260153880284 78.500000000000014 3.4784757272261762 1.3551045413165992 2.5657895279979122 14.500000000000002 0.50819888974716132 2.2912618684212727 4.5250000000000012 2.2580264494729492 11.15 154.50000000000003 86.500000000000014 74.850000000000009 7.2071428571428582 13.500000000000002 5.5000000000000009 2097.400000000001 1.8272620441316241 22.100000000000005 15.500000000000002 4.2750000000000012 2.1014931715128884 145.50000000000003 28.500000000000004
decision_type=2 2 8 10 10 10 2 10 10 10 8 10 10 10 10 10 10 10 10 10 10 10 10 10 10 10 10 10 10 10
left_child=1 2 13 -4 5 6 7 -5 9 10 11 12 -7 28 -2 -3 17 18 -17 -19 -21 -18 -23 26 25 -25 -6 -22 -1 -30
right_child=14 15 3 4 23 8 -8 -9 -10 -11 -12 -13 -14 -15 -16 16 21 19 -20 20 27 22 -24 24 -26 -27 -28 -29 29 -31
leaf_value=-0.0024905072836634359 -0.0030637511824678524 -0.0032730759752093875 0.0015993086395776211 -0.020280052157422752 0.01993863637578569 0.162832400235145 0.12571297228674999 0.11834922507405282 -0.020920843563296581 0.24560066074132922 0.018376058348942372 0.21593013272310296 -0.0091946732738743663 -0.05263978845891594 -0.071486294323231211 0.0040899183555717011 -0.001891753854112924 0.091406854412011934 0.052287338558282409 0.013443404657917938 0.14039997144395278 0.15213069303759508 0.00048824370439563483 0.019424931586466052 0.0039221337251365189 -0.12852661123451514 0.11152357821249299 0.014074835786595942 0.10368427868653091 0.008606948414847106
leaf_weight=32566 20737 6123 3207 141 383 23 22 20 22 20 42 24 23 115 59 21282 8069 57 148 2624 36 28 42 22 280 39 36 32 50 1217
leaf_count=32566 20737 6123 3207 141 383 23 22 20 22 20 42 24 23 115 59 21282 8069 57 148 2624 36 28 42 22 280 39 36 32 50 1217
internal_value=1.06461e-11 0.000883401 -0.00109784 0.0068555 0.0222216 0.048109 0.0124218 -0.00305902 0.0905165 0.109089 0.0847124 0.124514 0.0768189 -0.00210618 -0.00325787 0.0028549 0.00401591 0.00582202 0.00442278 0.0167299 0.0151487 -0.0013496 0.0611452 0.0107426 -0.0102258 -0.075167 0.0278075 0.0809528 -0.00193441 0.012359
internal_weight=97489 76693 38252 4304 1097 337 183 161 154 132 112 70 46 33948 20796 38441 32318 24179 21430 2749 2692 8139 70 760 341 61 419 68 33833 1267
internal_count=97489 76693 38252 4304 1097 337 183 161 154 132 112 70 46 33948 20796 38441 32318 24179 21430 2749 2692 8139 70 760 341 61 419 68 33833 1267
is_linear=0
shrinkage=0.1


Tree=42
num_leaves=31
num_cat=0
split_feature=77 104 107 28 100 80 60 106 8 44 47 43 35 23 103 4 75 29 35 79 55 94 47 15 45 25 47 21 29 88
split_gain=24.0166 24.7978 24.9435 31.8849 28.6358 32.4581 30.4644 43.9475 28.3236 27.5549 29.7037 36.2573 44.4226 29.1924 31.3951 31.8491 28.5566 29.1231 27.237 27.3832 26.0334 33.4858 27.8562 26.0071 29.1956 40.1703 28.4975 32.2615 25.7438 48.5438
threshold=1.5000000000000002 110.45000000000002 2021.5000000000002 1.925 1.0000000180025095e-35 2225.7500000000005 6.5000000000000009 380.50000000000006 28.450000000000003 3.2250000000000005 2.1321463285453195 2.4999799995999874 0.43974378074880666 2.0133525424698764 0.54700000000000015 27.00513157894737 4.5000000000000009 0.96644555865403248 0.73309395134597721 13.500000000000002 28.500000000000004 4.5000000000000009 1.5313923466510657 1.5057429613629389 1.9343376196311504 1.2746500939737988 1.0504824679300457 0.70315633998332439 0.80154921746165264 22.050000000000004
decision_type=8 2 2 10 2 10 10 2 10 10 10 10 10 10 2 10 10 10 8 10 10 10 10 10 10 10 10 10 10 10
left_child=-1 -2 3 18 6 8 -4 -8 9 10 -6 -12 -13 14 16 -16 -11 -18 20 -20 21 22 -3 24 -22 -26 -25 -28 -29 -30
right_child=1 2 4 -5 5 -7 7 -9 -10 13 11 12 -14 -15 15 -17 17 -19 19 -21 23 -23 -24 26 25 -27 27 28 29 -31
leaf_value=-0.0032341553697399655 -0.0014791896408583739 0.0035130379505132429 -0.0028147656142265016 -0.024783158137203699 0.0048544173021749194 -0.017240345833051732 0.13238339363955534 -0.039605136153598626 -0.021439561143144339 -0.020447748363949358 -0.048893509326299649 -0.064057134554303938 0.09465582622422114 0.0044540874704575998 -0.057750712734247957 0.036656007452896149 0.051585063146627398 0.13190775126632717 -7.5574134803952633e-05 0.099050630630725736 0.0051089517643440911 0.080089913584567893 -0.027265171529638695 1.9010307209480307e-05 -0.059839511148580542 0.077344656348228458 0.09870630052624918 0.0057724966336779671 0.04467334764087974 0.015806829765002913
leaf_weight=18584 30373 3282 15624 347 13398 719 39 24 409 32 211 29 45 418 49 132 121 72 5914 28 948 54 323 1073 146 25 49 1421 731 2869
leaf_count=18584 30373 3282 15624 347 13398 719 39 24 409 32 211 29 45 418 49 132 121 72 5914 28 948 54 323 1073 146 25 49 1421 731 2869
internal_value=9.79729e-12 0.00076172 0.00216416 0.00522259 0.000483692 0.00351235 -0.00253493 0.066864 0.0045127 0.00524438 0.00417487 -0.0277708 0.0324575 0.0230042 0.0421025 0.0110984 0.0670437 0.08155 0.00584004 0.00039153 0.00880451 0.00192621 0.000755379 0.0122702 -0.00175127 -0.0397833 0.0148243 0.0179577 0.0171696 0.0216683
internal_weight=97489 78905 48532 17210 31322 15635 15687 63 14916 14507 13683 285 74 824 406 181 225 193 16863 5942 10921 3659 3605 7262 1119 171 6143 5070 5021 3600
internal_count=97489 78905 48532 17210 31322 15635 15687 63 14916 14507 13683 285 74 824 406 181 225 193 16863 5942 10921 3659 3605 7262 1119 171 6143 5070 5021 3600
is_linear=0
shrinkage=0.1


Tree=43
num_leaves=31
num_cat=0
split_feature=94 17 104 28 81 19 21 109 95 92 45 87 81 51 33 42 5 87 13 63 81 14 9 3 3 7 10 41 26 36
split_gain=23.5634 25.374 24.9873 27.518 26.0081 24.81 22.6747 22.6099 20.6268 33.8597 25.7602 20.3525 30.6264 26.3816 37.7493 48.5019 41.9977 36.7985 27.0306 27.2873 26.5918 33.026 35.0913 35.7372 33.2644 32.4605 30.6379 27.5962 25.5651 25.1066
threshold=1.0000000180025095e-35 2.7613401617917321 110.35000000000001 1.9750000000000003 649.50000000000011 5.6789066394987868 3.836230720689227 22.963723477070506 7.5000000000000009 1.0000000180025095e-35 2.6087353256983508 158.50000000000003 1225.5000000000002 61.250000000000007 0.70315633998332439 3.9000000000000004 7.903106484475428 182.50000000000003 3.3972973171698291 18.500000000000004 1509.5000000000002 5.7071428571428582 8.501307082764308 9.5833333333223774 10.239436290864116 6.0263309529492686 19.605555555555558 1.333059154145646 1.4722222222222225 2.5500000000000003
decision_type=8 10 2 10 10 10 10 2 10 10 10 10 10 10 10 10 10 10 10 10 10 10 10 10 10 10 10 10 10 10
left_child=-1 2 6 5 -5 11 8 -8 -2 -10 -11 12 29 14 16 17 -13 -16 19 20 21 22 23 -15 -25 -24 -27 -28 -21 -4
right_child=1 -3 3 4 -6 -7 7 -9 9 10 -12 13 -14 18 15 -17 -18 -19 -20 28 -22 -23 25 24 -26 26 27 -29 -30 -31
leaf_value=-0.002606651299781125 -0.00036402151301988543 -0.0016330623732830091 0.0029378148040207167 -0.040401116423238029 0.011779072758431236 0.087516291918129555 -0.075298615985295997 -0.010812076267761154 0.13909208721348218 0.061032778182716088 -0.076830149717305021 0.083481122904385516 -0.015771347918333355 0.030953459518941795 0.22572585997127353 -0.051164971626448369 -0.026566182784498123 0.038519488612101194 -0.052132067195064316 -0.08117517003168663 0.0092253063666270819 0.13887115097181366 -0.10222970386120407 0.23237930310890081 0.087630408441091517 0.13372294663087181 0.082298580411588773 -0.030316138357910163 0.055652878856794402 0.010707471066925149
leaf_weight=25580 18124 25163 20806 263 150 36 77 185 28 33 23 39 768 94 21 22 313 21 37 36 164 44 22 20 77 23 32 68 22 5198
leaf_count=25580 18124 25163 20806 263 150 36 77 185 28 33 23 39 768 94 21 22 313 21 37 36 164 44 22 20 77 23 32 68 22 5198
internal_value=-1.95654e-12 0.000927257 0.00230546 0.00417404 -0.0214495 0.00455384 -0.000555181 -0.0297642 -0.000134884 0.0493044 0.0044105 0.00444651 0.00390965 0.0180701 -0.00152867 0.0691175 -0.0143734 0.132123 0.0308292 0.0359281 0.0428799 0.0574045 0.0467363 0.074894 0.117476 0.00964573 0.029656 0.00572057 -0.0292749 0.00449091
internal_weight=97489 71909 46746 28276 413 27863 18470 262 18208 84 56 27827 26772 1055 416 64 352 42 639 602 544 380 336 191 97 145 123 100 58 26004
internal_count=97489 71909 46746 28276 413 27863 18470 262 18208 84 56 27827 26772 1055 416 64 352 42 639 602 544 380 336 191 97 145 123 100 58 26004
is_linear=0
shrinkage=0.1


Tree=44
num_leaves=31
num_cat=0
split_feature=42 42 3 3 82 83 1 1 18 111 111 111 44 104 34 81 46 19 37 17 63 87 104 47 8 79 4 23 19 100
split_gain=22.7487 24.4056 45.8059 28.6541 25.3717 27.8042 27.9604 25.9543 27.2765 20.6722 32.8977 33.0218 36.3728 29.9382 33.1374 28.0976 25.7414 31.297 24.8595 23.8793 24.9097 24.6668 24.0089 37.7598 30.772 34.0599 40.942 29.0238 31.1424 23.8669
threshold=6.9000000000000012 5.5000000000000009 7.6949045189369034 16.10307079065041 346.50000000000006 156.50000000000003 13.54673392190743 11.473186131066681 5.9000000000000012 14.500000000000002 9.5000000000000018 7.5000000000000009 2.2111111111111117 118.25000000000001 0.75735294117647067 1307.5000000000002 3.9750000000000005 1.4487266298961143 0.82657830373090102 1.7316708885316061 11.500000000000002 215.50000000000003 109.15000000000002 2.1321463285453195 18.550000000000004 6.5000000000000009 13.975000000000003 2.6023771485489262 2.1407836215144651 1.0000000180025095e-35
decision_type=10 10 10 10 8 10 10 10 10 2 2 2 10 2 8 8 10 10 10 8 10 10 2 10 10 10 10 10 10 2
left_child=1 9 -3 4 5 6 -4 8 -7 10 11 -1 -13 16 -15 19 -12 -18 -14 20 22 29 23 24 25 -11 -27 -24 -29 -21
right_child=-2 2 3 -5 -6 7 -8 -9 -10 15 13 12 18 14 -16 -17 17 -19 -20 21 -22 -23 27 -25 -26 26 -28 28 -30 -31
leaf_value=0.0012361837065731857 -0.090123241847114899 0.17322887043867793 -0.054116700348945772 0.13230639606714251 -0.10007285041734577 0.032213109524713623 0.061300306064226942 -0.02459525297517362 0.17571699951703734 -0.0025686044076922406 0.0050809968585491909 -0.00528317639666364 -0.10592032582140887 0.041623758353137724 -0.020032382954589346 -0.014549417687785032 0.018220083246176893 -0.071046148624616806 -0.028060843217541875 -0.004801966721607767 -0.0062561478644832611 0.093334787311377357 0.0078460506795461106 0.12049431564907234 0.078879462218000782 0.046109715467546046 -0.064448542584527715 0.1362042174855661 0.02175085950509778 0.0002305047076753092
leaf_weight=27386 28 21 65 20 20 27 31 23 26 1594 13283 5975 52 420 110 1592 66 97 194 18813 2189 27 6151 24 42 41 183 36 70 18883
leaf_count=27386 28 21 65 20 20 27 31 23 26 1594 13283 5975 52 420 110 1592 66 97 194 18813 2189 27 6151 24 42 41 183 36 70 18883
internal_value=-8.72286e-12 2.58919e-05 0.0323515 0.0183967 0.0065311 0.0189269 -0.0168466 0.0641145 0.102611 -5.15742e-05 0.00143782 -0.000257819 -0.0068347 0.00551519 0.0288272 -0.00147911 0.00459631 -0.0349015 -0.0445189 -0.00104609 0.00321386 -0.00221262 0.00576021 -0.00413649 -0.00574463 -0.00769964 -0.0442124 0.00874013 0.0606218 -0.00228106
internal_weight=97489 97461 233 212 192 172 96 76 53 97228 47583 33607 6221 13976 530 49645 13446 163 246 48053 10330 37723 8141 1884 1860 1818 224 6257 106 37696
internal_count=97489 97461 233 212 192 172 96 76 53 97228 47583 33607 6221 13976 530 49645 13446 163 246 48053 10330 37723 8141 1884 1860 1818 224 6257 106 37696
is_linear=0
shrinkage=0.1


Tree=45
num_leaves=31
num_cat=0
split_feature=88 16 81 111 38 24 47 48 10 0 24 108 49 42 85 80 55 10 37 21 42 42 3 3 14 12 1 89 67 20
split_gain=20.8395 28.9235 26.4975 42.2231 23.8582 22.764 22.9327 24.5007 57.3394 31.3756 29.5857 32.7372 26.3801 22.9224 22.2057 21.9936 22.8526 41.7292 20.1913 19.0035 18.6273 20.1791 36.6541 22.8532 22.9464 24.1955 24.2341 29.5836 20.3486 20.4439
threshold=16.250000000000004 2.2052631578947373 1190.5000000000002 16.500000000000004 2.2928571428571431 1.1000000000000003 1.5659732439255671 11.350000000000003 19.303846153846155 27.310000000000006 0.36666666666666675 5.5000000000000009 53.650000000000013 3.3666666666666671 24.500000000000004 1583.9500000000003 44.500000000000007 17.414285714285715 1.1897227048854206 2.4983322207382677 6.9000000000000012 5.5000000000000009 7.6949045189369034 16.10307079065041 6.2111111111111121 4.5500000000000007 9.8503299435817642 32.500000000000007 7.5000000000000009 12.750000000000002
decision_type=8 8 10 2 10 10 10 10 10 10 10 2 8 10 10 10 10 10 10 10 10 10 10 10 10 10 10 10 10 10
left_child=2 15 5 4 -4 6 13 12 10 -10 -9 18 -8 19 -14 16 -2 -18 -12 -1 21 28 -23 24 25 -24 -27 -28 29 -3
right_child=1 20 3 -5 -6 -7 7 8 9 -11 11 -13 14 -15 -16 -17 17 -19 -20 -21 -22 22 23 -25 -26 26 27 -29 -30 -31
leaf_value=-0.0022112425390872128 0.010206361853662462 0.00075240443766661598 -0.027126970595486882 0.17370545857009434 0.075921743057477176 0.005431470747081577 -0.01267171874793825 0.095103668453900725 0.21313261836767197 0.045090956091880796 0.068379896310599236 -0.079894064625184391 -0.030260590578942866 0.10424151241779328 -0.10398899766483478 -0.093860497800633325 0.19011248912662271 0.00098860125456537527 -0.047335421204566963 -0.018255374839471945 -0.081110913093600967 0.15590597998705649 -0.032620471574594842 0.11907575549557806 -0.082592032760381698 -0.015388601483442847 0.14437246137374157 0.014140801814695202 -0.0078869503640904837 -0.10036629885435105
leaf_weight=17901 2823 67328 53 21 39 2962 1962 23 20 25 38 62 151 20 56 20 20 28 25 770 28 21 57 20 25 39 37 33 2862 20
leaf_count=17901 2823 67328 53 21 39 2962 1962 23 20 25 38 62 151 20 56 20 20 28 25 770 28 21 57 20 25 39 37 33 2862 20
internal_value=1.22003e-12 0.000838483 -0.0025494 0.0457614 0.0165567 -0.00277672 -0.00393155 -0.0132158 0.0209271 0.119776 -0.00912836 -0.0283071 -0.0162539 -0.00275829 -0.0502064 0.0106417 0.0113697 0.0797902 0.0224611 -0.00287291 0.000436308 0.000468723 0.0299123 0.0173726 0.00672306 0.0201741 0.0477823 0.0829775 0.00037143 0.000722376
internal_weight=97489 73361 24128 113 92 24015 21053 2362 193 45 148 125 2169 18691 207 2891 2871 48 63 18671 70470 70442 232 211 191 166 109 70 70210 67348
internal_count=97489 73361 24128 113 92 24015 21053 2362 193 45 148 125 2169 18691 207 2891 2871 48 63 18671 70470 70442 232 211 191 166 109 70 70210 67348
is_linear=0
shrinkage=0.1


Tree=46
num_leaves=31
num_cat=0
split_feature=94 12 23 1 87 43 46 35 42 1 85 35 111 13 9 3 103 95 37 18 18 24 45 52 72 45 86 3 5 8
split_gain=20.3133 35.2765 41.5368 43.6328 24.2659 35.3188 32.9176 28.487 38.4582 25.0631 24.155 23.2846 31.4443 24.6038 33.9314 39.607 25.394 24.4181 34.3587 22.8232 23.5154 28.4347 28.1867 22.2512 23.476 26.9933 26.8957 25.3349 28.4067 26.8726
threshold=3.5000000000000004 2.7750000000000004 2.2322393611090923 13.63435000253385 222.50000000000003 3.278710395895112 3.0250000000000004 0.5108638890494771 4.3000000000000016 10.73058712216765 39.500000000000007 0.37049093658260052 3.5000000000000004 1.4916198487095669 8.926240878910173 11.920395686633034 0.21350000000000002 1.5000000000000002 1.6380804171854755 9.9000000000000021 7.1000000000000005 0.77500000000000013 1.2888391932218626 21.500000000000004 1.0000000180025095e-35 2.3676051569159147 36.500000000000007 12.416337802928703 8.6728212794771729 27.650000000000002
decision_type=10 10 10 10 10 10 10 10 10 10 10 10 2 10 10 10 2 10 10 10 10 10 10 10 8 10 10 8 10 10
left_child=4 2 3 -2 -1 6 -6 8 -8 10 -9 23 13 14 -13 -16 17 -15 -19 20 21 22 -4 24 25 26 -3 28 -26 -29
right_child=1 11 19 -5 5 -7 7 9 -10 -11 -12 12 -14 16 15 -17 -18 18 -20 -21 -22 -23 -24 -25 27 -27 -28 29 -30 -31
leaf_value=-0.00066856709920102046 0.037994610340464662 -0.029983684737805927 0.00020663650914987862 0.16965024479561383 0.12567116039303633 0.1515837036782787 0.012525082000602898 0.025310558634810149 -0.11411304034684833 0.078195039361295571 -0.086403649820325279 0.017475709467144954 -0.0031512760013545889 -0.0035953896246045027 0.20753847135319595 0.047259689555985147 0.003780418874129349 0.20121971170107522 0.034443810333808264 0.070837167100134227 -0.050703078620559117 -0.011939157717159555 0.1097501490265131 -0.066024545828501383 0.078213158060810473 -0.064824963780120023 0.020069502416584825 0.040749288814655255 0.0033431702951649922 0.14376747863367201
leaf_weight=84377 372 127 48 27 26 21 65 100 38 71 24 359 6981 37 21 58 3130 21 30 44 88 219 46 33 67 48 694 69 208 40
leaf_count=84377 372 127 48 27 26 21 65 100 38 71 24 359 6981 37 21 58 3130 21 30 44 88 219 46 33 67 48 694 69 208 40
internal_value=-9.9265e-13 0.00371849 0.0234754 0.0469036 -0.000560349 0.0259065 0.0177608 0.00834581 -0.0341958 0.0308165 0.00368845 0.00231994 0.00078337 0.00829643 0.0305323 0.0898654 0.00526992 0.0582489 0.103116 0.00246902 -0.00503272 0.00780751 0.053813 0.0150295 0.0171642 0.00806526 0.0123268 0.0377554 0.0215842 0.0785541
internal_weight=97489 12767 844 399 84722 345 324 298 103 195 124 11923 10637 3656 438 79 3218 88 51 445 401 313 94 1286 1253 869 821 384 275 109
internal_count=97489 12767 844 399 84722 345 324 298 103 195 124 11923 10637 3656 438 79 3218 88 51 445 401 313 94 1286 1253 869 821 384 275 109
is_linear=0
shrinkage=0.1


Tree=47
num_leaves=31
num_cat=0
split_feature=97 91 47 102 19 87 7 52 77 17 1 42 37 43 47 87 49 53 95 14 41 75 12 5 6 103 45 110 43 13
split_gain=17.7171 25.6839 26.4364 25.1995 26.6973 40.0704 24.5455 23.4847 21.5798 31.8365 29.2326 27.5272 24.2296 20.7381 29.2514 30.5206 31.2753 22.6419 20.1615 47.2374 26.3518 28.3371 24.0156 19.6269 29.4432 19.6044 33.9723 23.3712 25.7721 22.1774
threshold=8.5000000000000018 4.5000000000000009 2.4992100550338674 8.5000000000000018 2.9580278177943957 156.50000000000003 13.549907246303988 4.5000000000000009 9.5000000000000018 1.8326032102495287 12.22793931805937 3.4500000000000006 1.1178102700547354 1.5543320308680684 2.024512172868798 112.50000000000001 63.650000000000013 42.500000000000007 6.5000000000000009 4.4142857142857155 1.348542638748836 3.5000000000000004 7.366666666666668 9.1546788439908902 16.225000000000005 0.72700000000000009 2.1349300980043302 77.500000000000014 2.5980583915950093 2.469734831190463
decision_type=2 8 10 10 10 10 10 8 10 10 10 10 10 10 10 10 10 10 10 10 10 10 10 10 10 2 8 2 8 10
left_child=1 2 3 4 8 6 13 -2 18 -10 11 12 -11 14 15 17 -17 -6 -1 20 21 -20 -21 24 -15 27 -27 -9 -29 -28
right_child=7 -3 -4 -5 5 -7 -8 25 9 10 -12 -13 -14 23 -16 16 -18 -19 19 22 -22 -23 -24 -25 -26 26 29 28 -30 -31
leaf_value=0.0010963960492411755 -0.0032505604099371784 0.0061550378843765654 -0.045299242013024071 -0.011324029790289672 -0.016561186094764545 0.086102769724451578 0.077320527519892768 0.0066783710490755967 0.11419234821572899 0.022132391216499465 -0.074517270643264064 -0.023796230787411332 0.13568996952346746 0.072142649193604788 -0.12785390414120187 0.14323920758727651 -0.020839891662555083 0.068059561544126179 0.051927603830893836 0.14808065261514414 0.092159777490989025 -0.066778445402618319 0.017107270143571354 -0.055100953549894895 -0.070147450973924538 -0.0081533553432552707 -0.040178027754235603 0.00011650690887162569 -0.029042754330702365 -0.1694880400473873
leaf_weight=35610 27820 9081 127 1751 756 39 27 6635 40 42 30 48 34 33 21 26 21 33 30 42 23 61 21 234 26 879 36 13632 310 21
leaf_count=35610 27820 9081 127 1751 756 39 27 6635 40 42 30 48 34 33 21 26 21 33 30 42 23 61 21 234 26 879 36 13632 310 21
internal_value=3.04537e-12 0.00136446 0.000251137 0.000399666 0.000951544 -0.0136215 -0.0169259 -0.00133191 0.00144405 0.0347061 0.0140603 0.0354903 0.0729345 -0.0191386 -0.0112866 -0.0083585 0.0699273 -0.0130219 0.00126374 0.0349303 -0.00347353 -0.0276446 0.104423 -0.0421049 0.00943854 0.00114924 -0.0130048 0.00179307 -0.000531848 -0.0878186
internal_weight=97489 48156 39075 38948 37197 1216 1177 49333 35981 194 154 124 76 1150 857 836 47 789 35787 177 114 91 63 293 59 21513 936 20577 13942 57
internal_count=97489 48156 39075 38948 37197 1216 1177 49333 35981 194 154 124 76 1150 857 836 47 789 35787 177 114 91 63 293 59 21513 936 20577 13942 57
is_linear=0
shrinkage=0.1


Tree=48
num_leaves=31
num_cat=0
split_feature=94 23 96 67 51 80 86 21 8 63 87 22 57 40 60 89 111 39 46 103 81 34 81 53 107 35 77 89 11 37
split_gain=16.4776 19.6251 17.9879 21.9202 24.852 24.6897 24.4272 35.6222 24.951 33.9336 34.2649 26.8895 24.0851 22.9721 24.6176 24.5016 22.4545 38.7864 25.5391 21.2367 20.2742 26.3461 23.67 21.2741 37.2094 35.4815 47.677 37.4135 48.1427 34.5252
threshold=1.0000000180025095e-35 1.9440112044422027 241.00000000000003 7.5000000000000009 74.550000000000011 2128.0500000000006 169.50000000000003 1.7841837120025257 25.350000000000005 12.500000000000002 73.500000000000014 5.8535714285714286 4.5000000000000009 5.1250000000000009 2.5000000000000004 43.500000000000007 18.500000000000004 0.67080761218861007 2.9045454545454548 0.5335000000000002 36.500000000000007 0.48684210526315791 87.500000000000014 32.500000000000007 2021.5000000000002 0.48865526070192988 2.5000000000000004 22.500000000000004 6.7725256825899107 0.97871355387816916
decision_type=8 8 2 10 10 10 10 10 10 10 10 10 8 10 10 10 2 10 10 2 8 10 8 10 2 10 10 10 10 10
left_child=1 -1 3 4 5 6 -2 -8 9 19 -11 -12 -6 15 -15 -5 17 -14 -18 -9 21 -19 -22 24 25 26 -24 28 -27 -26
right_child=2 -3 -4 13 12 -7 7 8 -10 10 11 -13 16 14 -16 -17 18 20 -20 -21 22 -23 23 -25 29 27 -28 -29 -30 -31
leaf_value=-0.00087574913180458623 0.0015357977563705755 -0.0080631625979424981 -0.0021382796893912545 -0.010680576672451259 -0.03739686109575218 -0.010350462316333457 -0.057754582539200787 -0.036337085784627847 -0.063740703770890833 0.025979937745605489 0.22673547532409433 0.093387266035161676 0.12414623528718949 0.067517284285507087 0.00027003845267267116 0.073547221379620692 -0.0039026553947323116 0.13629511891671553 -0.10658422589302063 0.055903223310209194 -0.028365636988601187 0.00030172498830194984 0.020653282507107809 0.0085158704421427599 -0.042384681860079071 0.21067259352315559 0.19836354201866524 -0.0085962977695643247 0.04048779770211481 0.027509352734250203
leaf_weight=20939 43862 4641 16366 2610 116 1759 40 52 20 59 20 62 30 81 166 35 779 29 25 48 160 28 26 4972 99 22 36 92 68 247
leaf_count=20939 43862 4641 16366 2610 116 1759 40 52 20 59 20 62 30 81 166 35 779 29 25 48 160 28 26 4972 99 22 36 92 68 247
internal_value=1.73198e-12 -0.00217977 0.000775403 0.00163393 0.00209952 0.00126787 0.00173062 0.0301208 0.0435883 0.0524953 0.084096 0.125911 0.00777514 -0.00684247 0.0223228 -0.00956603 0.00856751 0.0107354 -0.00709549 0.00793826 0.0101466 0.0694913 0.00955545 0.0106463 0.0285998 0.0585048 0.12384 0.0362478 0.0820885 0.00751077
internal_weight=97489 25580 71909 55543 52651 45922 44163 301 261 241 141 82 6729 2892 247 2645 6613 5809 804 100 5779 57 5722 5562 590 244 62 182 90 346
internal_count=97489 25580 71909 55543 52651 45922 44163 301 261 241 141 82 6729 2892 247 2645 6613 5809 804 100 5779 57 5722 5562 590 244 62 182 90 346
is_linear=0
shrinkage=0.1


Tree=49
num_leaves=31
num_cat=0
split_feature=42 104 107 46 47 11 1 39 9 25 96 39 36 84 11 87 83 43 13 5 40 34 9 7 29 25 107 7 90 40
split_gain=15.9224 15.5027 26.0264 26.0647 25.0116 21.2621 21.2366 23.6196 20.4081 20.6381 20.2537 21.6668 22.8938 20.5194 20.4239 19.0378 24.0415 23.6456 37.8205 24.0246 23.3703 23.7486 23.3241 23.1995 41.9671 28.0685 23.123 22.6931 23.1487 22.4883
threshold=6.9000000000000012 104.45000000000002 2018.5000000000002 2.4522727272727276 1.019904186645846 7.2616512458282534 11.366947699339358 2.5538604686881898 10.943541908376572 1.6905725903640423 193.50000000000003 1.7998394371555957 4.6333333333333337 116.50000000000001 9.7666861151773734 81.500000000000014 173.50000000000003 1.9746794344808967 1.8818990709935315 9.5727890117129277 4.8750000000000009 0.74342105263157909 7.1898843614187529 13.549907246303988 0.7678597718691097 1.2746500939737988 2018.5000000000002 12.786709460916741 7.5000000000000009 2.6961538461538468
decision_type=10 2 2 10 8 10 10 10 10 10 2 10 10 8 10 10 10 10 10 10 10 10 10 10 8 10 2 10 10 10
left_child=1 2 4 5 -1 -4 8 10 9 -6 -8 13 14 -12 -13 16 29 -18 19 -19 23 22 -22 -17 -25 -26 -21 28 -24 -3
right_child=-2 15 3 -5 6 -7 7 -9 -10 -11 11 12 -14 -15 -16 20 17 18 -20 26 21 -23 27 24 25 -27 -28 -29 -30 -31
leaf_value=-0.00023292763118850919 -0.075398524531296321 -0.00032224971983607658 0.025742239922031087 -0.068488129600882533 -0.020242505064692065 0.11321310351292294 0.033946638313923465 0.10268825293592686 -0.10502779853564721 0.021316322493476036 -0.014831244908955994 0.019670897486073837 -0.071080312294804535 -0.10292925201356412 0.12058703982038424 0.0036283277467652991 -0.0043665999179018202 -0.060984719420472781 -0.053522542545888965 -0.026120699124951519 0.1479559582212697 -0.046577863381416715 0.059535522488030526 -0.11920564983040094 0.010199230486600132 -0.058197264703168695 0.081875717924399807 0.11971178929907855 -0.037778082142838024 0.0057102756387237136
leaf_weight=3414 28 60236 176 25 1798 33 129 22 27 128 474 122 23 28 24 15611 7445 30 239 31 23 27 55 40 204 85 55 27 44 6886
leaf_count=3414 28 60236 176 25 1798 33 129 22 27 128 474 122 23 28 24 15611 7445 30 239 31 23 27 55 40 204 85 55 27 44 6886
internal_value=6.81775e-12 2.16616e-05 -0.00472656 0.0280105 -0.00596432 0.0395534 -0.0130155 0.000468759 -0.0186909 -0.0174805 -0.00234228 -0.00931883 0.0216514 -0.0197451 0.0362599 0.000356663 -0.000314026 -0.00556889 -0.0307831 0.0160679 0.00347464 0.0397149 0.0553518 0.0030745 -0.0232047 -0.00991739 0.0429468 0.0384479 0.016285 0.000296623
internal_weight=97489 97461 6423 234 6189 209 2775 822 1953 1926 800 671 169 502 146 91038 74922 7800 355 116 16116 176 149 15940 329 289 86 126 99 67122
internal_count=97489 97461 6423 234 6189 209 2775 822 1953 1926 800 671 169 502 146 91038 74922 7800 355 116 16116 176 149 15940 329 289 86 126 99 67122
is_linear=0
shrinkage=0.1


Tree=50
num_leaves=31
num_cat=0
split_feature=88 4 96 84 87 103 10 32 29 45 43 25 67 65 81 24 22 11 111 35 91 79 81 3 44 80 36 7 2 19
split_gain=14.2009 27.0841 22.1714 25.1197 40.8238 44.0174 21.1773 33.7179 25.8922 23.7071 23.707 27.766 32.6721 23.0071 22.2387 21.3114 26.5925 33.135 22.2697 23.1348 34.9271 21.1295 19.5944 19.4797 18.8336 18.3022 18.2088 37.2474 25.1286 25.9738
threshold=16.250000000000004 20.642500000000009 229.00000000000003 32.500000000000007 125.50000000000001 0.5335000000000002 21.125000000000004 0.29285714285714287 1.0464164822528808 2.0069281343198782 2.1014931715128884 1.1178102700547354 5.5000000000000009 3.5000000000000004 916.50000000000011 1.1000000000000003 4.0250000000000012 6.9923830733004877 38.500000000000007 0.68227130771774525 1.0000000180025095e-35 8.5000000000000018 625.50000000000011 12.645299960872883 1.4722222222222225 1110.2 1.1000000000000003 10.069755475936926 15.588194444444445 1.658243862791825
decision_type=8 8 2 8 10 2 10 10 10 10 10 10 10 8 8 10 10 10 2 10 10 10 10 10 10 10 10 10 10 10
left_child=6 2 3 4 26 -6 10 8 -8 24 15 12 14 -14 -12 -1 17 -17 19 20 -19 -22 -5 25 -9 -24 27 -2 -29 -30
right_child=1 -3 -4 22 5 -7 7 9 -10 -11 11 -13 13 -15 -16 16 -18 18 -20 -21 21 -23 23 -25 -26 -27 -28 28 29 -31
leaf_value=-0.0029178816853068588 0.0045829193099121241 -0.00017580731209130025 -0.0021868999522079223 0.0016007441867314483 0.1869418658592083 -0.0013153025637502257 0.12556256025421375 0.027587749750042957 0.0099102586973458529 0.084064044180358288 -0.013008727324870904 -0.053821149652865434 0.012438005274679099 0.13208560777455569 -0.10936364534497262 0.0062723355076770466 -0.016364265772487934 0.18285999930110472 -0.010689749739697723 0.022515350803002425 0.084045106408766654 -0.028500620089471341 -0.11648867124319076 0.058999893690148991 -0.045951669802047679 -0.026298358126646944 0.016548118256870449 -0.013756525632925332 0.14016490645590238 0.0045253748819231989
leaf_weight=20313 4455 60928 3227 1847 27 23 49 60 32 29 572 179 45 25 25 2005 428 29 61 102 69 22 25 24 83 225 2485 27 48 20
leaf_count=20313 4455 60928 3227 1847 27 23 49 60 32 29 572 179 45 25 25 2005 428 29 61 102 69 22 25 24 83 225 2485 27 48 20
internal_value=5.52704e-13 0.000692162 0.00494565 0.00744584 0.0103039 0.100344 -0.00210451 0.0266752 0.0798728 0.00162287 -0.00240949 -0.0188501 -0.00946512 0.0551693 -0.0170437 -0.00180552 0.00651386 0.0107935 0.0428252 0.0575297 0.087292 0.0568362 -0.00210126 -0.027056 -0.015096 -0.0353174 0.00966396 0.00590415 0.0678631 0.100271
internal_weight=97489 73361 12433 9206 7085 50 24128 253 81 172 23875 846 667 70 597 23029 2716 2288 283 222 120 91 2121 274 143 250 7035 4550 95 68
internal_count=97489 73361 12433 9206 7085 50 24128 253 81 172 23875 846 667 70 597 23029 2716 2288 283 222 120 91 2121 274 143 250 7035 4550 95 68
is_linear=0
shrinkage=0.1


Tree=51
num_leaves=31
num_cat=0
split_feature=100 47 55 63 13 81 12 16 102 83 10 94 16 43 23 15 29 47 46 76 44 83 83 43 3 90 27 27 17 88
split_gain=14.2299 22.1071 22.2763 25.2465 27.2594 24.6497 23.8186 32.9374 33.6442 27.9501 24.2205 35.8883 28.1772 23.5173 36.5973 29.7785 28.4166 31.4451 30.2251 48.5001 28.1895 26.9308 25.5892 25.4766 24.7946 32.2677 24.2999 22.8646 25.8044 24.2613
threshold=1.0000000180025095e-35 2.6732101621478397 53.500000000000007 23.500000000000004 1.6070659959698212 1010.5000000000001 4.7750000000000012 4.8535714285714286 1.5000000000000002 132.50000000000003 26.525000000000002 4.5000000000000009 3.4522727272727276 1.607065995969821 3.6192103991251217 1.6482305137328706 1.3420501978246826 2.4003818479181183 4.8750000000000009 1.5000000000000002 1.788888888888889 287.50000000000006 81.500000000000014 1.881899070993531 8.5299895792408282 8.5000000000000018 0.68250705852645377 0.78780321510802953 2.9430448738994772 28.250000000000004
decision_type=2 10 8 10 8 10 10 10 10 10 10 10 10 10 10 8 10 10 10 10 10 10 10 10 10 10 10 10 10 10
left_child=1 2 -1 4 6 -5 10 -8 9 -9 -4 12 -12 14 15 -6 17 18 19 24 -16 -22 -19 -18 25 26 -15 -26 29 -29
right_child=-2 -3 3 5 13 -7 7 8 -10 -11 11 -13 -14 16 20 -17 23 22 -20 -21 21 -23 -24 -25 27 -27 -28 28 -30 -31
leaf_value=-0.0016810898371209767 0.0012054938357899505 -0.037423428381970596 0.027193091562949124 -0.044872147400270811 0.099102794368352218 0.038624207392955821 0.13977513343095779 0.20278756961226466 0.019312001728954226 0.044184032231569297 0.02230572246015072 0.065849000960588461 -0.12136560039984626 0.023087066281586886 0.0064746156334877019 0.0058629310830344665 0.013375753755478757 -0.025735750971805485 -0.11254606232620204 0.092173138655722145 0.050216248751648013 0.18551417429532324 0.10794970644844903 -0.07626851743781099 -0.042600893641559827 0.045697130904799065 -0.099998082065908822 0.12234703346535013 -0.015978427664929913 0.021172726337471498
leaf_weight=44994 48852 168 205 165 35 45 35 20 208 25 20 25 43 20 41 1605 46 21 26 50 31 28 45 102 103 28 81 27 201 194
leaf_count=44994 48852 168 205 165 35 45 35 20 208 25 20 25 43 20 41 1605 46 21 26 50 31 28 45 102 103 28 81 27 201 194
internal_value=8.5449e-12 -0.00121082 -0.00108531 0.00662887 0.00879054 -0.0269801 0.0284296 0.048852 0.0362737 0.114674 0.00835564 -0.0355271 -0.0757557 0.00453932 0.011434 0.00785281 -0.00816909 -0.000687834 -0.00666411 -0.0027537 0.0701656 0.114425 0.0654134 -0.0484061 -0.0100111 -0.0492913 -0.0756248 -0.000359385 0.00995075 0.0335334
internal_weight=97489 48637 48469 3475 3265 210 581 288 253 45 293 88 63 2684 1740 1640 944 796 730 704 100 59 66 148 654 129 101 525 422 221
internal_count=97489 48637 48469 3475 3265 210 581 288 253 45 293 88 63 2684 1740 1640 944 796 730 704 100 59 66 148 654 129 101 525 422 221
is_linear=0
shrinkage=0.1


Tree=52
num_leaves=31
num_cat=0
split_feature=102 97 60 40 43 45 35 103 47 22 111 45 47 87 29 44 84 8 45 19 104 88 41 36 86 4 67 41 42 36
split_gain=13.9486 21.5734 24.8605 35.6568 30.9138 35.3528 26.5701 22.0488 28.4189 22.9044 21.5672 30.7404 27.2708 21.9505 26.269 23.6417 26.4941 39.7883 33.6131 47.0893 30.3769 27.7689 24.9571 33.2341 23.8134 30.0651 46.264 38.4602 33.4553 25.1042
threshold=2.5000000000000004 8.5000000000000018 5.5000000000000009 4.4250000000000016 1.2415253053016906 2.0657351921300431 0.49086322442346203 0.7340000000000001 1.9814457952024034 9.0750000000000011 16.500000000000004 2.7172287883558992 1.7010058503844265 92.500000000000014 0.65858598855265582 1.2928571428571431 36.500000000000007 11.950000000000001 2.4999977777728399 1.3779271744364847 116.55000000000001 40.250000000000007 1.5595395819079616 1.3666666666666669 59.500000000000007 30.397500000000004 4.5000000000000009 1.1915269771356507 2.9000000000000004 1.9000000000000001
decision_type=10 2 10 10 8 10 8 2 10 10 2 10 8 10 10 10 10 10 10 10 2 10 10 10 10 10 10 10 10 10
left_child=1 2 -1 4 -4 6 -6 10 9 -9 13 12 -12 -3 -15 22 17 -17 20 -20 24 -21 23 -16 -19 26 -26 -28 -27 -30
right_child=-2 7 3 -5 5 -7 -8 8 -10 -11 11 -13 -14 14 15 16 -18 18 19 21 -22 -23 -24 -25 25 28 27 -29 29 -31
leaf_value=0.002282775226995291 -0.0020270111569499097 -9.05351420332841e-05 0.0085621958120415606 -0.066069276737315316 0.23591816694963549 0.022175172853626704 0.090235437939484284 -0.0082672614872090766 -0.076252725846921651 -0.10683226951320346 -0.0026809412259276057 0.12021857108920814 -0.0213149660762465 -0.026957864375194398 0.022445286945863206 0.13681675886565989 0.0053743656369128184 -0.032854268733245227 -0.026076547736706941 0.2332392759088959 -0.079151201897355569 0.070615244160095847 0.00057245214283466346 0.16331987565602452 -0.040216155201640159 0.059727845381712545 0.041546344161033637 0.20825137524835524 -0.11386414980888367 0.0020415907939644279
leaf_weight=34990 25180 18154 75 28 21 38 31 1335 68 24 12510 20 838 205 33 33 3400 67 23 21 34 21 50 34 21 80 25 31 25 74
leaf_count=34990 25180 18154 75 28 21 38 31 1335 68 24 12510 20 838 205 33 33 3400 67 23 21 34 21 50 34 21 80 25 31 25 74
internal_value=-2.3283e-13 0.000705862 0.0024802 0.0382718 0.0559782 0.0954915 0.149069 -0.000975613 -0.0131646 -0.0100079 -0.00048838 -0.00366518 -0.0038508 0.00141335 0.0079495 0.00975111 0.00840706 0.031069 0.0227996 0.0889413 0.010757 0.151927 0.0540358 0.0939339 0.020221 0.0341118 0.0863625 0.133829 0.0116352 -0.0272275
internal_weight=97489 72309 35183 193 165 90 52 37126 1427 1359 35699 13368 13348 22331 4177 3972 3855 455 422 65 357 42 117 67 323 256 77 56 179 99
internal_count=97489 72309 35183 193 165 90 52 37126 1427 1359 35699 13368 13348 22331 4177 3972 3855 455 422 65 357 42 117 67 323 256 77 56 179 99
is_linear=0
shrinkage=0.1


Tree=53
num_leaves=31
num_cat=0
split_feature=85 87 104 44 104 36 19 24 44 92 42 91 110 44 107 59 37 104 43 25 47 27 9 44 6 48 24 69 34 42
split_gain=13.0763 18.0086 36.1848 32.7014 17.9039 21.2591 25.5727 21.2412 37.0108 28.6993 24.5107 20.98 26.9179 29.565 29.5379 23.5627 34.7611 29.5253 22.1438 34.739 28.7089 23.4477 20.5903 35.7588 25.5105 22.9456 20.7218 20.6577 23.9033 30.7699
threshold=15.500000000000002 249.50000000000003 107.45000000000002 5.9500000000000011 109.55000000000001 2.1000000000000005 1.4487266298961143 0.63333333333333341 4.0500000000000007 2.5000000000000004 3.3666666666666671 3.5000000000000004 74.500000000000014 4.0500000000000007 2020.5000000000002 10.500000000000002 1.1897227048854206 113.45000000000002 2.8982240028001192 1.5543320308680684 2.4599422184164896 1.077545574753892 10.241798883540156 4.8500000000000005 30.900000000000002 18.450000000000003 0.55000000000000016 2.5000000000000004 0.24264705882352944 2.1000000000000005
decision_type=10 10 2 10 2 10 8 10 10 10 10 10 2 10 2 10 10 2 8 10 10 10 10 10 10 10 10 10 10 10
left_child=1 3 -3 4 22 -6 7 -7 9 -9 -11 12 15 14 -14 -8 -17 -18 20 -20 -13 -22 24 26 -1 -26 -24 28 -28 -30
right_child=-2 2 -4 -5 5 6 11 8 -10 10 -12 18 13 -15 -16 16 17 -19 19 -21 21 -23 23 -25 25 -27 27 -29 29 -31
leaf_value=-0.00068344768037048034 -0.0014134682197848645 0.13562888834497025 -0.022342704442040673 -0.12695446785539388 0.00075579347345830169 0.0017485966729430442 -0.0061404028598436231 0.02582075321757123 0.1241804541008813 -0.0015229610317101369 -0.10565753897222191 0.0064280826912882132 0.011520116185683035 -0.090647544360957871 -0.014896412942003626 -0.032084378277933277 0.038042609126710182 0.14348001193932511 0.063971539814920389 -0.074719864981515074 -0.01778113014685611 -0.14058019894620646 -0.074778313934803012 0.099580404969553157 0.022485788083738752 -0.060363875746798634 0.0034587500169058968 0.044632414123043418 -0.0050228066515559571 -0.073442393271873394
leaf_weight=17013 39160 29 29 20 30116 736 133 1223 35 173 26 5617 609 43 1388 37 67 44 129 21 48 23 73 24 45 130 183 48 117 150
leaf_count=17013 39160 29 29 20 30116 736 133 1223 35 173 26 5617 609 43 1388 37 67 44 129 21 48 23 73 24 45 130 183 48 117 150
internal_value=-1.4765e-11 0.000948952 0.0566431 0.000893517 0.000937412 0.00209958 0.00600891 0.0155958 0.0225906 0.0200902 -0.0151285 0.00343213 -0.00461014 -0.00860702 -0.0068405 0.0244063 0.0518571 0.0798376 0.00662948 0.0445547 0.00562934 -0.0575611 -0.00170728 -0.019996 -0.00107418 -0.0390597 -0.025022 -0.0177284 -0.0243802 -0.0434608
internal_weight=97489 58329 58 58271 58251 40468 10352 2193 1457 1422 199 8159 2321 2040 1997 281 148 111 5838 150 5688 71 17783 595 17188 175 571 498 450 267
internal_count=97489 58329 58 58271 58251 40468 10352 2193 1457 1422 199 8159 2321 2040 1997 281 148 111 5838 150 5688 71 17783 595 17188 175 571 498 450 267
is_linear=0
shrinkage=0.1


Tree=54
num_leaves=31
num_cat=0
split_feature=110 71 109 10 102 12 89 43 43 82 83 24 44 9 44 25 90 63 1 0 103 9 30 77 42 102 103 43 34 49
split_gain=13.1945 16.7277 26.6047 25.3506 23.3774 25.5233 27.1828 23.8312 35.5333 30.0157 59.3484 32.6108 31.8292 30.2516 47.1772 45.4238 37.9066 31.5035 32.7518 32.4002 29.0312 28.2508 27.9852 27.5804 27.3723 25.6753 25.4595 44.4549 24.5173 40.3029
threshold=73.500000000000014 2.5000000000000004 24.800821355236142 31.075000000000006 4.5000000000000009 5.9000000000000012 5.5000000000000009 1.3227406337702019 1.7199379676144055 30.500000000000004 3.5000000000000004 0.90000000000000013 5.9500000000000011 9.179990312122408 5.4500000000000011 0.86554360876699588 2.5000000000000004 5.5000000000000009 14.377186788412404 20.270000000000007 0.38450000000000006 8.5521276849332448 1.0000000180025095e-35 9.5000000000000018 3.3666666666666671 1.5000000000000002 0.6080000000000001 2.4999799995999874 0.24264705882352944 68.350000000000009
decision_type=2 8 2 10 10 10 10 10 10 10 10 10 10 10 10 10 10 10 10 10 2 10 10 10 10 10 2 10 10 10
left_child=-1 2 3 -2 5 7 -7 28 23 10 -10 20 13 17 15 16 -15 19 25 -11 -12 24 -17 -9 -20 -19 27 -18 29 -4
right_child=1 -3 4 -5 -6 6 -8 8 9 12 11 -13 -14 14 -16 22 26 18 21 -21 -22 -23 -24 -25 -26 -27 -28 -29 -30 -31
leaf_value=-0.0048075457061662078 0.00066721698899731025 -0.00061310271447932436 0.010856855213219564 -0.098136784499645455 -0.011110287831662832 0.093774546279261517 -0.014898645519229229 0.029039098197628579 -0.093335160756340407 0.16284741675076278 0.10154069561765276 0.11878907143151107 -0.10574210322318743 -0.022600519861425125 0.18210048407316209 -0.07140751946717501 0.24984315957712089 -0.048311050832513483 0.042392296163421689 -0.0050039494815080068 -0.017937094479236963 -0.024428894653803962 0.016910764780511296 0.10817815111342655 0.19065146472305061 -0.0036441007127841437 0.014364184777845035 0.074552157813778677 -0.0057458607499194124 0.14125031878550848
leaf_weight=5393 21151 63927 1923 26 606 24 562 1032 26 23 33 73 26 31 20 51 23 154 33 23 53 29 121 46 20 783 22 39 1192 24
leaf_count=5393 21151 63927 1923 26 606 24 562 1032 26 23 33 73 26 31 20 51 23 154 33 23 53 29 121 46 20 783 22 39 1192 24
internal_value=-7.12133e-12 0.000281522 0.00231179 0.000545911 0.00766021 0.00944143 -0.0104479 0.0114509 0.0184129 0.00887696 0.0467301 0.0696338 0.00386778 0.00594494 0.0336018 0.0232535 0.0719072 -0.00202751 -0.00568174 0.0789217 0.027909 0.0549212 -0.00927663 0.0324161 0.0983392 -0.0109853 0.106785 0.139579 0.00554912 0.0124642
internal_weight=97489 92096 28169 21177 6992 6386 586 5800 2661 1583 185 159 1398 1372 307 287 115 1065 1019 46 86 82 172 1078 53 937 84 62 3139 1947
internal_count=97489 92096 28169 21177 6992 6386 586 5800 2661 1583 185 159 1398 1372 307 287 115 1065 1019 46 86 82 172 1078 53 937 84 62 3139 1947
is_linear=0
shrinkage=0.1


Tree=55
num_leaves=31
num_cat=0
split_feature=104 11 55 46 51 88 96 102 109 109 45 47 35 80 90 47 87 46 47 3 11 82 13 32 1 38 39 5 27 0
split_gain=12.6101 17.2122 13.3767 22.0369 19.3404 22.1952 22.9569 21.3611 20.5187 20.6761 20.4226 30.8672 28.6025 24.1283 23.9714 19.8023 20.0271 21.3666 18.8825 26.0017 19.9556 24.0833 18.8638 20.2773 19.6345 18.419 18.079 17.7504 17.5524 25.4851
threshold=100.35000000000001 4.8400739140902695 31.500000000000004 3.1750000000000003 48.050000000000004 20.650000000000002 169.50000000000003 6.5000000000000009 25.419575633127998 26.019164955509925 1.7053818821262869 1.3718476316185699 0.50072992856063958 355.35000000000008 4.5000000000000009 1.4192787776102642 126.50000000000001 2.6583333333333337 1.9245627146205819 9.551803203540091 7.8705814667400427 60.500000000000007 1.1178102700547357 0.18333333333333338 7.5563880257449485 2.0500000000000003 1.0339469490010884 2.9071739098875118 0.70315633998332439 22.822500000000005
decision_type=2 10 8 10 10 10 2 10 2 2 10 10 10 10 10 8 10 10 10 10 10 10 10 10 10 10 10 8 10 10
left_child=1 -1 3 4 5 15 -7 8 18 10 11 12 -10 -12 -13 -2 25 -18 20 -20 27 28 26 24 -24 -17 -11 -8 29 -22
right_child=2 -3 -4 -5 -6 6 7 -9 9 22 13 14 -14 -15 -16 16 17 -19 19 -21 21 -23 23 -25 -26 -27 -28 -29 -30 -31
leaf_value=0.016821120237792229 7.2644229133890048e-05 -0.021782435898785479 0.0012127849388340038 -0.054944577092598923 -0.0033935826186147419 0.10691677133806728 0.097853821683675055 -0.019208953474299052 0.096943081948492271 -0.076284983251243832 0.075981653955849743 0.16776318336395843 -0.0020630162265376155 -0.056262581946479311 0.036597841978073122 -0.012884673252867924 0.085969932064075369 -0.024591487671794563 -0.080244994487973953 0.015641058487101244 0.13705181811182274 0.10229544291893643 0.11520420383894817 0.0076795068310793095 0.026445776513881154 0.031812488883345695 0.03118802284200986 0.0035111616003658608 -0.03353989920308164 -0.0098313332155898769
leaf_weight=147 14807 539 50869 76 19939 22 20 360 45 45 22 38 83 37 22 2326 44 29 62 52 21 45 36 520 81 96 24 7012 43 27
leaf_count=147 14807 539 50869 76 19939 22 20 360 45 45 22 38 83 37 22 2326 44 29 62 52 21 45 36 520 81 96 24 7012 43 27
internal_value=9.30044e-12 -0.0135102 9.57411e-05 -0.00114131 -0.00105215 0.000749076 0.00489566 0.00463452 0.00567686 0.0194751 0.0443775 0.060486 0.0327438 -0.00695117 0.119669 -0.00131607 -0.00955761 0.0420483 0.00387108 -0.0365075 0.00451326 0.0424538 0.0107627 0.0161425 0.0537561 -0.011113 -0.0389031 0.00377949 0.0128618 0.05443
internal_weight=97489 686 96803 45934 45858 25919 8617 8595 8235 953 247 188 128 59 60 17302 2495 73 7282 114 7168 136 706 637 117 2422 69 7032 91 48
internal_count=97489 686 96803 45934 45858 25919 8617 8595 8235 953 247 188 128 59 60 17302 2495 73 7282 114 7168 136 706 637 117 2422 69 7032 91 48
is_linear=0
shrinkage=0.1


Tree=56
num_leaves=31
num_cat=0
split_feature=103 104 86 94 87 87 42 7 18 53 42 47 22 83 41 43 28 14 21 12 40 43 8 81 33 83 86 26 2 59
split_gain=12.139 16.3418 23.0884 35.67 32.102 21.2505 22.3737 35.4871 29.5211 30.9651 22.7643 19.9081 17.7067 48.9054 31.0854 38.571 24.8539 24.7961 24.7094 30.6216 21.7097 20.815 20.6958 20.0913 35.6349 40.8044 18.8995 17.7188 19.0342 17.6009
threshold=0.18900000000000003 118.05000000000001 141.50000000000003 4.5000000000000009 28.500000000000004 171.50000000000003 3.4500000000000006 10.428326531753468 7.5500000000000007 41.500000000000007 3.3666666666666671 1.669777751528555 1.9750000000000003 37.500000000000007 0.95245788571655077 1.5082875444051553 0.8973684210526317 6.1055555555555561 1.843852713849979 1.9000000000000001 0.64495798319327746 1.8437094529227334 9.5277777777777803 693.50000000000011 0.68250705852645377 171.50000000000003 44.500000000000007 0.68333333333333346 21.935000000000006 12.500000000000002
decision_type=2 2 10 10 10 10 10 10 10 10 10 10 10 10 10 10 10 10 10 10 10 10 10 10 10 10 10 10 10 8
left_child=-1 -2 4 -4 -3 6 8 11 10 -10 12 -8 20 -14 15 27 -17 18 29 -20 21 22 -6 -19 -25 -26 -21 -15 -29 -16
right_child=1 2 3 -5 5 -7 7 -9 9 -11 -12 -13 13 14 17 16 -18 23 19 26 -22 -23 -24 24 25 -27 -28 28 -30 -31
leaf_value=-0.0096475534796838357 -0.00013393490728817685 -0.001121742024020727 -0.05138722169382947 0.069002334773540494 0.029430796693109357 0.091755434517797677 0.013225629599764943 0.081677730053663258 0.033387040928937496 0.16888880242521948 0.092793550185467075 -0.08265254759966438 0.16738142309224477 -0.038607275499186168 -0.00038121089626870611 0.064829584583640104 0.20729823561074834 0.012766138343338639 0.12538209255412222 0.064441702096670314 -0.0093794996928053126 -0.054259336233624944 0.1288099156979185 -0.011050465729619777 0.21173211568301276 0.037757890642835551 -0.001322739118762524 0.12137570220232011 0.0032300405452648801 -0.05613697503030915
leaf_weight=1287 92438 1808 137 30 108 38 32 25 48 26 38 67 23 30 136 25 24 94 25 53 465 23 26 28 28 26 249 25 30 97
leaf_count=1287 92438 1808 137 30 108 38 32 25 48 26 38 67 23 30 136 25 24 94 25 53 465 23 26 28 28 26 249 25 30 97
internal_value=6.2646e-12 0.000129066 0.00658796 -0.0297604 0.00827552 0.0177726 0.016167 -0.0247787 0.0192877 0.0809958 0.0163473 -0.0516616 0.0144298 0.0234524 0.0196474 0.0639476 0.13461 0.0115819 0.00129191 0.0190232 0.00147613 0.0336281 0.0487133 0.0443228 0.0804975 0.127967 0.0102187 0.0232127 0.0569326 -0.0235928
internal_weight=97489 96202 3764 167 3597 1789 1751 124 1627 74 1553 99 1515 893 870 134 49 736 560 327 622 157 134 176 82 54 302 85 55 233
internal_count=97489 96202 3764 167 3597 1789 1751 124 1627 74 1553 99 1515 893 870 134 49 736 560 327 622 157 134 176 82 54 302 85 55 233
is_linear=0
shrinkage=0.1


Tree=57
num_leaves=31
num_cat=0
split_feature=91 29 13 13 42 89 57 108 1 104 44 8 53 42 46 94 47 77 1 86 39 79 2 82 92 45 50 65 84 35
split_gain=12.2483 15.395 24.9228 16.7218 20.357 21.311 19.4924 22.4049 25.6286 18.6944 13.8703 15.6777 13.5694 13.2998 13.2933 12.9575 19.102 42.8826 27.1932 27.1614 37.9962 37.9999 33.2645 31.3923 28.341 30.0709 25.7035 23.6751 33.9467 24.8724
threshold=12.500000000000002 0.82049110696642413 2.5132957790129056 0.92592714937812726 4.5000000000000009 37.500000000000007 10.500000000000002 3.5000000000000004 13.034972187052642 116.05000000000001 2.683333333333334 18.121428571428577 72.000000000000014 3.3666666666666671 2.2638888888888893 1.0000000180025095e-35 1.5016280011864342 7.5000000000000009 11.316028455227212 79.500000000000014 1.6389339973919144 10.500000000000002 43.57500000000001 370.50000000000006 1.5000000000000002 2.0124607063994389 -2.2499999999999996 4.5000000000000009 61.500000000000007 0.67092934572856999
decision_type=10 10 10 10 10 10 8 2 10 2 10 10 10 10 10 8 8 10 10 8 10 10 10 10 10 10 10 10 10 10
left_child=12 2 -2 -3 5 6 9 8 -8 10 11 -5 15 -9 -13 16 17 -1 -19 20 23 22 24 26 25 -22 -18 -28 -29 -30
right_child=1 3 -4 4 -6 -7 7 13 -10 -11 -12 14 -14 -15 -16 -17 19 18 -20 -21 21 -23 -24 -25 -26 -27 27 28 29 -31
leaf_value=-0.00086763506446095899 -0.10031174849322502 0.060185195096169736 0.01208463999826242 -0.052685521465054778 0.080275032234688612 -0.089487708147083012 0.1344956861379055 5.9519958508323246e-05 -0.0088072833217059578 0.061352432668209084 -0.074626245305530345 -0.018664676303213293 0.075292474590241909 -0.066017021949995647 0.069280074149370194 0.00078528064639988627 0.10009013753045688 0.035543644724187452 0.15539592834918395 -0.024916231300255748 -0.0057751391684481256 0.14602769577445893 -0.072999006731654797 0.093344153151396783 0.10131622063927354 0.095296795444714061 -0.0062908830099675838 -0.058244168032158886 -0.026491403420056615 0.11747731293241184
leaf_weight=20486 47 35 34 86 24 35 26 396 24 20 76 55 24 33 25 71007 22 107 23 753 144 26 34 31 48 37 3594 188 28 21
leaf_count=20486 47 35 34 86 24 35 26 396 24 20 76 55 24 33 25 71007 22 107 23 753 144 26 34 31 48 37 3594 188 28 21
internal_value=7.07073e-12 -0.0115091 -0.053133 -0.00747128 -0.0104313 -0.0132366 -0.009635 0.00236017 0.0657103 -0.0315651 -0.0392442 -0.0230452 0.000109164 -0.00502329 0.00881806 9.04751e-05 -0.00184109 -0.000504322 0.0567483 -0.00743566 -0.00428136 0.0307 0.0192988 -0.00688425 0.0330024 0.014886 -0.00769065 -0.0083096 -0.0389225 0.0352095
internal_weight=97489 916 81 835 800 776 741 479 50 262 242 166 96573 429 80 96549 25542 20616 130 4926 4173 289 263 3884 229 181 3853 3831 237 49
internal_count=97489 916 81 835 800 776 741 479 50 262 242 166 96573 429 80 96549 25542 20616 130 4926 4173 289 263 3884 229 181 3853 3831 237 49
is_linear=0
shrinkage=0.1


Tree=58
num_leaves=31
num_cat=0
split_feature=67 75 76 52 1 37 16 35 4 6 29 36 19 93 0 88 87 21 21 103 16 30 69 103 4 90 43 19 23 44
split_gain=11.5193 19.2715 20.7858 20.5279 20.2311 35.3115 32.0545 38.1201 29.2712 24.2469 26.099 32.0671 22.8162 31.5556 19.5467 21.0945 25.7514 19.5396 23.329 20.5565 22.8779 25.6206 25.2726 24.6178 30.0032 26.9349 37.9284 27.751 29.7661 28.871
threshold=7.5000000000000009 10.500000000000002 3.5000000000000004 22.500000000000004 6.4862161538186252 1.5082875444051556 4.7573529411764719 0.67092934572856999 46.902500000000018 26.500000000000004 0.85116346823802058 2.9000000000000004 2.4949899597988741 1.0000000180025095e-35 36.95000000000001 38.050000000000004 107.50000000000001 1.4952303005917591 1.5855187495562164 0.41600000000000004 4.0513157894736844 0.90000000000000013 2.5000000000000004 0.58400000000000007 43.527500000000011 3.5000000000000004 2.1794192844442732 3.0523202998496379 2.9726825127464589 2.878571428571429
decision_type=10 10 10 10 10 10 10 10 10 10 10 10 10 10 10 10 8 10 8 2 10 10 10 2 10 10 10 10 10 10
left_child=1 -1 3 4 5 9 -7 8 -8 10 -3 -12 13 -9 15 16 -6 -16 -19 -20 -21 23 -23 25 -25 26 -22 -27 29 -29
right_child=-2 2 -4 -5 14 6 7 12 -10 -11 11 -13 -14 -15 17 -17 -18 18 19 20 21 22 -24 24 -26 27 -28 28 -30 -31
leaf_value=-3.0405886771734196e-05 -0.005994123297735774 -0.027149943295452329 0.083526224622855319 -0.049749986431561415 0.082660641693510117 -0.022997284690156963 0.21950797849783191 0.0054921591805445185 0.075987029944856968 -0.055309430305980213 0.15648719761893154 -0.011134154385044462 -0.0295497493848445 0.13362278738990427 -0.049297309336185029 0.10427957561914809 -0.040573801310398644 0.081436064811304026 -0.014292158837608083 0.088750311483939498 0.19021725691854954 0.10587768644878739 0.020129777937998167 -0.080530385170604346 -0.0077030969134203433 -0.014414869094208492 -0.0045348350005224346 0.036812065475775556 0.0042478482119146909 0.19949306018650534
leaf_weight=92051 3104 45 37 60 30 39 27 37 30 59 25 21 31 40 69 40 39 39 479 36 20 38 360 69 314 221 20 24 65 20
leaf_count=92051 3104 45 37 60 30 39 27 37 30 59 25 21 31 40 69 40 39 39 479 36 20 38 360 69 314 221 20 24 65 20
internal_value=1.10515e-12 0.000197126 0.0091708 0.00797309 0.00952131 0.0314544 0.0585368 0.0778085 0.143971 -0.00537761 0.0269958 0.0799644 0.0428896 0.0720535 0.00539793 0.0465011 0.0130064 0.00287243 0.0049837 0.00319399 0.0102503 0.00779507 0.0283168 -0.00305172 -0.0208234 0.0153444 0.0928412 0.00595083 0.0472428 0.110758
internal_weight=97489 94385 2334 2297 2237 354 204 165 57 150 91 46 108 77 1883 109 69 1774 1705 1666 1187 1151 398 753 383 370 40 330 109 44
internal_count=97489 94385 2334 2297 2237 354 204 165 57 150 91 46 108 77 1883 109 69 1774 1705 1666 1187 1151 398 753 383 370 40 330 109 44
is_linear=0
shrinkage=0.1


Tree=59
num_leaves=31
num_cat=0
split_feature=24 5 96 50 95 46 67 13 88 81 13 18 7 87 8 3 24 40 15 53 103 87 47 9 104 7 21 63 42 29
split_gain=11.596 24.1055 22.3785 21.591 19.2828 23.5037 21.7015 21.6328 41.5327 33.4357 23.2755 23.0996 22.9964 21.6672 26.31 35.674 21.058 17.6291 24.1772 21.7928 22.6219 20.5675 25.5006 28.0847 25.5451 29.1407 22.227 18.8784 18.181 24.5242
threshold=0.55000000000000016 8.9074739463282402 169.50000000000003 -3.2499999999999996 7.5000000000000009 2.9750000000000005 4.5000000000000009 2.1794192844442732 15.450000000000001 558.50000000000011 3.8209722277340594 4.5500000000000007 7.952986239053577 149.50000000000003 24.150000000000002 11.084608948985904 0.36666666666666675 2.3535714285714291 1.2526159490452955 37.500000000000007 0.70200000000000007 76.500000000000014 2.1603478758446975 10.943541908376572 105.95000000000002 3.5613660101257651 3.1841563400744577 12.500000000000002 2.7750000000000004 0.80154921746165264
decision_type=8 8 2 10 10 10 10 10 10 10 10 10 10 8 10 10 10 10 10 10 2 8 10 10 2 10 10 10 10 8
left_child=1 -1 -3 -4 5 17 -6 8 9 -7 -9 13 -13 14 15 -10 -17 19 27 -5 28 -20 23 24 -23 -26 -27 -19 -21 -30
right_child=-2 2 3 4 6 7 -8 10 11 -11 -12 12 -14 -15 -16 16 -18 18 21 20 -22 22 -24 -25 25 26 -28 -29 29 -31
leaf_value=0.0012484136488048166 0.00067502367388452421 -0.060722529924881287 0.086606315752634638 -0.0043882068404211489 -0.0088384898645537235 -0.025121892159504278 0.13492566015393961 0.01479367070949112 -0.035039854507332532 0.1340101301184167 -0.092245722270530212 -0.14245292410875363 -0.031958047250865949 -0.084957528185537645 -0.093649290763848536 0.14016565780924714 0.0075805247426033026 0.023976770329119809 -0.0036042837062565496 -0.027712797619862839 -0.10358667252927689 0.11326336312506879 -0.074037818839916822 0.1330423342064023 0.10983659194035714 0.012892716358537434 -0.08539202857017518 0.12484650882958835 0.10134417105604102 -0.012842421894592624
leaf_weight=13399 70487 71 26 10542 21 31 21 174 93 23 23 48 31 68 37 23 25 55 1274 445 34 28 26 24 29 289 25 28 27 62
leaf_count=13399 70487 71 26 10542 21 31 21 174 93 23 23 48 31 68 37 23 25 55 1274 445 34 28 26 24 29 289 25 28 27 62
internal_value=-2.607e-12 -0.00176211 -0.00472748 -0.00443368 -0.00460894 -0.00481998 0.0630436 -0.0245834 -0.0385554 0.0426566 0.00229669 -0.0520491 -0.0990942 -0.0369411 -0.0185978 0.00109657 0.0711109 -0.0039367 0.00530845 -0.00541625 -0.0244966 0.00272803 0.0218904 0.0282047 0.0214227 0.0139255 0.0050675 0.0580051 -0.0194609 0.0217985
internal_weight=97489 27002 13603 13532 13506 13464 42 576 379 54 197 325 79 246 178 141 48 12888 1778 11110 568 1695 421 395 371 343 314 83 534 89
internal_count=97489 27002 13603 13532 13506 13464 42 576 379 54 197 325 79 246 178 141 48 12888 1778 11110 568 1695 421 395 371 343 314 83 534 89
is_linear=0
shrinkage=0.1


Tree=60
num_leaves=31
num_cat=0
split_feature=42 100 84 80 87 15 79 41 39 42 53 37 45 81 18 16 85 14 83 91 84 92 60 87 38 79 5 104 30 7
split_gain=11.5829 11.1272 18.3234 20.1196 26.503 24.0505 31.3805 28.872 27.1477 25.998 27.3284 26.416 25.8946 24.9478 42.4039 24.7752 31.8149 26.9605 23.0402 30.1808 22.0544 29.3997 25.6931 25.8813 44.5133 37.3156 24.9929 30.5255 32.5533 22.6754
threshold=6.9000000000000012 1.0000000180025095e-35 151.50000000000003 2191.0500000000006 94.500000000000014 2.1813595954726903 13.500000000000002 0.76736844239864255 0.83996703462282196 4.9000000000000012 51.500000000000007 1.1897227048854206 1.3551045413165992 445.50000000000006 2.1000000000000005 3.5147058823529416 17.500000000000004 3.8166666666666669 133.50000000000003 4.5000000000000009 37.500000000000007 1.0000000180025095e-35 8.5000000000000018 54.500000000000007 0.58571428571428574 8.5000000000000018 12.351004646888919 110.15000000000002 0.55000000000000016 3.5095100838171422
decision_type=10 2 10 10 10 10 10 10 10 10 10 10 10 10 10 10 10 10 10 10 10 10 10 10 10 10 10 2 10 10
left_child=1 -1 3 4 20 9 7 12 -9 10 13 -11 -7 14 -6 16 -10 -17 -18 -20 21 -3 23 -23 25 29 -26 28 -28 -25
right_child=-2 2 -4 -5 5 6 -8 8 15 11 -12 -13 -14 -15 -16 17 18 -19 19 -21 -22 22 -24 24 26 -27 27 -29 -30 -31
leaf_value=-0.0010524146717355823 -0.064308247183050435 -0.0011148150163884955 0.071430392341839302 -0.006650356535095831 0.0057750324350456864 0.14208602393046021 0.13838062375074342 -0.025240703568690355 0.013188862435758933 0.0086290876951909835 0.064805705741875705 -0.1173036466456122 0.032998377106645528 0.00081825689116642056 0.1764674554832957 -0.040570484208209176 0.028131261151557896 0.015515187973969821 0.19419908120550894 0.046818610404928525 -0.0039871612938466722 0.0031782107568022141 0.10234015457573589 0.17865156255041559 0.0068098091352534725 -0.038395130468739408 0.051586618507280947 0.061541034583043046 -0.092197822442939212 0.070089342503702828
leaf_weight=48622 28 16388 37 3187 43 32 21 171 109 31 72 36 68 2575 22 91 34 1474 33 24 7952 14286 27 24 1732 27 32 183 31 97
leaf_count=48622 28 16388 37 3187 43 32 21 171 109 31 72 36 68 2575 22 91 34 1474 33 24 7952 14286 27 24 1732 27 32 183 31 97
internal_value=-1.09644e-11 1.84754e-05 0.00108461 0.00103127 0.00156797 0.0085675 0.0167643 0.0155099 0.0128035 0.00250025 0.00402051 -0.0590363 0.0679064 0.00236274 0.0635479 0.0164894 0.0496313 0.012254 0.0932822 0.132144 0.000737892 0.00188249 0.00487049 0.00471014 0.0150042 0.0679029 0.0110461 0.0408726 -0.0191645 0.0916223
internal_weight=97489 97461 48839 48802 45615 4836 2057 2036 1936 2779 2712 67 100 2640 65 1765 200 1565 91 57 40779 32827 16439 16412 2126 148 1978 246 63 121
internal_count=97489 97461 48839 48802 45615 4836 2057 2036 1936 2779 2712 67 100 2640 65 1765 200 1565 91 57 40779 32827 16439 16412 2126 148 1978 246 63 121
is_linear=0
shrinkage=0.1


Tree=61
num_leaves=31
num_cat=0
split_feature=5 87 49 12 7 9 53 82 87 37 8 15 47 107 41 7 18 96 105 18 89 96 11 6 14 10 83 22 10 13
split_gain=11.0403 32.0189 17.7741 20.5308 17.121 16.8501 13.8149 13.4002 19.7466 32.7721 35.409 35.0898 33.5603 31.5323 30.3544 29.0809 30.3734 37.302 25.0679 24.5247 26.3628 24.2742 24.5201 22.7455 30.9856 22.2245 27.1088 36.2597 22.2126 26.2252
threshold=5.8450046134692153 120.50000000000001 18.450000000000003 0.90000000000000013 4.7539340950406048 6.4100613011313365 27.500000000000004 87.500000000000014 25.500000000000004 1.9039118320563839 12.633333333333335 1.9321835661585924 1.5659732439255671 2023.5000000000002 1.8883489533035722 10.965855862744805 7.5500000000000007 202.50000000000003 0.45000000000000007 7.9000000000000012 34.500000000000007 201.50000000000003 6.5476629378782745 26.500000000000004 5.6125000000000007 24.825000000000006 156.50000000000003 8.5750000000000011 30.825000000000006 1.8027222972291639
decision_type=8 10 8 8 10 10 10 8 10 10 10 10 10 2 10 10 10 2 8 10 10 2 10 10 10 10 10 10 10 10
left_child=1 5 4 6 -2 -1 -4 8 28 19 21 13 14 -12 -13 16 17 18 -14 23 25 22 -11 -10 -25 26 27 -21 -5 -30
right_child=2 -3 3 7 -6 -7 -8 -9 9 10 11 12 15 -15 -16 -17 -18 -19 -20 20 -22 -23 -24 24 -26 -27 -28 -29 29 -31
leaf_value=0.004239459746925819 -0.0035434108521097104 0.13170920833013952 -0.016010423591374053 0.00064130934048652001 -0.023354182302893035 0.090119686795641557 0.044626301546127373 -0.00067016658158354915 0.0042172126365035761 0.2187216791368666 -0.025482872180925972 0.04347414964093612 0.21385717195591758 0.051077855543666319 -0.056041773058602522 -0.010529996946137002 0.02103270103477619 0.048692287579178817 0.095800508458066647 0.040426793393302476 0.14257866045968101 0.028971227176953107 0.064008227065205578 -0.051303671904892295 0.035774041150103915 -0.030487091142722234 -0.0072456436497824531 0.19597905969077892 -0.10371519350023434 -0.0082168600600527001
leaf_weight=3418 1519 20 1027 21573 612 23 39 61572 6415 21 222 65 35 71 58 47 66 65 37 47 22 34 20 159 55 49 49 22 44 83
leaf_count=3418 1519 20 1027 21573 612 23 39 61572 6415 21 222 65 35 71 58 47 66 65 37 47 22 34 20 159 55 49 49 22 44 83
internal_value=2.98975e-12 0.00554678 -0.000204167 5.1992e-06 -0.00923285 0.00481349 -0.013792 0.000167124 0.0019291 0.00633074 0.0263036 0.0189679 0.0393117 -0.00693061 -0.00345206 0.0603515 0.0767624 0.10361 0.153189 0.00416004 0.0396795 0.0914446 0.143252 0.00314734 -0.0289239 0.0261239 0.0496319 0.0900232 0.000395829 -0.0413029
internal_weight=97489 3461 94028 91897 2131 3441 1066 90831 29259 7559 741 666 373 293 123 250 203 137 72 6818 189 75 41 6629 214 167 118 69 21700 127
internal_count=97489 3461 94028 91897 2131 3441 1066 90831 29259 7559 741 666 373 293 123 250 203 137 72 6818 189 75 41 6629 214 167 118 69 21700 127
is_linear=0
shrinkage=0.1


Tree=62
num_leaves=31
num_cat=0
split_feature=39 44 94 12 23 1 8 55 32 9 1 18 18 22 0 47 87 46 91 7 88 5 56 38 4 13 96 1 17 36
split_gain=10.6177 22.7175 10.9332 25.6575 34.9409 34.4691 21.3346 29.2239 27.2708 24.4574 19.6162 19.4222 25.0355 28.9875 28.9528 27.7171 23.2809 35.9039 22.2233 21.2603 19.5943 19.3672 19.7673 23.2657 22.0624 20.0001 19.1223 30.1501 28.8085 23.7654
threshold=3.123386447514156 2.878571428571429 3.5000000000000004 2.7083333333333335 2.2322393611090923 13.63435000253385 18.837500000000002 29.500000000000004 0.29285714285714287 6.317963057407888 7.381395530768307 4.5500000000000007 4.7083333333333348 3.6583333333333337 45.690000000000012 0.94520927215762518 84.500000000000014 1.8944444444444446 4.5000000000000009 5.9371695503408572 38.050000000000004 14.370487850195561 1.0000000180025095e-35 3.1214285714285719 31.612500000000001 1.5220501602311287 197.50000000000003 2.9514403214872322 2.6732101621478397 4.1000000000000005
decision_type=10 10 10 10 10 10 10 10 10 10 10 10 10 10 10 10 10 10 10 10 10 10 10 10 8 10 2 8 8 10
left_child=2 -2 11 4 5 6 7 10 -8 -9 -4 18 14 16 15 -13 -14 -18 -1 -19 -21 22 24 25 -6 -24 27 -15 29 -29
right_child=1 -3 3 -5 21 -7 8 9 -10 -11 -12 12 13 26 -16 -17 17 19 -20 20 -22 -23 23 -25 -26 -27 -28 28 -30 -31
leaf_value=-0.0002268029326302692 0.01142680703351895 -0.12235891683535144 0.086749142541052551 0.0015629741479804065 0.0073680779128466965 0.1503104313104241 0.13450448346279917 -0.054012676149917151 0.022463226268688838 0.034551722082224762 0.015479472225032202 0.0061526598710128499 0.0097767328971724923 -0.062313690146252723 0.027230160813361631 -0.030261030113178846 0.15575860594880994 -0.042484347291033842 0.0060783025414803231 0.13049685129274924 0.0063136622033737322 0.084126955643296253 -0.050883940373148244 0.098765049740258196 -0.044949846760042621 0.070792904403060672 -0.006239382796415993 0.0013031815526778527 0.026741054863026598 -0.041750540614664329
leaf_weight=62946 30 22 73 11903 177 27 42 72 45 55 82 272 541 73 134 903 29 29 6135 24 27 26 35 36 148 22 8539 4466 444 132
leaf_count=62946 30 22 73 11903 177 27 42 72 45 55 82 272 541 73 134 903 29 29 6135 24 27 26 35 36 148 22 8539 4466 444 132
internal_value=1.31937e-11 -0.0451748 2.41088e-05 0.00275499 0.0196462 0.041242 0.0332614 0.0199058 0.0765521 -0.015658 0.0490452 -0.000386778 -0.00357214 -0.00236077 -0.0168093 -0.0218316 0.0182716 0.0604344 0.000333146 0.0258793 0.0647528 0.000384957 -0.00482388 0.0358285 -0.0164567 -0.00392095 -0.00334298 0.00149229 0.0024161 6.71895e-05
internal_weight=97489 52 97437 12743 840 396 369 282 87 127 155 84694 15613 14304 1309 1175 650 109 69081 80 51 444 418 93 325 57 13654 5115 5042 4598
internal_count=97489 52 97437 12743 840 396 369 282 87 127 155 84694 15613 14304 1309 1175 650 109 69081 80 51 444 418 93 325 57 13654 5115 5042 4598
is_linear=0
shrinkage=0.1


Tree=63
num_leaves=31
num_cat=0
split_feature=110 11 1 87 4 11 20 108 17 1 88 19 42 47 1 42 4 21 47 46 46 86 17 42 94 39 59 55 88 109
split_gain=10.5435 13.517 19.2731 20.2633 16.0983 25.904 17.1068 14.2149 15.6139 27.5131 22.3336 16.544 15.8178 15.0202 13.7429 18.624 25.7025 13.6777 24.0705 18.7578 12.8162 13.1876 12.5521 12.7125 11.638 16.7282 24.6472 19.3298 18.4579 20.8524
threshold=73.500000000000014 7.5973506339142149 16.630453986485673 30.500000000000004 39.082500000000003 6.2864725199062219 7.7500000000000009 11.500000000000002 1.7618022672756111 9.8503299435817642 32.45000000000001 2.9296981180992998 2.7750000000000004 1.5990756810785174 9.8908796365150646 1.9000000000000001 24.002500000000008 2.1404836157257527 1.9705061850631951 1.3798076923076925 2.6583333333333337 118.50000000000001 1.1000113684619748 2.7750000000000004 1.0000000180025095e-35 2.4320815275835455 11.500000000000002 50.500000000000007 9.9500000000000011 23.078713210130051
decision_type=2 10 10 8 10 10 10 2 10 10 10 10 10 10 10 10 10 10 10 10 10 10 8 10 8 10 10 10 10 2
left_child=1 4 17 -4 7 -6 -7 20 11 12 -11 14 13 -10 15 16 -9 18 -3 -19 -1 -22 23 -2 25 27 -27 -24 -29 -30
right_child=22 2 3 -5 5 6 -8 8 9 10 -12 -13 -14 -15 -16 -17 -18 19 -20 -21 21 -23 24 -25 -26 26 -28 28 29 -31
leaf_value=-0.0045044955647188514 0.0074928092367719488 -0.027552785921014018 0.1144946327060461 -0.027854517847299576 -0.042448587647893214 0.15570377448485012 0.03086869185385497 -0.0022334969912966092 0.058050400779735473 0.13582258349970769 0.021447480205566652 -0.093916868232190615 -0.046536800379936516 -0.013970039863888102 -0.049493997410644558 -0.014645806958358135 0.14740724289281801 0.016677809705619107 0.086339006885886194 -0.055344144099427055 -0.017849496981605543 -0.11452793670552118 -0.0014401308720670197 0.066761006455163696 0.00075591733735547867 0.13707463730658806 0.010039108965013709 0.065984816734607404 -0.12045387990772725 -0.01705753523022575
leaf_weight=4488 1653 72 20 20 22 21 23 24 67 38 31 20 39 51 37 62 22 44 25 203 43 21 22147 37 67348 21 56 26 20 788
leaf_count=4488 1653 72 20 20 22 21 23 24 67 38 31 20 39 51 37 62 22 44 25 203 43 21 22147 37 67348 21 56 26 20 788
internal_value=-1.19905e-11 -0.00429755 -0.0223791 0.0433201 -0.00291138 0.0461499 0.0904491 -0.00356646 0.0147309 0.0318058 0.0844367 -0.00865636 0.00867497 0.0269229 0.00310371 0.0211233 0.0693338 -0.0300185 0.00180077 -0.0425143 -0.00513814 -0.0495721 0.000251658 0.0087904 9.20391e-05 -0.00184702 0.0446852 -0.00200293 -0.0169482 -0.0196169
internal_weight=97489 5393 384 40 5009 66 44 4943 391 226 69 165 157 118 145 108 46 344 97 247 4552 64 92096 1690 90406 23058 77 22981 834 808
internal_count=97489 5393 384 40 5009 66 44 4943 391 226 69 165 157 118 145 108 46 344 97 247 4552 64 92096 1690 90406 23058 77 22981 834 808
is_linear=0
shrinkage=0.1


Tree=64
num_leaves=31
num_cat=0
split_feature=102 45 45 15 77 37 47 40 44 87 44 42 21 20 84 7 11 29 67 94 106 43 55 18 28 18 42 46 37 19
split_gain=10.4137 20.1307 21.7943 26.0449 23.3195 36.1483 24.4965 39.3444 23.1636 23.1168 23.5257 19.6505 27.8901 20.9941 19.2938 17.9673 20.5829 43.1123 20.8454 18.9639 19.0237 19.6938 18.2322 17.9032 16.6791 21.5161 16.508 16.4831 16.1501 16.6378
threshold=2.5000000000000004 3.1313812405067303 2.8528656530442524 1.854423534450824 11.500000000000002 1.3227406337702019 2.3235068604060358 3.3038461538461541 3.4500000000000006 233.50000000000003 5.2500000000000009 4.9000000000000012 1.843852713849979 6.4500000000000011 50.500000000000007 11.651180000152273 8.6020193413241497 1.1967304136657921 6.5000000000000009 2.5000000000000004 621.50000000000011 1.1178102700547354 48.500000000000007 1.5500000000000003 0.23303167420814483 4.291666666666667 3.1000000000000005 3.2250000000000005 1.7199379676144055 3.5916300197318272
decision_type=10 10 10 10 10 10 10 10 10 10 10 10 10 10 8 10 10 10 10 10 2 10 10 10 8 10 10 10 10 8
left_child=24 2 4 -4 6 -6 9 14 -9 10 11 15 -13 -14 -8 19 18 26 22 -2 28 -22 23 -17 25 -1 -18 -28 29 -21
right_child=1 -3 3 -5 5 -7 7 8 -10 -11 -12 12 13 -15 -16 16 17 -19 -20 20 21 -23 -24 -25 -26 -27 27 -29 -30 -31
leaf_value=0.0079304407600919221 -0.002515771273811529 -0.08228571568765948 0.13937659098301083 0.0024662906811995945 0.15029448711872101 -0.030075906878337267 -0.064620415531517414 -0.033513729948373067 0.10250993842078793 -0.070203826569343861 0.10696271032094956 -0.14166348016199967 0.054047952800989153 -0.076891643484123057 0.0031430070241913206 0.036639198445929937 0.03592802902347305 -0.050191900779546106 0.032314261229288196 0.0087902875772573278 0.0069923993113150899 -0.021713681808260527 -0.11081898162424889 -0.055629025677388366 0.00032812964515616479 0.11208530930802225 -0.075334389363565762 0.029551208574838679 -0.0023216793348403556 0.038980418306021697
leaf_weight=2386 18406 31 24 33 25 20 178 21 31 49 20 24 25 24 55 26 180 133 31 3091 438 526 46 110 69903 20 31 29 1379 194
leaf_count=2386 18406 31 24 33 25 20 178 21 31 49 20 24 25 24 55 26 180 133 31 3091 438 526 46 110 69903 20 31 29 1379 194
internal_value=-7.70182e-13 -0.00175143 -0.00165216 0.0601127 -0.00179247 0.0701299 -0.00192168 -0.0310721 0.0475773 -0.00158617 -0.00145012 -0.00153793 -0.0533442 -0.0100857 -0.0486248 -0.00138432 -0.0186849 -0.00452241 -0.0434859 -0.000962496 0.00411739 -0.00867088 -0.056397 -0.0379895 0.000609896 0.00879623 0.0207861 -0.0246397 0.00676059 0.0105732
internal_weight=97489 25180 25149 57 25092 45 25047 285 52 24762 24713 24693 73 49 233 24620 586 373 213 24034 5628 964 182 136 72309 2406 240 60 4664 3285
internal_count=97489 25180 25149 57 25092 45 25047 285 52 24762 24713 24693 73 49 233 24620 586 373 213 24034 5628 964 182 136 72309 2406 240 60 4664 3285
is_linear=0
shrinkage=0.1


Tree=65
num_leaves=31
num_cat=0
split_feature=104 11 81 77 91 53 6 41 43 77 75 22 46 45 83 1 86 19 87 102 18 49 15 109 50 28 10 22 12 7
split_gain=10.0244 13.8031 10.5844 10.5675 10.4267 21.0156 27.4229 20.3425 19.2314 18.6411 16.6875 19.6144 20.7978 17.4863 22.6848 31.1286 33.0385 26.1964 23.7522 23.3079 24.3765 22.9927 22.2392 29.7349 21.3971 20.7493 19.381 31.5921 25.1214 25.8746
threshold=100.35000000000001 4.8605555068442658 563.50000000000011 2.5000000000000004 1.5000000000000002 59.500000000000007 23.266666666666669 2.0134779451103522 1.6905725903640423 6.5000000000000009 6.5000000000000009 2.7029411764705888 2.9045454545454548 1.2888391932218626 109.50000000000001 5.2996226272347711 55.500000000000007 0.86554360876699576 116.50000000000001 6.5000000000000009 1.7750000000000001 18.450000000000003 1.0567212294304205 22.366872005475702 0.3000000000000001 0.69615384615384623 16.81666666666667 1.9750000000000003 2.7083333333333335 2.5689727889526757
decision_type=2 10 10 10 8 10 10 10 8 8 10 10 10 10 10 10 10 10 10 10 10 8 10 2 10 10 10 10 10 10
left_child=1 2 -1 -3 5 7 -7 8 10 -9 11 13 -13 -2 17 -16 -17 19 21 20 26 -19 23 -23 25 -22 28 -28 -15 -30
right_child=4 3 -4 -5 -6 6 -8 9 -10 -11 -12 12 -14 14 15 16 -18 18 -20 -21 24 22 -24 -25 -26 -27 27 -29 29 -31
leaf_value=0.0029428376354337709 -0.001731930731131804 0.00078518775572074349 0.074317053141072398 -0.029175514103409808 0.00087180296917231084 -0.0046890482306480409 0.14700862870297648 -0.048135204250924296 -0.0080648369310546576 0.052460357830637988 0.0054555748220794483 -0.010703894583010963 -0.090988320742635007 -0.00016776529746798523 0.14471990428864956 0.12842272560183818 0.0069874803831708847 -0.054521375490233039 -0.049495998888204884 -0.042675494405469208 0.12367716420441865 0.15970670808572324 -0.00051533716974777079 0.016229599219961807 0.14941472293576227 0.0012615429190918803 -0.053473455020610031 0.083495824109940303 -0.063797186697936728 0.03640424940092761
leaf_weight=123 22065 174 25 364 61493 26 22 150 3662 21 4205 1452 33 418 24 26 162 76 104 66 20 20 1938 52 24 45 85 21 27 566
leaf_count=123 22065 174 25 364 61493 26 22 150 3662 21 4205 1452 33 418 24 26 162 76 104 66 20 20 1938 52 24 45 85 21 27 566
internal_value=-3.48115e-12 -0.0120457 0.0149993 -0.0194856 8.53627e-05 -0.00128424 0.0648391 -0.00137425 -0.00120658 -0.0357814 -0.000407478 -0.00131308 -0.012488 -0.00066835 0.00571921 0.0374728 0.0237817 0.00377474 -0.00285473 0.0151887 0.0183554 -0.000529374 0.00151211 0.0560844 0.0687221 0.0389279 0.0143423 -0.026338 0.0186075 0.031842
internal_weight=97489 686 148 538 96803 35310 48 35262 35091 171 31429 27224 1485 25739 3674 212 188 3462 2190 1272 1206 2086 2010 72 89 65 1117 106 1011 593
internal_count=97489 686 148 538 96803 35310 48 35262 35091 171 31429 27224 1485 25739 3674 212 188 3462 2190 1272 1206 2086 2010 72 89 65 1117 106 1011 593
is_linear=0
shrinkage=0.1


Tree=66
num_leaves=31
num_cat=0
split_feature=91 36 38 12 17 82 89 111 69 21 7 14 23 14 16 37 27 87 18 94 35 105 8 46 45 87 43 109 106 8
split_gain=9.65694 13.6998 18.1051 20.2103 28.2581 26.5558 20.5778 17.7986 24.0516 37.6391 24.6817 17.6675 21.0065 17.3294 26.3419 16.2936 15.3955 13.3586 31.991 30.7647 25.4671 31.5755 37.605 28.9449 25.1355 20.5422 37.856 28.0735 32.2425 28.4288
threshold=12.500000000000002 5.7000000000000002 4.6333333333333337 5.7750000000000012 1.6829902175698044 124.50000000000001 27.500000000000004 3.5000000000000004 3.5000000000000004 3.3739194796995187 6.5986102096246242 8.0500000000000025 3.4692254779318303 3.4142857142857146 3.6583333333333337 2.0246950765959606 1.1995347124462643 222.50000000000003 8.4500000000000011 5.5000000000000009 0.50357483452977392 0.22500000000000003 25.150000000000002 3.1750000000000003 2.0069281343198782 208.50000000000003 2.5689727889526757 30.366872005475702 567.50000000000011 21.550000000000004
decision_type=10 10 10 10 10 8 10 2 8 10 10 10 10 10 10 10 10 10 10 10 10 8 10 10 10 10 8 2 2 10
left_child=17 2 3 4 5 -2 7 8 9 -5 -11 12 -4 16 -15 -8 -6 25 19 20 21 -19 24 -22 -23 -1 27 28 29 -27
right_child=1 -3 11 6 13 -7 15 -9 -10 10 -12 -13 -14 14 -16 -17 -18 18 -20 -21 23 22 -24 -25 -26 26 -28 -29 -30 -31
leaf_value=8.5426951602362439e-05 0.11382521499808018 0.041223068698784532 0.029760447758334602 -0.042285832447501337 -0.1130484899476869 -0.029099789032569302 -0.052192470783160798 0.0033849115222021626 0.13875474468446697 0.17065986040092651 0.015437211166135967 -0.082167153028042422 -0.091801356346834284 0.052476394058842413 -0.039979854656920479 0.02648023711756254 -0.020765191323027531 0.082083919023474061 0.092372373484075065 -0.10212974369060249 0.13637244560813996 -0.054652517492120911 -0.11335624032856331 0.021558418992704664 0.071820118886729081 -0.044855646633077416 -0.10873636507894845 0.099754059314727792 -0.13285478133222331 0.044955842938303708
leaf_weight=95849 26 49 44 39 48 26 81 177 26 21 20 69 21 38 163 39 29 24 50 24 24 33 46 258 30 80 48 21 23 63
leaf_count=95849 26 49 44 39 48 26 81 177 26 21 20 69 21 38 163 39 29 24 50 24 24 33 46 258 30 80 48 21 23 63
internal_value=4.74302e-12 -0.0102193 -0.0131267 -0.00694806 -0.0252978 0.0423627 0.00807778 0.0227922 0.0551988 0.0280432 0.0949415 -0.0469246 -0.00951337 -0.0379537 -0.0225006 -0.0266238 -0.0782924 9.69308e-05 0.0165833 0.00795124 0.0143174 -0.0217542 -0.0446176 0.0313298 0.00557255 1.3027e-05 -0.0295166 -0.00918213 -0.0229632 -0.00528835
internal_weight=97489 916 867 733 330 52 403 283 106 80 41 134 65 278 201 120 77 96573 489 439 415 133 109 282 63 96084 235 187 166 143
internal_count=97489 916 867 733 330 52 403 283 106 80 41 134 65 278 201 120 77 96573 489 439 415 133 109 282 63 96084 235 187 166 143
is_linear=0
shrinkage=0.1


Tree=67
num_leaves=31
num_cat=0
split_feature=103 53 87 92 8 35 65 104 86 90 39 87 21 88 36 41 111 5 11 79 87 19 87 59 86 106 9 51 41 17
split_gain=9.6357 15.3842 21.4422 22.3014 13.5224 41.1768 29.8045 12.9025 18.2436 30.7239 26.0422 25.0038 18.284 32.9917 24.4087 29.9412 23.2476 27.1742 41.2885 25.6172 22.9525 22.7807 21.8296 21.5228 20.7063 29.3816 26.6537 30.1483 26.1352 18.1932
threshold=0.18900000000000003 47.500000000000007 172.50000000000003 1.0000000180025095e-35 23.31666666666667 0.747214234817975 3.5000000000000004 118.05000000000001 141.50000000000003 4.5000000000000009 1.2708567691023445 28.500000000000004 2.8915507761801984 35.050000000000004 3.5500000000000003 1.7052153084492276 17.500000000000004 12.660228511104313 8.7748894126880668 7.5000000000000009 49.500000000000007 3.5496199210869155 136.50000000000003 13.500000000000002 21.500000000000004 208.50000000000003 7.5051833848876077 81.850000000000009 1.3140754260045575 2.5874673845917622
decision_type=2 10 8 10 10 10 10 2 10 10 10 10 10 10 10 10 2 10 10 10 10 10 10 10 10 2 10 10 10 10
left_child=1 2 4 -4 -1 6 -6 -2 11 -10 -11 -9 14 23 15 16 17 18 24 -19 -17 -15 -18 -14 25 -13 27 -26 -28 -16
right_child=7 -3 3 -5 5 -7 -8 8 9 10 -12 12 13 21 29 20 22 19 -20 -21 -22 -23 -24 -25 26 -27 28 -29 -30 -31
leaf_value=-0.012422943135268889 -0.00011870242764388359 -0.068867447343087057 -0.0074690282300469424 0.14007883756421508 0.17256998629732567 -0.042251839673183134 0.027003310372432074 -0.00093929865595831054 -0.096021766050556762 0.090900051817297933 -0.023684445100176768 0.17533155871470543 0.042387130052189942 0.14187170100766561 0.023786125438553948 0.031294555850327019 -0.0037161005933191134 0.033585430835855419 0.16009075283703472 -0.092705478431243049 -0.073029812037105291 0.037688771362711745 0.075273764495914053 -0.069765587363924297 0.026862639178806748 0.020901403363261906 0.015109943409760794 0.15192183442413809 -0.081970021805979995 0.15705290332436561
leaf_weight=1093 92438 41 21 20 22 51 39 1808 46 25 96 22 44 43 21 30 643 29 24 36 71 41 37 28 533 28 75 20 44 20
leaf_count=1093 92438 41 21 20 22 51 39 1808 46 25 96 22 44 43 21 30 643 29 24 36 71 41 37 28 533 28 75 20 44 20
internal_value=-2.41338e-12 -0.00859541 -0.00661214 0.0645055 -0.00903191 0.0240609 0.0795028 0.00011499 0.00585412 -0.0264563 -9.96227e-06 0.00735422 0.0157358 0.0484444 0.0126112 0.0106492 0.0142185 0.0256524 0.0310556 -0.0363603 -0.0420424 0.0910205 0.000581877 -0.00122782 0.0267664 0.0888507 0.022147 0.0313856 -0.0207852 0.0887943
internal_weight=97489 1287 1246 41 1205 112 61 96202 3764 167 121 3597 1789 156 1633 1592 1491 811 746 65 101 84 680 72 722 50 672 553 119 41
internal_count=97489 1287 1246 41 1205 112 61 96202 3764 167 121 3597 1789 156 1633 1592 1491 811 746 65 101 84 680 72 722 50 672 553 119 41
is_linear=0
shrinkage=0.1


Tree=68
num_leaves=31
num_cat=0
split_feature=40 91 67 89 89 45 47 30 103 75 76 20 22 10 52 1 37 14 33 42 26 6 35 56 6 43 40 9 3 48
split_gain=9.63896 17.6665 14.9778 20.0733 17.5176 18.3663 32.4535 19.2548 20.2053 16.6943 16.8405 16.3474 19.7781 25.2921 15.9106 16.3166 28.5335 26.8022 24.228 20.7047 28.5725 19.7281 21.7824 18.6836 18.5899 15.6198 14.8846 28.0222 25.6021 27.7697
threshold=5.1750000000000016 11.500000000000002 7.5000000000000009 43.500000000000007 37.500000000000007 1.9220671430592955 2.0403813935844246 1.1000000000000003 0.27900000000000008 10.500000000000002 3.5000000000000004 12.750000000000002 11.275000000000002 25.175000000000001 22.500000000000004 6.4862161538186252 1.5082875444051556 4.5277777777777786 0.84655531415518281 2.5500000000000003 1.2928571428571431 26.500000000000004 0.68227130771774525 2.5000000000000004 16.900000000000002 1.5082875444051553 3.3038461538461541 7.3579128769814668 9.3325118686040831 20.250000000000004
decision_type=10 10 10 10 10 8 10 10 2 10 10 10 10 10 10 10 10 10 10 10 10 10 10 8 10 10 10 10 10 10
left_child=2 -2 9 4 5 6 -4 8 -7 11 14 12 -1 -14 15 16 21 -18 19 23 -21 22 -11 -19 -17 -6 -26 28 -28 -30
right_child=1 -3 3 -5 25 7 -8 -9 -10 10 -12 -13 13 -15 -16 24 17 18 -20 20 -22 -23 -24 -25 26 -27 27 -29 29 -31
leaf_value=-6.2110864323045725e-05 0.038175812423251937 -0.022136683978032378 -0.005486899602994727 0.067046935649381745 -0.1044811709384833 0.043401914025130481 0.10901420485973359 0.046762416304017493 -0.0562621157775125 0.10872159120829211 0.075451087347559037 -0.090442484170198456 0.10893786551581848 -0.021264012902975082 -0.043372848387807611 0.09075941879756283 -0.028201043959159185 0.10630619024090909 0.015196245383205159 0.21908762133121493 0.070725173613539458 -0.049643665361928491 -0.0038569323037175793 -0.0040021105802484922 -0.0038032766060763661 -0.014027856942266227 0.00062793405779554105 -0.0014401353364192125 0.15709577631950378 0.04462071807434162
leaf_weight=91965 164 69 2514 36 35 23 25 26 176 23 37 20 37 25 60 25 34 34 56 25 27 59 68 28 1061 42 123 467 25 180
leaf_count=91965 164 69 2514 36 35 23 25 26 176 23 37 20 37 25 60 25 34 34 56 25 27 59 68 28 1061 42 123 467 25 180
internal_value=-4.36969e-12 0.020315 -4.86695e-05 -0.00715645 -0.00809672 -0.0067861 -0.00435948 -0.0341692 -0.0447432 0.000168 0.00852379 -4.36926e-05 -2.40465e-05 0.0564371 0.00744478 0.00880902 0.0285046 0.0528494 0.0690595 0.0955186 0.142053 -0.00460434 0.024597 0.0564895 0.00510235 -0.055143 0.00394857 0.0142941 0.0366962 0.0583372
internal_weight=97489 233 97256 2877 2841 2764 2539 225 199 94379 2332 92047 92027 62 2295 2235 354 204 170 114 52 150 91 62 1881 77 1856 795 328 205
internal_count=97489 233 97256 2877 2841 2764 2539 225 199 94379 2332 92047 92027 62 2295 2235 354 204 170 114 52 150 91 62 1881 77 1856 795 328 205
is_linear=0
shrinkage=0.1


Tree=69
num_leaves=31
num_cat=0
split_feature=42 87 105 95 40 103 26 87 94 84 13 9 39 8 9 28 5 30 86 88 1 11 7 65 81 46 87 103 4 104
split_gain=9.81129 10.2453 21.2868 28.8093 28.633 26.7191 21.97 21.9554 48.6696 33.7881 30.0164 31.1221 26.1621 31.9394 29.1903 26.3204 34.8477 39.7914 28.6276 27.5667 27.2483 30.7538 28.9373 26.5267 25.1441 24.5135 24.4797 24.0834 26.1088 22.4547
threshold=6.9000000000000012 159.50000000000003 0.90000000000000013 8.5000000000000018 1.4409722222222225 0.58400000000000007 2.5500000000000003 179.50000000000003 5.5000000000000009 61.500000000000007 1.6070659959698212 5.0749926859208774 2.1408528301277729 31.250000000000004 9.4871257749556062 1.3944444444444446 9.7935229670052415 0.55000000000000016 178.50000000000003 8.7500000000000018 10.315013329381346 11.031474074319211 9.3220154060852565 5.5000000000000009 956.50000000000011 3.1250000000000004 162.50000000000003 0.47450000000000003 41.777500000000011 113.45000000000002
decision_type=10 10 10 10 10 2 10 10 10 10 10 10 10 10 10 10 10 10 10 10 10 10 10 8 10 10 10 2 10 2
left_child=1 -1 3 6 -4 -6 7 8 9 10 26 -12 15 14 -14 19 18 23 -17 -9 22 -22 -21 27 -11 -19 -3 -18 -29 -28
right_child=-2 2 4 -5 5 -7 -8 12 -10 24 11 -13 13 -15 -16 16 17 25 -20 20 21 -23 -24 -25 -26 -27 29 28 -30 -31
leaf_value=-0.00015098638110086341 -0.059186353215149472 0.088466032772608436 -0.12673197906159869 0.099828231641474904 0.078492935990484861 -0.037847116447292363 0.08814876833648394 0.10276173105971381 0.1181363901892758 0.082153914595643696 0.15503333233869995 0.040497461728222425 -0.068259751759469509 -0.15979775678027761 0.079702067375183108 0.17152408353196313 -0.034855009449852835 0.134932880649964 0.034601474714440271 -0.0022318549474735611 -0.039648198784716364 0.073203795863530388 0.093096036869375148 -0.060960221439599997 -0.012557243877405408 0.030407882900385375 -0.059493077829690044 0.13009399287402632 0.0073635708970519222 0.030798526033759117
leaf_weight=94913 28 23 26 34 26 82 33 22 46 30 26 271 40 22 20 26 63 30 37 502 339 26 34 80 427 89 71 26 52 45
leaf_count=94913 28 23 26 34 26 82 33 22 46 30 26 271 40 22 20 26 63 30 37 502 339 26 34 80 427 89 71 26 52 45
internal_value=2.18271e-12 1.70039e-05 0.00627464 0.00842811 -0.03252 -0.00983933 0.0071224 0.00598313 0.0178267 0.0126596 0.0325741 0.0505242 -0.00191539 -0.0567305 -0.0189391 0.00147438 0.0227961 0.0101381 0.0911092 -0.00783511 -0.0105356 -0.0316094 0.00381506 -0.0149653 -0.00633988 0.0567587 -0.00577954 0.0111311 0.0482737 -0.0244662
internal_weight=97489 97461 2548 2414 134 108 2380 2347 939 893 436 297 1408 82 60 1326 403 340 63 923 901 365 536 221 457 119 139 141 78 116
internal_count=97489 97461 2548 2414 134 108 2380 2347 939 893 436 297 1408 82 60 1326 403 340 63 923 901 365 536 221 457 119 139 141 78 116
is_linear=0
shrinkage=0.1


Tree=70
num_leaves=31
num_cat=0
split_feature=10 12 87 80 8 5 33 39 36 6 51 45 36 80 9 28 47 82 47 81 38 109 6 104 40 52 89 52 46 79
split_gain=9.28121 19.1995 12.5255 25.4679 38.4304 35.0565 25.7744 31.927 55.1367 22.9711 20.9554 20.5227 27.978 35.8606 19.2603 18.4065 21.2859 18.3078 17.7238 15.8526 22.8331 15.5558 14.9822 16.3196 19.6179 18.8072 14.6305 18.907 16.781 15.8304
threshold=3.0250000000000004 0.90000000000000013 10.500000000000002 162.05000000000004 21.950000000000003 9.0424983447994087 0.68250705852645377 1.5257045792034711 1.9000000000000001 15.450000000000001 74.65000000000002 1.7957140812234786 0.55000000000000016 107.05000000000003 6.0272529037179927 0.54772727272727284 1.6265340057008615 13.500000000000002 2.107316942904085 69.500000000000014 0.95000000000000007 26.071184120465436 23.450000000000003 112.55000000000001 0.97500000000000009 11.500000000000002 35.500000000000007 32.500000000000007 2.3166666666666669 9.5000000000000018
decision_type=8 8 8 8 10 10 10 10 10 10 10 10 10 10 10 10 10 8 10 8 10 2 10 2 10 10 10 10 10 10
left_child=-1 -2 18 4 5 -4 7 8 11 15 -6 12 -7 -14 -15 -8 -17 -5 26 20 -19 -16 23 24 -20 -25 27 29 -28 -3
right_child=1 2 3 17 10 6 9 -9 -10 -11 -12 -13 13 14 21 16 -18 19 22 -21 -22 -23 -24 25 -26 -27 28 -29 -30 -31
leaf_value=0.0054339794700560794 -0.01233922129678831 -0.001743461018206841 0.0037473993694152261 -0.08187515080940945 -0.10476158471443715 0.15863409192478384 -0.024051115389706362 -0.017090652854396746 0.19181208040099593 -0.069944715988822279 0.0026465577347313659 0.0073143970771020073 0.17474899746122816 0.00049151304860909782 0.11250962115824224 0.019347955516361176 0.136751694880102 0.002793178326168726 0.010234743233203241 0.00043607595012728676 0.12012491856736165 0.0044965928606688979 0.021604696436164281 -0.034615836156214157 -0.095675207409140192 0.07144709204634031 -0.017146301993648329 0.072032614623063373 -0.10204720982798823 0.026091400445190267
leaf_weight=3045 1280 25074 586 27 39 30 45 52 32 32 34 72 21 75 40 47 23 43 23 66161 27 20 48 82 73 21 169 35 27 206
leaf_count=3045 1280 25074 586 27 39 30 45 52 32 32 34 72 21 75 40 47 23 43 23 66161 27 20 48 82 73 21 169 35 27 206
internal_value=-9.03584e-12 -0.000175199 -8.07463e-06 0.000708695 0.0154758 0.0202437 0.0400122 0.0550639 0.0680019 0.00499396 -0.0547359 0.0526456 0.0701932 0.0531853 0.0342754 0.0258465 0.0579235 0.000452837 -0.00188379 0.000486399 0.0480497 0.0765053 -0.0285424 -0.0406382 -0.0703009 -0.0129914 -0.00162567 -0.00141495 -0.0288418 -0.00151664
internal_weight=97489 94444 93164 67406 1148 1075 489 342 290 147 73 258 186 156 135 115 70 66258 25758 66231 70 60 247 199 96 103 25511 25315 196 25280
internal_count=97489 94444 93164 67406 1148 1075 489 342 290 147 73 258 186 156 135 115 70 66258 25758 66231 70 60 247 199 96 103 25511 25315 196 25280
is_linear=0
shrinkage=0.1


Tree=71
num_leaves=31
num_cat=0
split_feature=100 34 25 47 107 85 40 95 15 44 67 36 77 72 23 6 93 27 34 95 40 89 105 34 2 9 87 45 44 86
split_gain=9.13437 17.1931 19.8038 16.8575 17.5079 22.3518 16.6195 23.4462 21.4149 26.4544 22.0751 19.751 19.8469 28.8523 35.3088 29.7034 28.6185 25.9649 33.395 23.6077 23.9633 34.0259 49.6151 30.2448 26.9806 23.5606 23.0447 22.8586 21.991 37.8455
threshold=1.0000000180025095e-35 3.5750000000000006 0.86554360876699588 2.6732101621478397 2019.5000000000002 16.500000000000004 2.6583333333333337 8.5000000000000018 1.1995347124462643 3.1500000000000008 2.5000000000000004 4.9000000000000012 8.5000000000000018 1.0000000180025095e-35 2.7130730307759361 22.675000000000004 1.0000000180025095e-35 1.1995347124462643 0.48684210526315791 4.5000000000000009 4.3166666666666673 25.500000000000004 0.77500000000000013 0.64852941176470602 50.595000000000013 11.831455191788683 159.50000000000003 1.4818885965154671 3.8500000000000001 43.500000000000007
decision_type=2 10 10 10 2 8 8 10 8 10 8 10 10 10 10 10 10 10 10 10 10 10 10 10 10 10 10 10 10 8
left_child=3 -2 -3 6 -5 -6 -1 8 9 -8 -10 12 19 14 -14 -16 -17 18 -15 20 -12 23 24 -22 27 26 28 -23 -21 -30
right_child=1 2 -4 4 5 -7 7 -9 10 -11 11 -13 13 17 15 16 -18 -19 -20 25 21 22 -24 -25 -26 -27 -28 -29 29 -31
leaf_value=-0.0016902066062656985 0.00091213308674174733 -0.0038628332689404489 0.13686317976564169 -0.066856664267097465 0.044138530952235064 -0.056401517303524218 -0.017926691518756598 0.096303621293218053 0.060001451333147895 -0.14104521710425616 0.0033815951385827922 -0.016485715692664549 -0.0080571084677447547 0.059251827785843293 0.13398261653525489 -0.009753045712440166 0.10492862783867168 -0.0093738708645105372 0.21889398969709872 -0.007996031654752293 -0.022596129417642316 0.16926793959878741 0.1787053127307445 0.08994995474815369 -0.011223177574574947 -0.11102458540923321 0.078264280752493795 0.024964109427579071 0.030424946259993774 -0.11832003571093082
leaf_weight=40365 48812 20 20 79 48 41 137 27 69 20 6138 479 267 38 35 68 32 24 20 344 117 21 32 30 55 26 26 23 26 50
leaf_count=40365 48812 20 20 79 48 41 137 27 69 20 6138 479 267 38 35 68 32 24 20 344 117 21 32 30 55 26 26 23 26 50
internal_value=-7.96221e-12 0.000965837 0.0665002 -0.000970106 -0.0325922 -0.00217767 -0.0008605 0.00327217 0.00296118 -0.0336106 0.00368615 0.00319121 0.00446973 0.0240437 0.0130165 0.0546956 0.0269451 0.0781034 0.114301 0.00309433 0.00468221 0.0333987 0.0704588 0.000372459 0.03547 -0.0184902 -0.0130958 0.0938364 -0.0187514 -0.0674336
internal_weight=97489 48852 40 48637 168 89 48469 8104 8077 157 7920 7851 7372 484 402 135 100 82 58 6888 6416 278 131 147 99 472 446 44 420 76
internal_count=97489 48852 40 48637 168 89 48469 8104 8077 157 7920 7851 7372 484 402 135 100 82 58 6888 6416 278 131 147 99 472 446 44 420 76
is_linear=0
shrinkage=0.1


Tree=72
num_leaves=31
num_cat=0
split_feature=83 40 16 3 21 49 15 88 1 86 107 106 0 91 105 30 47 18 84 20 29 3 37 40 17 14 15 17 17 0
split_gain=9.07515 18.2607 22.8897 25.0891 22.3384 23.6381 22.7857 32.4445 37.9785 28.4299 26.7466 25.559 32.0273 25.7731 25.1724 24.3111 27.6998 21.3151 18.5562 17.83 17.5939 18.4447 30.1446 19.9133 20.9806 20.3196 17.4606 17.4555 23.6352 17.8173
threshold=211.50000000000003 2.6961538461538468 2.1026315789473689 9.6745054423927961 1.9134024677363375 89.800000000000026 2.0580850203825074 52.350000000000001 13.034972187052642 108.50000000000001 2020.5000000000002 212.50000000000003 46.010000000000012 12.500000000000002 0.22500000000000003 0.77500000000000013 1.3810056311772521 11.700000000000001 101.50000000000001 3.1055555555555561 1.6205903716295447 11.00845382209768 0.86554360876699599 3.1055555555555561 2.6732101621478397 6.1055555555555561 1.1761495463774236 1.9180073314131425 1.9864673473010479 40.670000000000009
decision_type=10 10 10 10 10 10 10 10 10 10 2 2 10 10 8 10 10 10 10 10 10 10 10 10 10 10 10 10 10 10
left_child=-1 2 3 -2 5 19 7 9 11 -6 -10 -9 -13 18 15 16 -11 -4 -14 -3 21 23 -23 24 25 -21 -16 29 -29 -8
right_child=1 4 17 -5 6 -7 27 8 10 14 -12 12 13 -15 26 -17 -18 -19 -20 20 -22 22 -24 -25 -26 -27 -28 28 -30 -31
leaf_value=0.00036734774889687753 0.0034382440505379983 0.064636866499980294 -0.0071938319360522005 0.087733299442781854 -0.038179075948275687 -0.10974174630641938 0.00070375881212599142 -0.006193491047428501 0.048504842117073989 0.021231510354176402 -0.065037314830029877 0.18178403107449415 0.065842875823312039 -0.023497198304782311 -0.042765134314029687 0.066670735064765507 -0.061263809159964967 -0.094658327954156074 0.1780555882304907 -0.0034098646574808908 0.074297223036939461 0.11186470873653889 -0.0056337343192128242 -0.048397923920968262 -0.04762715395671599 0.089389104422714027 0.024203878243944196 0.071105873996907085 -0.00021199619748295414 -0.10167178886339945
leaf_weight=85146 110 30 5683 52 122 25 34 31 42 63 41 32 56 24 41 29 115 28 20 150 22 24 242 241 92 28 772 47 4113 34
leaf_count=85146 110 30 5683 52 122 25 34 31 42 63 41 32 56 24 41 29 115 28 20 150 22 24 242 241 92 28 772 47 4113 34
internal_value=-6.75669e-12 -0.00253408 -0.0065712 0.0304959 0.00113052 -0.0139376 0.00342186 0.0145389 0.0474803 0.00744297 -0.00758225 0.0755182 0.0947081 0.0668438 0.0128997 -0.0182333 -0.032066 -0.00762265 0.0953725 -0.0110484 -0.0138902 -0.0163871 0.00496763 -0.0275033 -0.0088529 0.0111877 0.0208266 -0.000227738 0.000593759 -0.050484
internal_weight=97489 12343 5873 162 6470 854 5616 1388 246 1142 83 163 132 100 1020 207 178 5711 76 829 799 777 266 511 270 178 813 4228 4160 68
internal_count=97489 12343 5873 162 6470 854 5616 1388 246 1142 83 163 132 100 1020 207 178 5711 76 829 799 777 266 511 270 178 813 4228 4160 68
is_linear=0
shrinkage=0.1


Tree=73
num_leaves=31
num_cat=0
split_feature=24 5 46 43 8 90 3 21 85 7 1 14 48 83 0 12 91 79 88 20 7 19 29 18 8 47 0 77 110 88
split_gain=8.9091 18.5431 17.9055 21.3618 23.3721 34.3418 27.27 31.4675 26.3075 20.9944 22.0884 20.7793 18.46 22.9722 17.8344 16.519 16.4449 16.2257 32.3159 41.2808 34.894 26.2336 19.2316 15.4872 22.928 20.5212 20.5988 29.0335 18.8334 16.079
threshold=0.55000000000000016 8.9074739463282402 2.9750000000000005 3.0983446509819887 23.050000000000004 2.5000000000000004 11.517050162448344 1.7053818821262869 10.500000000000002 6.6570763176984453 11.473186131066681 4.2111111111111121 21.150000000000002 43.500000000000007 34.770000000000017 2.9000000000000004 1.5000000000000002 9.5000000000000018 33.250000000000007 3.7250000000000005 7.443114594953478 1.658243862791825 1.0313789845082579 1.9000000000000001 21.350000000000005 1.7143537815787637 25.690000000000001 7.5000000000000009 76.500000000000014 37.45000000000001
decision_type=8 8 10 10 10 10 10 8 10 10 10 10 8 8 10 10 10 10 10 10 10 10 10 10 10 10 10 10 2 10
left_child=1 23 17 4 6 -6 7 8 -4 -8 -11 -10 -7 -14 -5 -9 -17 -3 19 20 21 -19 -20 24 25 -1 27 28 -27 -25
right_child=-2 2 3 14 5 12 9 15 11 10 -12 -13 13 -15 -16 16 -18 18 22 -21 -22 -23 -24 29 -26 26 -28 -29 -30 -31
leaf_value=-0.00026054435538951933 0.00059167410633841012 -0.0038400379560384447 -0.031702462063061404 -0.013911761326546019 0.04646088710986078 -0.099983809331572193 -0.060043107662349937 -0.12267559044063092 0.12441332907974721 0.12475522759145703 0.017555242227880578 0.0050456024280616215 -0.12626656478359585 -0.0057321716580190701 0.11656336923129858 0.027213945955038073 -0.068221489990559908 -0.029912035702727737 -0.002129627764225006 0.14686031646560879 0.12454525829741248 0.073513489658259518 -0.11998335424810649 0.0098670330893728155 0.092977570427151823 0.018632072103875026 -0.1083651255284037 0.041908571905186098 -0.051972235938759916 -0.011407133544559524
leaf_weight=9867 70487 12731 85 22 30 93 20 35 25 29 57 35 21 64 20 25 65 88 45 32 27 34 20 2795 26 49 28 62 165 407
leaf_count=9867 70487 12731 85 22 30 93 20 35 25 29 57 35 21 64 20 25 65 88 45 32 27 34 20 2795 26 49 28 62 165 407
internal_value=-3.05329e-12 -0.00154453 -0.00414536 -0.0206641 -0.025618 -0.052515 -0.0107388 -0.0276129 0.00408428 0.0322423 0.0537041 0.0547822 -0.0691964 -0.0355113 0.0482193 -0.0643816 -0.0417116 -0.00334851 0.0220892 0.0438091 0.0216773 -0.00108853 -0.0383923 0.0010959 -0.00080923 -0.00104898 -0.0266393 -0.0183482 -0.0358058 0.00716292
internal_weight=97489 27002 13603 626 584 208 376 270 145 106 86 60 178 85 42 125 90 12977 246 181 149 122 65 13399 10197 10171 304 276 214 3202
internal_count=97489 27002 13603 626 584 208 376 270 145 106 86 60 178 85 42 125 90 12977 246 181 149 122 65 13399 10197 10171 304 276 214 3202
is_linear=0
shrinkage=0.1


Tree=74
num_leaves=31
num_cat=0
split_feature=104 107 47 46 9 5 46 96 39 7 65 47 84 13 89 1 19 47 105 46 41 0 13 89 44 6 27 92 104 43
split_gain=8.83528 21.0112 21.0546 20.7231 19.3767 19.1608 25.6407 16.7859 23.9961 28.2912 26.5842 25.1556 19.9792 15.9644 33.5613 20.6151 21.2289 14.8769 14.8672 20.25 26.7296 31.5352 22.558 19.7113 16.8271 16.4252 15.5935 15.1523 19.671 14.9899
threshold=104.45000000000002 2018.5000000000002 1.019904186645846 2.4522727272727276 5.7566384977112603 10.426756446725454 1.5131578947368423 219.50000000000003 2.1781685937879631 7.0639896588082092 4.5000000000000009 1.6747417363816017 118.50000000000001 2.0554714830003755 33.500000000000007 9.6916974776010445 1.0477225575051665 1.2344014203344911 0.90000000000000013 2.2052631578947373 1.2930157954626076 30.340000000000003 1.760452594784355 12.500000000000002 1.5857142857142861 26.300000000000001 1.3752257190455035 1.5000000000000002 103.10000000000001 1.1897227048854206
decision_type=2 2 8 10 10 10 10 2 10 10 10 10 10 10 10 10 10 10 10 10 10 10 10 10 10 10 10 10 2 10
left_child=1 2 -1 4 -3 -6 -7 13 12 17 -11 -12 18 -4 15 16 -15 -10 19 24 21 -21 -23 -22 -9 -26 -20 29 -29 -25
right_child=-2 3 7 -5 5 6 -8 8 9 10 11 -13 -14 14 -16 -17 -18 -19 26 20 23 22 -24 27 25 -27 -28 28 -30 -31
leaf_value=0.00056278478296945694 0.00025284796300879814 0.0099001356679946188 -0.010513645638754869 -0.060214354455471047 0.023487720231026098 0.047912538260221488 0.19779961318487216 -0.011345511657441187 0.051941564621833664 -0.012956744497237001 0.20126952590420844 0.042664212887175382 -0.074315198505154029 0.087341221389563184 -0.10866866766475142 0.049116511309971217 -0.016707360546307681 -0.036148222344480965 -0.063317448821137934 0.12579773640310443 0.068834120255929457 -0.077983971610665337 0.064501954972743997 0.018427954829083042 -0.046108323203192081 -0.0027194368661028045 0.026627904970360841 0.065682838548507011 -0.042795117222703995 -0.06939061124772801
leaf_weight=3414 91065 120 540 25 43 25 21 776 26 23 20 20 65 23 20 168 133 73 119 37 27 20 25 26 352 116 23 35 32 77
leaf_count=3414 91065 120 540 25 43 25 21 776 26 23 20 20 65 23 20 168 133 73 119 37 27 20 25 26 352 116 23 35 32 77
internal_value=1.20034e-11 -0.00358431 -0.00469626 0.0258301 0.0361225 0.0714784 0.116339 -0.011164 -0.0164793 0.020323 0.072709 0.121967 -0.0199255 0.000212218 0.0170493 0.0248097 -0.00136686 -0.0130135 -0.0178022 -0.0149168 0.00943159 0.0574071 0.00117488 -0.0105379 -0.0203776 -0.0353538 -0.0487488 -0.0231441 0.0138725 -0.0472228
internal_weight=97489 6424 6190 234 209 89 46 2776 1892 162 63 40 1730 884 344 324 156 99 1665 1523 279 82 45 197 1244 468 142 170 67 103
internal_count=97489 6424 6190 234 209 89 46 2776 1892 162 63 40 1730 884 344 324 156 99 1665 1523 279 82 45 197 1244 468 142 170 67 103
is_linear=0
shrinkage=0.1


Tree=75
num_leaves=31
num_cat=0
split_feature=78 1 53 89 87 59 55 46 9 87 46 2 16 7 104 102 44 106 13 17 34 34 11 23 4 106 50 14 22 40
split_gain=8.61413 19.5531 12.8511 13.6903 11.6488 9.92338 13.8386 15.993 18.4229 16.6919 34.0147 27.6615 36.4129 16.2576 15.1055 14.681 22.3 15.2049 18.225 14.4954 14.4196 17.7792 15.4793 14.2986 14.027 23.9474 24.0147 24.8202 22.6893 22.7105
threshold=1.0000000180025095e-35 1.9615045204525243 21.500000000000004 14.500000000000002 16.500000000000004 6.5000000000000009 31.500000000000004 3.1750000000000003 6.5680200425319457 139.50000000000003 2.6583333333333337 26.700000000000006 4.8535714285714286 7.193746445538828 98.850000000000009 8.5000000000000018 1.1833333333333336 78.500000000000014 1.1474379817391951 2.2072358089193869 0.19375000000000003 0.48684210526315791 5.0714629468617742 1.8994843864037187 28.565000000000005 32.500000000000007 10.350000000000003 6.1055555555555561 2.1026315789473689 0.94868421052631591
decision_type=10 8 10 10 10 8 8 10 10 10 10 10 10 10 2 10 10 2 10 10 10 10 10 10 8 2 10 10 8 10
left_child=5 -2 3 -3 -4 -1 7 9 -9 15 11 12 13 19 -8 -7 -17 -18 -19 -11 23 -22 -23 -20 25 -16 -27 -28 29 -26
right_child=1 2 4 -5 -6 6 14 8 -10 10 -12 -13 -14 -15 24 16 17 18 20 -21 21 22 -24 -25 28 26 27 -29 -30 -31
leaf_value=0.0037843109441110289 0.06948378374395163 -0.026612419772815584 -0.10696201782786485 0.047644934070607027 -0.014254654864983066 -0.0013235883356892083 -0.033998117503107363 -0.12655812017619611 -0.0060798256099224091 0.035987094253124227 -0.025517985701560976 -0.036161327051619695 0.0036285591027182015 0.20427766539156439 -0.044042771077227032 -0.0044590801886133678 -0.067723387903831117 -0.083153094211593281 0.071750406236646497 0.15348231228334563 -0.054552239486640633 -0.04063648527268978 0.048764871781071029 -0.033706458508968355 -0.039610438265089851 0.0035964234912955078 -0.00042674073151179726 0.11557179676034512 0.00087895926518486995 -0.0050388595479139084
leaf_weight=6624 23 144 33 30 23 37828 124 22 30 21 75 24 36 20 105 1094 94 40 36 21 91 34 45 20 198 14590 35 39 31278 4712
leaf_count=6624 23 144 33 30 23 37828 124 22 30 21 75 24 36 20 105 1094 94 40 36 21 91 34 45 20 198 14590 35 39 31278 4712
internal_value=-1.45375e-11 -0.0184281 -0.0272193 -0.0138094 -0.0688858 4.79485e-05 -0.00022519 -0.00162999 -0.0570514 -0.00155699 0.0274788 0.0600587 0.0836228 0.130071 0.000861965 -0.0017026 -0.0115632 -0.033152 -0.020935 0.0947347 -0.00992296 -0.0244204 0.0102883 0.0340872 0.000946794 0.00354389 0.00388463 0.0607076 -0.000113128 -0.00643299
internal_weight=97489 253 230 174 56 97236 90612 39531 52 39479 197 122 98 62 51081 39282 1454 360 266 42 226 170 79 56 50957 14769 14664 74 36188 4910
internal_count=97489 253 230 174 56 97236 90612 39531 52 39479 197 122 98 62 51081 39282 1454 360 266 42 226 170 79 56 50957 14769 14664 74 36188 4910
is_linear=0
shrinkage=0.1


Tree=76
num_leaves=31
num_cat=0
split_feature=45 29 29 111 65 50 104 41 103 53 83 65 5 55 38 15 9 109 106 110 103 23 109 7 97 43 50 81 82 80
split_gain=8.87775 24.2469 25.3822 21.9597 20.5282 20.4717 20.5052 34.2903 31.7729 30.3141 24.5924 24.2683 25.5134 23.1612 28.6182 23.0059 25.0547 21.396 28.2572 19.9793 27.4275 27.6585 22.9705 30.6065 23.4371 24.2153 25.0294 22.1148 36.7334 30.0088
threshold=1.8318150445912063 1.3095464222430511 0.96644555865403248 48.500000000000007 1.0000000180025095e-35 8.8000000000000025 118.05000000000001 1.657915574768474 0.28600000000000009 41.500000000000007 407.50000000000006 1.5000000000000002 12.774518221273725 41.500000000000007 2.0500000000000003 2.0193433343653777 9.2523270297488249 23.790554414784399 128.50000000000003 76.500000000000014 0.23400000000000001 2.2784505142784881 24.420260095824784 3.3540936844653131 5.5000000000000009 1.297417464888168 2.1500000000000008 300.50000000000006 136.50000000000003 924.0500000000003
decision_type=10 10 10 2 8 10 2 10 2 8 8 10 10 10 10 10 10 2 2 2 2 10 2 10 2 10 10 8 8 10
left_child=-1 2 4 19 -2 6 8 9 13 11 -10 -8 17 -6 -15 16 -12 18 -13 20 21 -4 23 -21 -25 26 -26 -24 29 -29
right_child=1 -3 3 -5 5 -7 7 -9 10 -11 15 12 -14 14 -16 -17 -18 -19 -20 22 -22 -23 27 24 25 -27 -28 28 -30 -31
leaf_value=0.00033498023147397911 -0.056955450690992476 -0.015592004960482809 0.15669929024118645 -0.028795765015610399 -0.052736525587511789 -0.034975838847351066 0.11795428975120835 -0.089947316765785212 -0.0010520411763542644 0.12550174227404981 -0.047958556539896467 0.00617005547339266 -0.094820988958790195 0.047539635134431033 -0.041791691102553159 -0.069145237758223496 0.063967177892724672 0.0036845615405021919 0.1704040796402842 0.11364121765925968 0.011841257552515402 0.030776722560513694 -0.029191175879773396 -0.010350112283429001 0.13484137776411242 0.014957844538093923 0.0030022645369172096 0.018713348016108824 -0.010330750954318062 0.11608248413414568
leaf_weight=86794 77 1287 26 187 231 217 23 25 3970 31 45 22 21 65 80 105 36 151 20 29 1579 53 353 368 36 512 24 219 866 37
leaf_count=86794 77 1287 26 187 231 217 23 25 3970 31 45 22 21 65 80 105 36 151 20 29 1579 53 353 368 36 512 24 219 866 37
internal_value=7.34717e-12 -0.00271849 -0.000957415 0.00471713 -0.00571188 -0.0049293 -0.00357799 0.0220607 -0.00523556 0.0325092 -0.00271708 0.0203456 0.00985491 -0.0330729 -0.00174661 -0.0382557 0.00178621 0.0212445 0.0843767 0.0062449 0.0147182 0.0722196 0.000496675 0.0124577 0.00933608 0.0220013 0.0821057 -0.00736111 -0.000493008 0.0327862
internal_weight=97489 10695 9408 4289 5119 5042 4825 293 4532 268 4156 237 214 376 145 186 81 193 42 4102 1658 79 2444 969 940 572 60 1475 1122 256
internal_count=97489 10695 9408 4289 5119 5042 4825 293 4532 268 4156 237 214 376 145 186 81 193 42 4102 1658 79 2444 969 940 572 60 1475 1122 256
is_linear=0
shrinkage=0.1


Tree=77
num_leaves=31
num_cat=0
split_feature=19 52 60 46 82 19 89 9 88 37 60 95 23 3 7 3 50 46 85 24 1 45 103 44 16 27 39 18 39 39
split_gain=8.46142 15.4501 19.424 17.0246 15.9406 20.7958 21.4796 24.247 20.7721 24.6463 19.8615 17.7774 20.9116 19.7761 21.6833 19.1321 18.0859 25.9544 21.7437 20.5287 22.9963 17.7253 43.3413 29.0145 29.8253 31.1929 32.4952 28.0937 48.5283 25.4651
threshold=2.6645164420321699 23.500000000000004 7.5000000000000009 1.8480769230769234 279.50000000000006 3.3640244544575082 40.500000000000007 9.9624292313955696 54.750000000000007 2.9832396974191338 6.5000000000000009 1.5000000000000002 3.5144437559024921 9.5241943374419336 4.3127561478046239 10.529463951737389 3.9500000000000006 3.0250000000000004 23.500000000000004 1.5500000000000003 15.175786635071526 2.4596745159918356 0.55850000000000011 3.2250000000000005 4.2052631578947377 1.7223893437415796 1.4925730515485935 5.9000000000000012 2.0484169237265779 1.7559358788538642
decision_type=10 10 10 10 8 10 10 10 10 10 10 10 10 10 10 8 10 10 8 10 10 10 2 10 10 10 10 10 10 10
left_child=-1 4 3 -3 8 11 -7 -8 21 10 -10 -6 13 -13 15 -15 17 -16 -19 20 -18 23 27 -2 29 26 -26 -23 -29 -25
right_child=1 2 -4 -5 5 6 7 -9 9 -11 -12 12 -14 14 16 -17 19 18 -20 -21 -22 22 -24 24 25 -27 -28 28 -30 -31
leaf_value=0.00036705952780731894 -0.00065380245219228512 0.004677943819585968 0.028788402943393673 -0.079792941624764357 -0.007193796015460681 -0.00076319649029138654 0.0063178779212413015 0.15158960998058321 0.013822705841532138 -0.077280755610815419 0.099272064987703093 -0.058064323695985104 0.032774967028052306 0.11377196042310625 -0.032148137227024719 -0.0090666396659798924 -0.050690198617115989 -0.014780839013033793 0.093671551429563099 -0.094877201182321777 0.071712659820914279 -0.060096508938087413 0.089017039858927463 -0.032674404239664098 -0.041617075701064453 -0.10613323859870434 0.023867984316765078 0.11778669847231922 -0.071434967543767852 -0.11077656622387862
leaf_weight=84389 8003 34 37 80 1183 1214 27 20 954 29 28 202 54 21 184 32 66 38 36 71 20 56 73 156 114 29 226 33 23 57
leaf_count=84389 8003 34 37 80 1183 1214 27 20 954 29 28 202 54 21 184 32 66 38 36 71 20 56 73 156 114 29 226 33 23 57
internal_value=-7.73241e-13 -0.00236456 -0.034167 -0.0545999 -0.00199371 -0.00815871 0.0018048 0.0681356 3.0912e-06 0.013576 0.0162591 -0.0147471 -0.027089 -0.0319138 -0.0206266 0.0396053 -0.0283189 -0.0120339 0.0379798 -0.0550801 -0.0222244 -0.00156159 0.0290638 -0.00222154 -0.0237792 -0.00658007 0.00191123 -0.0100129 0.0400707 -0.053575
internal_weight=97489 13100 151 114 12949 3168 1261 47 9781 1011 982 1907 724 670 468 53 415 258 74 157 86 8770 185 8585 582 369 340 112 56 213
internal_count=97489 13100 151 114 12949 3168 1261 47 9781 1011 982 1907 724 670 468 53 415 258 74 157 86 8770 185 8585 582 369 340 112 56 213
is_linear=0
shrinkage=0.1


Tree=78
num_leaves=31
num_cat=0
split_feature=87 81 7 21 1 46 88 8 87 84 80 3 45 7 30 17 89 104 109 91 90 14 16 103 15 57 16 103 2 8
split_gain=8.42319 20.0343 19.1596 31.3452 26.3632 23.0423 25.4449 33.4406 24.272 28.4973 26.5642 33.495 51.3364 24.931 23.2762 24.0822 22.5513 24.14 27.0956 26.1681 24.6359 22.2966 25.0008 37.9754 29.3048 20.2448 53.4497 20.5942 28.5204 19.3561
threshold=59.500000000000007 441.50000000000006 8.8175955884477943 2.5308804836935024 9.3044344266203556 1.5131578947368423 24.850000000000005 8.2111111111111121 61.500000000000007 18.500000000000004 571.75000000000011 7.1256539659602947 1.2671032908556688 4.7696931271769847 0.90000000000000013 2.5342942664375032 28.500000000000004 112.25000000000001 26.92265571526352 1.5000000000000002 3.5000000000000004 1.4142857142857144 2.2565789473684217 0.48700000000000004 1.6649983299916438 9.5000000000000018 4.452272727272728 0.57100000000000006 24.80500000000001 7.5277777777777786
decision_type=8 8 10 10 10 10 10 10 10 10 10 10 10 10 8 10 10 2 2 10 10 10 10 2 10 10 10 2 10 10
left_child=-1 2 5 4 -4 21 7 14 9 -9 11 12 -10 25 15 29 17 -6 19 -19 -20 -2 23 24 -23 27 -27 -12 -29 -7
right_child=1 -3 3 -5 16 6 -8 8 10 -11 13 -13 -14 -15 -16 -17 -18 18 20 -21 -22 22 -24 -25 -26 26 -28 28 -30 -31
leaf_value=-0.0005969496185300226 -0.03893064220283865 0.0005547806220318665 0.11990232296123578 0.13098141133785249 -0.012490630905995205 -0.0017277234732065092 -0.012612035337124806 0.15050385364748797 -0.081526323929429059 0.03236547874799673 0.057259118763983929 -0.058183542589090531 0.12530775010275344 0.0076281709027912099 -0.10458825884593859 0.063763211295008657 -0.077881199866533288 0.026058925390243532 -0.052731613850758953 0.17697584595945148 0.089488284165660542 0.237112064473331 0.01953717163283258 0.029054440493169038 0.065925648957490923 0.20947239136695864 0.035437463777003964 -0.039879494905471803 0.091347709577530634 -0.057403993763198907
leaf_weight=69022 49 25572 25 30 96 215 760 29 20 69 110 97 30 432 27 41 25 20 29 27 21 20 372 69 20 25 60 67 22 88
leaf_count=69022 49 25572 25 30 96 215 760 29 20 69 110 97 30 432 27 41 25 20 29 27 21 20 372 69 20 25 60 67 22 88
internal_value=-1.40178e-12 0.00144738 0.00933188 0.0345437 0.0226378 0.00670685 0.00198835 0.0103189 0.0201638 0.0673248 0.0148083 -0.0239122 0.0425741 0.0227579 -0.0151822 -0.00816488 0.0114836 0.0230594 0.0582429 0.112756 0.00700074 0.0253316 0.031878 0.0739955 0.151519 0.0457721 0.0866242 0.0283227 -0.00744131 -0.0178977
internal_weight=97489 28467 2895 273 243 2622 2092 1332 961 98 863 147 50 716 371 344 218 193 97 47 50 530 481 109 40 284 85 199 89 303
internal_count=97489 28467 2895 273 243 2622 2092 1332 961 98 863 147 50 716 371 344 218 193 97 47 50 530 481 109 40 284 85 199 89 303
is_linear=0
shrinkage=0.1


Tree=79
num_leaves=31
num_cat=0
split_feature=110 51 1 83 16 42 88 46 31 29 89 43 43 40 81 39 88 8 41 16 83 36 17 26 2 35 81 26 29 8
split_gain=8.35153 12.0803 27.4704 24.7238 23.9615 22.3702 20.6529 17.9782 20.7949 18.9275 16.7056 15.042 17.1195 15.8061 17.934 17.5771 14.5152 19.1649 24.0956 21.9623 22.8515 19.8399 18.3104 19.8348 17.1705 15.496 15.3168 18.4903 14.4862 16.7638
threshold=73.500000000000014 60.850000000000001 15.175786635071526 201.50000000000003 2.1026315789473689 3.4500000000000006 34.050000000000004 1.4868421052631582 0.86554360876699588 1.1747126000054033 16.500000000000004 0.97871355387816916 0.82657830373090102 2.552777777777778 404.50000000000006 0.55768438485135674 41.250000000000007 11.050000000000002 1.3721860322017945 2.7029411764705888 357.50000000000006 0.77500000000000013 2.3948958725434233 0.78888888888888908 27.763333333333339 0.46795329871770469 707.50000000000011 1.0500000000000003 1.5085524631031701 11.535714285714286
decision_type=2 10 10 8 10 10 10 10 8 10 10 10 10 10 10 10 10 10 10 10 10 10 10 10 10 10 8 8 10 10
left_child=1 7 4 -4 -3 16 -7 -1 9 11 -10 12 -9 15 -15 -13 17 -6 21 24 26 -19 23 -23 -20 -18 27 -21 29 -25
right_child=-2 2 3 -5 5 6 -8 8 10 -11 -12 13 -14 14 -16 -17 25 18 19 20 -22 22 -24 28 -26 -27 -28 -29 -30 -31
leaf_value=-0.0034804218151404985 0.00022397528525465793 0.10164042610837065 0.10463421954214575 0.00056040923865068525 -0.013675659146281847 -0.13622484621389405 -0.010273274779319764 -0.026237755371922897 -0.017398880861167396 -0.06668534288280889 0.10729490098628132 0.050496116951107985 0.036703344158242258 0.067569928074226487 -0.024865822927629361 -0.046473504867489364 -0.0039977466598862697 -0.047855663658784971 0.029304684237355279 -0.031785174799354186 0.092506536891063057 -0.044282186776399612 0.12036522346047254 0.12276825249195099 -0.075317919395503502 -0.069520646469159564 -0.037694236830081024 0.046761960661861786 0.12115139684506826 0.027477039450313896
leaf_weight=3336 92096 23 50 42 336 23 30 84 21 95 22 20 89 32 61 286 105 28 21 46 30 30 26 20 62 55 73 86 21 240
leaf_count=3336 92096 23 50 42 336 23 30 84 21 95 22 20 89 32 61 286 105 28 21 46 30 30 26 20 62 55 73 86 21 240
internal_value=1.16785e-11 -0.00382481 0.00437781 0.0571223 0.000511283 -0.00137668 -0.0649315 -0.00655564 -0.0210049 -0.0253502 0.0463979 -0.0184851 0.00614235 -0.0291631 0.00694003 -0.0401356 0.00148032 0.00587704 0.0154959 -0.004627 0.0109912 0.0330277 0.039748 0.0330083 -0.0488471 -0.0265212 -0.000937896 0.0193895 0.0412599 0.0348071
internal_weight=97489 5393 1347 92 1255 1232 53 4046 710 667 43 572 173 399 93 306 1179 1019 683 318 235 365 337 311 83 160 205 132 281 260
internal_count=97489 5393 1347 92 1255 1232 53 4046 710 667 43 572 173 399 93 306 1179 1019 683 318 235 365 337 311 83 160 205 132 281 260
is_linear=0
shrinkage=0.1


Tree=80
num_leaves=31
num_cat=0
split_feature=63 9 6 82 46 37 22 90 90 1 22 40 88 4 0 109 39 43 89 6 34 88 39 63 1 100 75 0 46 106
split_gain=8.11349 19.7327 25.0128 28.0247 24.5393 12.8988 11.6576 22.5105 15.1868 14.0076 12.8472 12.2672 27.8882 13.693 12.6974 14.5665 12.1054 12.2936 11.0494 10.4681 10.0369 10.2028 9.6779 10.8664 17.7266 11.6051 10.8124 21.1742 32.0168 36.6779
threshold=22.500000000000004 8.7053623262628275 16.450000000000003 370.50000000000006 1.2899159663865549 1.0477225575051665 11.275000000000002 2.5000000000000004 8.5000000000000018 11.972781631666221 11.075000000000001 5.1750000000000016 71.850000000000009 55.215000000000011 56.510000000000012 28.299794661190969 3.123386447514156 1.3227406337702019 19.500000000000004 22.450000000000003 0.34166666666666673 35.250000000000007 2.9944369918617881 21.500000000000004 9.3791257550451608 1.0000000180025095e-35 10.500000000000002 49.810000000000009 2.0513157894736849 849.50000000000011
decision_type=10 10 10 10 10 10 10 10 10 10 10 10 10 10 10 2 10 10 10 10 10 10 10 10 8 2 10 10 8 2
left_child=6 4 -3 -4 -2 -6 10 -8 -9 -10 11 16 13 -13 -15 -16 22 -18 20 -5 -7 -22 23 26 -25 -26 -1 28 29 -28
right_child=1 2 3 19 5 18 7 8 9 -11 -12 12 -14 14 15 -17 17 -19 -20 -21 21 -23 -24 24 25 -27 27 -29 -30 -31
leaf_value=-0.00013439326800433385 -0.0022372080187778921 0.12420081282034517 -0.058019643276929857 0.006575698405504227 0.0016116150551372104 -0.026515754312276842 0.1144758381098509 -0.018129043405254685 0.0094770156568096536 0.11525462259139335 -0.042498540857308351 0.0059535398165910291 -0.061732346975597846 0.11725075338568008 -0.015032277166843414 0.094036467311282956 0.0017928202450275422 -0.10775562052038455 -0.028726809252053499 0.10653721155090766 -0.06945741598804793 -0.15003458306193351 0.051870543307935203 -0.087833022847268238 0.037222715159360729 -0.044876769825085913 0.015123397752772952 -0.0058191721106975085 0.0049511358544405302 0.075530809566783388
leaf_weight=93641 252 21 40 20 36 20 25 75 31 21 71 52 29 35 25 24 20 21 50 22 33 30 36 37 36 33 293 954 1353 153
leaf_count=93641 252 21 40 20 36 20 25 75 31 21 71 52 29 35 25 24 20 21 50 22 33 30 36 37 36 33 293 954 1353 153
internal_value=8.97856e-12 -0.0124099 0.026823 0.00188472 -0.0220084 -0.0514898 6.70632e-05 0.0277392 0.010665 0.0521949 2.3617e-05 5.48245e-05 0.0272981 0.0462826 0.0712482 0.0383891 8.27978e-06 -0.0543174 -0.0658631 0.0589365 -0.0882343 -0.107827 3.13525e-05 1.20136e-05 -0.0319881 -0.00204226 4.72026e-05 0.00622403 0.0126105 0.0358461
internal_weight=97489 524 103 82 421 169 96965 152 127 52 96813 96742 165 136 84 49 96577 41 133 42 83 63 96536 96500 106 69 96394 2753 1799 446
internal_count=97489 524 103 82 421 169 96965 152 127 52 96813 96742 165 136 84 49 96577 41 133 42 83 63 96536 96500 106 69 96394 2753 1799 446
is_linear=0
shrinkage=0.1


Tree=81
num_leaves=31
num_cat=0
split_feature=103 53 87 88 11 45 79 34 47 52 47 45 43 29 32 57 47 104 1 34 43 83 87 41 19 24 95 1 13 28
split_gain=8.00109 12.0884 17.184 18.0714 11.228 11.5827 18.7017 29.7839 29.497 21.9855 20.1891 13.5109 12.7286 10.5467 9.95026 13.2275 11.9533 9.57467 17.1525 26.3024 28.4501 19.2174 16.9423 17.3519 27.5453 30.6203 37.8376 31.0798 29.5706 24.9196
threshold=0.18900000000000003 47.500000000000007 172.50000000000003 32.650000000000013 9.4464557231214759 2.1095018999886315 8.5000000000000018 0.59411764705882364 1.27382001931588 3.5000000000000004 1.4304022957551952 1.8272620441316241 2.5132957790129056 1.5564855493770222 0.29285714285714287 10.500000000000002 1.5597118672857377 118.05000000000001 14.618173619090834 0.15192307692307697 1.7604525947843548 389.50000000000006 24.500000000000004 1.7052153084492276 1.760452594784355 0.77500000000000013 4.5000000000000009 7.0178344223624611 1.4487266298961143 0.7947368421052633
decision_type=2 10 8 10 10 10 10 10 10 10 10 10 10 10 10 10 10 2 8 8 10 10 10 10 10 10 10 10 10 10
left_child=1 2 4 -4 5 6 10 8 -8 -10 13 14 -7 -1 -12 16 -16 -2 21 20 -20 22 -19 24 -24 29 27 28 -27 -26
right_child=17 -3 3 -5 -6 12 7 -9 9 -11 11 -13 -14 -15 15 -17 -18 18 19 -21 -22 -23 23 -25 25 26 -28 -29 -30 -31
leaf_value=-0.0070000888044402928 -9.6528087782582332e-05 -0.061259622372141699 -0.0071990348753475019 0.12562089495360851 0.053229313318071694 -0.093590854322819994 -0.022046286430209876 -0.041494048076779831 0.046170484991027765 0.17751049947738651 -0.091588647603331241 0.0089919228651901568 0.0075104486569762237 0.066516559869050987 0.039882039796147087 -0.090205845429051315 -0.048138053715229036 -0.0037362921436548883 0.02234536750323099 0.015736581098937084 0.18333367088011332 -0.052148983106317541 0.0038022876279332138 -0.019597961027817482 -0.024541268931885421 0.1925093328410929 0.15072470586746933 0.023101337572120354 0.054594265605391115 0.048714739840099774
leaf_weight=803 92438 41 21 20 29 33 25 38 26 25 51 41 20 20 27 31 36 1536 23 267 21 62 1062 174 142 22 32 301 53 69
leaf_count=803 92438 41 21 20 29 33 25 38 26 25 51 41 20 20 27 31 36 1536 23 267 21 62 1062 174 142 22 32 301 53 69
internal_value=-1.45171e-11 -0.00783249 -0.00607445 0.0575912 -0.00824067 -0.00975651 -0.0076005 0.0307918 0.0669347 0.110553 -0.0119382 -0.0416929 -0.0554394 -0.00521354 -0.0560245 -0.0367291 -0.0104152 0.000104784 0.00504869 0.0275422 0.0991807 0.00302278 0.00403152 0.0104635 0.0135752 0.0303422 0.0463368 0.0374527 0.0950494 -0.000585513
internal_weight=97489 1287 1246 41 1205 1176 1123 114 76 51 1009 186 53 823 145 94 63 96202 3764 311 44 3453 3391 1855 1681 619 408 376 75 211
internal_count=97489 1287 1246 41 1205 1176 1123 114 76 51 1009 186 53 823 145 94 63 96202 3764 311 44 3453 3391 1855 1681 619 408 376 75 211
is_linear=0
shrinkage=0.1


Tree=82
num_leaves=31
num_cat=0
split_feature=47 0 77 86 13 11 1 88 9 86 55 40 43 103 17 17 82 46 8 50 41 95 92 104 10 18 23 49 81 7
split_gain=8.17479 37.4156 35.8275 38.4079 24.65 23.235 23.8996 27.7754 28.8994 33.2473 22.2337 40.2516 25.2814 18.7416 18.0477 18.0166 27.1417 22.3643 37.8716 20.6546 20.5744 23.767 21.9694 18.0387 24.3687 32.9969 44.0367 35.5034 31.3954 27.1762
threshold=1.3950098240395692 10.763333333333337 7.5000000000000009 34.500000000000007 3.2951866393154163 5.7731988073387619 5.6804929363568446 42.45000000000001 6.2276264774598395 93.500000000000014 60.500000000000007 4.1250000000000009 1.7604525947843548 0.5335000000000002 2.0624229592703309 2.6879563016541579 599.50000000000011 2.8090909090909095 26.850000000000005 23.350000000000005 1.5661344103611374 1.0000000180025095e-35 1.0000000180025095e-35 113.85000000000001 11.025000000000002 2.5500000000000003 2.0926141840629104 48.350000000000001 756.50000000000011 6.3047588595221757
decision_type=10 10 10 10 10 10 10 10 10 10 10 10 10 2 10 8 8 10 10 10 10 10 10 2 10 10 10 8 10 10
left_child=2 -2 10 -4 5 -5 -7 8 9 -8 -1 12 14 -9 -12 19 -17 20 -19 23 21 -18 -22 -3 -25 -26 27 28 -27 -28
right_child=1 15 3 4 -6 6 7 13 -10 -11 11 -13 -14 -15 -16 16 17 18 -20 -21 22 -23 -24 24 25 26 29 -29 -30 -31
leaf_value=0.00026491892422724134 -0.025227534381870448 -0.0010842575676361047 0.15223595950131616 -0.0058910219611313479 -0.072150458567417586 -0.023764124785254644 0.06593695713884451 0.052670212171971799 0.054593500017081624 0.24408306762576104 0.069078152914099952 0.10612895960733296 0.096436985706289613 -0.072410321624382684 -0.00047632299525582279 -0.0062322299594252829 0.054730393049808646 0.18094193673004277 0.019902070050593468 -0.09626570665700869 0.10469718201884202 -0.059175478060158992 0.0071894137257271827 0.017728527914323895 -0.0099887900951133 -0.0081401413544598556 -0.015474707259052638 0.034266478981016119 0.099568693134291425 0.0079597743737021796
leaf_weight=66170 643 16084 24 130 26 41 22 25 122 20 41 50 33 23 414 7203 26 23 40 22 35 62 68 1253 1545 405 820 842 29 1248
leaf_count=66170 643 16084 24 130 26 41 22 25 122 20 41 50 33 23 414 7203 26 23 40 22 35 62 68 1253 1545 405 820 842 29 1248
internal_value=2.95174e-12 -0.00136204 0.000615647 0.0292877 0.0220732 0.0284695 0.0461252 0.0596415 0.0792237 0.150768 0.000429537 0.0206763 0.011921 -0.00726421 0.00579122 -0.000845442 -0.00509932 0.0270281 0.0786944 0.000580356 0.00998635 -0.0255215 0.0403231 0.000676218 0.00528636 0.00209756 0.00768171 0.0222908 -0.000943007 -0.00133243
internal_weight=97489 30348 67141 433 409 383 253 212 164 42 66708 538 488 48 455 29705 7457 254 63 22248 191 88 103 22226 6142 4889 3344 1276 434 2068
internal_count=97489 30348 67141 433 409 383 253 212 164 42 66708 538 488 48 455 29705 7457 254 63 22248 191 88 103 22226 6142 4889 3344 1276 434 2068
is_linear=0
shrinkage=0.1


Tree=83
num_leaves=31
num_cat=0
split_feature=107 104 87 45 86 104 69 106 42 7 1 17 71 7 47 2 82 1 104 73 45 47 12 20 53 23 30 96 82 87
split_gain=8.20363 19.69 23.3225 26.1351 30.4314 23.6617 27.894 34.5843 45.2521 28.5169 29.4638 24.4681 29.9435 34.2389 32.8293 32.2325 31.8675 27.5673 32.6098 26.8979 28.4622 26.515 35.3239 26.488 29.8363 28.4149 26.1722 30.5612 34.1844 26.6949
threshold=2021.5000000000002 110.65000000000002 59.500000000000007 2.155091149507784 64.500000000000014 111.15000000000002 1.5000000000000002 342.50000000000006 2.5500000000000003 13.137731368681655 14.377186788412404 1.9702705232092939 2.5000000000000004 4.2130707077691634 1.669777751528555 49.995000000000012 321.50000000000006 9.144861945009005 112.25000000000001 6.5000000000000009 1.4925730515485933 1.4685294503919091 2.7750000000000004 6.5357142857142865 34.500000000000007 3.0665854329812015 0.36666666666666675 212.00000000000003 122.50000000000001 70.500000000000014
decision_type=2 2 8 10 10 2 8 2 10 10 10 10 10 10 10 10 8 10 2 8 10 10 10 10 10 10 10 2 8 10
left_child=1 -1 3 -3 -5 6 7 8 -4 10 -8 26 13 14 16 17 21 23 19 -19 -21 22 -13 24 -15 -25 27 -7 -29 -28
right_child=-2 2 5 4 -6 11 9 -9 -10 -11 -12 12 -14 15 -16 -17 -18 18 -20 20 -22 -23 -24 25 -26 -27 29 28 -30 -31
leaf_value=-0.00059343123066834158 -0.0010876554797568311 0.0016998057463444773 0.048085685608521951 -0.037067778670785222 0.072133839047247808 -0.0037872493148224991 0.019563586667860861 -0.014095554181507656 0.20018956967509324 0.11929483665869788 -0.054196521546691662 -0.070860662914457778 0.0047112562792604052 0.011714450440618147 0.132677468794341 -0.081023134223439486 0.14470867440104485 -0.02654382624721105 0.058537661951912005 0.12420588440952762 0.0012791996666540704 -0.061437370892493959 0.075058013744227881 0.15828223710968381 -0.049254394242117257 -0.0062225505709648139 0.013992428110284082 0.1411511101360832 0.023388067301977608 -0.032884160916590306
leaf_weight=36974 40522 13574 53 288 28 770 556 35 31 26 60 21 2606 251 49 33 24 113 273 31 48 31 79 21 118 21 166 28 206 453
leaf_count=36974 40522 13574 53 288 28 770 556 35 31 26 60 21 2606 251 49 33 24 113 273 31 48 31 79 21 118 21 166 28 206 453
internal_value=7.40163e-12 0.000773676 0.00330193 0.00103797 -0.0273917 0.00845455 0.0249518 0.0694208 0.104219 0.0167091 0.0123792 0.00610442 0.0105753 0.0243055 0.0613292 0.0159966 0.0387739 0.0196515 0.0363293 0.00475173 0.0495163 0.019366 0.0444151 0.000782389 -0.00778236 0.0760298 -0.00414035 0.00583067 0.0374794 -0.0203131
internal_weight=97489 56967 19993 13890 316 6103 761 119 84 642 616 5342 3719 1113 204 909 155 876 465 192 79 131 100 411 369 42 1623 1004 234 619
internal_count=97489 56967 19993 13890 316 6103 761 119 84 642 616 5342 3719 1113 204 909 155 876 465 192 79 131 100 411 369 42 1623 1004 234 619
is_linear=0
shrinkage=0.1


Tree=84
num_leaves=31
num_cat=0
split_feature=63 9 84 44 49 40 15 104 79 88 80 84 89 104 48 94 23 93 21 41 3 15 83 89 87 23 104 5 22 37
split_gain=8.02537 19.2481 24.5597 22.4333 21.7917 28.4832 24.2576 22.5323 20.3639 21.7581 24.281 27.7139 29.0613 23.0077 20.2263 18.8322 17.8959 17.4336 17.7547 16.9153 16.3234 16.2931 14.7248 16.2694 27.4323 15.9222 15.8314 14.3122 27.683 17.2377
threshold=12.500000000000002 10.095378296869619 85.500000000000014 3.1500000000000008 56.650000000000013 2.8535714285714291 1.8794438991510598 113.45000000000002 8.5000000000000018 28.850000000000005 810.30000000000007 5.5000000000000009 26.500000000000004 115.45000000000002 17.250000000000004 1.5000000000000002 2.2109177048965871 1.0000000180025095e-35 1.843852713849979 1.4254881213734898 12.155611415644094 1.4785476554822548 309.50000000000006 21.500000000000004 155.50000000000003 2.1595360580301786 107.75000000000001 13.774440001940858 3.0250000000000004 2.2912618684212727
decision_type=10 10 8 10 10 10 10 2 10 10 10 10 10 2 8 10 10 10 10 10 10 10 10 8 10 10 2 10 10 10
left_child=1 14 3 8 6 15 -5 -8 21 17 11 -11 -13 -12 22 19 -7 18 -10 -6 -17 -3 -1 24 -24 -26 -25 -16 -29 -30
right_child=-2 2 -4 4 5 16 7 -9 9 10 13 12 -14 -15 27 20 -18 -19 -20 -21 -22 -23 23 26 25 -27 -28 28 29 -31
leaf_value=0.00015197380328726973 -0.0017413684415204561 -0.050709941731765865 -0.054123256389244367 -0.040333458408713344 -0.058898019837215543 -0.042705382127314812 0.0058162292136865502 0.13958204295486212 -0.039241687711328271 0.0084561330716936816 -0.008080627759630532 0.20841408109602833 0.057178088691499498 0.10971491744741797 0.0037290422185720937 -0.011688471063971521 0.062249254322413239 -0.09227514914844348 0.056868869901911638 0.048707287536845327 -0.11187791097695116 -0.003847860489503085 -0.018544750341054236 0.00665120012126863 0.13362550077959898 0.012814462060729663 -0.067786704048514376 -0.0030986464140834256 0.030881794615030184 0.10779442154307617
leaf_weight=63094 20815 80 116 52 48 32 34 20 40 31 97 24 27 20 10638 20 33 23 37 21 87 1022 227 40 20 24 100 309 326 32
leaf_count=63094 20815 80 116 52 48 32 34 20 40 31 97 24 27 20 10638 20 33 23 37 21 87 1022 227 40 20 24 100 309 326 32
internal_value=-6.31279e-12 0.000472736 -0.0095648 -0.00660783 -0.0293709 -0.0459906 0.00841559 0.0553591 -0.000969873 0.0221756 0.0412983 0.083023 0.128348 0.0120554 0.000722836 -0.066883 0.0105793 -0.0158785 0.00694131 -0.0261486 -0.0931509 -0.00724983 2.90751e-05 -0.0188375 -0.00453727 0.0677286 -0.0465187 0.00461999 0.0188297 0.0377567
internal_weight=97489 76674 1864 1748 347 241 106 54 1401 299 199 82 51 117 74810 176 65 100 77 69 107 1102 63505 411 271 44 140 11305 667 358
internal_count=97489 76674 1864 1748 347 241 106 54 1401 299 199 82 51 117 74810 176 65 100 77 69 107 1102 63505 411 271 44 140 11305 667 358
is_linear=0
shrinkage=0.1


Tree=85
num_leaves=31
num_cat=0
split_feature=102 7 11 29 77 67 21 77 81 39 84 14 7 51 42 61 44 42 41 44 88 11 34 36 3 104 11 28 47 73
split_gain=7.86543 15.2845 19.489 26.8646 20.4461 19.4724 21.4201 16.4201 16.2667 18.4746 19.7244 26.4529 17.3065 17.192 21.5772 21.1391 19.7396 40.5927 20.1656 21.2578 18.0414 22.7316 22.4245 22.8946 29.0929 26.1992 25.7437 24.0781 19.9547 19.8407
threshold=2.5000000000000004 11.651180000152273 8.5525465579359281 1.1967304136657921 7.5000000000000009 6.5000000000000009 1.1622332768749206 12.500000000000002 1645.5000000000002 1.2888391932218626 125.50000000000001 6.6125000000000007 5.4543541314789801 60.150000000000013 4.7000000000000002 8.5000000000000018 3.4500000000000006 3.1000000000000005 1.1430124454743453 1.5857142857142861 17.650000000000002 8.5031727821110934 0.15192307692307697 2.1000000000000005 5.1627996277695347 113.65000000000002 7.3129301404380298 1.1464285714285716 0.91052567998842104 2.5000000000000004
decision_type=8 10 10 10 10 10 10 10 10 10 10 10 10 10 10 10 10 10 10 10 8 10 8 10 8 2 10 10 10 8
left_child=-1 7 4 -4 5 6 -3 8 13 12 11 -11 -10 14 15 20 17 18 19 -17 28 22 23 24 -22 -26 -27 -25 -2 -23
right_child=1 2 3 -5 -6 -7 -8 -9 9 10 -12 -13 -14 -15 -16 16 -18 -19 -20 -21 21 29 -24 27 25 26 -28 -29 -30 -31
leaf_value=0.00053407847681999593 -0.00013871817365007866 0.054243281977251173 0.012969320310758059 -0.039269885798362464 -0.12257267578884408 0.049080277868994965 -0.056294081393878537 0.06733432582978692 -0.049632431329651311 -0.10145421820456413 0.035047731788889057 -0.023131858442009483 0.059853503280984502 0.0024917019655141038 -0.085012199650554982 -0.015058294994881949 0.081673186458647254 -0.085220700355344695 -0.0038202348852458788 -0.059636746058660921 0.12970131856203079 -0.10571480722477039 0.00082423955628214767 -0.033237421241917198 0.010003229631123919 0.03844960020508871 0.15043508274399717 0.077220587238021526 -0.010939785773252811 -0.017506610954947332
leaf_weight=72025 3864 20 294 148 27 27 142 35 22 67 31 121 42 9170 32 416 22 76 1299 144 25 30 5163 139 632 191 23 23 3069 170
leaf_count=72025 3864 20 294 148 27 27 142 35 22 67 31 121 42 9170 32 416 22 76 1299 144 25 30 5163 139 632 191 23 23 3069 170
internal_value=2.02129e-11 -0.00151064 -0.0165534 -0.00452254 -0.0411722 -0.0295435 -0.0426475 -0.00111162 -0.00120833 -0.0250458 -0.038858 -0.0510446 0.0222177 -0.000932848 -0.00298293 -0.00281121 -0.0125163 -0.0135872 -0.0106586 -0.0265213 -0.00138628 0.00244411 0.00351518 0.0169647 0.0233851 0.0202434 0.0504854 -0.0175551 -0.00491998 -0.0307378
internal_weight=97489 25464 658 442 216 189 162 24806 24771 283 219 188 64 24488 15318 15286 1957 1935 1859 560 13329 6396 6196 1033 871 846 214 162 6933 200
internal_count=97489 25464 658 442 216 189 162 24806 24771 283 219 188 64 24488 15318 15286 1957 1935 1859 560 13329 6396 6196 1033 871 846 214 162 6933 200
is_linear=0
shrinkage=0.1


Tree=86
num_leaves=31
num_cat=0
split_feature=97 47 80 45 83 7 18 8 4 87 83 11 11 44 29 29 0 10 44 52 41 94 29 103 8 39 83 90 29 11
split_gain=7.98584 17.2779 26.5365 22.8971 37.2512 20.4147 16.3862 16.0564 16.7871 14.1142 32.7645 37.8916 25.9886 23.1159 19.9649 21.7603 21.6806 26.9314 26.7122 38.0888 25.2336 23.3367 28.36 19.976 34.9667 21.2563 19.3323 24.6816 29.0718 31.9443
threshold=8.5000000000000018 2.4599422184164896 1022.6000000000003 2.8333318067690958 59.500000000000007 8.6544766810101255 4.291666666666667 14.225000000000001 20.516590909090915 130.50000000000003 89.500000000000014 6.3402432287538613 5.6284053825053393 2.878571428571429 0.75493299047175333 0.75935458991449933 22.550000000000008 20.525000000000002 4.0500000000000007 12.500000000000002 1.7052153084492276 4.5000000000000009 1.0713822763440657 0.66300000000000014 22.450000000000003 1.451051994566251 352.50000000000006 2.5000000000000004 0.91239021765213435 8.0062475537521625
decision_type=2 10 8 10 10 10 10 10 10 10 10 10 10 10 10 10 10 10 10 10 10 10 10 2 8 10 10 10 10 10
left_child=1 3 6 9 -5 -6 7 8 -3 -1 11 12 -11 -13 -12 -16 -17 20 19 23 26 22 -21 -19 -25 -26 27 -18 -29 -30
right_child=-2 2 -4 4 5 -7 -8 -9 -10 10 14 13 -14 -15 15 16 17 18 -20 21 -22 -23 -24 24 25 -27 -28 28 29 -31
leaf_value=0.00057495104712746163 -0.00089420893548742349 -0.038574502468109131 -0.064477381491850991 -0.046711407393217087 0.17512410426173697 0.050763066846764453 0.062218172209603455 -0.055761557649455819 0.088011603057384494 0.066413994929088019 -0.018526452374095868 0.052444619586800828 0.19566949689760804 -0.030317341363919316 0.1055036617361981 -0.036436401140831763 0.072157233971386001 -0.0080401383532526013 -0.054367158519921868 -0.0046854015055393418 0.10822849987954315 0.12931697128735709 0.12305742967873812 -0.058263683157122659 0.029707194787674935 0.15422729116219741 -0.027321169075107073 0.047998747594654563 -0.038217240788099426 0.038420684563536804
leaf_weight=45580 49333 20 102 25 22 33 35 51 22 70 314 68 20 67 23 105 104 710 82 63 36 33 24 23 29 26 70 175 131 93
leaf_count=45580 49333 20 102 25 22 33 35 51 22 70 314 68 20 67 23 105 104 710 82 63 36 33 24 23 29 26 70 175 131 93
internal_value=1.24143e-11 0.000916065 -0.0264267 0.00104728 0.0545016 0.100507 0.00389501 -0.0180546 0.0277325 0.000957907 0.00866096 0.0448771 0.0951374 0.0113702 0.0046685 0.00888576 0.00758165 0.0104721 0.00029334 0.00522964 0.027019 0.0577138 0.030554 -0.00276287 0.0452738 0.0885712 0.0219168 0.028769 0.0174598 -0.00639882
internal_weight=97489 48156 230 47926 80 55 128 93 42 47846 2266 225 90 135 2041 1727 1704 1599 990 908 609 120 87 788 78 55 573 503 399 224
internal_count=97489 48156 230 47926 80 55 128 93 42 47846 2266 225 90 135 2041 1727 1704 1599 990 908 609 120 87 788 78 55 573 503 399 224
is_linear=0
shrinkage=0.1


Tree=87
num_leaves=31
num_cat=0
split_feature=85 19 103 88 45 109 7 46 15 5 15 82 39 40 4 39 10 40 30 94 40 12 103 77 81 10 12 35 59 50
split_gain=7.78585 14.0871 20.4773 17.842 15.3063 18.7287 21.7478 21.3037 26.8546 22.9584 20.2805 23.9443 17.7369 32.1484 25.7874 26.4751 33.7753 33.4711 32.1992 26.0043 36.1313 25.1455 37.2012 23.2311 23.0281 22.2902 22.0866 21.5464 27.1959 24.5973
threshold=15.500000000000002 5.0744433909673754 0.49400000000000005 55.95000000000001 1.730445569110435 21.025325119780977 1.3227406337702023 2.2638888888888893 2.2029013142248588 10.23605019924679 1.8522829070850384 176.50000000000003 1.4952303005917591 3.9045454545454548 23.481666666666673 1.9013359187939571 29.225000000000005 3.552777777777778 1.1000000000000003 5.5000000000000009 3.0513157894736849 6.5500000000000007 0.62150000000000005 8.5000000000000018 60.500000000000007 27.875000000000004 5.5500000000000007 0.73309395134597721 16.500000000000004 0.85000000000000009
decision_type=10 10 2 10 10 2 10 10 10 10 10 8 10 10 10 10 10 10 10 10 10 10 2 10 8 10 10 10 10 10
left_child=1 4 -3 -4 -1 7 -7 10 -9 -10 -6 -12 25 14 -14 24 17 18 -17 20 -18 26 -23 -19 -16 -8 -15 -26 29 -29
right_child=-2 2 3 -5 5 6 12 8 9 -11 11 -13 13 21 15 16 19 23 -20 -21 -22 22 -24 -25 27 -27 -28 28 -30 -31
leaf_value=0.0013211743055830517 -0.0010906771829666633 0.059053200953593947 -0.024987523498143569 0.069547915053912085 -0.038883889324679073 0.091176142066717147 -0.0045050204124159644 -0.1021385812561118 0.054652707080046339 -0.046085908237601753 -0.00089613605188346959 0.10768907847390935 -0.034209198076277973 -0.01520302806599353 -0.030700552815900801 -0.02061377797692952 -0.013006520904600622 0.016496188193559646 0.10522451444218557 -0.037246575094759468 0.15381926932951084 -0.084977585880212425 0.051008645389229057 0.12741006962381876 0.018183845370380491 -0.046733372725429947 0.073538386099971834 0.041639416174556333 -0.009527956403791905 0.12446224069009063
leaf_weight=49371 39160 101 86 26 141 25 5331 62 30 92 264 22 130 227 82 641 20 69 21 20 37 103 25 26 1019 128 32 87 50 61
leaf_count=49371 39160 101 86 26 141 25 5331 62 30 92 264 22 130 227 82 641 20 69 21 20 37 103 25 26 1019 128 32 87 50 61
internal_value=-5.82109e-12 0.000732242 0.0264023 -0.0030418 0.000638159 -0.00321789 -0.00194953 -0.020103 -0.0485484 -0.0213141 -0.00784555 0.00745657 -0.00223664 0.00447593 0.00903074 0.0116661 -0.00223809 -0.0086563 -0.0166219 0.0608604 0.0952839 -0.0221585 -0.0584178 0.0468516 0.020593 -0.00549517 -0.00423884 0.0240491 0.0542345 0.0757759
internal_weight=97489 58329 213 112 58116 8745 8134 611 184 122 427 286 8109 2650 2263 2133 834 757 662 77 57 387 128 95 1299 5459 259 1217 198 148
internal_count=97489 58329 213 112 58116 8745 8134 611 184 122 427 286 8109 2650 2263 2133 834 757 662 77 57 387 128 95 1299 5459 259 1217 198 148
is_linear=0
shrinkage=0.1


Tree=88
num_leaves=31
num_cat=0
split_feature=42 38 90 1 67 83 75 76 21 36 13 82 40 37 47 87 9 10 1 82 85 46 29 88 10 38 19 60 20 22
split_gain=7.93668 8.01661 11.0628 12.6098 8.6833 14.4178 13.8634 16.6941 12.6405 12.4939 32.1474 23.5669 21.012 15.5733 23.5874 26.6376 26.919 19.8554 19.8126 30.4041 21.404 16.2568 19.7741 20.2437 18.8759 26.0016 24.8827 18.3114 21.9895 17.9117
threshold=6.9000000000000012 5.9500000000000011 9.5000000000000018 11.57760769472072 7.5000000000000009 8.5000000000000018 10.500000000000002 3.5000000000000004 1.1831231205715005 2.3666666666666671 1.4487266298961143 198.50000000000003 3.2565789473684217 1.6380804171854755 1.4192787776102642 36.500000000000007 11.161690297554662 27.125000000000004 6.1972574574153851 44.500000000000007 8.5000000000000018 5.5750000000000002 0.97414489135340243 44.850000000000001 29.625000000000004 3.9500000000000006 2.4949899597988741 3.5000000000000004 8.1500000000000004 3.552777777777778
decision_type=10 10 10 10 10 8 10 10 10 10 10 10 10 10 10 8 10 10 10 10 10 10 10 10 10 10 10 10 10 10
left_child=1 4 3 -3 6 -6 -1 9 -7 10 11 -8 -12 14 -11 17 -17 -16 19 -15 -21 22 24 29 25 -20 -27 -25 -29 -24
right_child=-2 2 -4 -5 5 8 7 -9 -10 13 12 -13 -14 18 15 16 -18 -19 21 20 -22 -23 23 27 -26 26 -28 28 -30 -31
leaf_value=-3.1543124279827423e-05 -0.053232632045234957 0.064825480827130383 0.088881622503201169 -0.040790837086164038 -0.060228715515992751 -0.064152258842119156 0.03504804425686598 0.075381010605229282 -0.0037010042948573299 0.015199403700103323 0.0034064107683427153 0.17695998976176436 0.10332085430703086 -0.058040982432177535 0.071357086732983591 -0.037629802664726986 0.060662953394154707 -0.018215354725870551 0.021544488978300556 0.14052606294552486 0.042277381013640591 0.093500083755879176 -0.070129423620908168 -0.012537007088185382 -0.0169029491618999 0.18648744758218527 0.030634152179672604 -0.1567538227708567 -0.032380067470314154 0.022803954479959906
leaf_weight=92048 28 20 24 26 47 35 25 36 2954 310 248 22 23 23 50 391 30 49 288 30 85 21 23 233 103 20 21 21 44 211
leaf_count=92048 28 20 24 26 47 35 25 36 2954 310 248 22 23 23 50 391 30 49 288 30 85 21 23 233 103 20 21 21 44 211
internal_value=1.29326e-11 1.52935e-05 0.0338444 0.0051293 -9.02128e-06 -0.00527301 0.000160355 0.00781696 -0.00440886 0.00674594 0.0251273 0.101475 0.0118862 0.00375296 -0.00663403 -0.0196501 -0.0306256 0.0270233 0.0114299 0.0469161 0.0679075 0.00645823 0.00456209 -0.00834402 0.0204557 0.0321516 0.10666 -0.0256298 -0.0725624 0.0136695
internal_weight=97489 97461 70 46 97391 3036 94355 2307 2989 2271 318 47 271 1953 830 520 421 99 1123 138 115 985 964 532 432 329 41 298 65 234
internal_count=97489 97461 70 46 97391 3036 94355 2307 2989 2271 318 47 271 1953 830 520 421 99 1123 138 115 985 964 532 432 329 41 298 65 234
is_linear=0
shrinkage=0.1


Tree=89
num_leaves=31
num_cat=0
split_feature=91 103 42 29 63 90 13 42 89 90 45 29 105 87 88 42 32 97 26 19 16 14 76 52 15 87 103 18 26 94
split_gain=7.80781 13.2892 14.805 12.3466 19.0694 14.7315 12.6746 15.2752 13.3882 15.2299 19.7737 12.7491 17.9419 14.4513 14.4341 12.4224 12.2896 14.9133 18.4633 11.7603 16.5111 16.4916 11.675 16.3902 11.2408 10.7193 22.0349 27.4653 25.7719 22.8595
threshold=12.500000000000002 0.71600000000000008 2.3666666666666671 0.82049110696642413 16.500000000000004 5.5000000000000009 0.92592714937812726 4.5000000000000009 37.500000000000007 5.5000000000000009 2.0615488497893764 1.1246829208201545 0.77500000000000013 104.50000000000001 68.450000000000017 1.1000000000000003 0.78888888888888908 16.500000000000004 1.4722222222222225 3.3540936844653131 5.2583333333333337 8.2111111111111121 1.0000000180025095e-35 12.500000000000002 3.3693881118889415 222.50000000000003 0.70750000000000013 8.4500000000000011 1.5857142857142861 3.5000000000000004
decision_type=10 2 10 10 10 10 10 10 10 10 10 10 10 10 10 10 10 2 10 10 10 10 10 10 10 10 2 10 10 10
left_child=25 3 -3 4 -2 -6 -5 8 9 22 11 13 14 19 15 -13 17 18 -17 -11 -21 -22 23 -8 -23 -1 27 29 -29 -27
right_child=1 2 -4 6 5 -7 7 -9 -10 10 -12 12 -14 -15 -16 16 -18 -19 -20 20 21 24 -24 -25 -26 26 -28 28 -30 -31
leaf_value=1.1998271181942911e-05 0.028126324653625492 -0.0083313062191009528 -0.1208103185011582 0.05804740213083498 -0.12249971339779515 -0.016872645849766939 -0.027191787701307608 0.076843524859710188 -0.069969278257904638 -0.060514336261743067 -0.070999482322123747 -0.012247203956684915 0.08808697050902993 0.062631500661373143 -0.050516575266574992 0.0018141076649324254 0.11612698641605675 -0.018457044815448555 0.11786561184402169 -0.081116205737704339 0.07944052198034679 -0.051699781265448441 -0.085541842505335808 0.055992705292171908 0.034444799699953628 0.026495354059183147 -0.069688385069884104 0.013487104016045729 0.16517975258951387 -0.026229393807759068
leaf_weight=96084 25 25 22 33 31 23 193 22 33 48 31 57 40 25 29 26 20 38 29 21 29 33 28 27 28 302 29 21 24 113
leaf_count=96084 25 25 22 33 31 23 193 22 33 48 31 57 40 25 29 26 20 38 29 21 29 33 28 27 28 302 29 21 24 113
internal_value=-3.21131e-11 -0.00918897 -0.0609811 -0.00638779 -0.0440811 -0.0775104 -0.00261846 -0.00526308 -0.00772069 -0.00479448 0.00609176 0.0117415 0.0269743 -0.00804459 0.0146903 0.0258138 0.0450128 0.0297194 0.0630049 -0.0191572 -0.00127301 0.0173571 -0.0247233 -0.0169828 -0.012158 8.71579e-05 0.0148553 0.0201853 0.0943898 0.012139
internal_weight=97489 916 47 869 79 54 790 757 735 702 454 423 239 184 199 170 113 93 55 159 111 90 248 220 61 96573 489 460 45 415
internal_count=97489 916 47 869 79 54 790 757 735 702 454 423 239 184 199 170 113 93 55 159 111 90 248 220 61 96573 489 460 45 415
is_linear=0
shrinkage=0.1


Tree=90
num_leaves=31
num_cat=0
split_feature=111 22 36 53 1 47 105 89 5 21 52 17 91 48 95 25 21 3 94 94 1 80 39 1 18 20 7 48 45 43
split_gain=7.65172 26.0254 26.6396 25.2064 27.6371 24.9586 24.6175 20.1396 19.1877 21.4011 17.4812 16.2595 15.9617 16.245 15.8953 18.0847 18.5478 22.3047 20.6122 18.6797 18.2583 18.1041 16.2352 15.5265 16.2421 15.2544 15.0361 22.6841 22.0164 19.523
threshold=29.500000000000004 2.4058823529411768 2.5500000000000003 25.500000000000004 8.6240941545506491 1.8435520288767047 1.0000000180025095e-35 41.500000000000007 13.489531515617919 1.7779506939675584 16.500000000000004 2.1880037551476916 4.5000000000000009 7.4500000000000011 2.5000000000000004 1.6121532512998444 1.9450787371846461 6.0506243873777708 1.0000000180025095e-35 2.5000000000000004 7.0564863774387989 479.65000000000009 1.1066011075714932 5.2455695582953039 2.3666666666666671 4.2250000000000005 8.8741192274778076 45.050000000000004 1.7957140812234786 1.5082875444051553
decision_type=2 8 10 10 10 8 8 10 10 8 10 10 10 8 10 10 10 10 10 10 10 10 10 10 10 10 10 8 10 10
left_child=-1 2 10 -4 -5 7 -7 14 9 12 -2 -6 13 -8 26 16 18 -18 -16 23 -21 -22 -23 -19 -25 -26 28 -28 29 -3
right_child=1 5 3 4 11 6 8 -9 -10 -11 -12 -13 -14 -15 15 -17 17 19 -20 20 21 22 -24 24 25 -27 27 -29 -30 -31
leaf_value=0.00050649634784800403 0.00022907030347898614 -0.0053560824774701761 -0.00029047532484699522 0.15005347381035489 0.089922967495826581 0.065166541418203938 -0.088005286579330766 0.070829250855105261 -0.09839008849027546 -0.01581997285709159 0.082293618456102335 -0.020872722360029544 -0.15193330347537995 0.024400398023426535 -0.082682334906497956 -0.057468790044610307 0.10197845473885536 0.081340372079500456 -0.01960903425074215 -0.086786310028816982 -0.059410415620853509 0.081826071744865711 -0.0096509662126341173 -0.080538726043464112 0.032825324352677557 -0.0092606179340786882 0.0085992701199038256 0.11707425218075514 -0.037079174707017458 0.015816841641941869
leaf_weight=73474 15817 5118 78 33 26 26 36 35 43 299 26 27 20 20 61 96 20 27 344 42 63 23 124 22 146 210 534 20 203 476
leaf_count=73474 15817 5118 78 33 26 26 36 35 43 299 26 27 20 20 61 96 20 27 344 42 63 23 124 22 146 210 534 20 203 476
internal_value=1.37944e-11 -0.00154963 0.000778808 0.0408753 0.0782116 -0.00620388 -0.0292465 -0.0048513 -0.0351191 -0.0278641 0.000363747 0.0334799 -0.075248 -0.0478604 -0.00520311 -0.0158719 -0.0121812 -0.00205454 -0.029109 -0.00522145 -0.0265976 -0.0145599 0.00466177 0.00807927 0.00284634 0.00799935 -0.00322425 0.0125153 -0.00472843 -0.00355445
internal_weight=97489 24015 16007 164 86 8008 444 7564 418 375 15843 53 76 56 7529 1178 1082 677 405 657 252 210 147 405 378 356 6351 554 5797 5594
internal_count=97489 24015 16007 164 86 8008 444 7564 418 375 15843 53 76 56 7529 1178 1082 677 405 657 252 210 147 405 378 356 6351 554 5797 5594
is_linear=0
shrinkage=0.1


Tree=91
num_leaves=31
num_cat=0
split_feature=102 72 63 3 8 88 88 8 43 44 39 9 18 49 88 45 46 109 106 90 46 109 35 95 1 29 34 33 16 45
split_gain=7.40419 7.98993 14.8342 19.2502 21.5729 30.2508 29.9739 30.3587 25.449 24.4645 21.009 20.7678 23.3654 20.5827 20.4121 20.0838 31.1346 35.7973 32.9101 26.6656 24.3724 21.3857 22.7081 25.337 20.1663 22.7267 20.6022 19.9942 19.6817 20.3577
threshold=218.50000000000003 1.0000000180025095e-35 13.500000000000002 11.966121157363608 26.850000000000005 68.450000000000017 55.550000000000004 33.45000000000001 2.3663375785871903 1.788888888888889 1.3743625973076603 11.161690297554662 10.100000000000001 76.750000000000014 61.150000000000013 2.5916530473570343 2.6583333333333337 21.427789185489392 683.50000000000011 1.5000000000000002 4.7250000000000005 22.963723477070506 0.76392544955002639 4.5000000000000009 8.7721149095873425 1.0992465288770605 0.39444444444444454 0.83996703462282185 4.6055555555555561 2.3106032640058989
decision_type=10 8 8 10 10 10 10 10 10 10 10 10 10 10 10 10 10 2 2 10 10 2 10 10 10 10 10 10 10 10
left_child=1 -1 -3 15 10 6 7 28 9 13 -5 12 14 -8 -11 16 -4 -18 19 -19 -17 -21 23 -23 -20 26 -26 -7 29 -6
right_child=-2 2 3 4 5 27 8 -9 -10 11 -12 -13 -14 -15 -16 20 17 18 24 21 -22 22 -24 -25 25 -27 -28 -29 -30 -31
leaf_value=-0.00030828244576312661 -0.019416623493734922 0.0053799392379441291 -0.0028363412288710502 -0.022482868445821216 0.10810353866933536 -0.06198744384261469 -0.01493671350658704 -0.067031790452396003 -0.028459278479791607 0.11269564948976041 0.0066794543339664808 0.034286143349555251 0.066576947837516109 0.1012987844273448 0.25228182331404908 0.13525886339220136 0.066813981698619004 -0.15083475101452609 0.044747857216459054 -0.10406432185644428 -0.017268497981131076 -0.028293958678146575 0.063374039181508121 -0.11544213838409632 0.0039063427419889539 0.038568564628561341 -0.12615033096537506 0.018865328740426585 0.011773526209321889 -0.0046952297911047941
leaf_weight=84827 196 7145 2846 345 48 66 39 41 26 20 870 26 27 25 22 22 36 26 65 52 20 201 22 40 21 30 29 57 275 24
leaf_count=84827 196 7145 2846 345 48 66 39 41 26 20 870 26 27 25 22 22 36 26 65 52 20 201 22 40 21 30 29 57 275 24
internal_value=2.00689e-12 3.91154e-05 0.00240304 -0.00159431 0.00644035 0.0204784 0.0301376 0.0143446 0.0632601 0.0782583 -0.00160121 0.110454 0.139155 0.0304678 0.185812 -0.00609702 -0.00695403 -0.0294041 -0.0365314 -0.0535003 0.0626268 -0.0454663 -0.0338804 -0.0427584 0.00337477 -0.0302409 -0.0715265 -0.0245191 0.0239597 0.0705039
internal_weight=97489 97293 12466 5321 1911 696 573 388 185 159 1215 95 69 64 42 3410 3368 522 486 341 42 315 263 241 145 80 50 123 347 72
internal_count=97489 97293 12466 5321 1911 696 573 388 185 159 1215 95 69 64 42 3410 3368 522 486 341 42 315 263 241 145 80 50 123 347 72
is_linear=0
shrinkage=0.1


Tree=92
num_leaves=31
num_cat=0
split_feature=100 51 0 73 105 38 11 30 90 25 41 88 88 30 82 38 108 44 41 34 43 6 103 60 95 93 83 15 47 43
split_gain=7.42866 14.9062 20.2334 35.5465 22.6702 17.6137 17.5486 16.8976 15.8762 26.4283 16.4626 17.1035 16.1259 27.8402 18.1981 15.6506 15.7719 23.5044 22.3099 22.535 23.029 16.3142 30.2167 16.7837 15.3223 15.3097 17.9526 14.8004 14.7642 28.2566
threshold=1.0000000180025095e-35 84.200000000000003 51.930000000000007 8.5000000000000018 1.0000000180025095e-35 4.1500000000000012 5.0094897412856261 0.55000000000000016 9.5000000000000018 1.6121532512998444 1.8679818286117473 64.15000000000002 50.45000000000001 1.1000000000000003 120.50000000000001 6.0500000000000007 16.500000000000004 2.183333333333334 1.5038327866618784 0.59411764705882364 1.3227406337702019 28.300000000000001 0.31750000000000006 7.5000000000000009 2.5000000000000004 1.0000000180025095e-35 171.50000000000003 3.249297185166871 2.5378704026897849 2.8982240028001192
decision_type=2 8 10 10 10 10 10 10 10 10 10 10 10 10 10 10 2 10 10 10 10 10 2 10 10 10 10 10 10 10
left_child=28 2 -2 6 -5 7 -4 -6 12 10 11 27 13 14 -8 16 21 18 -18 20 -20 23 -23 -3 -16 -14 -27 -10 -1 -30
right_child=1 15 3 4 5 -7 8 -9 9 -11 -12 -13 25 -15 24 -17 17 -19 19 -21 -22 22 -24 -25 -26 26 -28 -29 29 -31
leaf_value=-0.00074180010089649573 0.0011018915491173744 -0.004184454108524898 0.095152302679013132 0.14744352808705083 0.12784145030309446 -0.008307833845416706 -0.01272605057232655 0.022450600269025772 0.060330068982309776 0.10888669007163117 0.069213757483866128 -0.058579591852391061 -0.061935390870367438 -0.043645461683885917 0.046046084682306941 0.073552255332469937 -0.027636445847085935 -0.0091072088656281788 0.12209912227547688 0.17733171397820116 -0.017929524912809334 -0.061203382895092022 -0.011022667245648805 0.075085346511116743 0.15831290401518347 -0.038252648563745127 0.038023007585218663 -0.015269382468989637 -0.046430939708345685 0.020371485660628727
leaf_weight=48355 44531 2486 22 27 32 39 26 29 45 32 38 42 78 45 31 25 22 112 23 20 24 143 746 27 20 72 54 61 186 96
leaf_count=48355 44531 2486 22 27 32 39 26 29 45 32 38 42 78 45 31 25 22 112 23 20 24 143 746 27 20 72 54 61 186 96
internal_value=9.93192e-12 0.000871003 0.00136576 0.0183214 0.0661336 0.0441799 0.00759325 0.0777376 0.00405226 0.024943 0.0105011 -0.0045738 -0.00991762 0.0188423 0.0553612 -0.00529626 -0.00584337 0.0213761 0.0597371 0.0884269 0.0505951 -0.00745157 -0.0190945 -0.00333277 0.0900723 -0.0271172 -0.00556308 0.0168247 -0.000874853 -0.0236897
internal_weight=97489 48852 45224 693 127 100 566 61 544 218 186 148 326 122 77 3628 3603 201 89 67 47 3402 889 2513 51 204 126 106 48637 282
internal_count=97489 48852 45224 693 127 100 566 61 544 218 186 148 326 122 77 3628 3603 201 89 67 47 3402 889 2513 51 204 126 106 48637 282
is_linear=0
shrinkage=0.1


Tree=93
num_leaves=31
num_cat=0
split_feature=5 24 10 19 6 88 43 45 4 18 6 83 89 63 17 10 42 102 4 109 22 30 86 53 47 5 9 21 7 21
split_gain=7.35048 19.4707 11.1848 19.8473 11.5549 9.58904 19.0649 18.8982 11.2689 19.7044 16.2732 23.5023 27.5468 18.248 21.5206 23.1154 36.1247 16.7911 19.4329 16.7225 15.9338 15.3296 15.2545 22.3489 20.064 15.0605 13.8634 13.3632 17.9048 13.1031
threshold=4.8750654505735236 1.3666666666666669 10.825000000000001 1.2415253053016908 7.2250000000000005 4.2500000000000009 2.1446343412137621 2.1349300980043302 13.170714285714288 0.90000000000000013 6.1000000000000005 27.500000000000004 19.500000000000004 9.5000000000000018 1.6946651265431092 6.8062500000000012 1.7750000000000001 1.5000000000000002 11.402500000000003 24.981519507186864 1.6583333333333334 1.0000000180025095e-35 21.500000000000004 12.500000000000002 0.96902427084615972 8.9303732166931162 5.1618252402568592 0.80265360933717111 6.1032764333158775 1.3519517580968834
decision_type=8 10 10 10 10 8 10 10 8 10 10 10 10 10 10 10 10 10 10 2 10 10 10 10 10 10 10 10 10 10
left_child=1 2 4 -4 -1 6 7 -2 9 -7 17 21 13 14 15 19 -17 18 22 -13 25 -12 23 -11 -25 26 -16 28 -23 -29
right_child=5 -3 3 -5 -6 8 -8 -9 -10 10 11 12 -14 -15 20 16 -18 -19 -20 -21 -22 27 -24 24 -26 -27 -28 29 -30 -31
leaf_value=0.0058396785498638151 -0.0043237452206242068 0.09817070770279869 0.11535980422794818 -0.0072259977592953623 -0.03551652660514687 -0.0013528440794733955 -0.051651033710907492 0.084671898496647691 -0.00022010290005571067 0.027973383840441974 -0.01204010487121881 0.024318068284516367 0.11998170118666057 -0.0097796084377707454 0.0041761993642219089 0.17436827639014357 0.030633894961176661 -0.0010394794658602803 -0.0095278818102087839 0.11771761751310393 0.067884854661921665 0.13520863643359571 -0.0052126492207337713 0.062214397947962699 0.1824140348205609 -0.030546912346035245 0.071141610563147897 -0.00023748886561080976 0.012092659008447771 0.030697470178603439
leaf_weight=1394 4111 23 25 28 71 3602 85 24 84487 111 305 149 33 115 110 36 34 1677 120 22 48 21 56 41 21 80 43 374 27 216
leaf_count=1394 4111 23 25 28 71 3602 85 24 84487 111 305 149 33 115 110 36 34 1677 120 22 48 21 56 41 21 80 43 374 27 216
internal_value=8.1956e-12 0.00685168 0.00546805 0.0505975 0.00383538 -0.000110043 -0.00477088 -0.0038072 0.000104381 0.00389042 0.00908037 0.016575 0.0308954 0.0262803 0.0342245 0.0561493 0.104554 0.00311356 0.0230696 0.0363344 0.0154206 0.0064003 0.0401512 0.0548354 0.102927 0.00461252 0.0229965 0.0152159 0.0659559 0.0110879
internal_weight=97489 1541 1518 53 1465 95948 4220 4135 91728 7241 3639 1613 670 637 522 241 70 2026 349 171 281 943 229 173 62 233 153 638 48 590
internal_count=97489 1541 1518 53 1465 95948 4220 4135 91728 7241 3639 1613 670 637 522 241 70 2026 349 171 281 943 229 173 62 233 153 638 48 590
is_linear=0
shrinkage=0.1


Tree=94
num_leaves=31
num_cat=0
split_feature=7 78 104 105 77 25 88 22 107 104 35 79 46 17 2 24 53 7 37 4 82 90 37 24 95 44 27 23 11 92
split_gain=7.13249 9.95086 12.0925 10.4566 16.2793 12.1186 10.9057 8.64565 7.59943 14.8888 20.4795 19.0507 18.5585 29.1261 24.4578 31.74 29.3425 30.4594 31.3747 23.4049 24.8633 30.4552 27.9496 22.6239 20.1585 21.9353 21.6324 19.0716 31.9083 29.556
threshold=1.0000000180025095e-35 1.0000000180025095e-35 116.55000000000001 0.77500000000000013 2.5000000000000004 0.64222852518808682 20.250000000000004 1.151923076923077 2021.5000000000002 110.65000000000002 0.73309395134597721 13.500000000000002 1.4058823529411766 1.9541154648747441 20.575000000000006 0.55000000000000016 21.500000000000004 7.7588658965083308 1.3227406337702019 13.975000000000003 27.500000000000004 2.5000000000000004 0.64222852518808682 0.77500000000000013 6.5000000000000009 4.8500000000000005 1.0068968775248519 3.0870413405769481 6.4145188924080445 1.5000000000000002
decision_type=8 10 2 10 10 10 10 10 2 2 10 10 10 10 8 10 8 10 10 10 10 10 10 10 10 10 10 10 10 10
left_child=-1 8 3 4 6 -5 -3 -6 9 -2 12 -12 -11 19 15 -15 -17 18 23 20 -14 22 -22 -18 25 27 -26 -16 -29 -30
right_child=1 2 -4 5 7 -7 -8 -9 -10 10 11 -13 13 14 24 16 17 -19 -20 -21 21 -23 -24 -25 26 -27 -28 28 29 -31
leaf_value=0.021936126876735688 -0.00042671150873558667 -0.02932902110448803 0.048971370469940746 -0.027061480563133955 -0.025181430491173398 0.073431336693465715 0.052931349826976663 -0.09974786242334327 -0.0010314494622165606 0.0015011963405341755 -0.0011789847097029987 0.086250556975603104 -0.034667857119749339 0.0049241004238637061 0.009974662452093927 0.018906383991241456 0.065638563738992586 0.013563937006088404 0.0072140992042564224 -0.0018392839589248698 0.19241676521301271 -0.019372722662985328 0.052240511018669972 0.17731723768015706 0.014742543720739319 0.086841697880299773 -0.080700538540259006 -0.03265660423440514 0.02904828930809868 0.10546850121184573
leaf_weight=148 36844 83 23 30 23 20 20 48 40352 5675 8063 25 29 175 3010 100 26 39 21 2165 25 25 33 60 47 40 48 54 165 73
leaf_count=148 36844 83 23 30 23 20 20 48 40352 5675 8063 25 29 175 3010 100 26 39 21 2165 25 25 33 60 47 40 48 54 165 73
internal_value=6.07691e-12 -3.33523e-05 -0.0200795 -0.0271695 -0.0387514 0.0131356 -0.0133561 -0.0755925 1.76435e-05 0.000763705 0.00296793 -0.00090874 0.00562284 0.00943545 0.0147288 0.0374786 0.0606373 0.08922 0.116796 0.000466676 0.0450417 0.072892 0.112661 0.143554 0.0119422 0.0132334 -0.0334813 0.0123417 0.0367422 0.0524881
internal_weight=97489 97341 247 224 174 50 103 71 97094 56742 19898 8088 11810 6135 3858 421 246 146 107 2277 112 83 58 86 3437 3342 95 3302 292 238
internal_count=97489 97341 247 224 174 50 103 71 97094 56742 19898 8088 11810 6135 3858 421 246 146 107 2277 112 83 58 86 3437 3342 95 3302 292 238
is_linear=0
shrinkage=0.1


Tree=95
num_leaves=31
num_cat=0
split_feature=91 41 55 77 43 53 51 1 111 41 86 49 22 89 13 10 100 17 28 38 17 46 17 107 84 24 9 22 20 45
split_gain=6.72212 15.5369 16.336 13.9884 13.621 14.9626 26.6531 25.5664 21.414 31.8193 23.9439 19.3801 19.2848 18.8734 18.0497 17.9451 26.6951 22.4823 17.8683 18.921 18.8756 28.1985 22.3482 15.8661 20.8057 18.0667 19.488 15.5894 15.3026 21.8476
threshold=1.5000000000000002 2.0134779451103522 63.000000000000007 6.5000000000000009 1.6905725903640423 25.500000000000004 57.45000000000001 5.1984613099213286 11.500000000000002 1.0313244770591612 56.500000000000007 53.95000000000001 1.9045454545454548 25.500000000000004 1.6070659959698212 18.618181818181821 1.0000000180025095e-35 2.7069800809663973 0.44722222222222224 0.58571428571428574 1.8326032102495287 2.5166666666666671 2.4479896010710323 2017.5000000000002 58.500000000000007 1.5500000000000003 8.1499828443718361 2.2052631578947373 1.6833333333333336 1.5105443741965729
decision_type=8 10 10 8 8 8 10 8 2 10 8 10 10 10 10 10 2 10 10 10 10 10 10 2 10 10 10 10 10 10
left_child=1 2 4 -3 -1 -6 7 14 9 10 -8 -9 -13 23 -7 -15 17 -17 -10 -20 -21 28 -23 -11 25 26 -25 -18 -22 -30
right_child=-2 3 -4 -5 5 6 8 11 18 13 -12 12 -14 15 -16 16 27 -19 19 20 21 22 -24 24 -26 -27 -28 -29 29 -31
leaf_value=-0.00033949155175256495 0.00062924347483406945 -0.041259072793726266 0.075403467818562483 0.0457437854437601 -0.014410654894810243 0.0096139306113833482 0.016639711252147599 0.0098598986401662453 0.048762718986334476 -0.063263642707218723 0.12507479278137909 0.016040084567411166 -0.077306581689220555 -0.054283315595239405 0.13225728571414949 0.049921845670404114 0.035169498216022145 -0.084136811142194678 -0.11861051226345201 0.0095136102922656132 -0.049395832371897999 -0.053127238246434866 -0.15367521641155085 0.017827201368304613 -0.10042684965200076 0.090165775753557692 -0.047897740630194169 0.15058989100903275 0.093250368535518657 -0.015015508170377036
leaf_weight=31670 61928 154 28 21 1510 21 56 1008 29 75 32 38 53 24 28 29 22 22 24 106 100 84 30 107 23 20 78 25 22 122
leaf_count=31670 61928 154 28 21 1510 21 56 1008 29 75 32 38 53 24 28 29 22 22 24 106 100 84 30 107 23 20 78 25 22 122
internal_value=-1.62382e-11 -0.0010958 -0.000948808 -0.0308187 -0.00100927 -0.00676088 -0.00145731 0.00902104 -0.0131361 0.00133885 0.0560706 0.00586993 -0.0383267 -0.00999385 0.0796958 0.0232164 0.0421959 -0.00790738 -0.027499 -0.032031 -0.0275527 -0.0385277 -0.0795872 -0.0233656 -0.0102413 -0.000122916 -0.00988386 0.0965633 -0.0193441 0.00152511
internal_weight=97489 35561 35386 175 35358 3688 2178 1148 1030 513 88 1099 91 425 49 122 98 51 517 488 464 358 114 303 228 205 185 47 244 144
internal_count=97489 35561 35386 175 35358 3688 2178 1148 1030 513 88 1099 91 425 49 122 98 51 517 488 464 358 114 303 228 205 185 47 244 144
is_linear=0
shrinkage=0.1


Tree=96
num_leaves=31
num_cat=0
split_feature=59 80 20 89 23 5 47 5 35 5 48 26 35 81 87 48 95 47 47 97 38 108 94 41 9 8 9 89 103 56
split_gain=6.96021 11.3314 11.1637 11.4802 15.4681 16.5991 16.0059 15.6061 19.9363 23.686 23.2234 15.4498 16.5873 13.0293 15.7063 15.8011 12.9784 12.0722 28.7936 23.5653 37.0407 21.1596 31.3822 34.8146 18.7291 13.8844 18.0431 33.798 12.9114 16.6758
threshold=6.5000000000000009 17.250000000000004 7.4500000000000011 13.500000000000002 3.0870413405769481 8.7926160207547053 1.5263758515938963 11.677659733096283 0.58750524035482787 9.5727890117129277 4.4500000000000011 0.47222222222222227 0.38636598325222343 619.50000000000011 47.500000000000007 0.85000000000000009 1.5000000000000002 1.3536823982652848 1.3173936641710231 3.5000000000000004 0.89444444444444449 2.5000000000000004 1.0000000180025095e-35 0.7275226516010862 5.5545276320376322 10.105555555555556 6.9318107186662461 6.5000000000000009 0.49400000000000005 1.0000000180025095e-35
decision_type=8 8 10 10 10 8 10 10 10 10 10 10 10 8 10 10 10 10 10 2 10 2 10 10 10 10 10 10 2 8
left_child=2 -2 3 17 5 6 13 8 11 -10 -11 12 -7 14 16 -16 -5 18 25 -20 -21 -19 23 -23 -24 26 -1 -28 29 -27
right_child=1 -3 -4 4 -6 7 -8 -9 9 10 -12 -13 -14 -15 15 -17 -18 21 19 20 -22 22 24 -25 -26 28 27 -29 -30 -31
leaf_value=0.003103285094527973 -0.013986020845648671 -0.00014041139547043519 -0.064994320713837317 0.039281011431344923 -0.057845695470941483 0.11042536353835693 -0.047991550829784395 -0.019164831652227095 0.0012974726441113847 0.1883172791881057 0.046928272236670766 0.016217802692791713 -0.0015872506750747564 -0.066679117331902182 0.12304076724685729 0.019913059052748559 -0.011924459527042755 -0.016591672170457702 -0.019858410300332169 0.21070726200938228 0.031154714317785371 0.16657581171737268 0.05815266083278086 0.017186886224991236 -0.049603652636762023 -0.022182733547490313 -0.00012424169335423446 0.14739731606841086 -0.047443938235609009 0.062511140591232112
leaf_weight=4697 595 90101 24 70 29 39 57 59 23 26 21 284 20 21 24 39 169 694 21 20 27 26 23 39 54 85 41 25 104 32
leaf_count=4697 595 90101 24 70 29 39 57 59 23 26 21 284 20 21 24 39 169 694 21 20 27 26 23 39 54 85 41 25 104 32
internal_value=-8.28231e-12 -0.000231244 0.00308743 0.00332882 0.0139753 0.01642 0.000863803 0.028944 0.0358167 0.0844512 0.125143 0.0258913 0.072455 0.00948534 0.0147815 0.0591998 0.00307296 0.00173581 0.00357778 0.0682102 0.10756 -0.00939527 0.0257759 0.0769425 -0.0174167 0.00269595 0.00383287 0.0557551 -0.021807 0.000981403
internal_weight=97489 90696 6793 6769 881 852 380 472 413 70 47 343 59 323 302 63 239 5888 5052 68 47 836 142 65 77 4984 4763 66 221 117
internal_count=97489 90696 6793 6769 881 852 380 472 413 70 47 343 59 323 302 63 239 5888 5052 68 47 836 142 65 77 4984 4763 66 221 117
is_linear=0
shrinkage=0.1


Tree=97
num_leaves=31
num_cat=0
split_feature=24 20 106 36 52 33 63 95 82 47 88 30 43 13 7 42 10 28 79 21 88 91 22 21 19 20 7 83 47 44
split_gain=6.57452 13.4596 23.3217 17.4788 17.1745 18.3093 16.7774 14.7523 18.5758 13.6772 20.5633 24.5364 19.0059 15.0164 15.4424 22.788 14.1205 13.1643 20.0506 42.1305 31.832 13.9037 26.5047 16.4833 23.2503 32.6928 14.6223 13.876 13.8647 23.7752
threshold=0.55000000000000016 7.5357142857142865 988.50000000000011 4.6333333333333337 20.500000000000004 0.99721446300587679 13.500000000000002 7.5000000000000009 138.50000000000003 2.2789074068735116 16.250000000000004 1.0000000180025095e-35 2.8679227679621433 2.1407836215144651 6.5764721203034187 3.4500000000000006 31.425000000000001 0.55277777777777792 10.500000000000002 1.8891922141374213 28.050000000000004 6.5000000000000009 6.1519230769230786 2.1404836157257527 2.4949899597988741 5.5500000000000007 4.7696931271769847 98.500000000000014 2.2789074068735116 3.6333333333333337
decision_type=8 10 2 10 10 8 10 10 10 10 10 10 10 10 10 10 10 8 10 10 10 10 10 10 10 10 10 10 10 10
left_child=1 4 3 6 7 -6 -3 9 -9 16 11 -11 13 14 -12 -16 -1 18 21 20 -20 28 23 26 25 -25 -23 -26 29 -2
right_child=17 2 -4 -5 5 -7 -8 8 -10 10 12 -13 -14 -15 15 -17 -18 -19 19 -21 -22 22 -24 24 27 -27 -28 -29 -30 -31
leaf_value=-0.0012112256469045918 0.0030085706407613011 0.039042778071016075 0.038173932491801676 0.039563400104928481 0.068857096642365348 -0.029806893906341149 -0.057639344600894094 -0.007809651034096113 0.11172718745835414 -0.050388962371895711 -0.13738033455960894 0.082497396523302249 0.018829813886147281 -0.014033218019682429 -0.0010632663088686327 -0.13355381077244169 0.078937250054018068 3.1055534089882855e-05 0.095654802303761249 0.12987635443225884 -0.061692627105447984 0.049564922098070389 -0.0616375886968204 0.1946776631474495 0.068480480473488578 0.023144688308238986 -0.068577482341788717 -0.0067925545930241542 -0.045580249032455278 0.069005611259701921
leaf_weight=26332 7240 20 50 26 68 26 175 26 26 24 34 33 39 46 34 21 22 62826 20 39 36 20 28 25 50 20 22 48 58 55
leaf_count=26332 7240 20 50 26 68 26 175 26 26 24 34 33 39 46 34 21 22 62826 20 39 36 20 28 25 50 20 22 48 58 55
internal_value=-4.5108e-12 -0.00132682 -0.0235007 -0.0374542 -0.00110202 0.0415671 -0.0477232 -0.00125259 0.0519588 -0.00135667 -0.0255835 0.0265452 -0.0426602 -0.060424 -0.0844013 -0.0516506 -0.00114432 0.000508274 0.00442183 0.0500773 -0.00549712 0.00384857 0.0290355 0.042759 0.0589358 0.118441 -0.0123192 0.0316121 0.00311896 0.00350615
internal_weight=97489 27002 271 221 26731 94 195 26637 52 26585 231 57 174 135 89 55 26354 70487 7661 95 56 7566 213 185 143 45 42 98 7353 7295
internal_count=97489 27002 271 221 26731 94 195 26637 52 26585 231 57 174 135 89 55 26354 70487 7661 95 56 7566 213 185 143 45 42 98 7353 7295
is_linear=0
shrinkage=0.1


Tree=98
num_leaves=31
num_cat=0
split_feature=42 17 89 3 67 18 88 0 27 10 41 44 83 48 87 39 92 14 23 43 27 91 29 106 90 23 17 42 19 33
split_gain=6.79151 20.5487 25.9234 41.859 30.8728 35.6699 26.3774 27.2793 20.1831 19.6578 28.7845 23.498 19.0451 17.3747 21.2001 15.7566 20.3357 30.807 22.9299 20.85 16.4436 27.2652 15.0984 14.8455 13.9843 13.458 11.871 11.6701 30.9711 38.175
threshold=4.7000000000000002 2.0374775707018995 29.500000000000004 8.9150310025908741 5.5000000000000009 6.9000000000000012 43.250000000000007 52.490000000000009 0.81988459163814553 24.675000000000001 1.9505795074294301 4.9500000000000011 215.50000000000003 23.050000000000004 76.500000000000014 2.2123387778440669 1.0000000180025095e-35 4.8166666666666673 2.8925948923809712 2.9832396974191333 0.80265360933717089 2.5000000000000004 1.0713822763440657 345.50000000000006 3.5000000000000004 2.6134772037509637 2.7613401617917321 4.3000000000000016 2.8459956687007311 1.0567212294304205
decision_type=10 10 10 10 10 10 10 10 10 10 10 10 10 8 8 10 10 10 8 10 10 10 10 2 10 10 10 10 10 10
left_child=27 15 4 12 24 9 -5 8 -8 -6 11 -11 -4 -9 -15 16 19 18 20 -2 23 -22 -23 -18 -3 -7 -10 -1 29 -29
right_child=1 2 3 6 5 25 7 13 26 10 -12 -13 -14 14 -16 -17 17 -19 -20 -21 21 22 -24 -25 -26 -27 -28 28 -30 -31
leaf_value=-1.2099598343266815e-05 -0.099743504379246686 0.037159040642947685 0.011749631030993029 0.06713051457296719 0.1653397762179375 0.042544377196047992 -0.010402283367390436 0.039504130184650425 -0.084400714695220813 -0.064143562801182274 0.15145966696739199 0.074030684377066794 0.13186659758741207 0.036967983990907671 -0.091441476314018166 0.05538646964356303 0.016148390695452691 -0.095049828310546133 -0.083914777636528021 0.0015679157738174713 -0.098718998084465659 -0.030239850617945197 0.081929805378119155 0.13799037195742131 -0.033179777433486803 -0.065087985938701493 -0.17104774022120095 0.029496688101139357 -0.031029073220831673 -0.10504245155236938
leaf_weight=95965 74 41 33 22 25 21 30 42 64 20 25 32 22 20 36 20 20 38 23 28 21 20 30 20 91 26 21 510 127 22
leaf_count=95965 74 41 33 22 25 21 30 42 64 20 25 32 22 20 36 20 20 38 23 28 21 20 30 20 91 26 21 510 127 22
internal_value=-2.08164e-11 -0.00882144 0.00223818 -0.0187359 0.023884 0.0550822 -0.0371158 -0.047883 -0.0809193 0.0882951 0.0632805 0.0208867 0.0597964 -0.00911592 -0.045581 -0.0303012 -0.0365558 -0.0155765 0.0069607 -0.0719325 0.0257908 -0.00309862 0.0370619 0.0770694 -0.0113321 -0.0169969 -0.105808 7.89715e-05 0.0133409 0.023933
internal_weight=97489 865 571 290 281 149 235 213 115 102 77 52 55 98 56 294 274 172 134 102 111 71 50 40 132 47 85 96624 659 532
internal_count=97489 865 571 290 281 149 235 213 115 102 77 52 55 98 56 294 274 172 134 102 111 71 50 40 132 47 85 96624 659 532
is_linear=0
shrinkage=0.1


Tree=99
num_leaves=31
num_cat=0
split_feature=97 47 79 6 87 6 34 110 92 105 84 11 19 51 91 11 35 36 35 104 40 32 5 63 5 105 19 0 2 106
split_gain=6.49468 13.985 21.2539 26.3557 34.2545 24.6975 23.0608 20.5922 21.9393 33.217 24.9918 21.2165 20.2598 24.1712 22.9654 20.4456 19.3499 27.8825 25.5738 28.9795 20.8112 19.1736 18.7881 18.6874 33.2614 32.7838 26.2246 26.9716 25.4689 24.3749
threshold=8.5000000000000018 1.4116133465651359 6.5000000000000009 32.300000000000004 74.500000000000014 34.500000000000007 1.0250000000000001 77.500000000000014 2.5000000000000004 0.63333333333333341 81.500000000000014 7.6515392091608971 2.6645164420321699 75.15000000000002 9.5000000000000018 4.3238701706770231 0.82049110696642413 4.366666666666668 0.65858598855265582 114.45000000000002 1.9750000000000003 0.38750000000000007 14.232447636360563 9.5000000000000018 7.3558381753324928 0.63333333333333341 2.3978930965105625 35.230000000000011 37.485000000000014 70.500000000000014
decision_type=2 8 10 10 10 10 10 2 10 8 10 10 8 10 10 10 10 10 10 2 10 10 10 8 8 8 10 10 10 2
left_child=-1 2 -2 -4 5 6 -5 8 23 16 21 -12 13 15 -14 -9 18 -18 19 -10 -21 -11 -15 25 -25 28 27 -27 29 -3
right_child=1 7 3 4 -6 -7 -8 12 9 10 11 -13 14 22 -16 -17 17 -19 -20 20 -22 -23 -24 24 -26 26 -28 -29 -30 -31
leaf_value=0.00082612299477068216 -0.0011097427951677408 -0.031593657582111301 0.0039636148646887337 -0.012168747731758391 0.11318710735615563 -0.081819524226540874 0.1129396883914104 0.091233594268560425 -0.033796613253294853 -0.029359360584089545 0.14245143319183792 0.027117760784538661 -0.026509801596833273 0.0077599053608409414 0.0092833600967686183 -0.010153021707416162 -0.017478007695948084 0.11886114366352558 -0.072313010305310538 -0.027037628401409497 0.10101201797525089 0.023358929988820679 -0.033127726826909162 -0.041990780965544476 0.00010137007900144193 -0.0068517452420183049 0.056881707271371609 -0.080433040719341362 -0.081268691778182994 0.0240165453702696
leaf_weight=48156 26129 84 8259 34 51 22 26 20 312 147 22 58 931 1578 222 3622 60 20 142 22 30 130 121 195 5037 643 59 54 25 1278
leaf_count=48156 26129 84 8259 34 51 22 26 20 312 147 22 58 931 1578 222 3622 60 20 142 22 30 130 121 195 5037 643 59 54 25 1278
internal_value=1.25645e-12 -0.000806413 0.000296464 0.00467477 0.0488361 0.00881299 0.0420449 -0.00337679 -8.22789e-05 -0.0144447 0.00960111 0.0588345 -0.00759665 -0.00500148 -0.0196181 -0.00959626 -0.0290937 0.0166068 -0.0363191 -0.0222775 0.0468372 -0.00461792 0.00484796 0.00175416 -0.00146743 0.00961947 -0.00713365 -0.0125524 0.0187509 0.0205868
internal_weight=97489 49333 34521 8392 133 82 60 14812 8318 943 357 80 6494 5341 1153 3642 586 80 506 364 52 277 1699 7375 5232 2143 756 697 1387 1362
internal_count=97489 49333 34521 8392 133 82 60 14812 8318 943 357 80 6494 5341 1153 3642 586 80 506 364 52 277 1699 7375 5232 2143 756 697 1387 1362
is_linear=0
shrinkage=0.1


end of trees

feature_importances:
3pm_rolling_20g_avg=135
3pm_season_cumulative_total=105
opponent_def_rating=84
3pm_rolling_10g_avg=83
3pm_career_max=81
3pm_rolling_20g_std=77
opponent_win_pct=71
fantasy_pts_lag_1=67
3pm_rolling_5g_avg=66
fantasy_pts_rolling_5g_std=60
pts_rolling_5g_std=55
3pm_rolling_10g_std=54
reb_rolling_20g_std=51
3pm_lag_1=50
3pm_rolling_5g_std=46
pts_lag_1=43
tov_rolling_10g_std=39
ast_season_cumulative_total=39
ast_rolling_5g_std=38
career_games_played=38
fantasy_pts_rolling_10g_std=37
fantasy_pts_rolling_20g_std=37
pts_rolling_20g_std=37
stl_rolling_20g_std=37
tov_rolling_20g_avg=37
pts_rolling_10g_avg=36
pts_season_max=36
3pm_season_max=36
reb_season_cumulative_total=36
pts_rolling_10g_std=35
pts_rolling_5g_avg=34
reb_rolling_10g_std=34
fantasy_pts_rolling_5g_avg=33
pts_rolling_20g_avg=32
tov_rolling_20g_std=32
reb_rolling_5g_std=31
ast_rolling_10g_std=31
fantasy_pts_season_max=31
tov_season_cumulative_total=31
ast_rolling_20g_std=30
pts_season_cumulative_total=30
ast_rolling_20g_avg=29
reb_rolling_20g_avg=28
tov_rolling_5g_avg=28
tov_lag_1=28
WEIGHT=28
ast_rolling_5g_avg=27
blk_rolling_20g_std=26
fantasy_pts_season_cumulative_total=26
age_at_game=26
tov_rolling_5g_std=25
pts_career_max=24
stl_season_cumulative_total=24
fantasy_pts_rolling_20g_avg=23
reb_rolling_5g_avg=23
stl_rolling_5g_avg=22
reb_lag_1=22
fantasy_pts_season_min=21
ast_lag_1=21
stl_rolling_5g_std=20
fantasy_pts_career_max=20
pts_season_min=20
days_rest=20
reb_rolling_10g_avg=19
tov_rolling_10g_avg=19
opponent_recent_form=19
draft_pick_numeric=19
blk_rolling_20g_avg=18
fantasy_pts_career_min=18
ast_career_max=18
tov_career_max=18
ast_rolling_10g_avg=17
stl_rolling_10g_std=17
stl_rolling_20g_avg=17
blk_season_cumulative_total=17
SEASON_EXP=17
season_start_year=17
blk_rolling_5g_avg=16
stl_career_max=15
height_inches=15
fantasy_pts_rolling_10g_avg=14
home_game=14
blk_rolling_10g_std=13
reb_career_max=13
stl_rolling_10g_avg=12
ast_season_min=11
stl_lag_1=11
stl_season_max=9
blk_rolling_10g_avg=8
3pm_season_min=8
blk_career_max=7
season_number=7
position_Center=7
blk_rolling_5g_std=6
reb_season_max=6
blk_season_max=6
tov_season_max=5
blk_lag_1=5
tov_season_min=4
reb_season_min=3
pts_career_min=2
ast_season_max=2
3pm_career_min=2
reb_career_min=1
stl_season_min=1
position_Guard=1

parameters:
[boosting: gbdt]
[objective: regression]
[metric: l2]
[tree_learner: serial]
[device_type: cpu]
[data_sample_strategy: bagging]
[data: ]
[valid: ]
[num_iterations: 100]
[learning_rate: 0.1]
[num_leaves: 31]
[num_threads: 10]
[seed: 42]
[deterministic: 0]
[force_col_wise: 0]
[force_row_wise: 0]
[histogram_pool_size: -1]
[max_depth: -1]
[min_data_in_leaf: 20]
[min_sum_hessian_in_leaf: 0.001]
[bagging_fraction: 1]
[pos_bagging_fraction: 1]
[neg_bagging_fraction: 1]
[bagging_freq: 0]
[bagging_seed: 400]
[bagging_by_query: 0]
[feature_fraction: 1]
[feature_fraction_bynode: 1]
[feature_fraction_seed: 30056]
[extra_trees: 0]
[extra_seed: 12879]
[early_stopping_round: 0]
[early_stopping_min_delta: 0]
[first_metric_only: 0]
[max_delta_step: 0]
[lambda_l1: 0]
[lambda_l2: 0]
[linear_lambda: 0]
[min_gain_to_split: 0]
[drop_rate: 0.1]
[max_drop: 50]
[skip_drop: 0.5]
[xgboost_dart_mode: 0]
[uniform_drop: 0]
[drop_seed: 17869]
[top_rate: 0.2]
[other_rate: 0.1]
[min_data_per_group: 100]
[max_cat_threshold: 32]
[cat_l2: 10]
[cat_smooth: 10]
[max_cat_to_onehot: 4]
[top_k: 20]
[monotone_constraints: ]
[monotone_constraints_method: basic]
[monotone_penalty: 0]
[feature_contri: ]
[forcedsplits_filename: ]
[refit_decay_rate: 0.9]
[cegb_tradeoff: 1]
[cegb_penalty_split: 0]
[cegb_penalty_feature_lazy: ]
[cegb_penalty_feature_coupled: ]
[path_smooth: 0]
[interaction_constraints: ]
[verbosity: -1]
[saved_feature_importance_type: 0]
[use_quantized_grad: 0]
[num_grad_quant_bins: 4]
[quant_train_renew_leaf: 0]
[stochastic_rounding: 1]
[linear_tree: 0]
[max_bin: 255]
[max_bin_by_feature: ]
[min_data_in_bin: 3]
[bin_construct_sample_cnt: 200000]
[data_random_seed: 175]
[is_enable_sparse: 1]
[enable_bundle: 1]
[use_missing: 1]
[zero_as_missing: 0]
[feature_pre_filter: 1]
[pre_partition: 0]
[two_round: 0]
[header: 0]
[label_column: ]
[weight_column: ]
[group_column: ]
[ignore_column: ]
[categorical_feature: ]
[forcedbins_filename: ]
[precise_float_parser: 0]
[parser_config_file: ]
[objective_seed: 16083]
[num_class: 1]
[is_unbalance: 0]
[scale_pos_weight: 1]
[sigmoid: 1]
[boost_from_average: 1]
[reg_sqrt: 0]
[alpha: 0.9]
[fair_c: 1]
[poisson_max_delta_step: 0.7]
[tweedie_variance_power: 1.5]
[lambdarank_truncation_level: 30]
[lambdarank_norm: 1]
[label_gain: ]
[lambdarank_position_bias_regularization: 0]
[eval_at: ]
[multi_error_top_k: 1]
[auc_mu_weights: ]
[num_machines: 1]
[local_listen_port: 12400]
[time_out: 120]
[machine_list_filename: ]
[machines: ]
[gpu_platform_id: -1]
[gpu_device_id: -1]
[gpu_use_dp: 0]
[num_gpu: 1]

end of parameters

pandas_categorical:[]
