tree
version=v4
num_class=1
num_tree_per_iteration=1
label_index=0
max_feature_idx=115
objective=regression
feature_names=fantasy_pts_rolling_5g_avg fantasy_pts_rolling_5g_std fantasy_pts_rolling_10g_avg fantasy_pts_rolling_10g_std fantasy_pts_rolling_20g_avg fantasy_pts_rolling_20g_std pts_rolling_5g_avg pts_rolling_5g_std pts_rolling_10g_avg pts_rolling_10g_std pts_rolling_20g_avg pts_rolling_20g_std reb_rolling_5g_avg reb_rolling_5g_std reb_rolling_10g_avg reb_rolling_10g_std reb_rolling_20g_avg reb_rolling_20g_std ast_rolling_5g_avg ast_rolling_5g_std ast_rolling_10g_avg ast_rolling_10g_std ast_rolling_20g_avg ast_rolling_20g_std stl_rolling_5g_avg stl_rolling_5g_std stl_rolling_10g_avg stl_rolling_10g_std stl_rolling_20g_avg stl_rolling_20g_std blk_rolling_5g_avg blk_rolling_5g_std blk_rolling_10g_avg blk_rolling_10g_std blk_rolling_20g_avg blk_rolling_20g_std tov_rolling_5g_avg tov_rolling_5g_std tov_rolling_10g_avg tov_rolling_10g_std tov_rolling_20g_avg tov_rolling_20g_std 3pm_rolling_5g_avg 3pm_rolling_5g_std 3pm_rolling_10g_avg 3pm_rolling_10g_std 3pm_rolling_20g_avg 3pm_rolling_20g_std fantasy_pts_season_min fantasy_pts_season_max fantasy_pts_career_min fantasy_pts_career_max pts_season_min pts_season_max pts_career_min pts_career_max reb_season_min reb_season_max reb_career_min reb_career_max ast_season_min ast_season_max ast_career_min ast_career_max stl_season_min stl_season_max stl_career_min stl_career_max blk_season_min blk_season_max blk_career_min blk_career_max tov_season_min tov_season_max tov_career_min tov_career_max 3pm_season_min 3pm_season_max 3pm_career_min 3pm_career_max fantasy_pts_season_cumulative_total pts_season_cumulative_total reb_season_cumulative_total ast_season_cumulative_total stl_season_cumulative_total blk_season_cumulative_total tov_season_cumulative_total 3pm_season_cumulative_total fantasy_pts_lag_1 pts_lag_1 reb_lag_1 ast_lag_1 stl_lag_1 blk_lag_1 tov_lag_1 3pm_lag_1 WEIGHT SEASON_EXP FROM_YEAR TO_YEAR home_game away_game days_rest opponent_win_pct opponent_def_rating opponent_recent_form career_games_played season_start_year season_number age_at_game height_inches draft_pick_numeric is_undrafted position_Center position_Forward position_Guard
feature_infos=[-1:80.739999999999995] [0:33.644568655282235] [-1:71.920000000000016] [0:27.550241983208302] [-1:69.315000000000012] [0:27.550241983208302] [0:52.200000000000003] [0:24.785076154815421] [0:45.899999999999999] [0:19.406757127923825] [0:42.950000000000003] [0:15.874839410708679] [0:21.600000000000001] [0:10.329569206893384] [0:19.300000000000001] [0:8.2219219164377861] [0:17.649999999999999] [0:7.7781745930520225] [0:18.800000000000001] [0:7.334848328356899] [0:16] [0:6.7330032922413849] [0:14.1] [0:5.6568542494923806] [0:5.7999999999999998] [0:4.2190046219457971] [0:4] [0:3.0550504633038935] [0:4] [0:3.0550504633038935] [0:6.5999999999999996] [0:4.9497474683058327] [0:5.2000000000000002] [0:4.9497474683058327] [0:5] [0:4.9497474683058327] [0:8.1999999999999993] [0:4.6151923036857303] [0:6.9000000000000004] [0:3.5355339059327378] [0:6.6500000000000004] [0:3.5355339059327378] [0:9.1999999999999993] [0:5.9413803110051786] [0:7.2000000000000002] [0:4.3153472887152686] [0:7] [0:4.2426406871192848] [-3.5:99.5] [-2:105.2] [-3.5:55.700000000000003] [-1:105.2] [0:50] [0:73] [0:27] [0:73] [0:23] [0:31] [0:12] [0:31] [0:17] [0:24] [0:9] [0:24] [0:7] [0:10] [0:4] [0:10] [0:9] [0:10] [0:5] [0:10] [0:9] [0:12] [0:6] [0:12] [0:8] [0:14] [0:7] [0:14] [-2:4882.8000000000011] [0:2779] [0:1229] [0:895] [0:177] [0:252] [0:460] [0:392] [-3.5:105.2] [0:73] [0:31] [0:24] [0:10] [0:10] [0:12] [0:14] [164:290] [1:22] [2003:2024] none [0:1] [0:1] [1:2024] [0.106:0.89000000000000001] [93.099999999999994:119.59999999999999] [0:1] [0:1541] [2003:2024] [1:22] [18.828199863107461:40.142368240930871] [72:88] [1:61] [0:1] [0:1] [0:1] [0:1]
tree_sizes=2822 2900 2914 2914 2915 2896 2930 2913 2929 2925 2942 2936 2947 2950 2943 2906 2940 2910 2937 2943 2893 2922 2932 2884 2911 2925 2910 2917 2931 2921 2898 2902 2913 2882 2919 2907 2907 2869 2836 2909 2896 2894 2899 2913 2874 2873 2889 2884 2902 2877 2946 2865 2871 2862 2847 2824 2866 2890 2864 2827 2837 2828 2864 2801 2828 2864 2839 2775 2807 2807 2877 2806 2795 2856 2827 2830 2804 2812 2866 2815 2801 2852 2849 2818 2894 2827 2843 2822 2798 2801 2890 2840 2786 2807 2850 2868 2786 2917 2827 2783

Tree=0
num_leaves=31
num_cat=0
split_feature=22 22 22 22 22 22 22 20 20 22 22 22 22 22 18 49 60 49 50 22 61 104 18 103 104 18 0 22 18 6
split_gain=313665 44428.3 39451.3 10958.7 7509.2 6329.45 5034.4 1285.48 1223.4 1131.65 963.635 861.596 824.407 664.512 548.976 474.453 334.907 321.05 304.673 300.199 273.925 273.687 258.758 253.217 239.03 235.471 231.853 229.762 223.563 220.45
threshold=3.8535714285714291 6.5166666666666675 2.1026315789473689 8.4250000000000025 5.0513157894736844 1.2565789473684212 3.052777777777778 4.6333333333333337 9.7500000000000018 0.84807692307692317 2.5131578947368425 5.5250000000000012 7.4250000000000016 1.6583333333333334 3.9000000000000004 44.750000000000007 2.5000000000000004 35.250000000000007 1.0000000180025095e-35 4.3514705882352951 19.500000000000004 107.05000000000001 2.1000000000000005 0.49400000000000005 107.35000000000001 5.6750000000000007 24.910000000000007 11.425000000000002 2.3666666666666671 4.4500000000000011
decision_type=10 10 10 10 10 10 10 10 10 8 10 10 10 10 10 10 10 10 10 10 10 2 10 2 2 10 10 10 10 10
left_child=2 4 5 12 7 9 10 19 20 29 28 26 17 -7 -8 -13 -10 -3 -14 -2 21 -5 -15 -19 -20 -17 -6 -18 -4 -1
right_child=1 3 6 8 11 13 14 -9 16 -11 -12 15 18 22 -16 25 27 23 24 -21 -22 -23 -24 -25 -26 -27 -28 -29 -30 -31
leaf_value=2.8293457231273837 3.1726040012097756 3.3118115224395082 2.9869088435860158 3.5499216342843374 3.2238784041380928 2.9288765931646097 3.1070101848329399 3.261741119032322 3.6876292938575816 2.8910545423802048 3.0540942064517878 3.2927313566397602 3.4714531838265525 2.9522338242568447 3.159663770681596 3.3481323770247085 3.793737566791993 3.4808519520490444 3.4860382325032528 3.2169551670442056 3.8305271615579009 3.6643821683024997 2.9848800382091385 3.4276084514262748 3.5787794848359979 3.3917234379702914 3.3096387209437124 3.9238574833354174 3.0214394760996206 2.8586901946208498
leaf_weight=4420 3819 173 3687 259 354 11011 6206 4175 261 12276 8179 806 733 6727 2908 2001 836 1607 393 2542 82 1080 3799 2011 949 3255 2879 162 3815 6084
leaf_count=4420 3819 173 3687 259 354 11011 6206 4175 261 12276 8179 806 733 6727 2908 2001 836 1607 393 2542 82 1080 3799 2011 949 3255 2879 162 3815 6084
internal_value=3.07863 3.35856 2.9637 3.54917 3.27642 2.90718 3.06471 3.21863 3.7167 2.87044 3.03035 3.34194 3.47263 2.94605 3.12381 3.36417 3.78848 3.44489 3.5233 3.19033 3.65311 3.64224 2.96402 3.45126 3.55162 3.37513 3.30025 3.81486 3.00447 2.84634
internal_weight=97489 28377 69112 8546 19831 44317 24795 10536 2680 22780 15681 9295 5866 21537 9114 6062 1259 3791 2075 6361 1421 1339 10526 3618 1342 5256 3233 998 7502 10504
internal_count=97489 28377 69112 8546 19831 44317 24795 10536 2680 22780 15681 9295 5866 21537 9114 6062 1259 3791 2075 6361 1421 1339 10526 3618 1342 5256 3233 998 7502 10504
is_linear=0
shrinkage=1


Tree=1
num_leaves=31
num_cat=0
split_feature=22 22 22 22 22 22 22 20 20 18 22 22 20 18 22 22 82 22 10 65 61 50 61 18 100 103 60 104 109 104
split_gain=254225 35826.4 32639.2 8876.55 5961.89 4780.77 4208.41 1056.27 992.221 786.994 710.947 667.77 646.339 594.157 537.776 350.324 320.41 297.84 293.53 272.856 269.673 246.785 245.707 234.377 226.499 226.428 203.575 196.87 202.622 193.614
threshold=4.0250000000000012 2.2052631578947373 6.5166666666666675 8.4250000000000025 1.341666666666667 5.0513157894736844 3.052777777777778 0.76388888888888895 9.8500000000000032 4.1000000000000005 5.6181818181818191 7.4250000000000016 1.8166666666666669 4.1000000000000005 2.6055555555555561 4.5131578947368434 23.500000000000004 3.5131578947368425 19.303846153846155 2.5000000000000004 7.5000000000000009 1.0000000180025095e-35 19.500000000000004 6.3000000000000016 1.0000000180025095e-35 0.48100000000000004 4.5000000000000009 112.95000000000002 23.190965092402468 107.35000000000001
decision_type=10 10 10 10 10 10 10 8 10 10 10 10 10 10 10 10 10 10 10 10 10 10 10 10 2 2 10 2 2 2
left_child=1 4 5 11 7 9 14 -1 22 -2 19 20 -6 17 -3 -11 -12 -8 -10 -7 -4 26 24 -18 -5 -22 -13 28 -20 -23
right_child=2 6 3 8 12 10 13 -9 18 15 16 21 -14 -15 -16 -17 23 -19 27 -21 25 29 -24 -25 -26 -27 -28 -29 -30 -31
leaf_value=-0.21097900426683891 0.093166111539987842 -0.057120960728030835 0.22658280888024498 0.46669109684265131 -0.1276191401259216 0.14273151821724259 0.014471145019427334 -0.16832330791930677 0.4678949947437544 0.12781483117699671 0.18729219907732311 0.33369580496137385 -0.092821772568044955 0.084069467401100426 -0.017361311911833308 0.17686494925831864 0.24993491195966602 0.054195598813684964 0.47763584766536954 0.21575850146758579 0.3664307149178761 0.36666335467315508 0.67395202197979409 0.29443449340522732 0.54735822935710909 0.31521839000133794 0.49351402796231786 0.71940109331247415 0.64597630770032866 0.4501304762506636
leaf_weight=9622 3030 7057 238 658 13114 606 4451 14635 89 2553 539 642 9002 2950 6568 3389 2829 3277 80 3286 1479 393 97 2035 739 2074 91 344 673 949
leaf_count=9622 3030 7057 238 658 13114 606 4451 14635 89 2553 539 642 9002 2950 6568 3389 2829 3277 80 3286 1479 393 97 2035 739 2074 91 344 673 949
internal_value=-9.75704e-10 -0.0994644 0.262177 0.423482 -0.151007 0.186712 -0.00111578 -0.185244 0.574262 0.134641 0.236973 0.354595 -0.113455 0.0458901 -0.0379546 0.15579 0.260446 0.031316 0.642554 0.204388 0.329634 0.4002 0.520049 0.268553 0.509363 0.336536 0.353537 0.656725 0.628092 0.425687
internal_weight=97489 70676 26813 8546 46373 18267 24303 24257 2680 8972 9295 5866 22116 10678 13625 5942 5403 7728 1186 3892 3791 2075 1494 4864 1397 3553 733 1097 753 1342
internal_count=97489 70676 26813 8546 46373 18267 24303 24257 2680 8972 9295 5866 22116 10678 13625 5942 5403 7728 1186 3892 3791 2075 1494 4864 1397 3553 733 1097 753 1342
is_linear=0
shrinkage=0.1


Tree=2
num_leaves=31
num_cat=0
split_feature=22 22 22 22 22 22 22 20 22 22 18 20 49 22 22 18 40 18 49 18 67 83 18 40 103 17 81 80 24 104
split_gain=205955 30791.8 24042 7454.63 5276.12 4239.48 2841.69 1047.35 856.127 829.008 640.244 546.025 533.825 438.514 421.414 402.991 374.751 312.028 292.658 269.921 237.599 227.41 219.423 218.537 218.46 213.749 213.321 197.968 195.675 188.441
threshold=3.759615384615385 6.4750000000000005 2.1026315789473689 8.4250000000000025 5.0513157894736844 1.0954545454545457 2.8535714285714291 4.6333333333333337 1.6055555555555558 10.125000000000002 7.3000000000000016 3.3166666666666669 44.550000000000004 6.0704545454545462 0.65833333333333344 2.3666666666666671 2.9187500000000006 10.500000000000002 55.050000000000004 3.9000000000000004 6.5000000000000009 78.500000000000014 2.1000000000000005 4.4750000000000005 0.49400000000000005 4.5784101614887982 42.500000000000007 107.05000000000003 1.7750000000000001 107.05000000000001
decision_type=10 10 10 10 10 10 10 10 10 10 10 10 10 10 8 10 10 10 10 10 10 10 10 10 2 10 10 8 10 2
left_child=2 4 5 10 7 14 15 19 -7 25 18 -8 20 24 -1 27 21 -11 -3 -2 -6 -12 -10 -18 -14 29 -9 -4 -19 -5
right_child=1 3 6 9 12 8 11 26 22 17 16 -13 13 -15 -16 -17 23 28 -20 -21 -22 -23 -24 -25 -26 -27 -28 -29 -30 -31
leaf_value=-0.19637643896069298 0.065577472990573343 0.24033350773241327 -0.12744655490377824 0.40834523829356045 0.11781690482390589 -0.13003025766424045 0.001916687959992209 0.057958328938533255 -0.1041232779744895 0.52146485331673298 0.17105037264558859 0.046723550300749664 0.2300545484521801 0.26199601800227262 -0.16460334738663776 -0.031319811993468248 0.37068070263447656 0.68269905700781663 0.30599493687920576 0.10421558523554425 0.20123978623224206 0.32096392474067975 -0.075549586981607478 0.51211486428689501 0.19030038413759071 0.67925363475313549 0.15445535126096127 -0.061045231472353259 0.54057651090529546 0.4897057313822008
leaf_weight=7165 3350 957 495 355 777 15276 5725 243 7765 318 113 5181 2447 2012 10001 7576 1649 389 2335 3928 609 968 4110 117 3177 52 4002 4831 129 1437
leaf_count=7165 3350 957 495 355 777 15276 5725 243 7765 318 113 5181 2447 2012 10001 7576 1649 389 2335 3928 609 968 4110 117 3177 52 4002 4831 129 1437
internal_value=-9.66165e-10 0.221388 -0.095425 0.377686 0.154296 -0.138967 -0.0143744 0.109456 -0.114374 0.516836 0.316939 0.0232026 0.211568 0.221931 -0.177865 -0.0461382 0.351666 0.599438 0.286907 0.0864308 0.154472 0.305293 -0.0942338 0.380051 0.207597 0.479388 0.148931 -0.0672166 0.647306 0.473588
internal_weight=97489 29364 68125 8819 20545 44317 23808 11523 27151 2680 6139 10906 9022 7636 17166 12902 2847 836 3292 7278 1386 1081 11875 1766 5624 1844 4245 5326 518 1792
internal_count=97489 29364 68125 8819 20545 44317 23808 11523 27151 2680 6139 10906 9022 7636 17166 12902 2847 836 3292 7278 1386 1081 11875 1766 5624 1844 4245 5326 518 1792
is_linear=0
shrinkage=0.1


Tree=3
num_leaves=31
num_cat=0
split_feature=22 22 22 22 22 22 22 20 22 20 18 20 20 40 18 18 88 91 89 61 63 21 60 6 49 11 61 2 18 106
split_gain=167130 23585.9 21458.3 5132.4 4223.65 3763.74 2497.04 970.362 741.709 517.481 513.5 490.768 387.09 375.599 341.884 301.155 266.69 250.502 228.472 218.654 217.656 216.26 212.551 210.143 205.489 192.497 185.472 195.237 178.464 177.564
threshold=4.0250000000000012 2.2565789473684217 7.0750000000000002 5.5250000000000012 1.341666666666667 8.6750000000000025 3.1026315789473689 4.6333333333333337 0.84807692307692317 2.1055555555555561 5.6750000000000007 9.7500000000000018 2.7071428571428577 3.0513157894736849 4.1000000000000005 7.3000000000000016 19.250000000000004 4.5000000000000009 6.5000000000000009 11.500000000000002 13.500000000000002 3.3374964650874825 2.5000000000000004 20.900000000000002 45.350000000000001 10.674305103354319 15.500000000000002 40.965000000000011 3.9000000000000004 1012.5000000000001
decision_type=10 10 10 10 10 10 10 10 8 10 10 10 10 10 10 10 10 10 10 10 10 8 10 10 10 10 10 10 10 2
left_child=1 4 3 7 8 13 12 16 -1 18 24 26 -3 29 23 -15 -2 -9 -6 21 -18 -12 25 -8 -5 -13 -7 -28 -14 -4
right_child=2 6 5 10 9 11 14 17 -10 -11 19 22 28 15 -16 -17 20 -19 -20 -21 -22 -23 -24 -25 -26 -27 27 -29 -30 -31
leaf_value=-0.17033970252343333 0.041574408837248777 -0.042367117522337475 0.26861087358525942 0.13498950497730372 -0.11666987925320833 0.39262640138795557 0.017172651622367779 0.12407901485913722 -0.13504909255422612 -0.061491993574161685 0.22505790965934175 0.39602253658715453 -0.015597984419440547 0.29308576838704992 0.068448683615361425 0.369249789978216 0.087352175416396227 0.16372653565547113 -0.091479149298118553 0.25790351822619539 0.13510972225692516 0.085726949986484322 0.54237223163312964 0.055771882096618347 0.20240485494260879 0.61517744290828702 0.62877812087535867 0.4493899847445586 0.031173006229747155 0.45187888031656098
leaf_weight=10504 890 7228 1363 561 4933 605 5203 2602 13753 4835 2327 202 5105 817 2881 1424 3250 4112 13328 3279 1351 117 990 1935 2330 50 71 417 971 55
leaf_count=10504 890 7228 1363 561 4933 605 5203 2602 13753 4835 2327 202 5105 817 2881 1424 3250 4112 13328 3279 1351 117 990 1935 2330 50 71 417 971 55
internal_value=1.82444e-10 -0.0806466 0.212575 0.164574 -0.121189 0.379298 0.00166704 0.122862 -0.150331 -0.0905819 0.223675 0.478493 -0.0267279 0.315997 0.039372 0.341483 0.0916826 0.148361 -0.0982841 0.241028 0.101375 0.218388 0.521501 0.0276363 0.189323 0.439506 0.429623 0.475489 -0.00812356 0.275719
internal_weight=97489 70676 26813 20819 47353 5994 23323 12205 24257 23096 8614 2335 13304 3659 10019 2241 5491 6714 18261 5723 4601 2444 1242 7138 2891 252 1093 488 6076 1418
internal_count=97489 70676 26813 20819 47353 5994 23323 12205 24257 23096 8614 2335 13304 3659 10019 2241 5491 6714 18261 5723 4601 2444 1242 7138 2891 252 1093 488 6076 1418
is_linear=0
shrinkage=0.1


Tree=4
num_leaves=31
num_cat=0
split_feature=20 22 22 22 22 22 22 20 22 22 20 18 22 22 6 49 88 103 18 22 57 0 36 41 63 18 67 88 104 77
split_gain=135788 18547.6 17678.6 4562.96 3169.6 2827.05 2423.5 610.577 609.631 561.901 490.377 459.914 411.83 356.233 346.798 328.307 285.917 279.202 240.192 227.122 220.23 200.097 193.807 187.293 178.356 176.508 175.067 171.252 169.889 189.425
threshold=3.9500000000000006 6.5562500000000012 2.1026315789473689 8.6750000000000025 5.0513157894736844 1.0954545454545457 3.1026315789473689 1.6125000000000003 4.3062500000000012 7.8166666666666673 2.5277777777777781 6.9000000000000012 10.125000000000002 3.5131578947368425 6.1000000000000005 44.550000000000004 22.650000000000002 0.49400000000000005 10.500000000000002 6.0704545454545462 9.5000000000000018 33.510000000000012 1.5500000000000003 2.0310083354214652 8.5000000000000018 7.6333333333333337 6.5000000000000009 22.650000000000002 110.35000000000001 5.5000000000000009
decision_type=10 10 10 10 10 10 10 10 10 10 10 10 10 10 8 10 10 2 10 10 10 10 10 10 10 10 10 10 2 10
left_child=2 4 5 9 8 14 10 -7 -2 17 27 15 28 -8 -1 26 -10 20 -14 -17 -3 -11 -15 -23 -12 -18 -6 -4 -5 -30
right_child=1 3 6 12 11 7 13 -9 16 21 24 -13 18 22 -16 19 25 -19 -20 -21 -22 23 -24 -25 -26 -27 -28 -29 29 -31
leaf_value=-0.15948508232555358 0.068004751662706323 0.23580169275376114 -0.067704563529274467 0.35852703349848625 0.083553595739208161 -0.10556196740346729 0.011475581380172272 -0.075261579211052657 0.068807660361151129 0.1933162588928197 -0.029277511339399737 0.22166762877595536 0.41846850628279286 0.020193117628680007 -0.13100915922787928 0.16283128654820184 0.12679451890298291 0.22706644782418245 0.52887740634870806 0.20593314698134293 0.30336276453307698 0.30711405997404434 0.063570788230721889 0.39018399697453987 -0.00055155610172708718 0.39326459705829619 0.15958872767103671 -0.037143165208309237 0.37998822721387815 0.47222597701454555
leaf_weight=8081 4657 796 3146 608 683 15507 4174 11644 989 111 4349 1736 318 1449 9085 4864 4379 2568 518 1633 1225 858 3562 397 4297 25 544 4395 436 455
leaf_count=8081 4657 796 3146 608 683 15507 4174 11644 989 111 4349 1736 318 1449 9085 4864 4379 2568 518 1633 1225 858 3562 397 4297 25 544 4395 436 455
internal_value=2.57274e-10 0.186858 -0.0745405 0.312164 0.133614 -0.11265 -0.00797504 -0.0925673 0.0945088 0.265708 -0.031256 0.175158 0.430644 0.0330537 -0.144414 0.164705 0.117396 0.248948 0.48688 0.173665 0.276753 0.32201 0.0510275 0.333392 -0.0150009 0.128307 0.117264 -0.049893 0.399281 0.427091
internal_weight=97489 27800 69689 8290 19510 44317 25372 27151 10050 5955 16187 9460 2335 9185 17166 7724 5393 4589 836 6497 2021 1366 5011 1255 8646 4404 1227 7541 1499 891
internal_count=97489 27800 69689 8290 19510 44317 25372 27151 10050 5955 16187 9460 2335 9185 17166 7724 5393 4589 836 6497 2021 1366 5011 1255 8646 4404 1227 7541 1499 891
is_linear=0
shrinkage=0.1


Tree=5
num_leaves=31
num_cat=0
split_feature=20 22 22 22 22 22 22 22 20 88 63 18 53 22 20 20 49 110 57 63 36 11 104 61 63 22 12 102 87 38
split_gain=110022 15939 13395.3 3951.76 2687.74 2190.11 1845.07 581.077 528.863 492.862 453.129 394.247 351.748 330.442 300.872 293.873 275.631 250.01 238.571 227.732 216.472 204.924 192.493 192.196 191.33 189.108 183.746 173.615 171.07 170.372
threshold=3.8166666666666669 6.4750000000000005 1.9750000000000003 8.6750000000000025 4.8535714285714286 2.7029411764705888 1.0954545454545457 3.5131578947368425 8.0500000000000025 15.65 12.500000000000002 4.1000000000000005 37.500000000000007 1.4058823529411766 5.4142857142857155 0.61250000000000016 64.950000000000017 77.500000000000014 18.500000000000004 12.500000000000002 1.1000000000000003 7.6515392091608971 110.25000000000001 7.5000000000000009 8.5000000000000018 4.3514705882352951 6.9000000000000012 4.5000000000000009 7.5000000000000009 4.1500000000000012
decision_type=10 10 10 10 10 8 10 10 10 10 10 10 10 10 10 8 10 2 10 10 10 10 2 10 10 10 10 10 10 10
left_child=2 4 6 8 11 20 15 28 16 -6 23 -2 -5 -8 -12 -1 -3 18 22 25 -4 -20 26 -11 -22 -13 -14 -16 -7 -28
right_child=1 3 5 12 9 7 13 -9 -10 10 14 19 17 -15 27 -17 -18 -19 21 -21 24 -23 -24 -25 -26 -27 29 -29 -30 -31
leaf_value=-0.14498787725630649 0.045780205919447377 0.19962716581349699 -0.061032975961674091 0.32441593107796507 0.055706624962639673 -0.026764624376354747 -0.101234508411743 0.043990918860978209 0.29058347331760559 0.050874602278953719 0.14171440039381464 0.062314752857736799 0.31337349961316868 -0.077315223826579682 0.19224801038687109 -0.11857130711435648 0.2463150199467502 0.35981251257379226 0.47418561960969657 0.11956851447485897 -0.044454910283993121 0.844815791111726 0.4683068530930603 0.13323901335176866 -0.014295677611472336 0.10462482520513453 0.62834115117788325 0.1060353637722395 0.0064888459079909758 0.40366251079572574
leaf_weight=7409 3003 2768 4456 640 536 1952 9718 4292 1388 309 2324 2893 215 14237 3773 9757 2328 604 35 1825 6233 26 559 3408 3175 1664 40 249 7457 216
leaf_count=7409 3003 2768 4456 640 536 1952 9718 4292 1388 309 2324 2893 215 14237 3773 9757 2328 604 35 1825 6233 26 559 3408 3175 1664 40 249 7457 216
internal_value=3.53287e-10 0.16405 -0.0687933 0.276031 0.114633 -0.0148553 -0.10495 0.0134991 0.23586 0.149142 0.154119 0.0756593 0.38758 -0.0870187 0.170359 -0.129973 0.220956 0.411429 0.440005 0.0897187 -0.0428765 0.632159 0.428625 0.126392 -0.0342768 0.0777644 0.381529 0.186911 -0.00040995 0.438769
internal_weight=97489 28803 68686 8819 19984 27565 41121 13701 6484 10599 10063 9385 2335 23955 6346 17166 5096 1695 1091 6382 13864 61 1030 3717 9408 4557 471 4022 9409 256
internal_count=97489 28803 68686 8819 19984 27565 41121 13701 6484 10599 10063 9385 2335 23955 6346 17166 5096 1695 1091 6382 13864 61 1030 3717 9408 4557 471 4022 9409 256
is_linear=0
shrinkage=0.1


Tree=6
num_leaves=31
num_cat=0
split_feature=20 20 20 22 22 20 22 20 22 22 88 22 103 22 22 20 88 88 67 100 10 22 100 11 84 22 65 83 73 103
split_gain=89138 12240.5 11867.9 3053.17 2080.39 1908.61 1584.28 475.67 405.462 399.275 390.832 371.169 330.53 286.658 257.531 222.83 213.189 207.676 205.146 186.718 184.767 178.455 176.533 181.359 173.221 167.496 165.843 165.34 157.769 156.225
threshold=3.9500000000000006 6.6125000000000007 2.1055555555555561 8.2071428571428573 5.0513157894736844 1.2111111111111115 3.052777777777778 9.8500000000000032 6.0704545454545462 4.3062500000000012 8.7500000000000018 2.5131578947368425 0.49400000000000005 1.8062500000000001 3.5131578947368425 8.0500000000000025 22.650000000000002 15.050000000000002 6.5000000000000009 1.0000000180025095e-35 18.025000000000002 0.60555555555555574 1.0000000180025095e-35 8.107744834983718 9.5000000000000018 7.1250000000000009 2.5000000000000004 37.500000000000007 5.5000000000000009 0.48700000000000004
decision_type=10 10 10 10 10 10 10 10 10 10 8 10 2 10 10 10 10 10 10 2 10 8 2 10 10 10 10 10 10 2
left_child=2 4 5 12 9 10 11 22 17 -2 -1 -4 25 -7 -8 19 -11 -6 24 -14 -9 -12 -5 -24 -19 -3 -21 -17 -10 -26
right_child=1 3 6 7 8 13 14 20 28 16 21 -13 15 -15 -16 27 -18 18 -20 26 -22 -23 23 -25 29 -27 -28 -29 -30 -31
leaf_value=-0.13252695122801406 0.054752388709045377 0.21137923164752756 -0.040145014830342718 0.26801251060639081 0.044396004849113525 -0.078633177123990816 0.0094578276792097443 0.21035836230395205 0.13837299868014122 0.052765373088487381 -0.12399724954961618 -0.0091192517759466612 0.14529090942608325 -0.054497859916658301 0.042046169943391498 0.046360586774654877 0.10420396515727744 0.068203229558153888 0.16027521002288658 0.097118522157128767 0.39185213795968465 -0.098025677363490896 0.29613054350976292 0.38732061141976315 0.15184980794784922 0.26445001687915609 0.21289987056420909 0.26024988979631541 0.1858302597734309 0.10976011981813927
leaf_weight=6535 4657 1303 8105 839 292 14643 4731 59 1034 987 3350 7355 1217 7412 4975 39 4387 579 1686 139 1138 12583 563 356 1499 1094 1125 493 2172 2142
leaf_count=6535 4657 1303 8105 839 292 14643 4731 59 1034 987 3350 7355 1217 7412 4975 39 4387 579 1686 139 1138 12583 563 356 1499 1094 1125 493 2172 2142
internal_value=7.21199e-11 0.151396 -0.060394 0.252539 0.107863 -0.0914196 -0.00550436 0.334284 0.141653 0.0761842 -0.111933 -0.0253847 0.207889 -0.070522 0.0261616 0.185842 0.0947566 0.126719 0.130789 0.173249 0.382906 -0.103486 0.301178 0.331456 0.119009 0.235601 0.200168 0.24457 0.170524 0.127088
internal_weight=97489 27800 69689 8365 19435 44523 25166 2955 9404 10031 22468 15460 5410 22055 9706 3013 5374 6198 5906 2481 1197 15933 1758 919 4220 2397 1264 532 3206 3641
internal_count=97489 27800 69689 8365 19435 44523 25166 2955 9404 10031 22468 15460 5410 22055 9706 3013 5374 6198 5906 2481 1197 15933 1758 919 4220 2397 1264 532 3206 3641
is_linear=0
shrinkage=0.1


Tree=7
num_leaves=31
num_cat=0
split_feature=22 20 22 22 20 22 22 20 20 20 61 53 41 63 36 49 61 110 57 18 61 94 11 111 83 36 29 17 104 104
split_gain=72307.6 10353.5 9377.3 2766.95 2016.74 1026.98 982.789 439.886 393.165 392.382 356.337 260.319 235.961 229.718 217.014 211.516 197.014 192.124 186.037 185.121 181.791 168.073 165.989 162.777 185.691 162.204 161.075 160.688 156.799 153.061
threshold=4.0250000000000012 2.3166666666666669 7.4250000000000016 5.5250000000000012 1.3541666666666667 8.6750000000000025 3.052777777777778 4.6333333333333337 6.3500000000000005 0.70714285714285718 5.5000000000000009 37.500000000000007 2.0088612780485842 8.5000000000000018 1.6333333333333335 31.350000000000005 3.5000000000000004 77.500000000000014 18.500000000000004 4.9000000000000012 4.5000000000000009 2.5000000000000004 7.6515392091608971 7.5000000000000009 55.500000000000007 1.5500000000000003 1.5778850585653357 4.5112432053461076 110.25000000000001 107.05000000000001
decision_type=10 10 10 10 10 10 10 10 10 8 10 10 10 10 10 8 8 2 10 10 10 10 10 2 10 10 10 10 2 2
left_child=1 4 3 7 9 12 13 16 23 -1 25 -7 -4 -3 -8 -10 -2 18 28 -16 -9 -22 -20 -5 -25 -6 27 -19 -13 -14
right_child=2 6 5 8 10 11 14 20 15 -11 -12 17 29 -15 19 -17 -18 26 22 -21 21 -23 -24 24 -26 -27 -28 -29 -30 -31
leaf_value=-0.11437378674303106 -0.066637353980839795 -0.028843410562465005 0.20250236312927394 0.15045813700579702 -0.073900804260548403 0.26016851699765542 0.0078340647905355415 0.0097476948093672168 0.0060124983716952178 -0.088787108079449506 -0.040478344859903037 0.30751879835964013 0.20521106257875293 -0.0010039723300638451 0.03155140487157948 0.1741277033054669 0.062393668277585426 0.28416315666811182 0.38758183504853932 0.089410540865062699 0.086740490248715024 0.11923146901230963 0.72114900533969584 0.058872352196772643 0.1273188023573191 -0.051597470079723762 0.051048653220964801 0.46687906778083654 0.38583902097698669 0.30729628627750194
leaf_weight=9722 121 6688 1764 2362 10133 640 4200 227 76 15628 7913 471 222 5323 5648 4900 5370 524 35 613 3682 2805 26 493 2022 4808 27 53 559 434
leaf_count=9722 121 6688 1764 2362 10133 640 4200 227 76 15628 7913 471 222 5323 5648 4900 5370 524 35 613 3682 2805 26 493 2022 4808 27 53 559 434
internal_value=1.78189e-10 -0.0530458 0.139823 0.112365 -0.0791787 0.267195 0.00301109 0.0805429 0.151784 -0.0985999 -0.0576364 0.314507 0.221544 -0.0165056 0.0254196 0.17156 0.0595503 0.335024 0.360074 0.0372163 0.0977116 0.10079 0.529758 0.131606 0.113902 -0.0667236 0.289775 0.300946 0.350025 0.272749
internal_weight=97489 70676 26813 22058 48204 4755 22472 12205 9853 25350 22854 2335 2420 12011 10461 4976 5491 1695 1091 6261 6714 6487 61 4877 2515 14941 604 577 1030 656
internal_count=97489 70676 26813 22058 48204 4755 22472 12205 9853 25350 22854 2335 2420 12011 10461 4976 5491 1695 1091 6261 6714 6487 61 4877 2515 14941 604 577 1030 656
is_linear=0
shrinkage=0.1


Tree=8
num_leaves=31
num_cat=0
split_feature=20 22 22 20 22 22 22 91 63 18 22 22 88 0 73 63 18 42 94 50 17 103 57 63 61 110 43 82 88 104
split_gain=58730.4 9079.09 6663.72 2122.74 1706.45 1291.85 831.632 403.75 345.659 280.803 270.04 255.253 233.549 231.373 223.021 208.617 207.343 204.526 192.742 189.413 195.152 169.76 169.473 172.93 168.709 164.712 161.776 172.343 157.846 155.385
threshold=3.7250000000000005 6.4750000000000005 1.8062500000000001 8.5500000000000025 4.6583333333333341 2.6583333333333337 0.97500000000000009 4.5000000000000009 16.500000000000004 5.6750000000000007 3.3038461538461541 7.9250000000000016 11.450000000000001 24.910000000000007 3.5000000000000004 13.500000000000002 6.9000000000000012 0.70833333333333337 2.5000000000000004 4.3000000000000016 4.5784101614887982 0.40850000000000003 17.500000000000004 22.500000000000004 6.5000000000000009 79.500000000000014 2.0615171442623468 626.50000000000011 21.050000000000004 110.85000000000001
decision_type=10 10 10 10 10 10 10 10 10 10 10 10 10 10 10 10 10 8 10 10 10 2 10 10 10 2 10 10 10 2
left_child=2 4 6 11 9 14 17 13 -5 15 28 21 -8 -6 -4 24 18 -1 -9 20 -10 -3 23 29 -2 -14 27 -24 -7 -21
right_child=1 3 5 8 7 10 12 16 19 -11 -12 -13 25 -15 -16 -17 -18 -19 -20 22 -22 -23 26 -25 -26 -27 -28 -29 -30 -31
leaf_value=-0.10669596158679645 -0.011259246146568778 0.18994513067509372 -0.051838259955982048 0.20800154037636559 0.025480425185243502 -0.027119072866526463 -0.087334635080428255 0.094888405585785554 0.22090209236308456 0.10323342029169989 0.024384866038991412 0.21517139257189719 -0.052620758316647004 0.090783365775458855 -0.027010709967466229 0.07661777577511357 0.1535095100020325 -0.080903280589117527 0.13012838203823981 0.27476645511125802 0.42696485005173035 0.14884341108449378 0.39476630748989427 0.19180671974543984 0.040113672126563263 -0.071525249257167439 0.18442241174203378 0.67343800453735259 0.003884275969708046 0.34344172632150927
leaf_weight=9770 717 1379 5379 598 631 2267 4917 3304 465 827 5240 1004 8541 3871 11052 1434 1443 4486 2927 624 51 3704 107 134 5895 10011 27 28 5958 698
leaf_count=9770 717 1379 5379 598 631 2267 4917 3304 465 827 5240 1004 8541 3871 11052 1434 1443 4486 2927 624 51 3704 107 134 5895 10011 27 28 5958 698
internal_value=4.12068e-10 0.116786 -0.0515841 0.201964 0.081099 -0.0163206 -0.0795295 0.105405 0.275195 0.047745 0.00664243 0.169095 -0.0679576 0.0816305 -0.0351385 0.0420416 0.119353 -0.0985797 0.111442 0.294025 0.241269 0.159994 0.310849 0.300054 0.0345428 -0.062822 0.407874 0.452565 -0.00466096 0.311026
internal_weight=97489 29868 67621 8819 21049 29896 37725 12176 2732 8873 13465 6087 23469 4502 16431 8046 7674 14256 6231 2134 516 5083 1618 1456 6612 18552 162 135 8225 1322
internal_count=97489 29868 67621 8819 21049 29896 37725 12176 2732 8873 13465 6087 23469 4502 16431 8046 7674 14256 6231 2134 516 5083 1618 1456 6612 18552 162 135 8225 1322
is_linear=0
shrinkage=0.1


Tree=9
num_leaves=31
num_cat=0
split_feature=20 22 20 22 22 22 18 63 22 88 18 63 40 49 67 61 103 8 22 6 87 36 86 18 53 100 11 63 86 45
split_gain=47580.5 7885.59 5069.86 2207.97 1108.68 947.014 714.636 348.062 298.148 293.985 281.899 214.939 214.196 212.347 208.731 223.373 202.337 196.969 191.886 188.416 180.289 164.334 163.399 161.573 159.792 158.186 158.791 152.02 145.858 145.239
threshold=3.6125000000000003 6.0704545454545462 1.8166666666666669 8.2071428571428573 4.552777777777778 2.5131578947368425 0.90000000000000013 10.500000000000002 9.8250000000000011 15.65 7.3000000000000016 12.500000000000002 2.9750000000000005 56.650000000000013 6.5000000000000009 5.5000000000000009 0.49400000000000005 6.0500000000000007 1.4058823529411766 20.900000000000002 2.5000000000000004 1.5500000000000003 10.500000000000002 9.1000000000000014 31.500000000000004 1.0000000180025095e-35 8.107744834983718 12.500000000000002 14.500000000000002 2.1349300980043302
decision_type=10 10 10 10 10 10 10 10 10 10 10 10 10 10 10 10 2 8 10 10 10 10 10 10 10 2 10 10 10 10
left_child=2 4 6 10 11 21 17 -7 25 -6 13 20 22 -3 15 -11 -17 -1 -8 -9 -2 -4 -12 24 -10 -5 28 -16 -27 -14
right_child=1 3 5 8 9 7 18 19 23 14 12 -13 29 -15 27 16 -18 -19 -20 -21 -22 -23 -24 -25 -26 26 -28 -29 -30 -31
leaf_value=-0.10023387845028896 -0.016678866260434841 0.10139048935002304 -0.043377085000683026 0.19084283366537888 0.019682380177685466 -0.009238702865179178 -0.068579742432476415 0.012788153474162484 -0.069211792498826988 0.0032129234058101137 -0.0092699809236006011 0.068459707530005673 0.20092233159190351 0.14401690228774341 0.070347329762996694 0.10539831974851209 0.07177877368061282 -0.077433600716104528 -0.050156962301047006 0.058649689706027942 0.036373270416678365 -0.021381857793153766 0.14630639313083232 0.30355925252782268 0.23231123626617523 0.044200034870041746 0.30071786386114391 0.12985276383012423 0.23108942972875257 0.098624336194807025
leaf_weight=7254 711 1844 8212 935 619 9395 12643 3945 20 339 71 1963 1494 3191 557 3143 4159 7932 10227 1159 6466 5793 1373 884 145 45 364 1873 580 153
leaf_count=7254 711 1844 8212 935 619 9395 12643 3945 20 339 71 1963 1494 3191 557 3143 4159 7932 10227 1159 6466 5793 1373 884 145 45 364 1873 580 153
internal_value=-4.32201e-11 0.102485 -0.0476226 0.169977 0.0647091 -0.0157329 -0.071508 0.0021813 0.243716 0.086573 0.142999 0.0391376 0.166771 0.128406 0.0906843 0.0825656 0.0862496 -0.0883248 -0.0603414 0.0232022 0.0311176 -0.034279 0.138657 0.286604 0.195763 0.220333 0.248213 0.116213 0.217633 0.191419
internal_weight=97489 30929 66560 11099 19830 28504 38056 14499 2973 10690 8126 9140 3091 5035 10071 7641 7302 15186 22870 5104 7177 14005 1444 1049 165 1924 989 2430 625 1647
internal_count=97489 30929 66560 11099 19830 28504 38056 14499 2973 10690 8126 9140 3091 5035 10071 7641 7302 15186 22870 5104 7177 14005 1444 1049 165 1924 989 2430 625 1647
is_linear=0
shrinkage=0.1


Tree=10
num_leaves=31
num_cat=0
split_feature=18 20 22 20 22 22 22 103 63 61 18 63 88 83 36 49 53 63 83 29 88 4 36 88 22 103 20 3 106 96
split_gain=38652.4 5648.39 4954.94 1309.59 1195.86 1087.61 486.447 254.789 253.635 250.892 241.905 240.946 222.631 193.314 189.897 186.404 163.882 157.919 156.639 137.61 136.893 138.218 134.186 129.74 121.561 121.133 132.347 124.28 120.784 120.525
threshold=3.9000000000000004 6.6125000000000007 2.3038461538461541 8.5500000000000025 4.6583333333333341 1.205263157894737 3.3038461538461541 0.51350000000000018 14.500000000000002 8.5000000000000018 2.1000000000000005 16.500000000000004 8.7500000000000018 12.500000000000002 1.6333333333333335 44.750000000000007 17.500000000000004 17.500000000000004 102.50000000000001 1.7914269149049915 20.450000000000003 22.335681818181826 1.7750000000000001 11.750000000000002 5.9083333333333341 0.49400000000000005 10.550000000000002 12.828780577343162 186.50000000000003 193.50000000000003
decision_type=10 10 10 10 10 10 10 2 10 10 10 10 8 10 10 10 8 10 10 10 10 10 10 10 10 2 10 10 2 2
left_child=2 4 5 7 9 12 13 -3 15 -2 18 -5 -1 -4 -8 -6 -13 -9 23 25 -11 -22 -10 -7 -17 26 -18 -28 -19 -15
right_child=1 3 6 11 8 10 14 17 22 20 -12 16 -14 29 -16 24 19 28 -20 -21 21 -23 -24 -25 -26 -27 27 -29 -30 -31
leaf_value=-0.090913990321840069 0.022073188016873982 0.16033729384588535 -0.048759140283612751 0.16758837125372764 0.040126880011333972 -0.070624214127500223 0.00031403114286575031 0.10777324586614841 0.072854831543773785 0.016423227587779022 -0.029706943503368957 0.024692333170345852 -0.068443811467341367 0.023721317310930676 0.033242065702400576 0.077503344589749709 0.24123252662693306 0.41429347977042197 -0.022087442800885749 0.4861338716486226 0.11490432144523229 0.056897836196682539 0.11779458387493075 -0.049225210119776874 0.1102302605913798 0.21816300406048922 0.27587829495996535 0.41264355884864923 0.16243118525164038 -0.010507315040183984
leaf_weight=6222 3886 2839 1239 600 1069 3560 2817 2368 820 725 7647 35 15135 1136 4630 4753 647 20 1735 23 465 3523 3502 13879 1491 1135 198 100 397 10893
leaf_count=6222 3886 2839 1239 600 1069 3560 2817 2368 820 725 7647 35 15135 1136 4630 4753 647 20 1735 23 465 3523 3502 13879 1491 1135 198 100 397 10893
internal_value=1.03935e-10 0.0977339 -0.0405672 0.166869 0.069163 -0.0581525 0.000331839 0.139256 0.0900627 0.0408844 -0.0447451 0.223586 -0.0749901 -0.0111487 0.0207863 0.0787122 0.239301 0.117766 -0.0507427 0.242873 0.0563947 0.0636614 0.109268 -0.0535936 0.0853182 0.240183 0.26663 0.321773 0.174511 -0.00727482
internal_weight=97489 28596 68893 8362 20234 48178 20715 5624 11635 8599 26821 2738 21357 13268 7447 7313 2138 2785 19174 2103 4713 3988 4322 17439 6244 2080 945 298 417 12029
internal_count=97489 28596 68893 8362 20234 48178 20715 5624 11635 8599 26821 2738 21357 13268 7447 7313 2138 2785 19174 2103 4713 3988 4322 17439 6244 2080 945 298 417 12029
is_linear=0
shrinkage=0.1


Tree=11
num_leaves=31
num_cat=0
split_feature=22 20 18 18 22 20 20 61 91 83 63 42 104 50 40 10 9 83 51 40 73 100 60 22 71 85 113 96 36 6
split_gain=31447.7 4921.22 3997.12 907.313 855.114 745.548 522.163 316.553 244.375 239.495 208.284 202.677 197.919 194.844 170.968 190.28 193.285 161.672 160.568 155.722 153.266 149.408 154.307 147.302 146.396 133.318 131.514 128.28 153.422 127.213
threshold=4.1026315789473697 2.3166666666666669 7.3000000000000016 1.1000000000000003 5.5250000000000012 8.7500000000000018 3.3166666666666669 4.5000000000000009 4.5000000000000009 395.50000000000006 10.500000000000002 0.55000000000000016 108.35000000000001 4.3000000000000016 4.4750000000000005 23.225000000000005 9.7550556651424127 5.5000000000000009 64.950000000000017 2.9750000000000005 2.5000000000000004 1.0000000180025095e-35 1.5000000000000002 9.8250000000000011 6.5000000000000009 83.500000000000014 1.0000000180025095e-35 222.50000000000003 1.6333333333333335 14.675000000000002
decision_type=10 10 10 10 10 10 10 10 10 10 10 8 2 10 10 10 10 10 10 10 10 2 10 10 10 8 2 2 10 10
left_child=1 3 4 11 8 19 10 -5 18 13 29 -1 -11 20 21 16 -16 -8 -2 25 -6 22 -7 -24 -21 -4 -20 28 -19 -3
right_child=2 6 5 7 9 14 17 -9 -10 12 -12 -13 -14 -15 15 -17 -18 27 26 24 -22 -23 23 -25 -26 -27 -28 -29 -30 -31
leaf_value=-0.078140403584402385 0.02118875981197936 -0.025502815186312634 0.12037818346307308 -0.052045605436645284 0.011406221382338743 0.057262560806799034 -0.045377771904272134 -0.030778064283930481 0.068244949863827578 0.092846828050951596 0.012978850438653756 -0.058037906314837295 0.19120881940031897 0.11868026500337357 0.30703337051990359 0.22681898114220617 0.64467950818084541 0.014907033399333556 0.065899761739979565 0.16063525440248019 0.085166686940533087 0.22027532450742304 0.14503105932084498 0.23602678830662988 0.027435700218518114 -0.034945063711258405 0.0076175731509479129 0.010498130920729917 0.05025734998516504 -0.0040539759329699899
leaf_weight=10565 2695 5590 1811 13207 297 121 336 14888 5624 371 3539 9548 456 1848 88 522 21 2107 2219 2035 5471 887 479 283 86 57 469 3455 2942 5472
leaf_count=10565 2695 5590 1811 13207 297 121 336 14888 5624 371 3539 9548 456 1848 88 522 21 2107 2219 2035 5471 887 479 283 86 57 469 3455 2942 5472
internal_value=1.30092e-10 -0.0341081 0.0945747 -0.0523832 0.0720314 0.163193 0.00347589 -0.0407756 0.0536674 0.0959722 -0.00813725 -0.0685974 0.147083 0.0904222 0.20722 0.251912 0.372084 0.0226573 0.0384373 0.136692 0.0813687 0.191287 0.162168 0.178826 0.155234 0.115639 0.0557307 0.0253454 0.0355053 -0.0148928
internal_weight=97489 71649 25840 48208 19450 6390 23441 28095 11007 8443 14601 20113 827 7616 2401 631 109 8840 5383 3989 5768 1770 883 762 2121 1868 2688 8504 5049 11062
internal_count=97489 71649 25840 48208 19450 6390 23441 28095 11007 8443 14601 20113 827 7616 2401 631 109 8840 5383 3989 5768 1770 883 762 2121 1868 2688 8504 5049 11062
is_linear=0
shrinkage=0.1


Tree=12
num_leaves=31
num_cat=0
split_feature=18 22 18 63 22 63 22 61 6 36 40 83 50 103 48 91 41 109 53 89 63 104 40 42 9 96 86 49 104 37
split_gain=25564.8 3754.06 3260.09 864.342 787.281 588.975 571.9 372.249 226.712 204.717 193.559 188.801 177.478 176.571 175.89 166.944 159.9 152.024 142.727 137.017 142.994 134.111 169.596 248.279 152.503 133.459 132.229 131.707 129.645 129.557
threshold=3.9000000000000004 6.6583333333333341 2.1000000000000005 12.500000000000002 8.6750000000000025 5.5000000000000009 2.8062500000000004 8.5000000000000018 6.6333333333333337 2.9000000000000004 2.5131578947368425 84.500000000000014 1.0000000180025095e-35 0.49400000000000005 29.750000000000004 6.5000000000000009 1.7010058503844265 19.883641341546888 37.500000000000007 3.5000000000000004 8.5000000000000018 109.75000000000001 4.4750000000000005 2.5500000000000003 9.5673053669552193 185.50000000000003 2.5000000000000004 22.850000000000005 119.15000000000002 0.86554360876699599
decision_type=10 10 10 10 10 10 10 10 8 10 10 10 10 2 8 10 10 2 10 10 10 2 10 10 10 2 10 8 2 10
left_child=2 3 5 7 12 8 26 25 -1 15 27 19 14 -9 29 -5 -15 -14 -6 -7 -21 -20 -23 24 -24 -2 -4 -8 -29 -3
right_child=1 4 6 9 18 11 10 13 -10 -11 -12 -13 17 16 -16 -17 -18 -19 21 20 -22 22 23 -25 -26 -27 -28 28 -30 -31
leaf_value=-0.073142621644351119 0.15190609108848657 0.041873430904178395 -0.066832359650973505 0.058262033249557338 0.14712303984008032 -0.062631972732782981 -0.083656391566507074 0.069433231404696732 -0.052386484690763506 0.10077329550718961 0.035120981629395913 -0.020072690164155797 -0.10214586709108618 0.026115822683907903 0.013106382227319364 0.091980311748088836 0.069986054281238066 0.13620833944141816 0.16513158287803545 -0.044072873266951619 -0.019876658915885179 0.20128404822280041 0.32341430226196222 0.19070032721745872 0.5625125707851516 0.010547934565764522 -0.016512751341054486 0.0046068999134724143 0.094884788301301967 0.11550180727878889
leaf_weight=9338 68 273 544 4444 640 2928 166 3153 12057 3030 2691 4573 27 3042 223 2193 1143 2996 612 11487 3102 820 103 124 36 3751 13043 8802 162 1918
leaf_count=9338 68 273 544 4444 640 2928 166 3153 12057 3030 2691 4573 27 3042 223 2193 1143 2996 612 11487 3102 820 103 124 36 3751 13043 8802 162 1918
internal_value=-7.55231e-12 0.0794838 -0.032992 0.0573487 0.138792 -0.0496201 -0.00453352 0.0383845 -0.0614456 0.0792358 0.011551 -0.0381667 0.117934 0.0515619 0.0977161 0.0694032 0.0380976 0.134079 0.187358 -0.0428903 -0.0389281 0.20255 0.223695 0.29357 0.385339 0.0130649 -0.0185275 0.00460398 0.00623843 0.106328
internal_weight=97489 28596 68893 20824 7772 43485 25408 11157 21395 9667 11821 22090 5437 7338 2414 6637 4185 3023 2335 17517 14589 1695 1083 263 139 3819 13587 9130 8964 2191
internal_count=97489 28596 68893 20824 7772 43485 25408 11157 21395 9667 11821 22090 5437 7338 2414 6637 4185 3023 2335 17517 14589 1695 1083 263 139 3819 13587 9130 8964 2191
is_linear=0
shrinkage=0.1


Tree=13
num_leaves=31
num_cat=0
split_feature=22 20 18 20 22 63 110 10 88 61 94 50 63 63 88 0 91 48 102 83 46 40 57 47 10 61 89 100 104 46
split_gain=20830.2 3659.77 2400.28 709.311 507.669 431.88 383.927 283.58 263.622 213.664 203.629 203.084 190.705 176.474 174.274 171.526 169.752 166.133 159.816 159.94 152.045 153.275 150.007 148.178 198.909 147.593 142.222 126.571 123.33 127.994
threshold=4.3062500000000012 2.4142857142857146 7.5500000000000007 1.3541666666666667 6.0704545454545462 16.500000000000004 76.500000000000014 21.125000000000004 19.250000000000004 3.5000000000000004 1.5000000000000002 1.0000000180025095e-35 8.5000000000000018 4.5000000000000009 36.850000000000001 22.110000000000003 7.5000000000000009 32.150000000000013 7.5000000000000009 367.50000000000006 4.2750000000000012 4.4750000000000005 18.500000000000004 0.88271147566150387 25.575000000000006 6.5000000000000009 8.5000000000000018 1.0000000180025095e-35 110.05000000000001 3.5250000000000004
decision_type=10 10 10 10 10 10 2 10 10 8 10 10 10 10 10 10 10 8 10 10 10 10 8 10 10 10 10 2 2 10
left_child=1 3 4 13 9 17 8 15 -3 -2 -11 -7 -5 -1 -6 -8 -10 23 19 27 21 -13 28 24 -4 -17 -14 -12 29 -23
right_child=2 6 5 12 14 11 7 -9 16 10 18 20 26 -15 -16 25 -18 -19 -20 -21 -22 22 -24 -25 -26 -27 -28 -29 -30 -31
leaf_value=-0.061848864674460893 -0.06191018358604309 -0.0014195837716646689 0.18430462948406795 -0.034423576539968449 0.067853633286114143 0.092281656189965963 -0.035242658636268138 0.02223763532275775 0.036243648093302404 0.034744324944201717 0.049537235481596616 0.16235515527018476 -0.03233362602352069 -0.045161719743065515 0.10299457757523506 -0.018464113877829504 0.11284885149532425 0.035288714214501818 -0.0065728911195810022 0.14120296100994809 0.022926113077185371 0.14125193889911583 0.40579319149255755 0.10481124008804932 -0.086141573817565528 0.0050917390120393709 7.3415642791339376e-05 0.075017959253179667 0.25164099271611406 0.3492084368160277
leaf_weight=12656 163 2107 437 19016 2495 355 2031 3876 3815 3993 3877 1928 2317 12694 3249 4242 313 279 325 266 66 287 40 1984 29 7132 3259 3921 304 33
leaf_count=12656 163 2107 437 19016 2495 355 2031 3876 3815 3993 3877 1928 2317 12694 3249 4242 313 279 325 266 66 287 40 1984 29 7132 3259 3921 304 33
internal_value=7.94974e-11 -0.0264384 0.080817 -0.0417548 0.0631085 0.137221 0.00608968 -0.00158528 0.0273617 0.0518348 0.0533322 0.163321 -0.029655 -0.0534928 0.0877305 -0.00847358 0.0420521 0.108404 0.0621796 0.0649506 0.172809 0.176626 0.218063 0.11673 0.167474 -0.00369355 -0.0133927 0.0623495 0.206029 0.162697
internal_weight=97489 73458 24031 49942 18289 5742 23516 17281 6235 12545 12382 3013 24592 25350 5744 13405 4128 2729 8389 8064 2658 2592 664 2450 466 11374 5576 7798 624 320
internal_count=97489 73458 24031 49942 18289 5742 23516 17281 6235 12545 12382 3013 24592 25350 5744 13405 4128 2729 8389 8064 2658 2592 664 2450 466 11374 5576 7798 624 320
is_linear=0
shrinkage=0.1


Tree=14
num_leaves=31
num_cat=0
split_feature=18 18 22 63 20 63 88 61 54 88 83 103 110 15 88 18 60 104 50 36 90 40 82 75 25 100 80 41 69 19
split_gain=16958.2 2776.74 1879.66 933.274 400.783 383.308 312.331 249.703 248.259 244.899 198.836 181.994 181.834 151.253 147.586 144.384 140.854 140.44 136.024 135.451 133.983 121.301 121.41 127.539 120.816 118.003 129.488 117.503 116.413 109.004
threshold=3.6333333333333337 7.3000000000000016 1.8062500000000001 12.500000000000002 8.7500000000000018 8.5000000000000018 8.7500000000000018 8.5000000000000018 1.0000000180025095e-35 14.250000000000002 383.50000000000006 0.49400000000000005 79.500000000000014 5.1752614176010496 18.050000000000004 2.5500000000000003 3.5000000000000004 103.85000000000001 4.3000000000000016 2.3666666666666671 4.5000000000000009 4.5750000000000002 18.500000000000004 8.5000000000000018 1.6121532512998444 1.0000000180025095e-35 2010.8500000000004 1.7010058503844265 1.5000000000000002 2.4697348311904634
decision_type=10 10 10 10 10 10 8 10 10 10 10 2 2 10 10 10 10 2 10 10 10 10 10 10 10 2 10 10 10 10
left_child=2 3 6 7 21 15 -1 -2 10 -7 14 16 -8 18 29 -4 -9 -10 28 -11 -18 22 23 -3 -12 26 -24 -13 -6 -5
right_child=1 4 5 8 13 9 12 11 17 19 24 27 -14 -15 -16 -17 20 -19 -20 -21 -22 -23 25 -25 -26 -27 -28 -29 -30 -31
leaf_value=-0.06017336875565811 0.0093839974640585917 -0.053364932537078857 -0.029165791615539761 0.052716347091768923 -0.029140523841072408 -0.026408181820114729 -0.029263116594394869 0.053306959479502453 0.03328419537648284 0.0014883027410483416 0.096154453223031081 0.015149554971119323 -0.045108776351369992 0.32280094524224601 0.061464267917432404 -0.008686516162012714 0.36777913902354031 0.12116801362773554 0.16305289661548014 0.025077682718191066 0.065998817403470314 0.19935518674983466 0.099917661254113249 0.09687589507180551 0.21932151331310418 0.11990953970710089 0.039187811086631281 0.052081599086602252 0.12208987751339224 -0.014926325086576951
leaf_weight=8267 4851 106 8498 493 56 2508 12877 3243 217 8997 638 3221 16549 51 8691 5787 28 1122 1735 3337 31 121 1338 121 91 1843 476 1176 559 461
leaf_count=8267 4851 106 8498 493 56 2508 12877 3243 217 8997 638 3221 16549 51 8691 5787 28 1122 1735 3337 31 121 1338 121 91 1843 476 1176 559 461
internal_value=7.75922e-11 0.0615624 -0.0282559 0.0461013 0.120122 -0.00917626 -0.0429995 0.0271542 0.0664025 0.00207807 0.0611721 0.0383508 -0.0381746 0.152426 0.0573659 -0.0208694 0.0560927 0.106925 0.148729 0.00787048 0.209217 0.100755 0.0976833 0.0267194 0.111529 0.102088 0.0839819 0.0250272 0.108319 0.0200295
internal_weight=97489 30669 66820 24263 6406 29127 37693 12550 11713 14842 10374 7699 29426 2401 9645 14285 3302 1339 2350 12334 59 4005 3884 227 729 3657 1814 4397 615 954
internal_count=97489 30669 66820 24263 6406 29127 37693 12550 11713 14842 10374 7699 29426 2401 9645 14285 3302 1339 2350 12334 59 4005 3884 227 729 3657 1814 4397 615 954
is_linear=0
shrinkage=0.1


Tree=15
num_leaves=31
num_cat=0
split_feature=22 20 61 22 20 63 6 67 82 10 38 100 110 104 91 38 49 8 49 40 8 15 8 22 3 96 61 81 40 32
split_gain=13788.9 2299.9 1506.52 588.4 491.372 398.239 257.231 213.935 219.894 194.85 188.216 184.948 152.333 152.057 148.781 145.623 142.087 139.425 138.599 130.778 128.094 192.519 132.043 146.533 136.738 126.946 129.53 123.678 122.664 131.495
threshold=3.6055555555555561 6.3500000000000005 4.5000000000000009 7.9250000000000016 2.5277777777777781 11.500000000000002 6.6333333333333337 6.5000000000000009 36.500000000000007 5.4058823529411777 2.183333333333334 1.0000000180025095e-35 76.500000000000014 111.05000000000001 9.5000000000000018 1.267857142857143 39.750000000000007 8.9500000000000011 33.650000000000013 2.3535714285714291 16.050000000000004 1.6346924281699651 20.633333333333336 11.875000000000002 15.344311287154307 185.50000000000003 5.5000000000000009 457.50000000000006 4.3166666666666673 0.89444444444444449
decision_type=10 10 10 10 10 10 8 10 10 10 10 2 2 2 10 10 8 10 8 10 10 10 10 10 10 2 10 8 10 10
left_child=2 5 6 9 15 17 -1 8 -7 -3 -10 18 14 28 -6 -4 -15 -2 -11 -13 21 -18 24 -24 27 -19 -27 -22 -5 -30
right_child=1 3 4 13 12 7 -8 -9 10 11 -12 19 -14 16 -16 -17 20 25 -20 -21 22 -23 23 -25 -26 26 -28 -29 29 -31
leaf_value=-0.05398322651923796 -0.036716917804046977 0.37398271469230004 -0.028353135913466238 0.088416422417573803 0.020083915951126692 -0.0005751048530553385 -0.034986056273683036 0.067463665075741364 0.026025861055923773 -0.083455378790177517 0.057469412776159946 0.057016603776101953 -0.0026469306091780852 -0.070289342118234469 0.23679645620286466 -0.011851236269224186 0.53770000219345093 0.067727943729835927 0.061902599386901305 0.10423487004122284 0.19865098890570021 0.19504040308951676 0.15293120521985801 0.32929118348627678 -0.12034676460356548 -0.02871034484968691 0.022393888257798499 0.057876031819597953 0.1570854061164457 -0.024411354924357215
leaf_weight=11113 424 22 12038 1164 3163 1212 19875 3746 3132 67 4854 773 10631 29 32 9622 20 567 3132 2432 97 91 1223 49 29 536 6641 175 557 43
leaf_count=11113 424 22 12038 1164 3163 1212 19875 3746 3132 67 4854 773 10631 29 32 9622 20 567 3132 2432 97 91 1223 49 29 536 6641 175 557 43
internal_value=1.12522e-10 0.0550588 -0.025689 0.0948191 -0.011621 0.0364084 -0.0417989 0.0473186 0.0391142 0.0768889 0.0451377 0.0758683 0.00310743 0.127957 0.0222544 -0.0210225 0.149178 0.0191189 0.0588582 0.0928465 0.152957 0.256781 0.145631 0.159725 0.0860711 0.022176 0.0185773 0.108079 0.107349 0.144078
internal_weight=97489 31015 66474 9903 35486 21112 30988 12944 9198 6426 7986 6404 13826 3477 3195 21660 1713 8168 3199 3205 1684 111 1573 1272 301 7744 7177 272 1764 600
internal_count=97489 31015 66474 9903 35486 21112 30988 12944 9198 6426 7986 6404 13826 3477 3195 21660 1713 8168 3199 3205 1684 111 1573 1272 301 7744 7177 272 1764 600
is_linear=0
shrinkage=0.1


Tree=16
num_leaves=31
num_cat=0
split_feature=18 18 18 61 18 63 61 91 63 38 50 63 39 36 73 33 103 10 89 103 6 42 94 106 20 12 77 19 19 46
split_gain=11255.4 1932.28 1369.58 436.62 402.692 322.515 242.722 238.499 177.883 153.419 143.2 142.184 132.525 125.841 125.077 132.786 120.977 132.932 117.066 116.604 115.679 114.919 114.701 115.837 113.468 112.796 123.222 106.743 130.519 125.362
threshold=4.291666666666667 2.3666666666666671 7.6333333333333337 11.500000000000002 1.1000000000000003 10.500000000000002 14.500000000000002 3.5000000000000004 8.5000000000000018 1.3875000000000002 4.3000000000000016 14.500000000000002 0.81988459163814564 1.6333333333333335 7.5000000000000009 0.83996703462282185 0.68900000000000017 7.0250000000000012 5.5000000000000009 0.48700000000000004 18.450000000000003 0.55000000000000016 2.5000000000000004 128.50000000000003 6.9500000000000011 3.9000000000000004 7.5000000000000009 2.5689727889526757 3.968621967051075 1.2899159663865549
decision_type=10 10 10 10 10 10 10 10 10 10 10 10 10 10 10 10 2 10 10 2 10 8 10 2 10 10 10 10 10 10
left_child=1 4 3 7 21 13 16 -2 18 -7 12 22 -8 -3 25 -16 17 -4 -6 -12 -10 -1 -9 -24 -14 -5 -27 -21 29 -29
right_child=2 5 6 14 8 9 10 11 20 -11 19 -13 24 -15 15 -17 -18 -19 -20 27 -22 -23 23 -25 -26 26 -28 28 -30 -31
leaf_value=-0.049660699973408405 0.0088649326830719227 -0.014229847433945678 0.3394831494916053 0.078774199726809144 -0.04245617822131105 -0.0050942281704636485 0.31817206720140978 0.024464821156604772 -0.013721914182951636 0.024800582614028052 0.17491258307408286 0.062397488491990644 -0.058854904163590807 0.0034077740553305593 0.10406513197333814 0.05060165577918041 0.011343519871450587 0.086775887299806287 -0.024206409864354503 0.06608471542943356 0.027942480545924072 -0.034550698142880559 0.0863041187741726 0.039938692036496574 0.097428271147375678 0.052774048575631151 -0.01479452132685203 0.30464291711968761 0.076248096483873165 0.15125667912821658
leaf_weight=10590 2681 8745 21 1610 4430 2285 26 4230 4871 6902 696 2633 49 7527 1448 684 219 2373 17016 258 772 9593 673 2703 895 2612 301 62 205 379
leaf_count=10590 2681 8745 21 1610 4430 2285 26 4230 4871 6902 696 2633 49 7527 1448 684 219 2373 17016 258 772 9593 673 2703 895 2612 301 62 205 379
internal_value=1.18556e-10 -0.0198245 0.0582379 0.0461354 -0.0317862 0.00238594 0.103946 0.0354166 -0.0238194 0.0173651 0.125767 0.042369 0.0954504 -0.00607115 0.0669447 0.0869127 0.0824847 0.0889926 -0.0279762 0.144146 -0.00802195 -0.0424789 0.0354356 0.0491816 0.0893161 0.0575324 0.0457922 0.120459 0.142175 0.172821
internal_weight=97489 72731 24758 19575 47272 25459 5183 12920 27089 9187 2570 10239 970 16272 6655 2132 2613 2394 21446 1600 5643 20183 7606 3376 944 4523 2913 904 646 441
internal_count=97489 72731 24758 19575 47272 25459 5183 12920 27089 9187 2570 10239 970 16272 6655 2132 2613 2394 21446 1600 5643 20183 7606 3376 944 4523 2913 904 646 441
is_linear=0
shrinkage=0.1


Tree=17
num_leaves=31
num_cat=0
split_feature=22 18 22 83 91 36 110 89 104 0 41 6 29 27 36 104 10 61 103 75 61 38 85 83 100 27 1 5 88 9
split_gain=9179.86 1599.8 1056.42 346.996 283.249 266.666 277.43 206.456 195.889 176.759 150.489 145.527 143.614 149.846 161.548 165.195 141.453 141.297 147.958 149.549 136.807 132.566 129.021 160.355 127.947 124.268 128.298 127.952 120.468 109.134
threshold=4.3062500000000012 2.3666666666666671 7.4250000000000016 49.500000000000007 5.5000000000000009 1.6333333333333335 76.500000000000014 10.500000000000002 107.05000000000001 22.110000000000003 2.0644229226844115 17.450000000000003 1.0408037621993127 0.84655531415518281 3.3666666666666671 110.15000000000002 5.1519230769230786 11.500000000000002 0.37850000000000006 10.500000000000002 14.500000000000002 4.2250000000000005 39.500000000000007 436.50000000000006 1.0000000180025095e-35 1.8870900731964169 6.9429820667531104 11.858738172256723 19.450000000000003 7.1631772772329905
decision_type=10 10 10 10 10 10 2 10 2 10 10 10 10 10 10 2 10 10 2 10 10 10 10 8 2 10 10 10 10 8
left_child=1 3 4 7 9 28 -7 -1 11 29 20 -4 13 14 -12 -16 -6 -18 19 -19 -10 24 -22 -24 -11 26 -14 -28 -3 -2
right_child=2 5 8 -5 16 6 -8 -9 10 21 12 -13 25 -15 15 -17 17 18 -20 -21 22 -23 23 -25 -26 -27 27 -29 -30 -31
leaf_value=-0.040739692490253915 0.004485214221586052 -0.02341061999841143 -0.024186114009532186 -0.016477880860190391 0.26229614606409363 0.040099627475328956 0.004703783720891485 -0.023848338242610005 0.067547589010282738 0.021332359114139426 0.0039894476532936094 0.074688864177265696 0.074149132151119776 0.032786790749489383 0.029191832912379298 0.30972717379244341 0.044037734027389773 0.090878266872820065 0.05865350691042899 0.22664070405893857 0.12455552100860937 0.10788119131248686 -0.094453048982447205 0.096369873776443696 0.045515746301723489 -0.045984935810646194 0.27000902974470098 0.16318936601839962 -0.0019571650495843794 -0.08905714660558213
leaf_weight=20066 695 3614 179 15801 33 2817 10351 11317 1109 4367 44 884 101 203 29 76 5268 824 3217 90 1375 246 62 152 4384 26 165 350 9492 152
leaf_count=20066 695 3614 179 15801 33 2817 10351 11317 1109 4367 44 884 101 203 29 76 5268 824 3217 90 1375 246 62 152 4384 26 165 350 9492 152
internal_value=8.80646e-11 -0.0175512 0.0536505 -0.0285635 0.0432369 0.00222525 0.0122759 -0.0346485 0.0958654 0.0313713 0.106756 0.0580392 0.140018 0.0886849 0.164841 0.232246 0.0556209 0.0548953 0.0687411 0.104247 0.0945019 0.0354827 0.113314 0.0410847 0.0334475 0.168164 0.177203 0.197413 -0.00787299 -0.0123016
internal_weight=97489 73458 24031 47184 19276 26274 13168 31383 4755 9844 3692 1063 994 352 149 105 9432 9399 4131 914 2698 8997 1589 214 8751 642 616 515 13106 847
internal_count=97489 73458 24031 47184 19276 26274 13168 31383 4755 9844 3692 1063 994 352 149 105 9432 9399 4131 914 2698 8997 1589 214 8751 642 616 515 13106 847
is_linear=0
shrinkage=0.1


Tree=18
num_leaves=31
num_cat=0
split_feature=18 18 61 63 22 63 89 89 103 36 103 48 100 20 49 100 13 91 57 82 103 110 57 102 15 6 110 86 35 40
split_gain=7510.08 1268.88 874.986 390.244 307.657 260.787 225.88 177.847 170.647 156.912 128.316 130.19 121.814 123.408 121.569 119.46 138.435 129.468 156.304 128.88 125.134 116.982 114.708 112.926 119.583 99.9817 106.911 99.7233 102.189 99.6783
threshold=3.6333333333333337 6.1000000000000005 4.5000000000000009 16.500000000000004 2.3514705882352946 11.500000000000002 11.500000000000002 7.5000000000000009 0.49400000000000005 2.9000000000000004 0.81100000000000005 36.650000000000013 1.0000000180025095e-35 9.9500000000000011 31.350000000000005 1.0000000180025095e-35 5.8949115357551545 13.500000000000002 17.500000000000004 566.50000000000011 0.43500000000000005 76.500000000000014 6.5000000000000009 6.5000000000000009 4.9643166130823442 19.500000000000004 76.500000000000014 276.50000000000006 0.54802071902924132 4.3166666666666673
decision_type=10 10 10 10 10 10 10 10 2 10 2 8 2 10 10 2 10 10 10 10 2 2 10 10 10 10 2 10 10 10
left_child=2 5 7 10 -4 8 -5 -1 21 -7 11 12 23 -14 -10 17 27 19 20 -8 -19 -2 -11 24 29 26 -6 -17 -29 -3
right_child=1 3 4 6 25 9 15 -9 14 22 -12 -13 13 -15 -16 16 -18 18 -20 -21 -22 -23 -24 -25 -26 -27 -28 28 -30 -31
leaf_value=-0.039185250818702992 0.053939471362202708 0.043340132486240662 -0.016506080456985008 0.031123318621087994 0.012051529994152949 0.027556530571473475 0.081718665329011286 -0.024048253280416626 -0.066184264703214257 -0.0010904783551831619 -0.087544310814701029 -0.0028181421735789629 0.069028860692155469 0.30139874096797858 0.0032561799209164092 0.10975426115870597 0.35754610747098925 0.24707266435027125 0.32895884652470436 -0.021870531633723784 0.043580795071371227 0.015624431099947681 0.06125326209871839 -0.063554005614145009 0.26543310511112217 0.015218657987191023 -0.0088171424001980605 0.38202302530407906 0.15381911058910192 0.15490516144328004
leaf_weight=14378 1184 3427 19534 535 3497 7403 1444 16868 267 331 64 375 3630 23 4522 1662 24 45 43 131 92 2437 2723 94 25 4305 8238 26 80 82
leaf_count=14378 1184 3427 19534 535 3497 7403 1444 16868 267 331 64 375 3630 23 4522 1662 24 45 43 131 92 2437 2723 94 25 4305 8238 26 80 82
internal_value=-1.93661e-11 0.0409683 -0.0188036 0.0666861 -0.00807907 0.0248809 0.0916931 -0.0310136 0.011771 0.0354244 0.0534635 0.0546422 0.0576016 0.0704919 -0.000615317 0.100829 0.11899 0.0822847 0.162627 0.0731027 0.110421 0.0281527 0.0544963 0.0446225 0.0474999 0.0021836 -0.00259833 0.115752 0.209794 0.0459472
internal_weight=97489 30669 66820 11802 35574 18867 4082 31246 8410 10457 7720 7656 7281 3653 4789 3547 1792 1755 180 1575 137 3621 3054 3628 3534 16040 11735 1768 106 3509
internal_count=97489 30669 66820 11802 35574 18867 4082 31246 8410 10457 7720 7656 7281 3653 4789 3547 1792 1755 180 1575 137 3621 3054 3628 3534 16040 11735 1768 106 3509
is_linear=0
shrinkage=0.1


Tree=19
num_leaves=31
num_cat=0
split_feature=20 63 18 91 6 63 103 49 36 96 61 90 67 88 103 106 40 49 25 29 23 91 88 36 82 104 39 5 96 82
split_gain=6105.02 1163.36 695.685 355.88 263.588 249.587 169.627 167.642 162.343 156.898 146.168 137.25 136.708 128.691 124.142 125.839 123.55 124.875 118.32 125.551 116.752 115.285 112.372 130.852 111.932 110.751 108.994 125.429 104.301 103.421
threshold=4.4142857142857155 8.5000000000000018 8.1000000000000014 1.5000000000000002 13.225000000000001 14.500000000000002 0.49400000000000005 30.950000000000003 0.90000000000000013 185.50000000000003 4.5000000000000009 6.5000000000000009 6.5000000000000009 11.450000000000001 0.60050000000000014 780.50000000000011 4.4750000000000005 34.95000000000001 0.64222852518808682 0.8652650648275283 2.0881084896179609 10.500000000000002 17.850000000000005 3.9000000000000004 52.500000000000007 109.55000000000001 1.5703064107056541 10.681453429557896 252.50000000000003 28.500000000000004
decision_type=10 10 10 10 10 10 2 8 8 2 10 10 10 10 2 2 10 10 10 10 10 10 10 10 10 2 10 10 2 10
left_child=1 3 5 8 12 6 9 -8 -1 11 -5 -2 13 20 22 -16 17 -4 19 -18 -3 -11 23 -7 -12 29 27 -20 -27 -6
right_child=2 4 16 10 25 14 7 -9 -10 21 24 -13 -14 -15 15 -17 18 -19 26 -21 -22 -23 -24 -25 -26 28 -28 -29 -30 -31
leaf_value=-0.037141716785029172 0.081720974128569171 -0.015573787355534325 -0.045157505602521054 -0.022821119636458054 -0.052388528540952883 -0.0083121020963083797 -0.099439507050448794 0.018908559382107074 -0.022199048785347456 0.033281736528914335 0.020088928980597609 0.27883069156072077 0.037141262295874847 -0.0035602362148719558 0.041959686215091579 -0.019636215135270207 0.00095629376314935229 0.077597016073698663 0.41444947162400125 0.27465801054263961 -0.063158688912731506 0.13387787775494731 0.061748529409164782 0.2428113953972405 -0.009360954920596817 0.02555538781993354 0.088665338452023734 0.11707123544167829 -0.0050859094214803294 0.0055301993521895444
leaf_weight=14695 375 1733 85 8684 335 365 122 6324 14391 4332 1455 39 660 7881 1606 418 21 3308 23 83 734 117 5395 22 11421 7128 516 37 1316 3868
leaf_count=14695 375 1733 85 8684 335 365 122 6324 14391 4332 1455 39 660 7881 1606 418 21 3308 23 83 734 117 5395 22 11421 7128 516 37 1316 3868
internal_value=5.94304e-11 -0.0139798 0.0447952 -0.0225314 0.00432947 0.0367997 0.0273062 0.0166686 -0.0297485 0.0414065 -0.012795 0.100289 -0.00698518 -0.00979958 0.0505535 0.0292388 0.0823188 0.0745218 0.121224 0.219391 -0.0297316 0.0359272 0.0580147 0.00596365 -0.00603309 0.0141778 0.103499 0.231066 0.0207799 0.000913789
internal_weight=97489 74301 23188 50646 23655 19115 11309 6446 29086 4863 21560 414 11008 10348 7806 2024 4073 3393 680 104 2467 4449 5782 387 12876 12647 576 60 8444 4203
internal_count=97489 74301 23188 50646 23655 19115 11309 6446 29086 4863 21560 414 11008 10348 7806 2024 4073 3393 680 104 2467 4449 5782 387 12876 12647 576 60 8444 4203
is_linear=0
shrinkage=0.1


Tree=20
num_leaves=31
num_cat=0
split_feature=18 63 18 91 91 36 83 100 6 94 18 61 92 91 14 23 15 86 87 1 81 79 36 39 34 40 41 23 103 32
split_gain=4983.02 852.028 618.809 355.425 219.853 179.396 167.288 155.232 146.072 142.699 130.251 128.037 124.723 120.063 142.816 116.681 134.62 113.161 110.654 110.402 103.462 114.044 101.944 109.964 102.816 101.687 101.489 112.584 100.134 97.4034
threshold=4.291666666666667 9.5000000000000018 7.3000000000000016 1.5000000000000002 3.5000000000000004 1.5500000000000003 343.50000000000006 1.0000000180025095e-35 4.9000000000000012 2.5000000000000004 10.100000000000001 4.5000000000000009 1.0000000180025095e-35 13.500000000000002 10.633333333333335 3.5649973920793605 3.7155821246976424 13.500000000000002 57.500000000000007 15.025877674507781 1190.5000000000002 6.5000000000000009 2.9000000000000004 1.8870900731964169 0.59411764705882364 4.3166666666666673 1.6946651265431087 3.017274816929747 0.60050000000000014 0.58571428571428574
decision_type=10 10 10 10 10 10 10 2 8 10 10 10 10 10 10 10 10 8 10 10 8 10 10 10 10 10 10 10 2 10
left_child=1 3 4 8 25 -3 9 13 -1 -6 15 -5 18 20 19 16 17 -9 -12 -15 -4 -22 23 24 -14 -2 27 -18 -8 -17
right_child=2 5 7 11 6 -7 28 10 -10 -11 12 -13 22 14 -16 29 26 -19 -20 -21 21 -23 -24 -25 -26 -27 -28 -29 -30 -31
leaf_value=-0.038936964455603816 0.0059707764355142736 -0.0048749835951354212 0.054222405486820724 -0.019606438813512542 0.021796858182362624 0.015835661139106436 0.08330421643760838 -0.032759821027517316 -0.022558065926285471 0.042605422049103302 0.13650644723325969 -0.0047187691451513296 0.30233512937556956 0.11726449557650856 0.28180278453456109 -0.034766081308072572 0.15433428502556953 0.076248327199951227 -0.035654785344959243 -0.065447488245440694 -0.056647047532742169 0.035508616225932668 0.12793484494226434 0.40017358353061061 0.006459157672994164 0.17258512635488768 0.107992662004587 0.41680052137145635 0.02151931500355048 0.079486595793778814
leaf_weight=7043 3665 7622 2266 9160 7110 9268 1047 100 23998 6143 70 15640 24 171 43 177 44 1997 80 41 188 470 362 31 23 37 164 26 350 129
leaf_count=7043 3665 7622 2266 9160 7110 9268 1047 100 23998 6143 70 15640 24 171 43 177 44 1997 80 41 188 470 362 31 23 37 164 26 350 129
internal_value=8.71595e-12 -0.0131907 0.0387499 -0.0191432 0.0294094 0.00648951 0.0349114 0.0655088 -0.0262743 0.031442 0.0809594 -0.0102176 0.123433 0.049825 0.115633 0.0714564 0.0790778 0.07105 0.0446871 0.0819287 0.044086 0.00917843 0.150278 0.253974 0.157545 0.00763602 0.151018 0.251822 0.0678248 0.0133993
internal_weight=97489 72731 24758 55841 18352 16890 14650 6406 31041 13253 3227 24800 590 3179 255 2637 2331 2097 150 212 2924 658 440 78 47 3702 234 70 1397 306
internal_count=97489 72731 24758 55841 18352 16890 14650 6406 31041 13253 3227 24800 590 3179 255 2637 2331 2097 150 212 2924 658 440 78 47 3702 234 70 1397 306
is_linear=0
shrinkage=0.1


Tree=21
num_leaves=31
num_cat=0
split_feature=61 22 36 20 63 94 110 103 104 23 39 104 60 29 7 42 104 86 38 107 89 100 88 88 41 110 36 88 21 34
split_gain=4112.05 667.797 608.435 267.778 246.568 202.004 196.075 169.848 163.653 148.905 135.308 121.969 122.059 129.739 124.156 139.698 138.884 112.546 134.821 111.69 109.829 109.618 105.054 133.259 104.638 103.539 101.032 99.4982 94.8711 90.7021
threshold=8.5000000000000018 5.5250000000000012 1.6333333333333335 8.0500000000000025 6.5000000000000009 1.5000000000000002 76.500000000000014 0.49400000000000005 115.05000000000001 2.585129527137072 0.82830296784094914 109.75000000000001 3.5000000000000004 1.0713822763440657 3.8546434438765464 4.5000000000000009 106.95000000000002 270.50000000000006 5.1500000000000012 2013.5000000000002 12.500000000000002 1.0000000180025095e-35 71.850000000000009 38.050000000000004 1.5424059671089354 73.500000000000014 0.45000000000000007 8.4500000000000011 3.5629256200463373 0.54772727272727284
decision_type=10 10 10 10 10 10 2 2 2 8 8 2 10 8 10 10 2 10 10 2 10 2 10 10 10 2 8 10 10 10
left_child=2 5 4 7 25 -2 -4 27 19 20 -5 12 14 -14 16 22 -12 -13 -19 -7 -6 -9 23 24 -16 -1 -27 -3 -23 -18
right_child=1 3 6 10 9 8 -8 21 -10 -11 11 17 13 -15 15 -17 29 18 -20 -21 -22 28 -24 -25 -26 26 -28 -29 -30 -31
leaf_value=0.044381120304559485 0.0037779308999355181 -0.14075763890376458 0.024414787289635823 0.24787754981323729 -0.015748440635900512 0.058516893720344368 -0.0027873016119801816 0.013773992682996911 0.058235404169738485 -0.064786269529908888 -0.010379398159864474 0.0797649466528767 -0.0058452894830185436 0.10479074759062453 -0.037001849285193851 -0.23958759171807251 0.12970042697364284 0.28869569842462189 -0.0049866994631222704 0.017421438785405197 -0.00067064447859122196 0.047992637455534171 0.18784046904183926 -0.026524182261590923 0.14108466991767435 -0.035372150984732974 -0.022085937813109097 0.055453928634073571 -0.011194375620558613 0.40284842255525294
leaf_weight=212 6412 26 3179 43 11722 729 15919 2768 1410 500 41 2058 138 457 49 23 31 54 22 7126 8218 2550 32 431 101 7913 20684 4318 303 20
leaf_count=212 6412 26 3179 43 11722 729 15919 2768 1410 500 41 2058 138 457 49 23 31 54 22 7126 8218 2550 32 431 101 7913 20684 4318 303 20
internal_value=1.20212e-11 0.0314522 -0.0134107 0.0477862 -0.0192862 0.017423 0.00174068 0.0394286 0.0268663 -0.0108859 0.0715813 0.0693885 0.0455327 0.0791306 0.0180729 0.00236622 0.126654 0.0841781 0.203682 0.0212354 -0.00953433 0.0279516 0.0114444 0.00172898 0.0829097 -0.0252462 -0.0257623 0.0542796 0.0417067 0.236817
internal_weight=97489 29142 68347 13465 49249 15677 19098 9965 9265 20440 3500 3457 1323 595 728 636 92 2134 76 7855 19940 5621 613 581 150 28809 28597 4344 2853 51
internal_count=97489 29142 68347 13465 49249 15677 19098 9965 9265 20440 3500 3457 1323 595 728 636 92 2134 76 7855 19940 5621 613 581 150 28809 28597 4344 2853 51
is_linear=0
shrinkage=0.1


Tree=22
num_leaves=31
num_cat=0
split_feature=18 63 18 50 61 61 49 104 16 100 87 47 9 86 90 89 3 94 17 89 111 85 73 46 102 6 48 104 40 27
split_gain=3359.67 592.353 447.434 234.062 175.573 161.265 145.879 139.843 122.248 138.701 118.425 114.218 167.539 138.556 110.886 109.914 107.867 106.054 104.782 96.1733 95.4271 109.234 88.8133 87.4455 84.1593 83.7861 82.6862 81.8232 115.189 95.5864
threshold=3.6333333333333337 14.500000000000002 1.5500000000000003 4.3000000000000016 10.500000000000002 6.5000000000000009 35.45000000000001 107.05000000000001 4.1026315789473697 1.0000000180025095e-35 9.5000000000000018 1.0713822763440655 8.0294595798908102 136.50000000000003 8.5000000000000018 8.5000000000000018 13.399894278119199 1.5000000000000002 1.9967185842785211 18.500000000000004 32.500000000000007 52.500000000000007 8.5000000000000018 0.28991596638655465 4.5000000000000009 11.266666666666667 45.050000000000004 107.45000000000002 3.552777777777778 1.8870900731964169
decision_type=10 10 10 10 10 10 8 2 10 2 8 10 10 10 10 10 10 10 10 10 2 8 10 10 10 10 10 2 10 10
left_child=2 4 10 20 17 19 -5 -8 15 18 -1 12 23 -14 -15 -6 -11 -2 -10 -4 21 22 -3 -9 -19 -7 -22 28 -13 -29
right_child=1 3 5 6 8 25 7 11 9 16 -12 27 13 14 -16 -17 -18 24 -20 -21 26 -23 -24 -25 -26 -27 -28 29 -30 -31
leaf_value=-0.028444963406431906 -0.0038298285588571138 0.027128105852861319 -0.013835345286610477 -0.095386741588120924 0.00099672608533372497 -0.0073974303768437862 0.037192302631860484 0.18343620896339419 -0.064692947207558388 0.026058592912735906 -0.015850771654567393 -0.011277636885643006 0.020775779471215276 0.45105250853867762 0.12979681600223889 0.056908698284639292 0.081114501090418997 0.018835919165424229 0.0087760170632538836 0.0013030546656070596 0.053083327362721471 -0.038541389420596574 0.067962057728549657 -0.0062404996852812441 -0.023126926209725854 0.0091614534218380974 0.22957841798111245 0.084910735826824624 0.26403188954700124 -0.086440903842131697
leaf_weight=13781 4231 5233 17677 57 427 4649 1225 26 214 1826 16294 21 36 21 22 1991 442 6993 2090 5503 1572 233 593 373 513 8916 27 2415 55 33
leaf_count=13781 4231 5233 17677 57 427 4649 1225 26 214 1826 16294 21 36 21 22 1991 442 6993 2090 5503 1572 233 593 373 513 8916 27 2415 55 33
internal_value=-2.38615e-11 0.0274015 -0.0125767 0.044805 0.0163035 -0.0051736 0.063523 0.0656659 0.0288504 0.019233 -0.0216217 0.0772848 0.0324628 0.165513 0.286689 0.0470351 0.0367882 0.00883117 0.00195208 -0.0102414 0.0343338 0.0285992 0.0312844 0.00611939 0.015968 0.00348639 0.0560635 0.0857733 0.18796 0.0826008
internal_weight=97489 30669 66820 11942 18727 36745 4284 4227 6990 4572 30075 3002 478 79 43 2418 2268 11737 2304 23180 7658 6059 5826 399 7506 13565 1599 2524 76 2448
internal_count=97489 30669 66820 11942 18727 36745 4284 4227 6990 4572 30075 3002 478 79 43 2418 2268 11737 2304 23180 7658 6059 5826 399 7506 13565 1599 2524 76 2448
is_linear=0
shrinkage=0.1


Tree=23
num_leaves=31
num_cat=0
split_feature=63 18 91 50 36 36 67 104 107 102 100 92 104 96 107 106 87 29 1 21 88 38 111 17 40 77 53 18 21 3
split_gain=2784.68 563.453 363.166 228.256 161.263 147.849 136.98 124.12 170.52 123.834 120.661 117.301 133.99 113.69 112.642 139.168 107.959 106.535 125.504 105.564 132.874 129.514 114.854 104.637 109.25 104.59 101.694 113.614 101.426 103.171
threshold=10.500000000000002 5.4500000000000011 2.5000000000000004 4.3000000000000016 1.1000000000000003 1.9000000000000001 9.0000000000000018 110.95000000000002 2022.5000000000002 14.500000000000002 1.0000000180025095e-35 1.0000000180025095e-35 109.75000000000001 203.50000000000003 2017.5000000000002 742.50000000000011 7.5000000000000009 1.3341475681229584 7.0178344223624611 2.7978164328724247 32.250000000000007 2.683333333333334 24.500000000000004 2.4922825426109783 4.3166666666666673 8.5000000000000018 40.500000000000007 8.9000000000000021 3.538673814184969 10.659278691455325
decision_type=10 10 10 10 10 10 10 2 2 10 2 10 2 2 2 2 8 10 10 10 10 10 2 10 10 10 8 10 10 10
left_child=2 5 4 7 -1 -2 -7 8 -3 13 -5 -12 17 19 15 -14 -6 18 -13 -4 21 -21 -22 28 26 -10 -25 -28 -16 -30
right_child=1 3 9 10 16 6 -8 -9 25 -11 11 12 14 -15 23 -17 -18 -19 -20 20 22 -23 -24 24 -26 -27 27 -29 29 -31
leaf_value=-0.022529411945387323 0.0028073556911650832 0.022255933921240326 0.011501111427926352 0.039301285598174467 -0.020521315561616155 0.019186900470687579 0.13296398678359306 0.038986938900873638 -0.060310206995242456 -0.056974650302955648 0.033033032547640132 -0.053412536307112547 0.14396338455607088 -0.0036745065691866849 0.10489063309204272 0.41264021766061587 -0.0051270063736917407 0.098909085023563437 0.054399584870130926 -0.031428715247660881 0.1164008361420461 0.2230457034111023 0.39145991489291193 0.072429393991836136 0.16610299088947833 0.16925854611964453 0.027491591596164003 -0.18936518500958172 0.080720470484459045 0.30085502097615974
leaf_weight=25020 9349 3979 3946 2621 6994 9556 107 5218 361 381 659 141 98 14020 340 24 13066 344 461 100 63 25 20 285 84 21 78 35 33 60
leaf_count=25020 9349 3979 3946 2621 6994 9556 107 5218 361 381 659 141 98 14020 340 24 13066 344 461 100 63 25 20 285 84 21 78 35 33 60
internal_value=4.00942e-11 0.0231714 -0.0123273 0.0377727 -0.0171739 0.0117727 0.0204468 0.0285805 0.0161291 -0.000552132 0.0545032 0.0695843 0.0817312 0.00063071 0.106559 0.196818 -0.0104943 0.0545156 0.0291479 0.0151611 0.0845948 0.0194662 0.18268 0.094524 0.0624722 -0.0476899 0.0406004 -0.0396764 0.130203 0.222743
internal_weight=97489 33854 63635 14842 45080 19012 9663 9579 4361 18555 5263 2642 1983 18174 1037 122 20060 946 602 4154 208 125 83 915 482 382 398 113 433 93
internal_count=97489 33854 63635 14842 45080 19012 9663 9579 4361 18555 5263 2642 1983 18174 1037 122 20060 946 602 4154 208 125 83 915 482 382 398 113 433 93
is_linear=0
shrinkage=0.1


Tree=24
num_leaves=31
num_cat=0
split_feature=61 36 91 91 96 113 63 61 104 81 109 40 10 87 16 25 5 110 48 5 51 29 29 103 106 41 83 2 24 21
split_gain=2281.58 535.741 336.659 210.076 182.518 180.433 125.947 118.284 110.36 160.982 121.321 107.508 117.814 142.849 115.598 101.058 99.2758 98.1842 94.5005 90.6749 87.1198 86.6903 93.9212 85.9344 108.46 104.721 107.247 106.28 85.4591 84.8841
threshold=9.5000000000000018 1.9000000000000001 7.5000000000000009 1.0000000180025095e-35 169.50000000000003 1.0000000180025095e-35 12.500000000000002 4.5000000000000009 112.65000000000002 1190.5000000000002 20.146475017111573 4.4250000000000016 23.353571428571431 45.500000000000007 4.9750000000000005 0.64222852518808682 14.232447636360563 74.500000000000014 42.850000000000001 8.7702997601228709 81.850000000000009 1.0464164822528808 0.887333286460806 0.60050000000000014 780.50000000000011 1.9785015204053733 108.50000000000001 45.425000000000018 0.90000000000000013 3.3739194796995187
decision_type=10 10 10 10 2 2 10 10 2 10 2 10 10 10 10 10 10 2 10 10 10 10 10 2 2 10 10 10 10 10
left_child=1 3 4 -1 -2 17 -6 -5 11 10 -10 18 13 -13 -14 -16 21 -3 28 -17 -19 22 -11 -8 25 26 27 -25 -4 -20
right_child=2 5 8 7 6 -7 23 -9 9 16 -12 12 14 -15 15 19 -18 20 29 -21 -22 -23 -24 24 -26 -27 -28 -29 -30 -31
leaf_value=-0.023329183130963133 0.1437647161193383 0.041897800511597187 0.0075935188279938823 -0.015888321658200057 0.0080082185506054945 -0.0091788672280660975 0.031654041499730619 -0.0050129506356760114 -0.1289063074080081 0.010710777757181364 0.07710094355971811 0.077906836486525022 -0.088061788222011259 0.33297811444546727 0.18888551246661409 0.23308991371439053 0.11460644764559609 0.0077806368654671377 -0.21240678091843923 0.039124216458012326 0.040424236232700292 0.036551275527612732 -0.13304070873938975 0.040284021599550864 -0.038142681005881217 0.074480911358642363 -0.0010507980326503392 0.2119262455919281 0.040931738581968247 0.049730060994625097
leaf_weight=15359 117 1072 1029 17340 6742 5199 6878 23629 29 88 2008 54 49 37 65 26 70 10729 30 330 885 165 94 224 396 292 1447 43 3042 21
leaf_count=15359 117 1072 1029 17340 6742 5199 6878 23629 29 88 2008 54 49 37 65 26 70 10729 30 330 885 165 94 224 396 292 1447 43 3042 21
internal_value=1.55041e-11 -0.0085675 0.0273166 -0.0133551 0.0193189 0.0065109 0.0184102 -0.00961592 0.0454017 0.0625797 0.0741681 0.0364 0.0774706 0.181617 0.0573061 0.0742254 0.00597154 0.0129409 0.0308103 0.0532903 0.0102681 -0.0159433 -0.0635345 0.0259673 0.00968354 0.0191248 0.00969425 0.0679268 0.0325051 -0.104468
internal_weight=97489 74213 23276 56328 16139 17885 16022 40969 7137 2454 2037 4683 561 91 470 421 417 12686 4122 356 11614 347 182 9280 2402 2006 1714 267 4071 51
internal_count=97489 74213 23276 56328 16139 17885 16022 40969 7137 2454 2037 4683 561 91 470 421 417 12686 4122 356 11614 347 182 9280 2402 2006 1714 267 4071 51
is_linear=0
shrinkage=0.1


Tree=25
num_leaves=31
num_cat=0
split_feature=63 36 91 100 67 87 111 96 36 89 61 0 41 81 0 104 92 46 103 110 9 111 98 83 49 22 22 10 20 81
split_gain=1862.27 397.347 267.102 191.342 185.92 161.052 147.989 129.413 123.516 121.356 117.133 113.641 111.955 111.696 111.452 106.841 106.324 106.889 103.025 93.0377 88.2704 85.0308 84.5755 112.458 84.5647 91.9807 84.0654 83.8606 97.1387 83.7561
threshold=10.500000000000002 2.7750000000000004 3.5000000000000004 1.0000000180025095e-35 6.5000000000000009 5.5000000000000009 5.5000000000000009 283.00000000000006 1.1000000000000003 19.500000000000004 11.500000000000002 31.900000000000006 1.7010058503844265 428.50000000000006 28.309999999999999 103.35000000000001 4.5000000000000009 0.19375000000000003 0.47100000000000003 73.500000000000014 4.7252277651132415 3.5000000000000004 2019.5000000000002 485.50000000000006 13.65 3.052777777777778 2.9045454545454548 12.225000000000001 4.8166666666666673 1243.5000000000002
decision_type=10 10 10 2 10 10 2 2 10 10 10 10 10 10 10 2 10 10 2 2 10 2 2 10 8 10 10 10 10 8
left_child=2 4 5 6 9 21 15 10 -7 24 13 14 -9 -5 -12 20 17 -6 -10 27 -3 -1 -11 29 25 -2 -23 28 -4 -24
right_child=1 3 19 7 16 8 -8 12 18 22 11 -13 -14 -15 -16 -17 -18 -19 -20 -21 -22 26 23 -25 -26 -27 -28 -29 -30 -31
leaf_value=0.0039666629944269428 -0.0089804204272442185 0.14485208989622503 0.061474137524538466 0.047728220964550538 0.13519924581050874 -0.014872326507066375 0.005466616121122988 0.23409161466311237 0.0068082696304569259 0.013041393019912606 0.06971425514116332 0.060027938901286541 0.07554086123621373 0.01012088966832482 -0.047300388645607892 0.040347998167437463 0.14037471926176404 0.023850947299570172 -0.0090766428517462684 0.002847658981187471 -0.050325506922959444 -0.021417267198696441 0.056502075006787493 0.27519285949793731 -0.00014548785819446769 -0.19626254594844322 -0.059505168910825204 0.20318032213383252 -0.13921339894230997 -0.081612051992366708
leaf_weight=1277 61 26 226 1469 88 18272 3383 61 6546 4632 135 3136 165 1708 205 3038 83 4243 10851 10303 213 15495 515 22 10577 46 602 36 27 48
leaf_count=1277 61 26 226 1469 88 18272 3383 61 6546 4632 135 3136 165 1708 205 3038 83 4243 10851 10303 213 15495 515 22 10577 46 602 36 27 48
internal_value=1.05542e-11 0.018949 -0.0100809 0.0322197 0.0101047 -0.012976 0.0201378 0.0439171 -0.00913036 0.00506436 0.0413891 0.0540744 0.118336 0.02751 -0.000838692 0.0352835 0.0282619 0.0261134 -0.0030996 0.00441733 -0.0290928 -0.0208713 0.0175663 0.0533939 -0.00104031 -0.0894942 -0.0228417 0.0603768 0.0400569 0.0447268
internal_weight=97489 33854 63635 13539 20315 53043 6660 6879 35669 15901 6653 3476 226 3177 340 3277 4414 4331 17397 10592 239 17374 5217 585 10684 107 16097 289 253 563
internal_count=97489 33854 63635 13539 20315 53043 6660 6879 35669 15901 6653 3476 226 3177 340 3277 4414 4331 17397 10592 239 17374 5217 585 10684 107 16097 289 253 563
is_linear=0
shrinkage=0.1


Tree=26
num_leaves=31
num_cat=0
split_feature=61 91 89 96 110 102 0 103 100 30 104 29 49 58 108 61 104 22 1 37 89 83 3 49 81 47 55 82 40 8
split_gain=1539.17 324.263 268.288 162.267 154.569 139.266 143.855 117.732 114.9 111.738 111.116 126.233 104.728 97.2034 125.156 93.6916 92.7635 92.6747 89.329 93.3397 90.866 91.5061 131.014 93.8339 91.9366 90.5334 93.1536 156.27 89.235 111.078
threshold=8.5000000000000018 7.5000000000000009 10.500000000000002 174.50000000000003 76.500000000000014 5.5000000000000009 22.250000000000004 0.49400000000000005 1.0000000180025095e-35 0.55000000000000016 108.55000000000001 1.594882670212312 70.300000000000026 1.0000000180025095e-35 1.5000000000000002 3.5000000000000004 115.55000000000001 4.2565789473684221 7.204443073214156 1.297417464888168 13.500000000000002 313.50000000000006 7.6949045189369034 60.250000000000007 988.50000000000011 1.1196375905285907 35.500000000000007 154.50000000000003 1.8480769230769234 8.9500000000000011
decision_type=10 10 10 2 2 10 10 2 2 10 2 10 10 10 2 8 2 10 10 10 10 10 10 10 10 10 10 10 10 10
left_child=2 3 15 -2 -4 6 -5 10 16 -7 -3 13 17 14 -12 -1 28 -11 19 -16 -20 23 -23 25 -24 -22 27 -27 -8 -30
right_child=1 7 4 5 -6 9 8 -9 -10 12 11 -13 -14 -15 18 -17 -18 -19 20 -21 21 22 24 -25 -26 26 -28 -29 29 -31
leaf_value=-0.021440784981061566 0.090768177395291416 0.0097411347094943177 0.014148741474681715 -0.0076186329496146649 -0.0048158425047127584 0.00034291383295616143 -0.015967368722447351 0.025754889881649728 0.025013231302019951 -0.025725960491382219 0.17699114423026058 0.16150652777338237 0.019145823038334765 -0.047505415157302396 -0.036672397114186732 -0.010497326410329725 0.036015785678410718 -0.15790016406348772 0.016378529772587254 0.048585340037211287 0.027626626321580264 0.31502529596909884 0.18342462161866327 0.035699801382345513 0.073809983071918037 0.10514667640527478 0.098881763580276547 0.45621448017302013 0.11194948520273068 0.0086678917671953303
leaf_weight=12592 264 561 5014 2774 30083 522 1618 4367 8723 83 85 114 86 91 199 20658 1094 147 342 362 144 29 96 736 377 32 262 21 106 5907
leaf_count=12592 264 561 5014 2774 30083 522 1618 4367 8723 83 85 114 86 91 199 20658 1094 147 342 362 144 29 96 736 377 32 262 21 106 5907
internal_value=-2.92094e-11 0.0192427 -0.00820474 0.0128556 -0.00210654 0.0118789 0.0135343 0.0366638 0.0168973 -0.0280681 0.0504682 0.058374 -0.0750001 0.0541387 0.0575837 -0.0146417 0.00878326 -0.110203 0.05368 0.0183424 0.0634026 0.0728794 0.108707 0.0578289 0.0960574 0.0933125 0.12334 0.244249 0.00487914 0.0104886
internal_weight=97489 29142 68347 21324 35097 21060 20222 7818 17448 838 3451 2890 316 2776 2685 33250 8725 230 2600 561 2039 1697 502 1195 473 459 315 53 7631 6013
internal_count=97489 29142 68347 21324 35097 21060 20222 7818 17448 838 3451 2890 316 2776 2685 33250 8725 230 2600 561 2039 1697 502 1195 473 459 315 53 7631 6013
is_linear=0
shrinkage=0.1


Tree=27
num_leaves=31
num_cat=0
split_feature=91 63 6 50 102 94 6 71 110 19 8 110 103 51 106 89 15 19 13 111 11 50 80 71 19 12 16 13 8 104
split_gain=1288.72 355.02 254.402 157.898 133.819 122.586 111.713 104.661 95.2437 91.503 93.6472 89.0303 84.127 80.5513 81.1476 77.9747 77.7979 75.3952 74.5728 72.7036 107.217 100.151 86.4653 72.8353 97.8661 78.4647 76.9754 88.6543 70.5081 69.5169
threshold=3.5000000000000004 12.500000000000002 14.450000000000001 4.3000000000000016 3.5000000000000004 1.5000000000000002 9.4500000000000011 2.5000000000000004 81.500000000000014 4.2130707077691634 4.0500000000000007 75.500000000000014 0.75000000000000011 67.250000000000014 122.50000000000001 9.5000000000000018 2.9107067913984372 3.1463864143340432 2.1794192844442732 32.500000000000007 3.8841013965262783 1.9500000000000002 3294.4499999999994 4.5000000000000009 4.387478493669545 13.700000000000001 12.575000000000001 2.2041230063145054 8.9500000000000011 114.95000000000002
decision_type=10 10 10 10 10 10 10 10 2 10 10 2 2 10 2 10 10 10 10 2 10 10 8 10 10 10 10 10 10 2
left_child=2 5 4 19 11 -2 -5 9 13 10 -7 17 -8 -4 16 -12 -15 -1 -14 20 28 22 -21 25 -25 26 -22 -28 -3 -19
right_child=1 3 8 6 -6 7 12 -9 -10 -11 15 -13 18 14 -16 -17 -18 29 -20 21 23 -23 -24 24 -26 -27 27 -29 -30 -31
leaf_value=0.0062445026745681165 -0.0038732331754629452 -0.038963007238326658 0.00070536881553003245 -0.11145103286872521 -0.026691627998649926 0.18077558686909004 0.045855084305665053 0.0064100171836937161 -0.010162886369715206 0.22279775800804297 -0.0092119452102992199 -0.012128189676971941 0.069105140445753929 0.23822183869779112 0.015787936762050644 0.032271888591041749 -0.013195686116814615 -0.072232230849288134 -0.084091709791979899 0.045744726878367621 0.022290868503882327 -0.11692956119048886 -0.054659639684897336 0.0045941746761730198 -0.13569645974602479 0.11092319812324614 0.077690202404152267 -0.1681676980616017 -0.23001374495991819 0.069801937329878175
leaf_weight=4144 7283 99 10169 47 5802 39 4551 7187 5393 24 552 34095 48 32 3979 2529 20 216 94 1825 6960 41 90 1989 51 99 22 44 24 41
leaf_count=4144 7283 99 10169 47 5802 39 4551 7187 5393 24 552 34095 48 32 3979 2529 20 216 94 1825 6960 41 90 1989 51 99 22 44 24 41
internal_value=-1.78906e-11 0.015855 -0.00833755 0.0266458 -0.0125342 0.00606268 0.0419537 0.0130672 0.00115061 0.028285 0.0267887 -0.0104004 0.0434901 0.00544734 0.0174099 0.0248395 0.141523 0.00298499 -0.0323069 0.0201926 0.0165025 0.0377151 0.041026 0.0177472 0.00108691 0.0225173 0.0212716 -0.0862151 -0.0762412 -0.0495731
internal_weight=97489 33598 63891 15984 44298 17614 4740 10331 19593 3144 3120 38496 4693 14200 4031 3081 52 4401 142 11244 9288 1956 1915 9165 2040 7125 7026 66 123 257
internal_count=97489 33598 63891 15984 44298 17614 4740 10331 19593 3144 3120 38496 4693 14200 4031 3081 52 4401 142 11244 9288 1956 1915 9165 2040 7125 7026 66 123 257
is_linear=0
shrinkage=0.1


Tree=28
num_leaves=31
num_cat=0
split_feature=63 91 102 36 91 60 110 84 41 30 37 25 45 76 10 83 104 21 88 83 16 40 15 38 22 29 15 88 5 20
split_gain=1077.96 281.086 146.497 134.338 123.959 123.445 109.311 108.543 107.938 102.249 105.537 105.457 97.8944 145.852 95.8455 101.635 95.6994 92.8358 90.6226 107.764 89.479 93.2049 88.4265 86.4044 87.6931 92.0179 99.7023 85.3206 84.4684 84.2418
threshold=9.5000000000000018 4.5000000000000009 3.5000000000000004 3.3666666666666671 1.0000000180025095e-35 1.5000000000000002 73.500000000000014 7.5000000000000009 1.3140754260045575 1.0000000180025095e-35 3.2557278979815782 1.3779271744364847 1.451051994566251 1.0000000180025095e-35 24.425000000000001 22.500000000000004 114.75000000000001 3.3208046453768634 66.050000000000011 586.50000000000011 4.8062500000000012 4.3166666666666673 2.5522306881278545 4.5500000000000007 11.425000000000002 0.82049110696642413 2.0988938787408062 26.050000000000004 11.858738172256723 6.7500000000000009
decision_type=10 10 10 10 10 10 2 8 10 10 10 10 10 8 10 10 2 10 10 8 10 10 10 10 10 10 10 10 10 10
left_child=2 5 4 20 -1 7 27 28 29 10 12 18 13 -10 15 -13 17 -9 23 -20 -3 -22 -19 24 25 26 -11 -6 -2 -5
right_child=1 3 -4 8 6 -7 -8 16 9 11 -12 14 -14 -15 -16 -17 -18 22 19 -21 21 -23 -24 -25 -26 -27 -28 -29 -30 -31
leaf_value=-0.015303507234303982 -0.011719537807493708 0.022928654404910993 -0.022453259881277693 0.042662579858941695 0.024836808373662159 0.02226793348990061 -0.0045970090514661542 0.0012874073866606388 0.066771510709199997 0.12289830066899701 0.28936938308179377 -0.10750456210942223 0.022207853957437552 0.23338028554056511 0.024472472867658808 0.095525658137235306 0.018943803414158713 -0.06952266111765823 0.045180526435812426 0.21074841443656223 0.006114373080350767 0.17211271247617654 0.013339777060564439 0.050243143784314229 0.18307155232344355 -0.0021958209667640614 0.019007605843489483 0.13900158591509526 -0.066249488148329816 0.17157779847965482
leaf_weight=13080 1361 7532 6907 105 382 3152 36916 11280 379 123 20 26 416 61 544 477 3140 365 311 45 6553 34 199 539 28 2607 371 79 359 98
leaf_count=13080 1361 7532 6907 105 382 3152 36916 11280 379 123 20 26 416 61 544 477 3140 365 311 45 6553 34 199 539 28 2607 371 79 359 98
internal_value=-1.79885e-11 0.0125729 -0.00879452 0.020857 -0.00692479 0.00411659 -0.00399268 0.00069148 0.0331922 0.0307445 0.0622928 0.0252947 0.0569872 0.0898695 0.053566 0.0850311 0.00342261 -0.000692266 0.0179388 0.0661091 0.015484 0.0069712 -0.0402857 0.0132636 0.00689352 0.00530274 0.0448751 0.0444008 -0.0231011 0.104898
internal_weight=97489 40125 57364 20269 50457 19856 37377 16704 6150 5947 876 5071 856 440 1047 503 14984 11844 4024 356 14119 6587 564 3668 3129 3101 494 461 1720 203
internal_count=97489 40125 57364 20269 50457 19856 37377 16704 6150 5947 876 5071 856 440 1047 503 14984 11844 4024 356 14119 6587 564 3668 3129 3101 494 461 1720 203
is_linear=0
shrinkage=0.1


Tree=29
num_leaves=31
num_cat=0
split_feature=63 36 40 16 88 23 91 104 51 83 106 44 88 27 104 10 90 30 37 17 83 105 61 7 45 27 110 41 89 23
split_gain=885.285 217.897 158.089 137.829 103.692 112.068 103.016 97.2065 138.464 100.152 96.0115 137.965 96.6298 87.6245 86.6103 86.4644 117.945 85.7972 94.9832 108.606 80.1279 76.5984 106.987 84.8531 81.753 76.0536 75.5464 75.5205 88.7305 79.0148
threshold=11.500000000000002 1.5500000000000003 3.215384615384616 2.7029411764705888 21.850000000000005 2.2109177048965871 6.5000000000000009 112.85000000000001 96.200000000000003 544.50000000000011 234.50000000000003 2.3875000000000006 52.050000000000004 0.55768438485135652 108.15000000000002 6.2052631578947377 4.5000000000000009 1.0000000180025095e-35 2.8679227679621428 4.6508346710977122 562.50000000000011 0.45000000000000007 10.500000000000002 4.0342273608932731 1.0339469490010882 2.1781685937879631 80.500000000000014 1.3140754260045575 31.500000000000004 3.6192103991251217
decision_type=10 10 10 10 10 10 10 2 10 8 2 10 10 10 2 10 10 10 10 10 10 8 10 10 10 10 2 10 10 10
left_child=1 4 6 -3 5 -1 13 9 10 15 11 -9 -13 -2 -5 16 -8 -4 19 27 25 22 -20 -23 -25 -15 -6 28 -19 -29
right_child=2 3 17 14 26 -7 7 8 -10 -11 -12 12 -14 20 -16 -17 -18 18 21 -21 -22 23 -24 24 -26 -27 -28 29 -30 -31
leaf_value=-0.013030948546225073 -0.019537951409218168 0.027689400414657353 0.05567981638637845 -0.010197875210060464 0.00036221661578563174 -0.050869188146892765 0.016508793435534654 0.041048448874304699 0.19276749262945694 -0.085093740717585895 0.025003245168356988 0.11629740376956761 0.32426286262850607 0.0087870019318656029 0.003016519474969644 0.012481154816909722 0.25891381502151489 0.057460622531625462 -0.16572656619548798 0.1570307829999365 0.19132218683759372 0.13943037178367376 0.056440887497338055 -0.17899142469753301 -0.040395318528282501 -0.15922524272291749 -0.012986678768792715 0.028395920659159329 0.25486254224489474 -0.010645076963103206
leaf_weight=25042 1196 1845 997 6859 11877 808 49 258 57 103 1742 80 31 12655 17914 3340 34 106 25 64 24 20 163 57 168 27 6593 4744 29 582
leaf_count=25042 1196 1845 997 6859 11877 808 49 258 57 103 1742 80 31 12655 17914 3340 34 106 25 64 24 20 163 57 168 27 6593 4744 29 582
internal_value=3.81062e-12 -0.00582995 0.0155762 0.00132157 -0.0101251 -0.0142137 0.0109792 0.0223084 0.0389713 0.0120631 0.0348186 0.0811557 0.174378 0.006339 -0.000642203 0.0149866 0.115807 0.0285285 0.0239851 0.0275198 0.00877476 -0.0211169 0.0268973 -0.0579605 -0.0755063 0.0084293 -0.00440277 0.026002 0.0998655 0.0241297
internal_weight=97489 70938 26551 26618 44320 25850 19596 5694 2168 3526 2111 369 111 13902 24773 3423 83 6955 5958 5525 12706 433 188 245 225 12682 18470 5461 135 5326
internal_count=97489 70938 26551 26618 44320 25850 19596 5694 2168 3526 2111 369 111 13902 24773 3423 83 6955 5958 5525 12706 433 188 245 225 12682 18470 5461 135 5326
is_linear=0
shrinkage=0.1


Tree=30
num_leaves=31
num_cat=0
split_feature=91 36 83 101 85 79 71 103 25 6 104 111 23 23 61 41 7 19 47 82 27 13 86 102 44 43 105 11 111 3
split_gain=734.995 195.187 169.222 129.178 110.864 106.728 116.159 104.635 101.784 96.631 94.8753 106.029 94.4328 86.7811 108.621 104.644 102.818 86.2306 85.1873 124.507 97.7827 94.506 89.5353 85.1091 79.9163 80.9833 84.0137 76.0279 100.802 90.4689
threshold=3.5000000000000004 2.7083333333333335 100.50000000000001 1.0000000180025095e-35 89.500000000000014 11.500000000000002 5.5000000000000009 0.60400000000000009 3.3763561271784783 19.900000000000002 100.00000000000001 5.5000000000000009 3.9121941615792459 3.6192103991251217 15.500000000000002 1.3565365153879683 3.4278195413804746 2.5689727889526757 1.1643289280352542 588.50000000000011 0.92237834162261667 3.2951866393154163 270.50000000000006 3.5000000000000004 1.5857142857142861 1.1178102700547354 0.45000000000000007 10.441566703220623 19.500000000000004 16.447846855800957
decision_type=10 8 10 2 8 10 10 2 8 10 2 2 10 8 8 10 8 10 10 8 10 8 10 10 10 10 8 10 2 10
left_child=2 4 9 5 8 6 13 -4 17 12 -5 -12 23 14 -3 -16 -15 27 19 -17 24 -22 -23 -1 -20 -26 -27 -2 29 -29
right_child=1 3 7 10 -6 -7 -8 -9 -10 -11 11 -13 -14 16 15 18 -18 -19 20 -21 21 22 -24 -25 25 26 -28 28 -30 -31
leaf_value=-0.0083157219824480013 0.0029656490444822138 0.036527235563495124 0.0096375411602817596 -0.10871328723258698 -0.036394932275755958 -0.042781807037996743 -0.0018132275710146799 -0.011534461542435486 -0.21819125607609752 0.0060627119694828058 0.025409138593904829 -0.00088143938173209215 -0.19046572104160642 0.1853166172710749 0.27128400366615363 0.20875605623178345 -0.020618345049627562 0.018975434090386826 -0.061569859249436337 0.028754913480235979 -0.0068385892186610814 0.056910291730987599 0.29121979134423392 -0.020857713787780452 0.31137576245743298 0.20171511919636811 0.041174011987944445 0.05690147447204217 0.17034375462812493 -0.13647331888477007
leaf_weight=41311 15131 4359 9165 65 598 187 796 3132 20 4028 3183 2961 29 26 27 94 359 4960 23 65 276 73 21 6226 23 56 78 125 62 30
leaf_count=41311 15131 4359 9165 65 598 187 796 3132 20 4028 3183 2961 29 26 27 94 359 4960 23 65 276 73 21 6226 23 56 78 125 62 30
internal_value=3.84514e-11 0.0119737 -0.00629653 0.0217683 0.0060424 0.0316645 0.0338827 0.00424511 0.0072908 -0.00880904 0.0114674 0.0127388 -0.0100684 0.0390677 0.0425269 0.0780606 -0.00671105 0.00751286 0.0707023 0.135171 0.052065 0.0226557 0.109256 -0.00995837 0.112518 0.138021 0.108266 0.00380851 0.0625797 0.0194741
internal_weight=97489 33598 63891 12672 20926 6463 6276 12297 20328 51594 6209 6144 47566 5480 5095 736 385 20308 709 159 550 370 94 47537 180 157 134 15348 217 155
internal_count=97489 33598 63891 12672 20926 6463 6276 12297 20328 51594 6209 6144 47566 5480 5095 736 385 20308 709 159 550 370 94 47537 180 157 134 15348 217 155
is_linear=0
shrinkage=0.1


Tree=31
num_leaves=31
num_cat=0
split_feature=63 67 104 100 38 106 6 94 107 103 47 19 83 41 41 102 110 41 89 90 13 33 1 21 18 82 100 40 5 44
split_gain=615.426 179.665 143.614 122.123 126.847 147.589 108.488 105.086 98.9188 97.2669 107.706 92.1308 89.6123 90.4595 86.8998 85.9501 88.3979 83.0501 82.709 153.396 82.5982 82.4019 95.6808 79.0865 93.7877 81.3414 78.9434 78.8379 112.965 99.3699
threshold=9.5000000000000018 6.5000000000000009 114.75000000000001 1.0000000180025095e-35 1.9500000000000002 237.50000000000003 34.70000000000001 2.5000000000000004 2023.5000000000002 0.60050000000000014 0.5986938655656987 4.2719978643908991 407.50000000000006 1.6513007713266672 1.5526172418969886 3.5000000000000004 73.500000000000014 1.4304022957551952 15.500000000000002 3.5000000000000004 2.6925663951105041 1.1377339247471159 15.321096551171639 3.836230720689227 10.700000000000001 566.50000000000011 1.0000000180025095e-35 4.3166666666666673 8.5514157030446096 4.5500000000000007
decision_type=10 10 2 2 10 2 10 10 2 2 10 10 10 10 10 10 2 10 10 10 10 10 10 10 10 10 2 10 10 10
left_child=7 2 3 -2 -5 12 11 15 -7 10 14 -4 23 -14 17 16 -1 18 19 -3 -13 22 -11 24 25 -6 -23 -12 -29 -30
right_child=1 9 6 4 5 8 -8 -9 -10 21 27 20 13 -15 -16 -17 -18 -19 -20 -21 -22 26 -24 -25 -26 -27 -28 28 29 -31
leaf_value=0.034596617843279678 -0.00522619491256674 0.044509725911276686 0.01548829365243801 -0.003107777456789822 0.03759403348794222 0.011879616648853725 0.1559839184739088 0.0037058936630716844 -0.036923992636328527 0.0067510857306072609 0.021484329360703564 0.035938778842237222 0.23403463289141657 0.059077388443466695 0.17869597421192765 -0.019476968806423269 -0.007326851947628177 -0.074260803032666453 -0.056710282456258247 0.31065263493043005 0.17720503223156839 0.0080201133273732975 -0.058329852125625838 -0.046976878290542035 0.22547359495208813 -0.079454679176455642 0.15486025901484318 0.23017168253815423 0.05879210610549495 -0.10055244711804248
leaf_weight=509 11700 63 6475 4942 2224 3958 57 8376 464 2109 6383 111 44 90 79 6143 42336 40 29 33 66 78 253 119 26 61 69 36 574 42
leaf_count=509 11700 63 6475 4942 2224 3958 57 8376 464 2109 6383 111 44 90 79 6143 42336 40 29 33 66 78 253 119 26 61 69 36 574 42
internal_value=2.31036e-12 0.00949997 0.00569909 0.00203278 0.00915301 0.0178265 0.0186112 -0.00664505 0.00675866 0.0212805 0.0271331 0.0174341 0.0369146 0.116526 0.0924492 -0.00841486 -0.0068288 0.0511553 0.0912884 0.135996 0.0886143 0.00430112 -0.000219904 0.0325245 0.0366182 0.0344693 0.0769451 0.0248677 0.0579903 0.0479277
internal_weight=97489 40125 30337 23628 11928 6986 6709 57364 4422 9788 7279 6652 2564 134 244 48988 42845 165 125 96 177 2509 2362 2430 2311 2285 147 7035 652 616
internal_count=97489 40125 30337 23628 11928 6986 6709 57364 4422 9788 7279 6652 2564 134 244 48988 42845 165 125 96 177 2509 2362 2430 2311 2285 147 7035 652 616
is_linear=0
shrinkage=0.1


Tree=32
num_leaves=31
num_cat=0
split_feature=91 6 100 114 83 72 40 1 23 60 21 91 109 43 11 109 104 86 12 30 18 9 15 24 16 104 97 7 6 46
split_gain=515.649 173.418 118.413 112.706 106.131 92.2462 94.6316 91.4606 91.3252 92.5485 109.858 86.2753 81.8839 80.8487 82.0877 78.921 78.8665 86.8771 77.8925 77.7653 104.975 175.07 109.642 92.3934 84.5657 84.2004 78.5648 76.6963 81.5075 116.336
threshold=4.5000000000000009 19.900000000000002 1.0000000180025095e-35 1.0000000180025095e-35 100.50000000000001 1.0000000180025095e-35 5.5750000000000002 7.4171423065393389 3.9121941615792459 1.5000000000000002 2.4551509642012719 13.500000000000002 32.833675564681734 0.64222852518808682 7.1685533744282068 22.336755646817252 110.35000000000001 188.50000000000003 6.1000000000000005 0.77500000000000013 8.4500000000000011 5.4751962210956711 3.6885708598901323 1.5500000000000003 10.151923076923078 110.45000000000002 11.500000000000002 12.03120923607476 15.225000000000001 2.4058823529411768
decision_type=10 10 2 2 10 10 10 10 10 10 10 10 2 10 10 2 2 10 10 10 10 10 10 10 10 2 2 10 10 10
left_child=1 4 5 7 8 -2 11 -4 9 10 -1 -7 13 14 15 -9 17 -13 27 25 24 23 -23 -22 -21 26 -5 28 -14 -30
right_child=2 -3 3 19 -6 6 -8 12 -10 -11 -12 16 18 -15 -16 -17 -18 -19 -20 20 21 22 -24 -25 -26 -27 -28 -29 29 -31
leaf_value=-0.0079640283374128266 0.00081711426605997122 0.0077362655968619774 0.0086388126831544593 -0.065013152749443345 0.002624181932363712 0.019287944482408378 -0.18040931331722632 0.084088416206898428 -0.16515149335200724 0.014009377276024896 -0.035105938475235299 -0.062242963803665979 -0.047563263862016231 0.042578687896812489 -0.049007214213300662 0.0038424811467962679 0.17380733855173625 0.19098329201340677 -0.094964146798246371 0.025017977402428372 0.082862967645217278 -0.042357823282088106 0.2207911580428481 0.31970894107595088 -0.033474213937345308 0.011587101206846407 -0.0073448130279662217 -0.1703378250077367 0.27310116342627089 0.034641844787014028
leaf_weight=48065 9302 10447 1912 326 11240 2620 23 169 37 1844 1539 42 74 4283 192 446 71 20 89 1610 28 76 20 40 292 1682 858 20 26 96
leaf_count=48065 9302 10447 1912 326 11240 2620 23 169 37 1844 1539 42 74 4283 192 446 71 20 89 1610 28 76 20 40 292 1682 858 20 26 96
internal_value=-1.60113e-12 -0.00419258 0.0126159 0.019548 -0.00617936 0.00559129 0.0215889 0.0274319 -0.00810132 -0.00798837 -0.00880613 0.0232765 0.0340923 0.037108 0.00807349 0.0258938 0.101848 0.0194429 -0.0162361 0.0078676 0.0226571 0.0994216 0.0124649 0.222184 0.0160381 -0.00279366 -0.0232231 0.0162028 0.0352376 0.085461
internal_weight=97489 73172 24317 12239 62725 12078 2776 7307 51485 51448 49604 2753 5395 5090 807 615 133 62 305 4932 2066 164 96 68 1902 2866 1184 216 196 122
internal_count=97489 73172 24317 12239 62725 12078 2776 7307 51485 51448 49604 2753 5395 5090 807 615 133 62 305 4932 2066 164 96 68 1902 2866 1184 216 196 122
is_linear=0
shrinkage=0.1


Tree=33
num_leaves=31
num_cat=0
split_feature=36 100 96 88 103 40 83 63 40 18 27 41 65 9 9 25 104 59 3 18 1 13 13 21 4 9 40 11 41 6
split_gain=439.629 158.756 133.21 107.884 100.662 109.185 99.6813 97.6522 95.2027 100.594 92.7338 92.1303 85.975 84.8171 80.478 79.883 94.3263 79.021 78.7482 108.538 78.3868 77.9526 93.3984 79.3016 79.2021 90.7927 79.4536 86.2962 77.2778 92.8201
threshold=1.9000000000000001 1.0000000180025095e-35 200.50000000000003 11.450000000000001 0.48100000000000004 4.3750000000000009 167.50000000000003 14.500000000000002 5.2750000000000012 9.3000000000000025 0.80265360933717089 1.9278035981708748 5.5000000000000009 9.179990312122408 8.926240878910173 2.2582094138490336 104.65000000000002 23.500000000000004 11.517050162448344 6.9000000000000012 14.258856895602099 3.1780107723513216 3.0523202998496379 4.2661450065202144 16.802500000000006 3.8005847503304602 3.1519230769230773 11.031474074319211 1.432241452575197 22.450000000000003
decision_type=10 2 2 10 2 10 10 10 10 10 10 10 10 10 10 8 2 10 10 10 10 10 8 10 10 10 10 10 10 10
left_child=2 4 6 -4 21 15 -1 17 9 18 11 12 -8 -11 -10 -6 -17 -3 19 -7 -20 22 24 -23 25 -2 27 -26 -28 -30
right_child=1 7 3 -5 5 8 10 -9 14 13 -12 -13 -14 -15 -16 16 -18 -19 20 -21 -22 23 -24 -25 26 -27 28 -29 29 -31
leaf_value=-6.8080401720437011e-05 0.28012411569626156 0.013119814645892581 -0.016598764368657634 -0.0050490704745674913 -0.0049956427967813273 0.1285527446440288 0.053754856404433275 0.027168659025839932 0.046759016840503764 0.091428587017292839 0.0094321167088941109 -0.14775433799421245 0.25935985076995122 0.27302565732172557 -0.21003570138760239 0.093241487319270774 -0.12709978681203782 -0.017050281948181485 0.18049539674859261 -0.14581956871501778 -0.051189521440993181 -0.0096423861360417674 0.084122025596895328 0.15432867137094342 0.0041504368057907921 0.053252247008076459 0.11984432461310407 0.15560039657315142 -0.010226902457486307 0.048517576581705114
leaf_weight=11360 22 11504 10230 38617 9790 21 645 5193 26 97 1541 22 21 35 23 24 102 939 40 46 23 1752 201 30 3792 89 98 38 420 748
leaf_count=11360 22 11504 10230 38617 9790 21 645 5193 26 97 1541 22 21 35 23 24 102 939 40 46 23 1752 201 30 3792 89 98 38 420 748
internal_value=1.45485e-11 0.00896231 -0.00503165 -0.00746792 0.00219033 -0.00418402 0.00372576 0.0156502 0.05416 0.0780872 0.0230609 0.053587 0.0602379 0.139579 -0.0737773 -0.00601389 -0.08513 0.0108431 0.015649 -0.0598223 0.095912 0.0112572 0.0172342 -0.00688193 0.0146522 0.0982178 0.012832 0.00565307 0.0345502 0.0273937
internal_weight=97489 35053 62436 48847 17417 10227 13589 17636 311 262 2229 688 666 132 49 9916 126 12443 130 67 63 7190 5408 1782 5207 111 5096 3830 1266 1168
internal_count=97489 35053 62436 48847 17417 10227 13589 17636 311 262 2229 688 666 132 49 9916 126 12443 130 67 63 7190 5408 1782 5207 111 5096 3830 1266 1168
is_linear=0
shrinkage=0.1


Tree=34
num_leaves=31
num_cat=0
split_feature=63 115 94 28 88 103 25 89 1 52 31 15 103 20 28 91 107 81 106 47 65 15 25 80 88 6 34 105 84 80
split_gain=365.829 141.546 122.797 109.296 107.189 92.1603 84.2003 84.8945 83.2205 100.704 88.1176 81.7432 81.3622 76.5746 76.3481 85.5374 78.2478 78.607 110.169 96.3841 87.0754 114.656 118.304 117.269 108.629 106.219 97.2078 119.943 85.8634 84.1725
threshold=12.500000000000002 1.0000000180025095e-35 1.5000000000000002 0.63961038961038974 11.750000000000002 0.49400000000000005 2.1014931715128879 19.500000000000004 20.716358257621149 14.500000000000002 0.86554360876699588 5.0601932032495336 0.49400000000000005 7.8444444444444459 0.74342105263157909 11.500000000000002 2023.5000000000002 1010.5000000000001 100.50000000000001 0.5986938655656987 4.5000000000000009 3.2827105221060555 1.3779271744364847 2299.0500000000006 68.450000000000017 35.900000000000006 0.48684210526315791 0.63333333333333341 43.500000000000007 1934.1000000000006
decision_type=10 2 8 10 10 2 10 10 10 8 10 10 2 10 10 10 2 10 2 10 10 10 10 10 10 10 10 8 10 10
left_child=1 3 -3 -1 -2 8 11 13 -6 10 -10 14 -4 -8 15 -7 17 18 -16 28 24 23 26 -22 25 -19 27 -23 -20 -21
right_child=4 2 12 -5 5 6 7 -9 9 -11 -12 -13 -14 -15 16 -17 -18 20 19 29 21 22 -24 -25 -26 -27 -28 -29 -30 -31
leaf_value=-0.013141580439044323 -0.018608543438547006 -0.0032379393225632383 0.018118886476343198 -0.0028712321622615289 0.020042935113497286 -0.011000827889590337 -0.078022961297272889 -0.00054733989322010214 0.13658090391951913 0.28369459223747256 -0.069678425394436902 0.1046637695600194 0.0023419795275671277 -0.29706696279346945 -0.032779520634259728 -0.18470277287836734 -0.014646202611882611 -0.024626156051779723 0.11995488615785406 0.017897341332733945 0.05675195423436577 0.42385967941511249 -0.07848285464836019 -0.018670092794984099 0.11134885343959916 -0.20984428264200689 0.076254558217283178 0.089740613644773315 0.014129025838518328 0.082614901032673119
leaf_weight=17257 1101 20151 5739 25933 8567 1264 79 136 53 25 34 88 7594 20 370 29 1055 955 189 5229 290 21 35 713 57 32 113 22 129 209
leaf_count=17257 1101 20151 5739 25933 8567 1264 79 136 53 25 34 88 7594 20 370 29 1055 955 189 5229 290 21 35 713 57 32 113 22 129 209
internal_value=2.61192e-11 -0.00319173 0.00168802 -0.00697485 0.011757 0.0134529 0.00738926 -0.051828 0.0211626 0.106804 0.0559738 0.00867778 0.00913292 -0.122274 0.00788925 -0.0148967 0.0110172 0.0142543 0.0201138 0.0235139 -0.0017849 0.0166595 0.0876713 0.00313688 -0.0228794 -0.0306312 0.124949 0.252915 0.0770255 0.0203846
internal_weight=97489 76674 33484 43190 20815 19714 11035 235 8679 112 87 10800 13333 99 10712 1293 9419 8364 6126 5756 2238 1194 191 1003 1044 987 156 43 318 5438
internal_count=97489 76674 33484 43190 20815 19714 11035 235 8679 112 87 10800 13333 99 10712 1293 9419 8364 6126 5756 2238 1194 191 1003 1044 987 156 43 318 5438
is_linear=0
shrinkage=0.1


Tree=35
num_leaves=31
num_cat=0
split_feature=61 103 0 94 110 82 102 107 5 85 102 51 61 2 25 107 49 23 29 28 16 95 13 27 47 82 25 36 27 69
split_gain=310.597 155.205 104.7 103.251 99.1194 98.9801 97.7879 89.1383 84.6191 81.8927 82.5507 74.9936 72.3844 71.8845 74.3246 97.4975 73.6754 70.5983 69.92 83.6234 77.4288 74.7249 105.607 186.582 88.8604 69.4591 69.1455 97.1779 115.602 78.8433
threshold=6.5000000000000009 0.49400000000000005 22.250000000000004 1.5000000000000002 74.500000000000014 10.500000000000002 13.500000000000002 2021.5000000000002 12.351004646888919 84.500000000000014 3.5000000000000004 48.750000000000007 16.500000000000004 18.715000000000007 2.2582094138490336 2016.5000000000002 42.850000000000001 1.538539918334185 1.7573145395232175 1.9750000000000003 2.3514705882352946 1.0000000180025095e-35 4.9581511384448076 0.94574616981628878 0.65779974967410937 25.500000000000004 1.3227406337702019 4.366666666666668 1.2708567691023445 2.5000000000000004
decision_type=10 2 10 10 2 8 10 2 8 8 10 8 10 10 8 2 10 8 10 10 10 10 10 10 10 10 10 10 10 10
left_child=4 3 25 12 7 -6 8 11 26 10 13 -1 17 16 -15 -16 -4 -2 20 -20 -10 -22 24 -24 -23 -3 29 -28 -29 -5
right_child=1 2 9 6 5 -7 -8 -9 18 -11 -12 -13 -14 14 15 -17 -18 -19 19 -21 21 22 23 -25 -26 -27 27 28 -30 -31
leaf_value=0.026871293637701979 0.032343113122816194 -0.062259483854588973 0.028778513843143311 0.019224659089669818 -0.021061283676749584 -0.0046431329807205607 -0.08568803454079571 -0.0034566756530740803 0.22878784798085691 -0.033886767480123252 -0.015613017517975031 0.1019986225497943 0.096420377079980926 0.0072080699953365789 0.022061448293088967 -0.112002057027615 0.25669302286013312 -0.00082656002845159216 0.30346098343531291 0.05104647836514882 0.0017453449719780406 0.19655719649265796 -0.065706573188304904 0.26888163625448941 0.033417068010330717 -0.010312638704161905 0.025833366930062152 0.24647049992133607 0.054930110080880827 -0.0016596822202472362
leaf_weight=700 713 277 37 4588 3977 47876 89 932 20 560 1792 164 83 18192 99 120 23 6414 21 35 645 34 25 50 1854 3638 1393 44 111 2983
leaf_count=700 713 277 37 4588 3977 47876 89 932 20 560 1792 164 83 18192 99 120 23 6414 21 35 645 34 25 50 1854 3638 1393 44 111 2983
internal_value=9.72681e-12 0.00624405 0.00101558 0.0130152 -0.00510241 -0.00590237 0.0187398 0.0179934 0.0195273 0.00383646 0.004879 0.0411316 0.00357309 0.00686708 0.00651095 -0.051398 0.116146 0.0024918 0.0351343 0.145702 0.0327782 0.0312751 0.0409779 0.157352 0.036355 -0.0139881 0.0149336 0.0341911 0.109303 0.0109962
internal_weight=97489 43840 24738 19102 53649 51853 11892 1796 11803 20823 20263 864 7210 18471 18411 219 60 7127 2684 56 2628 2608 1963 75 1888 3915 9119 1548 155 7571
internal_count=97489 43840 24738 19102 53649 51853 11892 1796 11803 20823 20263 864 7210 18471 18411 219 60 7127 2684 56 2628 2608 1963 75 1888 3915 9119 1548 155 7571
is_linear=0
shrinkage=0.1


Tree=36
num_leaves=31
num_cat=0
split_feature=36 100 104 19 38 81 86 82 96 4 89 102 8 4 48 41 91 7 89 56 104 3 41 87 96 29 75 52 60 34
split_gain=265.609 128.657 100.827 89.8607 111.634 119.968 83.3759 93.4068 80.9289 98.8454 79.262 78.0874 152.94 79.8278 76.7135 75.1227 70.0009 69.5809 69.2329 68.316 67.9743 66.8716 88.2252 76.3233 71.5933 92.9536 99.7989 74.9813 119.375 106.661
threshold=1.9000000000000001 1.0000000180025095e-35 114.35000000000001 3.854643443876546 1.9500000000000002 721.50000000000011 276.50000000000006 577.50000000000011 283.00000000000006 38.692500000000017 30.500000000000004 7.5000000000000009 30.850000000000005 16.802500000000006 32.95000000000001 1.9851419307430833 1.0000000180025095e-35 4.4440936482459152 50.500000000000007 5.5000000000000009 102.15000000000002 11.242372722738114 2.4470712744945957 202.50000000000003 185.50000000000003 1.3619421912479679 6.5000000000000009 16.500000000000004 3.5000000000000004 0.29705882352941182
decision_type=10 2 2 10 10 10 10 10 2 10 10 10 10 10 8 10 10 8 10 8 2 10 10 10 2 10 10 10 10 10
left_child=2 11 -1 16 5 -5 7 8 18 17 14 13 -13 -2 -11 -15 -4 -10 19 21 -17 -3 23 24 25 -23 -27 28 -26 -30
right_child=1 6 3 4 -6 -7 -8 -9 9 10 -12 12 -14 15 -16 20 -18 -19 -20 -21 -22 22 -24 -25 27 26 -28 -29 29 -31
leaf_value=-0.0062335009346300126 0.056312902961204309 0.0089393686739191944 -0.0096047947397174278 0.088381635736335409 0.25378886704643566 -0.17269985853609715 0.08876758341082476 -0.024804469314010417 0.10986702939702404 0.095535761640677536 -0.013812548545273869 -0.042585781952290513 0.23185117801740054 -0.001259356404936829 0.26097729258013497 -0.084021815136563219 0.0061099555779482173 -0.031696041148021131 0.13648989013499685 -0.012543003949711749 0.022288773566551207 0.036882911203254702 -0.088096499475847245 -0.070504928619733884 0.019680010098809785 0.28989650500317415 0.084526353332746246 -0.038236478442014221 0.2143382102251053 0.057292409337898524
leaf_weight=46803 268 9687 3735 88 30 22 144 651 45 186 55 615 21 14442 33 62 11758 152 45 1038 2009 534 71 84 4278 30 112 203 53 235
leaf_count=46803 268 9687 3735 88 30 22 144 651 45 186 55 615 21 14442 33 62 11758 152 45 1038 2009 534 71 84 4278 30 112 203 53 235
internal_value=2.674e-11 0.00696624 -0.00391101 0.00304221 0.082799 0.0361653 0.0129869 0.012363 0.0137997 0.0546676 0.0935117 0.000869934 -0.0335242 0.00217347 0.120465 0.00129481 0.0023215 0.000640701 0.0126239 0.0122824 0.0191061 0.0139681 0.0226669 0.0240893 0.0255486 0.0560049 0.127914 0.0212314 0.0238753 0.0861932
internal_weight=97489 35053 62436 15633 140 110 17636 17492 16841 471 274 17417 636 16781 219 16513 15493 197 16370 16325 2071 15287 5600 5529 5445 676 142 4769 4566 288
internal_count=97489 35053 62436 15633 140 110 17636 17492 16841 471 274 17417 636 16781 219 16513 15493 197 16370 16325 2071 15287 5600 5529 5445 676 142 4769 4566 288
is_linear=0
shrinkage=0.1


Tree=37
num_leaves=31
num_cat=0
split_feature=91 110 51 23 94 55 18 69 5 49 104 61 46 21 81 106 8 109 103 71 47 40 40 28 37 83 1 20 1 9
split_gain=228.558 88.5469 110.601 101.916 83.0683 126.851 85.0108 86.8042 92.1307 84.6399 78.6757 93.8758 121.979 107.897 114.522 90.2736 76.7639 74.1922 73.2995 80.7332 93.1893 93.879 84.976 76.8713 107.7 108.653 87.0453 122.109 83.1041 76.6816
threshold=3.5000000000000004 80.500000000000014 66.050000000000011 2.0782216554406996 2.5000000000000004 35.500000000000007 10.500000000000002 5.5000000000000009 14.370487850195561 67.450000000000017 110.65000000000002 16.500000000000004 3.1250000000000004 3.2136858948350251 707.50000000000011 252.50000000000003 3.8166666666666669 23.530458590006848 0.49400000000000005 5.5000000000000009 1.5722245009047675 5.3166666666666673 3.4058823529411768 1.925 1.9746794344808967 249.50000000000003 15.627075861900771 8.5500000000000025 11.524408878549911 10.571449969178863
decision_type=10 2 10 10 10 10 10 8 10 10 2 10 10 10 10 2 10 2 2 10 10 10 10 10 10 10 10 10 10 10
left_child=1 2 3 -1 10 6 7 8 16 -7 -2 -12 13 15 -15 -13 -6 -4 -11 20 21 22 -20 26 28 -26 29 -28 -25 -24
right_child=4 -3 17 -5 5 9 -8 -9 -10 18 11 12 -14 14 -16 -17 -18 -19 19 -21 -22 -23 23 24 25 -27 27 -29 -30 -31
leaf_value=-0.00061724809675183911 -0.0053906653881404774 -0.0088183856181314971 0.048709007747195388 -0.015784675075576706 0.20102930779640493 -0.00082435010382229685 -0.15986644458025695 -0.034743014294791763 0.12859213204727959 0.031704971375345815 0.0063475931395657569 -0.024849785189947179 0.22929631720297039 0.17348703227259898 -0.082498102431349904 0.19062511635533835 0.028576166943201642 0.009192930002020986 0.0087537264062749944 -0.034243248848625549 -0.0093470478290244696 -0.16661826414258585 0.041544773821161646 -0.068554350574101725 0.10391925722360612 0.41820527694442061 0.29885988838730321 0.024443269104642028 0.1850334220721076 -0.14267588667571546
leaf_weight=33214 7798 21070 540 5112 26 6218 24 203 97 1960 10994 29 40 22 85 59 3562 3955 532 418 937 23 386 28 22 22 31 34 24 24
leaf_count=33214 7798 21070 540 5112 26 6218 24 203 97 1960 10994 29 40 22 85 59 3562 3955 532 418 937 23 386 28 22 22 31 34 24 24
internal_value=7.28782e-12 -0.00351121 -0.00089983 -0.00264031 0.00667703 0.012359 0.0277604 0.0289186 0.0324256 0.00670651 0.00232572 0.00768438 0.0702233 0.0375929 -0.0298656 0.119616 0.0298258 0.0139401 0.0172507 0.00583181 0.0139517 0.0333398 0.0375093 0.0643009 0.145917 0.261062 0.0478059 0.155319 0.0484862 0.0307611
internal_weight=97489 63891 42821 38326 33598 14571 3912 3888 3685 10659 19027 11229 235 195 107 88 3588 4495 4441 2481 2063 1126 1103 571 96 44 475 65 52 410
internal_count=97489 63891 42821 38326 33598 14571 3912 3888 3685 10659 19027 11229 235 195 107 88 3588 4495 4441 2481 2063 1126 1103 571 96 44 475 65 52 410
is_linear=0
shrinkage=0.1


Tree=38
num_leaves=31
num_cat=0
split_feature=63 103 110 60 88 82 96 21 104 19 61 24 111 17 37 10 17 86 86 10 29 9 86 103 6 36 108 49 107 92
split_gain=198.011 102.287 97.397 150.627 71.5788 90.4418 74.6652 102.038 86.465 83.3358 122.822 95.6809 92.3694 98.247 117.964 100.158 88.362 103.499 113.771 86.0963 82.8385 82.5567 79.8345 77.0769 76.9028 95.615 76.5399 82.7281 76.099 72.4329
threshold=11.500000000000002 0.49400000000000005 75.500000000000014 3.5000000000000004 64.950000000000017 557.50000000000011 283.00000000000006 2.5044402552323155 112.25000000000001 4.4045284802308426 16.500000000000004 1.7750000000000001 2.5000000000000004 3.4795943044239475 2.1446343412137621 24.116666666666671 1.619147119408473 82.500000000000014 60.500000000000007 8.408333333333335 1.0705383010021172 8.7575363852498747 129.50000000000003 0.7400000000000001 31.900000000000002 3.1000000000000005 2.5000000000000004 69.950000000000017 2020.5000000000002 2.5000000000000004
decision_type=10 2 2 10 10 10 2 10 2 10 10 10 2 10 10 10 10 10 10 10 10 10 8 2 10 10 2 10 2 10
left_child=1 2 3 -1 5 6 9 8 -8 10 23 12 -12 14 16 20 -14 18 -18 -13 -16 -17 29 -2 25 28 -25 -28 -19 -9
right_child=4 -3 -4 -5 -6 -7 7 22 -10 -11 11 19 13 -15 15 21 17 24 -20 -21 -22 -23 -24 26 -26 -27 27 -29 -30 -31
leaf_value=0.015241529730511953 0.0076785990157992078 -0.006107752855872655 -0.00033172962398755901 0.17790385925508073 0.033198860708782661 -0.024237237327571437 0.073911905626538307 0.019139231775660775 0.29176832519728563 -0.024022673536478259 -0.0153614796228237 0.14773357082759181 -0.011297240953094194 0.24470020892719427 -0.27806277683093433 0.12323929973227798 0.099157686696641822 -0.11288821429759265 0.41398878991603855 -0.030850925591092506 0.006307053379714489 -0.10363276051762312 0.15869887918233871 -0.1368076996511913 -0.047384253408639665 0.17169544810259885 -0.004194667920002457 -0.11503584838906925 0.10559480542486364 -0.176838168262371
leaf_weight=3081 21794 39885 27914 58 1031 933 49 185 29 844 111 31 56 36 21 53 22 25 24 209 20 23 37 56 31 132 659 75 44 21
leaf_count=3081 21794 39885 27914 58 1031 933 49 185 29 844 111 31 56 36 21 53 22 25 24 209 20 23 37 56 31 132 659 75 44 21
internal_value=1.37801e-11 -0.0027572 0.00154631 0.0182471 0.00736658 0.00632296 0.00748263 0.0553956 0.15491 0.00684882 0.00796126 0.0455541 0.0669606 0.085724 0.0730341 -0.0133765 0.103304 0.126389 0.263417 -0.00778376 -0.139346 0.0545806 0.0234527 0.00656634 0.0992192 0.12183 -0.024118 -0.0155204 0.0264343 -0.000839047
internal_weight=97489 70938 31053 3139 26551 25520 24587 321 78 24266 23422 838 598 487 451 117 334 278 46 240 41 76 243 22584 232 201 790 734 69 206
internal_count=97489 70938 31053 3139 26551 25520 24587 321 78 24266 23422 838 598 487 451 117 334 278 46 240 41 76 243 22584 232 201 790 734 69 206
is_linear=0
shrinkage=0.1


Tree=39
num_leaves=31
num_cat=0
split_feature=36 104 107 103 36 91 81 10 41 96 103 100 63 88 84 47 41 102 106 88 10 75 89 15 35 83 10 84 16 88
split_gain=180.307 122.425 144.344 107.682 100.558 87.9261 127.022 98.0643 94.6126 89.253 79.068 78.9147 76.7235 74.8069 77.5632 73.5631 71.2175 70.6782 70.3244 79.1734 72.0992 94.2917 78.3524 78.0108 106.062 77.229 74.0435 70.1264 86.811 111.333
threshold=1.1000000000000003 110.95000000000002 2022.5000000000002 0.38450000000000006 4.5500000000000007 7.5000000000000009 1190.5000000000002 5.3038461538461545 0.96902427084615972 174.50000000000003 0.55850000000000011 1.0000000180025095e-35 18.500000000000004 74.65000000000002 105.50000000000001 1.1288352132855748 1.1643289280352542 4.5000000000000009 893.50000000000011 52.750000000000007 17.605555555555558 6.5000000000000009 16.500000000000004 1.7013059038951182 0.92346433102971892 473.50000000000006 16.418750000000003 37.500000000000007 8.2071428571428573 49.850000000000001
decision_type=10 2 2 2 10 10 8 10 10 2 2 2 10 10 10 10 10 10 2 10 10 10 10 10 10 10 10 10 10 10
left_child=17 2 3 18 -4 9 7 -7 10 -3 -9 -5 -10 14 -8 -14 -13 -1 20 -20 21 -2 23 -23 -25 -22 -24 28 29 -17
right_child=1 5 4 11 -6 6 13 8 12 -11 -12 16 15 -15 -16 27 -18 -19 19 -21 25 22 26 24 -26 -27 -28 -29 -30 -31
leaf_value=-0.0043435048459688902 0.011545524671929545 0.075702762828570691 -0.022914622304374164 -0.0076963628561415717 -0.17562073814597998 0.24454642928072384 -0.033894634581131539 0.05842938017730992 0.017247112840862312 0.0050588016900533321 0.24818768194493127 -0.0094728497564254416 -0.013373532516527035 0.12641917346593212 0.12126965437303572 0.070648602330230029 0.0080730939697550418 -0.019825831478904751 0.015405041072517634 0.24566126955407008 -0.0067531715133433857 -0.042230110638366458 0.07018762600502737 0.092562286433142918 -0.016471723084088782 0.092141969555831815 0.19857265494371718 0.027216502003644807 0.012336439889196943 0.20803111907498875
leaf_weight=31322 1671 180 2162 12094 44 21 614 62 2623 27829 34 3087 126 34 34 133 9230 3255 32 28 1624 114 212 240 142 83 57 214 82 106
leaf_count=31322 1671 180 2162 12094 44 21 614 62 2623 27829 34 3087 126 34 34 133 9230 3255 32 28 1624 114 212 240 142 83 57 214 82 106
internal_value=-1.46022e-11 0.00318827 -0.00131316 0.00058702 -0.0259604 0.00751128 0.0212207 0.0291191 0.0277806 0.0055128 0.125635 -0.00195845 0.0249201 -0.018167 -0.0257533 0.0553683 0.00367557 -0.00580098 0.0153711 0.122858 0.0138145 0.0248574 0.0539348 0.0303664 0.0520313 -0.00194456 0.0973919 0.0715579 0.101119 0.13158
internal_weight=97489 62912 30820 28614 2206 32092 4083 3401 3380 28009 96 24411 3284 682 648 661 12317 34577 4203 60 4143 2436 765 496 382 1707 269 535 321 239
internal_count=97489 62912 30820 28614 2206 32092 4083 3401 3380 28009 96 24411 3284 682 648 661 12317 34577 4203 60 4143 2436 765 496 382 1707 269 535 321 239
is_linear=0
shrinkage=0.1


Tree=40
num_leaves=31
num_cat=0
split_feature=94 103 104 83 39 15 41 33 86 47 41 29 90 83 21 27 25 22 29 80 14 35 33 81 86 102 5 11 109 45
split_gain=152.914 89.0512 85.2635 90.6168 83.3197 114.727 105.46 89.6423 86.311 76.4126 87.5248 91.4156 86.8718 73.7751 91.513 86.3955 90.2518 114.304 73.6176 70.7496 68.9008 72.5829 71.521 67.3201 104.191 87.4998 67.1534 72.641 67.0712 65.4926
threshold=1.5000000000000002 0.49400000000000005 104.15000000000002 229.50000000000003 1.5652465782067826 1.1761495463774236 1.804029002947442 0.83996703462282185 106.50000000000001 1.0504824679300457 2.2684912491501259 1.0960414380584826 7.5000000000000009 421.50000000000006 1.9578900207451224 1.3395671481745668 2.0776550673994527 4.1026315789473697 1.7152559311451718 54.350000000000016 2.8166666666666669 0.54802071902924132 0.81988459163814553 825.50000000000011 170.50000000000003 13.500000000000002 7.1596144410093672 3.9802142232746598 25.249828884325808 2.0493829816118896
decision_type=10 2 2 10 10 10 10 10 8 10 10 10 10 10 10 10 10 10 10 8 10 10 10 8 10 10 10 10 2 10
left_child=19 2 -2 -4 6 -6 26 -8 20 -10 -11 -12 -13 15 -15 23 -17 -18 -16 -1 -7 -22 -23 24 25 -3 -5 -28 -25 -29
right_child=1 13 3 4 5 8 7 -9 9 10 11 12 -14 14 18 16 17 -19 -20 -21 21 22 -24 28 -26 -27 27 29 -30 -31
leaf_value=-0.0173449640794851 -0.032618243256864209 0.00035665652543711136 0.0073094481791435798 0.15548089722792308 -0.17622420904226602 0.25052360902455723 0.1972284522289649 0.019991038474771711 -0.02972732151890943 0.010882133874110878 -0.023903737877580253 0.045290586005809701 0.23740734844826739 -0.076068383170978027 0.045379276528366819 0.020335385265679365 0.03405792063288391 -0.080123870296434668 -0.099038391963050185 -0.0026694226769606085 -0.048995176489864081 0.17076297717504815 -0.024721019411528555 -0.0014955512176745185 0.21278179090308105 -0.0958973843837157 -0.13760645020008086 0.042392014502696529 -0.024988912496764121 -0.03428762405303367
leaf_weight=3520 472 16103 15861 45 32 22 78 45 402 1064 44 43 52 76 767 2906 150 211 37 49206 42 61 27 2414 23 95 25 1095 2447 124
leaf_count=3520 472 16103 15861 45 32 22 78 45 402 1064 44 43 52 76 767 2906 150 211 37 49206 42 61 27 2414 23 95 25 1095 2447 124
internal_value=-3.3868e-11 0.00429832 0.00936724 0.0104069 0.0257545 0.0114213 0.0439146 0.132385 0.0148389 0.00801814 0.0206313 0.0952584 0.150449 0.00037363 0.0288185 -0.0006544 0.0144773 -0.0326799 0.0387332 -0.00364917 0.0868605 0.0591637 0.110785 -0.0029993 9.41354e-05 -0.000207866 0.0354725 0.0311314 -0.013322 0.034592
internal_weight=97489 44763 19534 19062 3201 1789 1412 123 1757 1605 1203 139 95 25229 880 24349 3267 361 804 52726 152 130 88 21082 16221 16198 1289 1244 4861 1219
internal_count=97489 44763 19534 19062 3201 1789 1412 123 1757 1605 1203 139 95 25229 880 24349 3267 361 804 52726 152 130 88 21082 16221 16198 1289 1244 4861 1219
is_linear=0
shrinkage=0.1


Tree=41
num_leaves=31
num_cat=0
split_feature=60 102 110 88 36 15 48 81 86 104 107 2 86 11 38 41 17 6 82 16 107 48 103 15 82 82 13 23 21 15
split_gain=138.011 88.3814 80.3216 91.4326 161.434 87.4767 96.3824 82.3385 74.2273 75.2326 114.871 106.103 85.8938 127.284 109.233 86.1131 66.1644 75.7515 71.2937 68.2388 66.0163 75.7929 97.2058 79.862 92.4985 137.812 107.826 88.5596 82.0314 75.7249
threshold=1.0000000180025095e-35 13.500000000000002 80.500000000000014 37.45000000000001 4.366666666666668 2.1615319962351998 9.5500000000000025 877.50000000000011 4.5000000000000009 109.75000000000001 2017.5000000000002 14.705000000000004 138.50000000000003 7.6842285431766291 4.6333333333333337 1.4667358244594364 1.5659732439255671 27.100000000000005 276.50000000000006 7.9083333333333341 2016.5000000000002 36.050000000000004 0.61350000000000005 2.1647418798338895 230.50000000000003 172.50000000000003 2.70493200938329 3.3901945677737597 2.7522713725400432 2.5044402552323155
decision_type=10 10 2 10 10 10 10 8 10 2 2 10 10 10 10 10 10 10 10 10 2 10 2 8 10 10 10 10 10 10
left_child=2 8 3 4 -1 -6 -7 -5 -2 20 12 -12 16 14 15 -14 -11 18 -18 -19 -10 23 -23 -22 25 27 29 -25 -28 -27
right_child=1 -3 -4 7 5 6 -8 -9 9 10 11 -13 13 -15 -16 -17 17 19 -20 -21 21 22 -24 24 -26 26 28 -29 -30 -31
leaf_value=-0.0020439391706263813 -0.010273900173109347 -0.057679282643625311 -0.0072990761656396876 0.019644445592258763 0.031636939823627475 0.35208787473205194 0.07418593335896731 -0.0042592691764759627 0.0089851485335792868 -0.067250632452987028 0.10530742670505727 0.0092991459565345807 0.27397786487958264 0.011855384578759022 0.35899387503212155 0.076405641687317546 0.06402058547833013 -0.098234817242516426 -0.046572420791243067 0.084577377628663492 -0.024145010199420128 -0.13345359825314237 0.028120939619839191 0.012440172233804357 -0.020528781766299891 0.059778772603853475 -0.019070374194467277 -0.096889726138567625 0.13913408103196517 0.21260773473262012
leaf_weight=41463 2393 216 22328 4073 50 26 24 2230 4490 67 116 14992 28 110 22 104 499 69 66 29 1481 104 58 1192 887 56 114 79 46 77
leaf_count=41463 2393 216 22328 4073 50 26 24 2230 4490 67 116 14992 28 110 22 104 499 69 66 29 1481 104 58 1192 887 56 114 79 46 77
internal_value=4.19603e-12 0.00603376 -0.00234623 -3.58835e-05 -0.00173787 0.125166 0.218695 0.0111873 0.00654197 0.00817206 0.0122028 0.0100363 0.0451316 0.0940134 0.152698 0.118315 0.0274538 0.0370242 0.0511018 -0.0441373 0.000611174 -0.00857279 -0.0756059 -0.005811 0.0052672 0.019897 0.081722 0.00564469 0.0264134 0.148259
internal_weight=97489 27295 70194 47866 41563 100 50 6303 27079 24686 16102 15108 994 264 154 132 730 663 565 98 8584 4094 162 3932 2451 1564 293 1271 160 133
internal_count=97489 27295 70194 47866 41563 100 50 6303 27079 24686 16102 15108 994 264 154 132 730 663 565 98 8584 4094 162 3932 2451 1564 293 1271 160 133
is_linear=0
shrinkage=0.1


Tree=42
num_leaves=31
num_cat=0
split_feature=88 110 100 89 107 14 104 36 1 40 85 86 19 3 38 21 106 40 16 12 104 41 102 10 60 109 29 23 104 13
split_gain=124.423 104.011 87.5239 74.7084 64.0493 90.803 90.6197 80.9617 76.4939 76.0951 75.5072 71.1041 68.3684 67.3691 91.3157 80.4937 67.3295 80.8161 79.4044 64.5593 63.2278 62.8226 61.9882 147.424 63.8776 61.095 58.9193 63.3244 58.3703 57.6102
threshold=19.050000000000004 79.500000000000014 1.0000000180025095e-35 44.500000000000007 2016.5000000000002 7.2250000000000005 112.95000000000002 5.1000000000000005 15.321096551171639 4.6583333333333341 51.500000000000007 270.50000000000006 2.4697348311904634 12.416337802928703 2.9500000000000006 3.4066926616143802 849.50000000000011 4.4750000000000005 5.0544117647058835 10.775000000000002 103.35000000000001 1.9584257358838435 7.5000000000000009 29.025000000000002 1.5000000000000002 26.873374401095145 0.68694219605279438 2.4254679266625137 100.85000000000001 4.7696931271769847
decision_type=10 2 2 10 2 10 2 10 10 10 10 10 10 10 10 10 2 10 10 10 2 10 10 10 10 2 10 8 2 10
left_child=-1 2 22 20 5 8 7 11 -4 19 29 16 -9 -10 -15 21 -6 18 -18 -8 -3 -16 28 24 -24 -5 27 -22 -2 -7
right_child=1 3 4 25 6 10 9 12 13 -11 -12 -13 -14 14 15 -17 17 -19 -20 -21 26 -23 23 -25 -26 -27 -28 -29 -30 -31
leaf_value=-0.0052739716538886539 -0.05746908927382044 -0.022112448736149325 0.013630651452959259 0.022306512271637446 0.0035063440050983733 0.11891660848543757 0.01530991791878812 0.021018089250927526 0.18739558011293411 0.16169725592869025 -0.022165721774633444 0.11475820830798643 -0.12549385558609125 -0.017024650558539963 0.24513959689065815 -0.047464539940384305 -0.015464046773129176 0.12452467916688573 -0.11777032930254937 0.17962222423714896 -0.0080404289855923027 0.051373003519795561 -0.027171592051265098 0.21911342584568524 -0.12797025526073619 0.16080601085737653 0.0010153382529771544 -0.056280559422091328 0.0026432178469087946 -0.033787130644278872
leaf_weight=30663 163 1547 3095 91 8330 210 6534 49 42 36 63 56 91 103 44 22 193 27 125 24 5247 27 549 23 71 49 21734 287 17966 28
leaf_count=30663 163 1547 3095 91 8330 210 6534 49 42 36 63 56 91 103 44 22 193 27 125 24 5247 27 549 23 71 49 21734 287 17966 28
internal_value=-9.20615e-12 0.00241995 0.0058696 -0.00209193 0.0106357 0.022582 0.00782849 0.00122879 0.0178317 0.0167072 0.0751827 0.00243851 -0.0742147 0.0724625 0.047834 0.119667 0.00171345 -0.0415759 -0.0556788 0.0159112 -0.00244599 0.171454 0.00102051 -0.0294922 -0.0387147 0.0707813 -0.00133025 -0.0105422 0.00210274 0.100951
internal_weight=97489 66826 37871 28955 19099 3634 15465 8871 3333 6594 301 8731 140 238 196 93 8675 345 318 6558 28815 71 18772 643 620 140 27268 5534 18129 238
internal_count=97489 66826 37871 28955 19099 3634 15465 8871 3333 6594 301 8731 140 238 196 93 8675 345 318 6558 28815 71 18772 643 620 140 27268 5534 18129 238
is_linear=0
shrinkage=0.1


Tree=43
num_leaves=31
num_cat=0
split_feature=94 110 29 100 16 61 110 34 38 14 23 25 102 103 19 6 104 56 7 20 103 19 55 42 84 86 83 87 29 6
split_gain=110.979 98.0433 78.1666 77.474 73.4379 72.1099 70.2928 71.0893 79.5643 99.9093 109.712 90.0733 69.6514 75.7437 91.3652 79.2979 68.0246 66.7918 76.5664 104.138 66.1323 67.6778 65.1087 64.5158 63.0272 61.0502 93.602 82.7262 101.911 98.9669
threshold=1.0000000180025095e-35 76.500000000000014 1.7737115024720407 1.0000000180025095e-35 4.2052631578947377 10.500000000000002 73.500000000000014 0.29705882352941182 5.8500000000000005 10.316666666666668 3.3472297532044903 0.97871355387816916 5.5000000000000009 0.40850000000000003 2.9580278177943957 1.4500000000000002 106.75000000000001 3.5000000000000004 8.9860999471439911 8.1500000000000004 0.65600000000000014 2.1407836215144651 57.500000000000007 4.3000000000000016 114.50000000000001 182.50000000000003 367.50000000000006 75.500000000000014 0.85354602024595061 20.100000000000005
decision_type=10 2 10 2 10 10 2 10 10 10 10 10 10 2 8 10 2 10 10 10 2 10 10 10 10 10 10 10 10 10
left_child=22 4 3 16 12 -5 -6 24 9 17 -11 -12 13 14 -2 -15 23 -9 19 -19 21 -14 -1 -3 -8 26 27 -16 -29 -30
right_child=1 2 -4 5 6 -7 7 8 -10 10 11 -13 20 15 25 -17 -18 18 -20 -21 -22 -23 -24 -25 -26 -27 -28 28 29 -31
leaf_value=-0.0061664086576556157 0.019296398217806345 -0.014720396114503938 0.052545145748050082 0.0010732221550823207 -0.10239398474602596 0.015152801233818384 0.011980236712760762 -0.0079286300058687385 -0.17435736837315149 0.27100552749633788 0.14734547647337121 -0.067055136876500235 -0.0019836950630929624 0.14158381005128226 0.043759253802318078 0.0085197747677442266 -0.0019886316803167576 -0.067035331701238959 0.051720453990357268 -0.30232370980083945 0.062464467185849172 -0.070118806021759225 0.040013177908088976 -0.1863932890309529 0.10894565710132675 0.17948593765585907 -0.094840536331041503 0.2865765352459515 0.17291288990527393 -0.062632139126459763
leaf_weight=25555 2848 4412 280 22238 69 4349 1582 2906 29 25 36 43 344 45 369 9408 21875 87 35 24 87 253 309 22 70 42 39 34 44 30
leaf_count=25555 2848 4412 280 22238 69 4349 1582 2906 29 25 36 43 344 45 369 9408 21875 87 35 24 87 253 309 22 70 42 39 34 44 30
internal_value=1.41e-11 0.00202748 -0.000151758 -0.000430704 0.00830876 0.00337631 -0.0021738 -0.00074415 -0.00947516 -0.00796008 0.088425 0.0306464 0.0121061 0.0137601 0.026546 0.00915321 -0.00427794 -0.0112445 -0.077244 -0.117908 -0.0189884 -0.0308584 -0.0056147 -0.0155722 0.0160889 0.0635477 0.0541108 0.0662892 0.143267 0.0774217
internal_weight=97489 71625 53176 52896 18449 26587 4906 4837 3185 3156 104 79 13543 12859 3406 9453 26309 3052 146 111 684 597 25864 4434 1652 558 516 477 108 74
internal_count=97489 71625 53176 52896 18449 26587 4906 4837 3185 3156 104 79 13543 12859 3406 9453 26309 3052 146 111 684 597 25864 4434 1652 558 516 477 108 74
is_linear=0
shrinkage=0.1


Tree=44
num_leaves=31
num_cat=0
split_feature=102 91 104 89 0 67 19 19 84 3 27 109 86 17 51 89 83 18 19 15 46 15 88 27 16 8 5 81 86 20
split_gain=101.053 95.5812 76.3404 132.87 115.733 93.3292 77.4763 73.8885 73.7839 80.5777 87.4728 75.1588 142.617 68.4452 109.798 70.6936 67.5514 114.327 98.701 77.0603 99.1257 69.9079 71.8135 69.5336 67.5374 93.4352 63.2935 62.2325 129.379 113.135
threshold=4.5000000000000009 1.5000000000000002 118.05000000000001 30.500000000000004 51.290000000000013 6.5000000000000009 2.8459956687007311 4.6797313858974663 23.500000000000004 7.089334712279876 0.94574616981628878 28.809034907597539 54.500000000000007 2.2357737193057878 56.250000000000007 20.500000000000004 414.50000000000006 10.900000000000002 3.3540936844653131 2.8778022093938551 3.4250000000000003 1.6482305137328706 53.150000000000013 0.91753098239279307 3.2052631578947373 22.650000000000002 13.996448320483653 809.50000000000011 168.50000000000003 9.0500000000000025
decision_type=10 10 2 10 10 10 10 8 10 10 10 2 10 8 10 8 10 10 10 10 10 10 10 10 10 10 8 10 10 10
left_child=1 -1 5 4 24 7 -5 16 9 10 -7 12 -11 14 -9 -16 27 19 -19 20 21 23 -23 -18 25 -4 -26 28 -3 -29
right_child=-2 2 3 6 -6 8 -8 13 -10 11 -12 -13 -14 -15 15 -17 17 18 -20 -21 -22 22 -24 -25 26 -27 -28 29 -30 -31
leaf_value=-0.0034456449162316143 -0.011491880779605165 0.0023227882434911583 0.038135581217101013 0.059712383211654146 -0.13254372460662195 0.016917609554671108 0.19806570417048144 -0.12414032316360719 0.0065860107875742556 0.033557695521348956 0.14141922116615488 0.0027694266866468854 0.23630034923553467 -0.073616738664171844 0.17148688240420251 -0.0061633981628498686 0.2803973471124967 -0.27526175534086572 0.0037445323570864278 -0.0055638499193327142 0.27372406047323478 0.054199033201261383 -0.095950973758826386 0.08350699884738301 0.0029449249249546786 0.24375822165090108 0.10071099315486526 -0.005614748846804571 0.23458080341418586 -0.11003189324623062
leaf_weight=32427 7095 36243 564 146 53 105 56 39 6911 958 122 1077 36 251 42 48 24 21 32 189 23 229 37 71 1643 23 69 8826 24 105
leaf_count=32427 7095 36243 564 146 53 105 56 39 6911 958 122 1077 36 251 42 48 24 21 32 189 23 229 37 71 1643 23 69 8826 24 105
internal_value=3.74844e-12 0.000901995 0.00333408 0.0202378 0.0135534 0.00255499 0.0980678 0.000722801 0.0117475 0.0272703 0.0838304 0.0210709 0.0409005 -0.0431912 0.0160088 0.0767401 0.00108696 0.0337114 -0.106805 0.0467086 0.0724364 0.059612 0.0333135 0.133248 0.0169215 0.0461923 0.00688526 0.000635108 0.00247649 -0.00684236
internal_weight=97489 90394 57967 2554 2352 55413 202 46204 9209 2298 227 2071 994 380 129 90 45824 626 53 573 384 361 266 95 2299 587 1712 45198 36267 8931
internal_count=97489 90394 57967 2554 2352 55413 202 46204 9209 2298 227 2071 994 380 129 90 45824 626 53 573 384 361 266 95 2299 587 1712 45198 36267 8931
is_linear=0
shrinkage=0.1


Tree=45
num_leaves=31
num_cat=0
split_feature=6 100 1 24 50 28 27 45 69 3 82 18 41 35 44 33 27 24 106 13 96 3 29 29 37 41 23 42 13 16
split_gain=90.5894 79.1636 65.2632 79.8237 62.5832 92.9963 117.908 100.049 86.416 60.8255 79.4818 75.2022 95.4483 74.2479 84.2774 68.7686 67.9527 71.1478 71.8546 66.6253 59.2008 59.069 69.2661 69.9407 67.2812 111.388 58.8317 76.7495 121.566 58.5306
threshold=14.450000000000001 1.0000000180025095e-35 2.9514403214872322 1.7750000000000001 -1.3999999999999997 1.7573529411764708 1.4239885991903292 2.2422539055923401 1.5000000000000002 12.058986966733972 492.50000000000006 7.9000000000000012 1.6890193532369737 0.41221533821973716 3.6333333333333337 0.52229772310074785 1.6346924281699649 1.7750000000000001 56.500000000000007 0.70710678118654779 283.00000000000006 11.474476506783615 1.3825403521480231 1.1925034998819941 2.3057869817013859 1.7452940591010304 3.7829255652028655 2.1000000000000005 2.469734831190463 2.7029411764705888
decision_type=10 2 10 10 10 10 10 8 10 10 8 10 10 10 10 10 10 10 2 10 2 10 10 10 10 10 10 8 10 10
left_child=-1 4 3 -3 5 7 -7 8 -2 10 20 -12 -13 16 19 -14 17 18 -11 -15 26 22 23 -10 25 -23 -4 28 -28 -6
right_child=1 2 9 -5 29 6 -8 -9 21 13 11 12 15 14 -16 -17 -18 -19 -20 -21 -22 24 -24 -25 -26 -27 27 -29 -30 -31
leaf_value=-0.002682800673170377 -0.026234772633521343 -0.019327012839168309 0.006934823038880507 -0.17670206661159929 0.026450541399281387 0.24875656395004345 0.012399159614806591 0.1707586416306022 0.0086427186461020804 0.22163244436184565 -0.029149186264541382 0.17940056077204647 0.11019475300397193 0.13836650188842958 -0.036477423807969547 -0.063205535550404229 0.18400811848833282 -0.037686212359050529 0.04524763320374408 0.014764346295860153 0.063300088997489803 0.05771551407936263 -0.1055483453580119 0.12478497673211426 -0.077802869070459302 0.25838369738423461 0.21573666810989378 -0.14116071654392071 -0.10954406079318789 -0.0033647568641383373
leaf_weight=54937 466 250 13579 37 682 39 46 39 489 24 1043 40 35 44 328 66 34 103 613 4921 185 171 47 58 27 33 20 61 27 19045
leaf_count=54937 466 250 13579 37 682 39 46 39 489 24 1043 40 35 44 328 66 34 103 613 4921 185 171 47 58 27 33 20 61 27 19045
internal_value=2.01369e-11 0.00346365 0.0077498 -0.0396158 -0.000876837 0.0194378 0.120845 0.0129568 0.00818976 0.00839336 0.00498694 -0.0198829 0.0486615 0.0168468 0.0126165 -0.00311633 0.0457759 0.0394247 0.0518932 0.0158597 0.00710963 0.0276344 0.0109479 0.0209576 0.0705426 0.0901765 0.00635013 -0.0671644 0.0288733 -0.00233399
internal_weight=97489 42552 21410 287 21142 1415 85 1330 1291 21123 15056 1184 141 6067 5293 101 774 740 637 4965 13872 825 594 547 231 204 13687 108 47 19727
internal_count=97489 42552 21410 287 21142 1415 85 1330 1291 21123 15056 1184 141 6067 5293 101 774 740 637 4965 13872 825 594 547 231 204 13687 108 47 19727
is_linear=0
shrinkage=0.1


Tree=46
num_leaves=31
num_cat=0
split_feature=89 104 8 7 107 104 29 23 109 104 39 40 81 16 3 47 40 0 22 39 41 82 19 19 48 1 42 42 84 48
split_gain=80.5359 87.7443 105.663 104.712 81.5243 82.8689 100.194 77.6128 68.6333 82.4906 64.6131 64.482 63.8627 63.093 67.9456 63.4046 63.0044 66.8409 61.7602 85.7405 141.629 110.719 96.9722 103.85 115.738 64.5885 63.5574 60.6379 59.8422 76.2907
threshold=3.5000000000000004 113.75000000000001 32.750000000000007 12.243364869275643 2021.5000000000002 108.15000000000002 1.3223781467535418 2.1880037551476916 28.299794661190969 110.65000000000002 2.3106032640058989 3.552777777777778 1409.5000000000002 5.4557692307692323 16.836470004383361 2.0803223573992411 4.6583333333333341 45.690000000000012 7.4750000000000005 2.234825026599959 2.0088612780485842 144.50000000000003 4.0124611797498124 3.3540936844653131 26.950000000000003 10.496118329882444 2.9000000000000004 3.4500000000000006 64.500000000000014 26.650000000000002
decision_type=8 2 10 10 2 2 8 10 2 2 10 10 8 10 10 10 10 10 10 10 10 8 10 10 8 10 10 10 10 10
left_child=7 4 12 27 5 -2 -7 -1 18 11 13 -10 16 14 15 -11 28 -18 -6 20 22 -22 23 -20 26 -21 -25 -4 -3 -30
right_child=1 2 3 -5 8 6 -8 -9 9 10 -12 -13 -14 -15 -16 -17 17 -19 19 25 21 -23 -24 24 -26 -27 -28 -29 29 -31
leaf_value=-0.0050917202166270853 -0.0034881409828265725 0.0058515442353595411 -0.0087143711712477472 0.25864514862497651 -0.0040706821870829524 0.0029762780290519715 0.022968837840746874 -0.032533025575677665 -0.038652748251941219 0.0012731986134772149 0.088681329517410368 -0.19834512632626755 -0.020703642961186389 -0.026901895966319412 0.15089942694737996 -0.066202867524885897 0.26199552953243255 0.0065558427545641153 0.015099141798038715 0.027991636874193843 0.29563267644690838 0.03356629021997963 -0.10260158889726097 0.33017343488232842 -0.045998603495813556 -0.13692707219161093 0.10477134148505601 0.14327294957779704 0.027339909746620896 0.2045097629278898
leaf_weight=10660 19721 18636 70 30 12519 24611 2791 1141 920 2130 65 26 848 1630 29 149 20 21 247 47 38 28 51 29 21 48 22 42 874 25
leaf_count=10660 19721 18636 70 30 12519 24611 2791 1141 920 2130 65 26 848 1630 29 149 20 21 247 47 38 28 51 29 21 48 22 42 874 25
internal_value=8.98384e-12 0.00106664 0.00676091 0.092724 -0.000731657 0.00145503 0.0050126 -0.00774493 -0.00645661 -0.016484 -0.0102079 -0.0430418 0.00616324 -0.0118401 -0.00120287 -0.00313836 0.00732707 0.131161 -0.00265387 0.0307492 0.0495063 0.184453 0.0254347 0.0459044 0.151584 -0.0553357 0.232941 0.0482809 0.00706717 0.0322668
internal_weight=97489 85688 20566 142 65122 47123 27402 11801 17999 4949 4003 946 20424 3938 2308 2279 19576 41 13050 531 436 66 370 319 72 95 51 112 19535 899
internal_count=97489 85688 20566 142 65122 47123 27402 11801 17999 4949 4003 946 20424 3938 2308 2279 19576 41 13050 531 436 66 370 319 72 95 51 112 19535 899
is_linear=0
shrinkage=0.1


Tree=47
num_leaves=31
num_cat=0
split_feature=102 89 85 104 89 44 83 0 22 29 1 6 55 103 87 82 28 18 13 60 19 10 36 24 30 28 26 15 7 14
split_gain=76.5789 73.8654 76.1938 81.2896 82.0352 67.3267 70.0524 97.5292 143.077 84.5109 68.3864 106.331 67.2761 65.507 62.2015 69.0332 112.04 70.4274 103.195 61.8087 87.123 64.8553 80.1865 76.3696 99.3351 69.6992 78.9955 77.9214 81.151 80.1074
threshold=4.5000000000000009 18.500000000000004 52.500000000000007 118.05000000000001 30.500000000000004 3.2250000000000005 444.50000000000006 48.930000000000014 7.3750000000000009 1.8191232363882694 12.796386208598832 28.900000000000002 60.500000000000007 0.30400000000000005 198.50000000000003 675.50000000000011 1.4472222222222224 7.1000000000000005 3.1780107723513216 1.5000000000000002 3.968621967051075 19.605555555555558 2.9000000000000004 1.7750000000000001 1.0000000180025095e-35 2.1750000000000003 1.7250000000000003 1.7036374215426673 4.6457779645020842 2.5277777777777781
decision_type=10 10 10 2 10 10 10 10 10 10 10 10 10 2 10 10 10 10 10 10 8 10 10 10 10 10 10 10 10 10
left_child=1 19 3 5 -5 14 9 8 -8 -7 11 -9 -4 -6 15 -3 17 18 -17 -1 21 25 -23 -24 -25 26 27 28 -21 -29
right_child=-2 2 12 4 13 6 7 10 -10 -11 -12 -13 -14 -15 -16 16 -18 -19 -20 20 -22 22 23 24 -26 -27 -28 29 -30 -31
leaf_value=-0.00205894330720341 -0.010003923495462237 0.0076582082706545653 -0.013991104643028189 0.020437678287242522 0.050453456976088412 -0.01363242024269524 0.3564292661168359 -0.13826450837606735 0.046366874322943064 0.18312401666559958 -0.12104373648762703 0.12186115600846031 0.086108962500440908 0.17084578459245572 -0.05759482953055152 0.27992025234482509 0.25339794868025284 -0.04725193622860719 -0.0032678791592198036 -0.043362395113744727 -0.035801159303402531 -0.031386199593399389 0.033017596195502839 0.10442524900341905 -0.068410289099582855 -0.13168579362332822 0.0695808099488157 0.095801395475263562 0.017899072402087043 0.021364784080391688
leaf_weight=57607 7095 20491 2493 806 131 2826 22 22 46 22 35 55 69 69 145 22 29 55 31 381 400 644 631 41 176 30 310 155 500 2150
leaf_count=57607 7095 20491 2493 806 131 2826 22 22 46 22 35 55 69 69 145 22 29 55 31 381 400 644 631 41 176 30 310 155 500 2150
internal_value=-1.6631e-11 0.000785205 0.00512309 0.00681872 0.0346626 0.00564185 -0.00828869 0.052213 0.146681 -0.0121125 -0.00514274 0.0475395 -0.0112952 0.0919888 0.00767245 0.00813123 0.0788805 0.0320193 0.114282 -0.00109855 0.00911288 0.0126931 -0.00478377 0.015419 -0.0357547 0.0200883 0.0213907 0.0167018 -0.00859425 0.0263703
internal_weight=97489 90394 27369 24807 1006 23801 3028 180 68 2848 112 77 2562 200 20773 20628 137 108 53 63025 5418 5018 1492 848 217 3526 3496 3186 881 2305
internal_count=97489 90394 27369 24807 1006 23801 3028 180 68 2848 112 77 2562 200 20773 20628 137 108 53 63025 5418 5018 1492 848 217 3526 3496 3186 881 2305
is_linear=0
shrinkage=0.1


Tree=48
num_leaves=31
num_cat=0
split_feature=94 110 47 18 104 29 44 84 12 36 46 20 40 69 46 16 89 0 94 19 40 43 14 21 5 107 84 13 18 104
split_gain=69.8955 62.3511 66.3531 66.196 58.6493 86.5798 75.5411 57.5137 72.3343 59.2675 63.7498 78.6899 63.5155 57.08 89.7242 56.4843 55.5824 58.285 53.5415 78.4206 76.6398 53.4702 73.5 75.8271 81.3155 61.9654 101.937 121.839 69.0775 80.57
threshold=1.0000000180025095e-35 76.500000000000014 0.44573762690963875 9.1000000000000014 108.45000000000002 1.7618022672756108 3.1500000000000008 119.50000000000001 9.2666666666666675 4.1000000000000005 2.4522727272727276 8.6500000000000004 4.1583333333333341 4.5000000000000009 1.4472222222222224 4.2052631578947377 28.500000000000004 46.970000000000013 3.5000000000000004 2.9580278177943957 4.3750000000000009 0.56253641334739612 4.1125000000000007 2.1200100772512021 10.281313529636538 2013.5000000000002 33.500000000000007 1.760452594784355 5.2250000000000005 101.55000000000001
decision_type=10 2 8 10 2 10 10 10 10 10 10 10 10 8 10 10 10 10 10 10 10 8 10 10 10 2 8 10 10 2
left_child=-1 2 3 -2 7 -6 -7 9 -9 10 12 -12 16 18 -15 21 17 -3 19 20 -11 22 -4 -24 -25 26 27 -23 29 -28
right_child=1 4 15 -5 5 6 -8 8 -10 13 11 -13 -14 14 -16 -17 -18 -19 -20 -21 -22 25 23 24 -26 -27 28 -29 -30 -31
leaf_value=-0.0044558574705200783 0.047787170017589677 -0.0040003330190861728 -0.010286939799265801 -0.13325317218190147 0.0015772036468071063 0.047847647341080463 0.25356885701417925 -0.074975951114078843 0.10208157759446364 0.065849927248139137 -0.026074553427794273 -0.21316985384277676 -0.12286626332336002 -0.018710022568702699 0.23780074222634237 -0.0036767016125984551 0.018511685524610157 -0.033483763642843577 -0.0021073307745405993 -0.035639808779316294 0.25961317972709924 0.035705463721893219 -0.007875146793667227 0.20454647120307473 0.0098123850854667464 0.0099128556708277752 -0.11306774294003846 0.187331251110463 -0.0098686292278373101 0.10334718549336359
leaf_weight=25864 528 10774 2081 21 38473 166 20 205 26 95 994 23 45 25 30 4827 1021 715 482 56 26 131 90 51 37 10114 20 89 337 123
leaf_count=25864 528 10774 2081 21 38473 166 20 205 26 95 994 23 45 25 30 4827 1021 715 482 56 26 131 90 51 37 10114 20 89 337 123
internal_value=2.1642e-11 0.00160902 0.00661814 0.0408621 -0.000128851 0.00190625 0.0699682 -0.00554836 -0.0550474 -0.00474798 -0.00622532 -0.0303058 -0.00427471 0.0233339 0.121205 0.00556786 -0.00384813 -0.00583519 0.0151656 0.0622026 0.107485 0.00898127 -0.00501149 0.0566638 0.12267 0.0119043 0.0406779 0.097045 0.014843 0.0730794
internal_weight=97489 71625 18449 549 53176 38659 186 14517 231 14286 13572 1017 12555 714 55 17900 12510 11489 659 177 121 13073 2259 178 88 10814 700 220 480 143
internal_count=97489 71625 18449 549 53176 38659 186 14517 231 14286 13572 1017 12555 714 55 17900 12510 11489 659 177 121 13073 2259 178 88 10814 700 220 480 143
is_linear=0
shrinkage=0.1


Tree=49
num_leaves=31
num_cat=0
split_feature=81 20 100 28 40 1 21 39 106 109 3 21 21 89 19 16 34 104 6 41 44 25 45 7 96 6 17 20 83 83
split_gain=66.3656 86.2845 74.8015 69.6504 82.7038 91.6427 70.0048 61.8796 78.9469 63.1568 55.8894 71.5566 82.6881 60.1783 53.749 55.2602 54.6578 52.2439 52.5225 78.8929 82.4248 64.1291 57.8977 65.562 56.3819 63.7167 74.0855 51.6409 54.4297 53.2363
threshold=19.500000000000004 7.9500000000000011 1.0000000180025095e-35 0.62019230769230782 3.6125000000000003 11.013832211683598 2.9238685551005301 1.0865149352258221 255.50000000000003 22.131416837782343 13.313337088691421 3.836230720689227 3.6047806938353966 18.500000000000004 4.6169972286013694 4.2565789473684221 1.6055555555555558 115.05000000000001 29.900000000000002 1.4466638149476216 3.9500000000000006 0.86554360876699588 1.7716847250115204 8.0777466178046566 212.00000000000003 22.675000000000004 2.8084799185791396 6.0500000000000007 209.50000000000003 269.50000000000006
decision_type=8 10 2 10 10 8 10 10 2 2 10 10 10 10 10 10 10 2 10 10 10 8 10 10 2 10 10 10 8 8
left_child=1 -1 17 4 6 -6 -4 -5 10 -10 14 12 -12 -14 16 -16 -9 -2 24 -20 21 -21 23 -23 25 -19 -27 28 -8 -30
right_child=2 -3 3 7 5 -7 27 8 9 -11 11 -13 13 -15 15 -17 -18 18 19 20 -22 22 -24 -25 -26 26 -28 -29 29 -31
leaf_value=-0.0117803077892089 -0.0037613873258107674 -0.19458664346199772 -0.0022918353653728382 3.6808260021489953e-05 0.2323236496698472 -0.038234118478638786 -0.062596561235228651 0.015367581560349258 -0.15501186692714691 0.0040905321985921879 0.036049103905349045 -0.057513304656514753 0.045437841254862998 0.27303807775561628 0.011378724675535435 -0.1806657601533265 -0.025231128221683698 0.009345415370480727 -0.051000435622233269 -0.012346155788176334 0.25658408594131471 0.083058516575127028 -0.016382604498940054 0.31864770792779473 -0.0037793777343323185 0.079982757244963121 -0.048028323447162458 -0.14782769629275616 0.16056564068794252 -0.050244131522334146
leaf_weight=3722 39334 26 12951 12143 31 21 152 7477 25 12424 1162 78 21 26 31 29 347 2797 53 65 25 27 20 21 4075 254 55 49 25 23
leaf_count=3722 39334 26 12951 12143 31 21 152 7477 25 12424 1162 78 21 26 31 29 347 2797 53 65 25 27 20 21 4075 254 55 49 25 23
internal_value=-2.33928e-11 -0.0130484 0.000521709 0.00333783 -0.00280578 0.12306 -0.00330161 0.0057492 0.0089576 0.00377102 0.015998 0.0353195 0.0413087 0.171344 0.0128439 -0.0814428 0.013567 -0.00231183 0.00540149 0.0545763 0.0899913 0.0586769 0.126567 0.186129 0.00395658 0.014106 0.0571976 -0.0558221 -0.0332808 0.0595526
internal_weight=97489 3748 93741 47015 13252 52 13200 33763 21620 12449 9171 1287 1209 47 7884 60 7824 46726 7392 211 158 133 68 48 7181 3106 309 249 200 48
internal_count=97489 3748 93741 47015 13252 52 13200 33763 21620 12449 9171 1287 1209 47 7884 60 7824 46726 7392 211 158 133 68 48 7181 3106 309 249 200 48
is_linear=0
shrinkage=0.1


Tree=50
num_leaves=31
num_cat=0
split_feature=102 91 55 52 102 43 4 42 18 23 67 96 104 19 46 79 37 11 14 29 11 94 23 69 46 22 42 41 16 1
split_gain=61.04 60.4579 72.1585 70.8846 72.6278 64.1354 64.0897 65.8051 61.8617 59.8884 55.6652 76.8236 63.9048 70.2454 62.0052 56.8322 73.708 63.5285 62.12 58.8889 69.4306 56.4834 60.0569 71.005 58.2568 60.3485 56.8441 62.9744 58.447 59.9936
threshold=4.5000000000000009 13.500000000000002 43.500000000000007 5.5000000000000009 12.500000000000002 0.64222852518808682 50.51250000000001 1.1000000000000003 1.9000000000000001 3.4249471274475201 6.5000000000000009 193.50000000000003 114.25000000000001 4.5934607341221891 0.11437908496732027 7.5000000000000009 2.2041230063145054 7.4625380106138532 9.4500000000000011 0.8652650648275283 6.0089580292123292 2.5000000000000004 2.4484149335622027 1.0000000180025095e-35 0.57518796992481214 2.7029411764705888 1.7750000000000001 1.1821176587127973 6.1055555555555561 10.822407310144056
decision_type=10 10 10 10 10 10 10 10 10 10 10 2 2 10 10 8 10 10 10 10 10 10 10 10 10 10 10 10 10 10
left_child=10 2 8 6 5 -5 -4 -8 -2 -3 11 14 13 15 -1 21 -17 19 -19 -18 -21 22 -13 -24 25 -23 27 -25 -29 -30
right_child=1 9 3 4 -6 -7 7 -9 -10 -11 -12 12 -14 -15 -16 16 17 18 -20 20 -22 24 23 26 -26 -27 -28 28 29 -31
leaf_value=0.050975794582743407 -0.0042998913096737659 -0.25370341340079905 0.027191873011986306 -0.089218887160982821 -0.083067497512144331 0.019590175581774685 0.026897645162211527 0.24383933302657357 -0.025280500883022014 -0.017096852203426157 0.0076920433481320787 -0.0022113554442012447 0.0041127481743711029 -0.068198760109248038 0.0064092121409030506 -0.012182028641635818 0.1575193454266379 0.011785899549476508 -0.16068227083786676 -0.057597061857581136 0.089085815562406079 0.0052170724125644129 -0.09560069353598305 -0.046143016735683912 0.011037457362977074 -0.02325295741629195 -0.045934911770442427 0.029237238928647852 -0.046895588798490644 0.016319272503450558
leaf_weight=322 3438 20 577 62 113 429 27 29 2377 23 10115 32876 16228 165 10240 8530 57 227 23 50 91 1959 117 302 6294 1201 460 536 309 292
leaf_count=322 3438 20 577 62 113 429 27 29 2377 23 10115 32876 16228 165 10240 8530 57 227 23 50 91 1959 117 302 6294 1201 460 536 309 292
internal_value=-6.88343e-12 -0.00893147 -0.00821065 0.0137213 -0.0107848 0.00585054 0.0371047 0.139242 -0.0128761 -0.127146 0.000701029 -0.000179826 -0.00138389 -0.00305151 0.0077679 -0.00284993 -0.0101055 0.0294314 -0.00408117 0.0717452 0.0370706 -0.00138101 -0.00323872 -0.0199925 0.00547527 -0.00560334 -0.0153342 -0.00555215 0.00522924 -0.0161822
internal_weight=97489 7095 7052 1237 604 491 633 56 5815 43 90394 80279 69717 53489 10562 53324 8978 448 250 198 141 44346 34892 2016 9454 3160 1899 1439 1137 601
internal_count=97489 7095 7052 1237 604 491 633 56 5815 43 90394 80279 69717 53489 10562 53324 8978 448 250 198 141 44346 34892 2016 9454 3160 1899 1439 1137 601
is_linear=0
shrinkage=0.1


Tree=51
num_leaves=31
num_cat=0
split_feature=83 104 81 34 33 94 106 104 7 20 109 1 39 18 88 41 42 60 48 51 23 60 5 20 37 6 26 40 38 25
split_gain=56.5753 75.5529 82.1541 66.0237 63.0139 85.5564 62.469 58.8752 60.1174 58.6695 57.4894 55.7565 81.7172 63.3299 58.0245 84.0852 71.9346 61.2562 110.147 84.411 73.4334 57.9471 69.8408 71.2942 81.9758 139.868 63.9508 74.2049 80.3021 94.3333
threshold=100.50000000000001 106.65000000000002 120.50000000000001 1.6583333333333334 1.2888391932218626 4.5000000000000009 225.50000000000003 118.05000000000001 7.0285097561759651 3.2111111111111117 22.219028062970569 3.7283374160064935 2.0484169237265779 6.5000000000000009 68.450000000000017 2.2684912491501259 3.9000000000000004 1.0000000180025095e-35 16.650000000000002 85.200000000000017 3.3901945677737597 3.5000000000000004 15.850923516151086 11.450000000000001 1.4487266298961141 24.300000000000001 1.3875000000000002 4.7250000000000005 3.4722222222222228 1.658243862791825
decision_type=10 2 10 10 10 10 2 2 10 10 2 10 10 10 10 10 10 10 10 10 10 10 10 10 10 10 10 10 10 10
left_child=-1 3 -3 4 -2 -6 7 -4 -9 -5 -10 12 -8 -14 21 16 17 -16 19 -19 -20 26 23 -23 25 -25 27 28 -13 -30
right_child=1 2 6 9 5 -7 11 8 10 -11 -12 14 13 -15 15 -17 -18 18 20 -21 -22 22 -24 24 -26 -27 -28 -29 29 -31
leaf_value=-0.0017045027722339221 -0.0074888346441132876 0.18326082701006763 0.01081839156631555 -0.0078211245607388655 0.019439782577193351 0.18484478676628724 -0.036916087113276923 0.024676828782577986 0.02946555498749652 -0.11729527413107382 0.1751175989607873 0.0067166752929071804 0.21848500072956087 -0.011442670822143557 -0.037626560903495046 0.16070637070387603 -0.093061658581520657 0.07656460829938834 0.060412370077439492 0.34271187995645136 -0.079488127321956009 0.048155458431342633 -0.15032925013275375 0.24791450972922824 -0.10409239777691769 -0.10867013829675587 -0.009402723072448849 0.12169554475005027 -0.025943380657865417 0.18808675216776985
leaf_weight=64965 5107 26 8034 95 202 37 594 244 47 101 64 11257 23 25 82 50 47 26 186 22 47 615 21 22 71 22 4320 54 1062 21
leaf_count=64965 5107 26 8034 95 202 37 594 244 47 101 64 11257 23 25 82 50 47 26 186 22 47 615 21 22 71 22 4320 54 1062 21
internal_value=3.17955e-12 0.00340466 0.00558899 -0.0072301 -0.00514018 0.0450464 0.00541762 0.0125794 0.0524325 -0.0642338 0.113445 0.00218177 -0.0267742 0.098731 0.00321886 0.0382764 0.0233459 0.038418 0.0606089 0.198549 0.0321921 0.0022955 0.0294694 0.0346417 -0.0376277 0.0696222 0.00107451 0.00472641 0.00421455 -0.0217932
internal_weight=97489 32524 26982 5542 5346 239 26956 8389 355 196 111 18567 642 48 17925 460 410 363 281 48 233 17465 751 730 115 44 16714 12394 12340 1083
internal_count=97489 32524 26982 5542 5346 239 26956 8389 355 196 111 18567 642 48 17925 460 410 363 281 48 233 17465 751 730 115 44 16714 12394 12340 1083
is_linear=0
shrinkage=0.1


Tree=52
num_leaves=31
num_cat=0
split_feature=79 100 96 103 81 84 5 5 27 23 87 19 9 89 45 41 0 9 104 19 86 35 17 40 15 73 89 3 87 1
split_gain=53.9275 59.8777 77.6724 71.3283 65.0195 56.763 55.1802 81.0282 56.2711 53.823 55.1561 53.4868 50.7573 61.8943 48.6856 46.4248 54.0717 46.3796 44.9475 59.6292 44.4045 54.0566 43.5933 71.4719 63.6517 79.8381 71.4228 60.9977 77.1312 68.661
threshold=1.0000000180025095e-35 1.0000000180025095e-35 283.00000000000006 0.24000000000000002 19.500000000000004 87.500000000000014 10.577452434210921 12.402554384601951 1.4161750273926361 3.6192103991251217 60.500000000000007 3.2951866393154163 6.6147980115831357 17.500000000000004 1.1571011735538292 2.6288711905018647 48.930000000000014 5.8971340347784809 100.25000000000001 2.4697348311904634 276.50000000000006 0.5108638890494771 3.7196136942210551 2.9187500000000006 3.2827105221060555 7.5000000000000009 18.500000000000004 11.199652772355778 190.50000000000003 7.0954915259645235
decision_type=8 2 2 2 8 10 8 10 10 10 8 10 10 10 10 10 10 8 2 8 10 10 8 10 10 10 10 10 8 10
left_child=-1 15 4 -4 -3 6 12 8 17 10 11 14 13 -5 -9 18 -17 -8 19 -2 22 -22 27 -24 -25 -26 -27 -6 29 -29
right_child=1 2 3 5 20 -7 7 9 -10 -11 -12 -13 -14 -15 -16 16 -18 -19 -20 -21 21 -23 23 24 25 26 -28 28 -30 -31
leaf_value=-0.0092458183143356298 -0.017910289547860329 -0.018445114977591933 0.19401505621416229 0.15511826171594509 0.0018455459364537755 -0.11995362046485146 0.074221101539209494 0.053342377493831784 -0.18465868756175041 -0.077292615519120145 0.17660532181346142 -0.064528844666413288 0.19317112370933359 -0.022812934881886064 0.21726898245868231 0.18384052869574777 -0.01281130611896515 -0.038411848926368883 -0.001841504212317672 -0.13288117102507888 0.1734049515296647 0.026030637101004169 -0.0016614011496895158 -0.11516655484993694 -0.068735548224663587 -0.094666389446882979 0.052657392848816112 -0.01400205183658613 -0.033842805404632768 0.015354346317647184
leaf_weight=5925 203 1414 28 34 30729 24 50 132 20 26 43 33 38 46 21 29 27 136 45302 58 32 112 2675 98 205 42 152 878 371 8606
leaf_count=5925 203 1414 28 34 30729 24 50 132 20 26 43 33 38 46 21 29 27 136 45302 58 32 112 2675 98 205 42 152 878 371 8606
internal_value=-1.51832e-11 0.000598286 0.00314643 0.0379895 0.00266124 0.0307445 0.036991 0.0213724 -0.0252725 0.0590542 0.0745346 0.0509376 0.0980096 0.0528078 0.0758421 -0.00196807 0.0890263 -0.00813417 -0.00207991 -0.0434594 0.00334107 0.0587805 0.00315862 -0.0081316 -0.0429561 -0.0252202 0.0207626 0.00404105 0.0108869 0.0126366
internal_weight=97489 91564 45945 631 45314 603 579 461 206 255 229 186 118 80 153 45619 56 186 45563 261 43900 144 43756 3172 497 399 194 40584 9855 9484
internal_count=97489 91564 45945 631 45314 603 579 461 206 255 229 186 118 80 153 45619 56 186 45563 261 43900 144 43756 3172 497 399 194 40584 9855 9484
is_linear=0
shrinkage=0.1


Tree=53
num_leaves=31
num_cat=0
split_feature=103 104 104 55 15 3 106 84 28 44 94 105 63 19 29 104 49 39 22 7 82 43 3 19 50 80 106 6 37 21
split_gain=49.5127 58.2019 51.2109 110.759 67.7859 70.1236 63.0206 60.5575 67.1195 64.3919 74.0861 62.4943 58.2293 74.772 85.5443 82.1302 107.955 78.5671 72.7837 61.5884 56.819 53.6737 53.2196 53.1168 88.3867 83.6203 72.5286 70.3667 79.1922 79.3289
threshold=0.49400000000000005 103.85000000000001 113.65000000000002 60.500000000000007 3.1573477436786939 11.872283314963504 715.50000000000011 77.500000000000014 1.7184210526315791 3.3666666666666671 5.5000000000000009 0.77500000000000013 14.500000000000002 4.0280256168244497 1.633126206415195 112.45000000000002 61.650000000000013 2.4551509642012719 7.2250000000000005 5.8395142508653413 76.500000000000014 2.1794192844442732 9.1887884583656163 3.3640244544575082 5.7500000000000009 2299.0500000000006 98.500000000000014 27.500000000000004 1.1897227048854206 2.7898624234857587
decision_type=2 2 2 10 10 10 2 10 10 10 10 10 10 10 10 2 8 10 10 10 8 10 10 10 10 10 2 10 10 10
left_child=1 -1 6 -4 5 21 12 8 -8 10 -9 -10 -2 23 15 16 19 20 -17 -15 -18 22 -5 25 -25 26 -14 -27 -29 -30
right_child=2 -3 3 4 -6 -7 7 9 11 -11 -12 -13 13 14 -16 18 17 -19 -20 -21 -22 -23 -24 24 -26 27 -28 28 29 -31
leaf_value=-0.030253250135740175 -0.0033950247431525217 0.0029691991713746038 0.0039243434779932867 -0.042878282118228174 0.19134563003385138 -0.043634118167859205 -0.017257292707955625 0.027012035694982235 -0.039875125532778798 -0.099863410876555883 0.19599141103525958 -0.19002714721962466 -0.072950366792361165 -0.00086426288137833292 -0.17879032405067444 0.0064375669594206241 0.23198796443286396 -0.086709775222199303 -0.22529665033022561 -0.13034676277182169 0.055593025208051719 0.22909710009892784 0.12900612364241551 0.015452763680955323 0.10401926789141727 -0.050838362217194059 0.017668945818984465 0.11800505795468719 0.028872314666527035 -0.10670908240690119
leaf_weight=534 39868 42151 6667 31 43 53 2976 192 78 33 30 43 91 75 36 23 21 35 33 72 140 24 43 381 160 396 3001 59 137 63
leaf_count=534 39868 42151 6667 31 43 53 2976 192 78 33 30 43 91 75 36 23 21 35 33 72 140 24 43 381 160 396 3001 59 137 63
internal_value=-2.98461e-11 0.00255358 -0.0019889 0.00609171 0.0805754 0.0490315 -0.00314529 -0.0163689 -0.0202257 0.0304728 0.0498471 -0.0932349 -0.00215124 0.00834781 -0.0311564 -0.017836 0.000496041 0.0490813 -0.13012 -0.0642843 0.0786011 0.0991466 0.0570005 0.0123554 0.0416462 0.00812628 0.0150019 -0.0243311 0.0161974 -0.0138358
internal_weight=97489 42685 54804 6861 194 151 47943 3352 3097 255 222 121 44591 4723 435 399 343 196 56 147 161 98 74 4288 541 3747 3092 655 259 200
internal_count=97489 42685 54804 6861 194 151 47943 3352 3097 255 222 121 44591 4723 435 399 343 196 56 147 161 98 74 4288 541 3747 3092 655 259 200
is_linear=0
shrinkage=0.1


Tree=54
num_leaves=31
num_cat=0
split_feature=102 10 19 69 88 107 11 83 84 5 18 20 89 16 19 76 97 85 46 55 105 27 82 17 11 60 32 102 20 43
split_gain=47.5086 51.9527 83.7855 97.3272 58.4571 74.303 68.8576 63.4528 53.3582 46.7052 83.7164 56.71 45.5769 67.7826 69.3965 56.2167 51.023 59.4876 65.4869 71.5242 56.615 78.4749 56.5354 54.2187 53.6652 53.5304 54.2805 53.4538 83.3444 129.141
threshold=4.5000000000000009 29.875000000000004 3.3640244544575082 1.5000000000000002 58.350000000000001 2018.5000000000002 9.3546357707109262 158.50000000000003 72.500000000000014 14.370487850195561 3.3666666666666671 2.9500000000000006 13.500000000000002 2.2052631578947373 3.6400484653395426 3.5000000000000004 15.500000000000002 2.5000000000000004 0.59411764705882364 30.500000000000004 0.45000000000000007 1.4317807919044598 745.50000000000011 2.0374775707018995 8.2292002456083022 7.5000000000000009 0.47222222222222227 1.5000000000000002 8.3166666666666682 2.0615171442623468
decision_type=10 10 10 10 10 2 10 10 10 10 10 10 10 10 10 10 2 10 10 10 10 10 10 8 10 10 10 10 10 10
left_child=12 4 3 -3 6 -6 -2 9 -5 11 -11 -8 -1 14 -14 16 -15 18 -18 23 -21 25 27 -20 -23 26 -22 28 -19 -30
right_child=1 2 -4 8 5 -7 7 -9 -10 10 -12 -13 13 15 -16 -17 17 22 19 20 21 24 -24 -25 -26 -27 -28 -29 29 -31
leaf_value=-0.0015625732198448123 -0.0095258694448922231 0.26085513918488118 -0.10552692031860351 -0.028977305154231466 0.026028714135289194 -0.12513401835195478 -0.055671515517056951 0.1310030448017642 0.15638574473559858 0.073308917135000234 -0.16018879161599806 0.10790634157219486 0.023115116774004199 0.000812277206300927 0.17729417127867542 -0.054104917904954745 -0.03442568912709635 -0.001545934279847007 0.27736791164978691 0.016851015774332418 -0.0057074235493074291 0.29453288173675535 0.17473917447030546 0.052239771969616412 0.082875750149073821 0.1979472120159439 0.13652041013751712 0.010551301812005283 -0.036697930705267938 -0.26279165546099342
leaf_weight=46512 6608 27 25 44 50 93 31 64 24 28 34 67 1086 34186 30 176 113 1316 23 399 115 25 20 20 23 21 35 6104 160 30
leaf_count=46512 6608 27 25 44 50 93 31 64 24 28 34 67 1086 34186 30 176 113 1316 23 399 115 25 20 20 23 21 35 6104 160 30
internal_value=-3.02527e-12 -0.00787956 0.0573598 0.100225 -0.00900196 -0.0722799 -0.00767749 0.0468497 0.0364449 0.0131884 -0.0547382 0.0561623 0.000618464 0.00293022 0.0272597 0.00229533 0.0025284 0.00950928 0.035925 0.0479516 0.0392747 0.0801288 0.00682963 0.172657 0.193114 0.0484138 0.0274791 0.00638834 -0.0104846 -0.0723969
internal_weight=97489 7095 120 95 6975 143 6832 224 68 160 62 98 90394 43882 1116 42766 42590 8404 774 661 618 219 7630 43 48 171 150 7610 1506 190
internal_count=97489 7095 120 95 6975 143 6832 224 68 160 62 98 90394 43882 1116 42766 42590 8404 774 661 618 219 7630 43 48 171 150 7610 1506 190
is_linear=0
shrinkage=0.1


Tree=55
num_leaves=31
num_cat=0
split_feature=27 8 91 96 23 0 103 26 49 38 106 9 47 9 82 89 1 84 83 18 0 19 6 6 46 30 17 18 89 39
split_gain=45.0572 67.922 76.208 102.613 59.5787 76.5656 65.2998 68.7647 54.9635 82.2326 61.6097 74.0602 64.9799 64.866 56.1251 60.098 59.6791 51.3012 49.9193 49.8189 46.7032 45.803 45.5489 49.4109 46.5063 53.5259 62.7417 67.398 68.5517 55.4065
threshold=0.53078438025978947 25.750000000000004 10.500000000000002 191.50000000000003 2.3466722244436213 35.730000000000011 0.31150000000000005 0.78888888888888908 58.550000000000004 3.4722222222222228 158.50000000000003 7.6394440002341719 1.4840278165030669 8.5521276849332448 196.50000000000003 16.500000000000004 8.1106411583209574 10.500000000000002 327.50000000000006 4.1000000000000005 42.610000000000014 3.0413701570080014 42.500000000000007 40.100000000000009 4.2750000000000012 0.90000000000000013 2.3504600772540534 7.9000000000000012 38.500000000000007 2.0561556246288943
decision_type=8 8 10 2 10 10 2 10 10 10 2 10 10 10 8 10 10 10 8 10 10 10 10 10 10 10 10 10 10 10
left_child=1 2 4 -4 -1 8 -7 18 9 10 -6 12 14 -13 15 16 -12 -18 20 -10 21 -8 23 24 -2 26 -26 28 29 -28
right_child=22 -3 3 -5 5 6 7 -9 19 -11 11 13 -14 -15 -16 -17 17 -19 -20 -21 -22 -23 -24 -25 25 -27 27 -29 -30 -31
leaf_value=-0.002875564918038049 0.0011646624044595927 -0.059478504971775696 0.27440347516018415 0.0040001955659439174 -0.067483067108430175 -0.11010699958673545 0.089180293956940826 0.2195963928814639 -0.015271260837713877 0.13888061090751933 0.0047777824427770533 0.23941406685681571 -0.086777631575491149 -0.0012435867451131345 -0.082401167631757505 -0.055905878973778259 0.063121191479731359 0.26780627332627777 0.15607361489534377 -0.17653538240295538 -0.11189255794244153 -0.074064956933259971 -0.14992897840216757 0.10943792435739721 -0.047011431107547748 -0.12815561268102141 -0.012280678779711861 -0.078969558047414845 0.16969479504573559 0.11125704958103598
leaf_weight=15050 80418 224 23 36 366 28 55 22 30 27 46 21 112 24 49 43 25 24 25 53 28 25 20 42 335 47 149 59 35 48
leaf_count=15050 80418 224 23 36 366 28 55 22 30 27 46 21 112 24 49 43 25 24 25 53 28 25 20 42 335 47 149 59 35 48
internal_value=1.70972e-11 -0.00479163 -0.00403134 0.109412 -0.00444828 -0.0280468 0.0304386 0.0558275 -0.0410991 -0.0324108 -0.0389246 -0.00853982 -0.0265403 0.111063 0.00953769 0.0421826 0.0865806 0.163375 0.0287379 -0.118247 -0.000737957 0.0381662 0.00096455 0.00100175 0.000945583 -0.0252326 -0.0175051 0.0164626 0.040732 0.0178199
internal_weight=97489 16336 16112 59 16053 1003 183 155 820 737 710 344 299 45 187 138 95 49 133 83 108 80 81153 81133 81091 673 626 291 232 197
internal_count=97489 16336 16112 59 16053 1003 183 155 820 737 710 344 299 45 187 138 95 49 133 83 108 80 81153 81133 81091 673 626 291 232 197
is_linear=0
shrinkage=0.1


Tree=56
num_leaves=31
num_cat=0
split_feature=83 23 16 100 36 83 23 7 91 17 24 95 102 15 106 85 52 67 21 13 87 37 18 41 13 1 21 82 36 88
split_gain=43.1072 55.5479 51.7184 51.0607 46.9246 78.3023 59.2939 107.258 90.6454 89.5336 60.7421 68.8586 60.5855 59.1814 84.1795 79.2309 77.0434 69.4301 80.3963 76.2202 67.6932 61.8434 108.099 136.692 76.4723 85.8178 61.7268 60.9221 59.6529 59.4645
threshold=6.5000000000000009 1.4547261073653117 10.80909090909091 1.0000000180025095e-35 2.7750000000000004 562.50000000000011 3.6192103991251217 4.1533075696413162 9.5000000000000018 1.7746665729216118 1.7750000000000001 2.5000000000000004 1.5000000000000002 1.9450787371846461 742.50000000000011 13.500000000000002 2.5000000000000004 6.5000000000000009 2.5916530473570347 3.1976530016253442 16.500000000000004 2.1014931715128884 8.7000000000000011 1.3420501978246822 4.0742912753292462 13.730458841266453 1.7841837120025257 216.50000000000003 3.3666666666666671 47.750000000000007
decision_type=8 10 10 2 10 10 10 10 10 10 10 10 10 10 2 10 8 10 10 10 10 10 10 10 10 10 10 10 10 10
left_child=1 -1 -3 -2 5 -5 13 8 -8 -9 12 -12 -11 14 -6 16 17 18 26 20 -19 22 -17 -24 25 27 -15 -25 -16 -27
right_child=3 2 -4 4 6 -7 7 9 -10 10 11 -13 -14 15 28 21 -18 19 -20 -21 -22 -23 23 24 -26 29 -28 -29 -30 -31
leaf_value=-0.0023153743913414144 -0.0017824149990858602 -0.025054308325108878 0.072510151212502802 0.001283476542229853 0.0020871079144585405 0.1602811307676377 0.20767031563728144 -0.24334178174083887 -0.017520071857441696 -0.14432536770172161 -0.021263472946747297 -0.18571697267494641 0.0095275510871492414 -0.00017081461846828462 -0.0030393692454503429 0.007497645382771226 0.022512925394166366 0.081629132525995379 -0.01570820351980165 -0.0058793209493160255 0.29844517360130945 -0.015805067128379837 0.30403009740014875 -0.067530657295827509 0.18393154614353302 -0.22027680611237888 0.13915530379355243 0.10025768308567072 -0.13268705978989601 0.0054876096937472802
leaf_weight=5663 44807 1825 56 36505 1721 31 33 22 39 29 53 49 218 46 62 2302 2463 24 113 22 36 939 24 27 37 20 103 109 83 28
leaf_count=5663 44807 1825 56 36505 1721 31 33 22 39 29 53 49 218 46 62 2302 2463 24 113 22 36 939 24 27 37 20 103 109 83 28
internal_value=2.32207e-11 -0.0072608 -0.0221497 0.000608989 0.00298286 0.00141838 0.00962778 -0.0260027 0.0856922 -0.0476794 -0.0353453 -0.100266 -0.00853615 0.0115624 -0.004078 0.0162001 0.0287044 0.0730346 0.0479012 0.153339 0.211719 0.00613129 0.0142185 0.0773676 0.0527527 0.0263743 0.0961419 0.0669468 -0.0772515 -0.0885809
internal_weight=97489 7544 1881 89945 45138 36536 8602 443 72 371 349 102 247 8159 1866 6293 2807 344 262 82 60 3486 2547 245 221 184 149 136 145 48
internal_count=97489 7544 1881 89945 45138 36536 8602 443 72 371 349 102 247 8159 1866 6293 2807 344 262 82 60 3486 2547 245 221 184 149 136 145 48
is_linear=0
shrinkage=0.1


Tree=57
num_leaves=31
num_cat=0
split_feature=115 89 28 38 111 23 50 20 7 24 10 26 35 13 8 103 33 35 38 25 46 89 40 6 6 56 97 23 40 28
split_gain=42.7249 76.0798 53.5191 62.0875 53.5296 60.5794 59.013 87.4999 68.1213 80.9349 57.0696 53.9376 52.2654 81.2538 69.9656 68.1414 61.018 51.7162 51.2413 87.9672 50.9415 50.8748 64.1686 52.9626 48.9664 48.6161 51.4006 53.6972 61.8242 55.5562
threshold=1.0000000180025095e-35 50.500000000000007 0.69615384615384623 4.9500000000000011 10.500000000000002 2.4599422184164896 9.9500000000000011 6.7500000000000009 7.0285097561759651 1.5500000000000003 20.40588235294118 0.78888888888888908 0.747214234817975 2.756750086314077 25.750000000000004 0.39800000000000008 0.70315633998332439 0.99934167186722778 4.3166666666666673 1.3779271744364847 2.4522727272727276 29.500000000000004 4.3166666666666673 33.100000000000009 23.900000000000002 11.500000000000002 17.500000000000004 2.3905882426841516 3.8535714285714291 0.8973684210526317
decision_type=2 10 10 10 2 10 10 10 10 10 10 10 10 10 10 2 10 8 10 10 10 10 10 10 10 8 2 10 10 10
left_child=1 2 -1 4 5 25 7 8 -7 20 -11 -8 13 14 -13 -15 -17 -2 -6 -20 -10 22 -19 -23 -12 26 -4 29 -29 -28
right_child=17 -3 3 -5 18 6 11 -9 9 10 24 12 -14 15 -16 16 -18 21 19 -21 -22 23 -24 -25 -26 -27 27 28 -30 -31
leaf_value=-0.0061654001863112942 0.001368562699292579 0.13932632883324433 -0.0061962558239216856 0.12667706371404422 0.004549009468533715 -0.061106772262246083 -0.078471908922258179 -0.18153919325058543 0.060977633894653993 -0.21504903477430345 0.088193862587213512 0.063479488208438004 -0.014154619902689406 0.21675312488394627 -0.072257733410007727 0.093171162840755051 -0.10341153025627137 0.019489682925661014 -0.1539480006816436 0.094921628944575787 -0.041302392498723105 -0.0072792364218344924 0.18397155129350723 -0.14471431443201643 -0.13308956345543266 0.047061702071582501 0.033506570867359226 0.041839532862357101 0.21883637989344806 -0.0045796594475120498
leaf_weight=20104 46989 38 7971 39 16046 407 95 43 160 25 20 68 705 34 86 75 20 2022 49 20 70 141 24 35 20 201 548 139 23 1272
leaf_count=20104 46989 38 7971 39 16046 407 95 43 160 25 20 68 705 34 86 75 20 2022 49 20 70 141 24 35 20 201 548 139 23 1272
internal_value=2.42486e-11 -0.00211358 -0.002225 0.000590536 0.000415522 -0.00464642 -0.0214047 -0.0430678 -0.034586 0.00200378 -0.0965252 -0.00650248 0.000417658 0.0367196 -0.0123218 0.0952652 0.0517853 0.00207351 0.00417924 -0.0818119 0.0298489 0.0169811 0.0214191 -0.0346101 -0.0224479 -0.00162948 -0.0026128 0.0117988 0.0669687 0.00688806
internal_weight=97489 48278 48240 28136 28097 11982 1828 745 702 295 65 1083 988 283 154 129 95 49211 16115 69 230 2222 2046 176 40 10154 9953 1982 162 1820
internal_count=97489 48278 48240 28136 28097 11982 1828 745 702 295 65 1083 988 283 154 129 95 49211 16115 69 230 2222 2046 176 40 10154 9953 1982 162 1820
is_linear=0
shrinkage=0.1


Tree=58
num_leaves=31
num_cat=0
split_feature=89 21 1 103 104 103 44 18 89 75 61 34 23 91 31 1 49 43 23 9 104 8 12 87 1 15 35 104 61 57
split_gain=40.6291 61.1915 50.7006 43.4205 48.2486 46.2235 45.4155 53.9829 48.5803 74.0417 80.3779 94.9018 62.0111 86.6161 108.358 59.3059 67.52 54.4563 61.8735 53.6983 53.2429 51.6501 138.594 87.4912 65.6923 57.2554 63.0392 97.9643 82.5711 77.8413
threshold=1.5000000000000002 2.1653827159344963 4.1910619111471759 0.49400000000000005 103.55000000000001 0.40850000000000003 5.1500000000000012 5.1000000000000005 30.500000000000004 10.500000000000002 17.500000000000004 0.74342105263157909 3.1910640221901168 9.5000000000000018 0.52386127875258326 5.6344919911231885 80.750000000000014 1.7199379676144055 2.8925948923809712 7.5051833848876077 119.30000000000003 26.150000000000002 2.2250000000000005 230.50000000000003 5.0377574366129778 1.4031488753667807 0.54802071902924132 116.35000000000001 18.500000000000004 9.5000000000000018
decision_type=8 10 10 2 2 2 10 10 10 10 8 10 10 10 10 10 10 10 10 10 2 10 8 8 10 10 10 2 10 10
left_child=1 -1 -3 4 5 -2 8 -8 21 10 12 19 20 -14 -15 -11 -17 -18 -19 -12 -10 -6 -23 24 -24 -26 -27 28 29 -28
right_child=3 2 -4 -5 6 -7 7 -9 9 15 11 -13 13 14 -16 16 17 18 -20 -21 -22 22 23 -25 25 26 27 -29 -30 -31
leaf_value=-0.0054636273648814432 0.01679858393658688 0.076982836881952899 -0.056085047400804861 -0.0014325479702707788 0.003425638404976292 -0.048834487880102105 0.051224477374644001 -0.098751741846684712 0.0088739753642983806 0.18582060929162034 0.30977301711127875 -0.0654566998637858 -0.098284780049373299 0.17749786660555872 -0.099323932483541572 0.015604884719804807 0.17111461382536663 0.13199745674545948 -0.098786216725905748 0.10127821096529564 0.12555566715076566 0.23483379425650297 -0.092487986865987803 0.1098455997183919 -0.13732115006760548 0.030707224722965498 -0.083846110892645487 -0.089543332747353988 -0.2066398184569109 0.0041111647022090405
leaf_weight=4710 157 31 375 51938 35714 339 33 88 1752 33 21 21 121 31 26 238 63 26 21 30 40 22 122 52 38 269 114 186 21 857
leaf_count=4710 157 31 375 51938 35714 339 33 88 1752 33 21 21 121 31 26 238 63 26 21 30 40 22 122 52 38 269 114 186 21 857
internal_value=4.16267e-12 -0.00867457 -0.0459247 0.000480434 0.00293762 -0.0280595 0.00332257 -0.0578491 0.00350846 0.0172306 0.00967971 0.113458 0.00588679 -0.050407 0.0512283 0.0577 0.0455506 0.110342 0.0288813 0.187129 0.0114785 0.00261934 -0.0145109 -0.0178175 -0.0219485 -0.0161533 -0.0129713 -0.0229454 -0.0104583 -0.00621544
internal_weight=97489 5116 406 92373 40435 496 39939 121 39818 2423 2042 72 1970 178 57 381 348 110 47 51 1792 37395 1681 1659 1607 1485 1447 1178 992 971
internal_count=97489 5116 406 92373 40435 496 39939 121 39818 2423 2042 72 1970 178 57 381 348 110 47 51 1792 37395 1681 1659 1607 1485 1447 1178 992 971
is_linear=0
shrinkage=0.1


Tree=59
num_leaves=31
num_cat=0
split_feature=41 30 42 47 6 7 3 22 38 82 61 41 20 84 88 22 105 85 19 94 4 45 17 85 1 5 80 76 11 19
split_gain=39.1106 62.2597 60.2291 51.7239 44.7765 38.8239 64.8587 63.9745 65.4243 48.1376 60.0563 87.0502 73.1731 61.9234 70.9428 59.7002 58.4872 73.0529 92.5503 80.1369 56.2306 48.0515 50.1355 48.1224 51.0008 60.8571 47.6981 47.6386 49.9709 47.1846
threshold=2.6288711905018647 0.45000000000000007 2.3666666666666671 1.4021833826748173 42.300000000000004 8.8741192274778076 6.400711765953047 11.525000000000002 4.7250000000000005 577.50000000000011 17.500000000000004 2.0644229226844115 10.250000000000002 52.500000000000007 14.850000000000003 8.1519230769230777 0.63333333333333341 22.500000000000004 2.1794192844442732 3.5000000000000004 50.51250000000001 0.9457461698162889 1.6375527311718616 7.5000000000000009 12.439051410194372 11.981078832749072 1615.7500000000007 3.5000000000000004 6.0604077813602553 3.2951866393154163
decision_type=10 10 10 10 10 10 10 10 10 10 8 10 10 10 10 10 10 10 10 10 10 10 10 10 10 10 10 10 8 10
left_child=4 2 -2 -3 5 27 -7 9 -9 10 15 12 13 14 -12 -8 21 18 -18 -20 -13 -17 -23 -24 26 -26 -25 -1 -29 -21
right_child=1 3 -4 -5 -6 6 7 8 -10 -11 11 20 -14 -15 -16 16 17 -19 19 29 -22 22 23 24 25 -27 -28 28 -30 -31
leaf_value=-0.00065431211087510445 0.055024867585161702 -0.12920710059503715 0.26416068932130221 0.076319518931210042 -0.14967898800969123 -0.10581939560719407 0.0072939131866260462 0.21283623846868674 -0.014202084476974878 -0.032919810646997082 0.14873430838760657 0.041626778515902435 -0.14484332974838174 0.19427800760604441 0.00098936287757868955 0.057351088871558514 0.26045016107105073 -0.13101021760985965 0.15312530313586367 -0.15610280788193148 0.24930784329771996 0.063477783969470444 -0.020982766415945878 -0.1359028561661641 -0.23747354994217554 -0.089229887937181063 0.037367861242370404 0.083488904833793648 -0.088593659889280668 0.046647770838304001
leaf_weight=86357 40 24 21 25 20 52 9527 30 22 315 39 22 23 24 195 45 21 21 29 24 32 35 169 24 36 120 47 20 108 22
leaf_count=86357 40 24 21 25 20 52 9527 30 22 315 39 22 23 24 195 45 21 21 29 24 32 35 169 24 36 120 47 20 108 22
internal_value=-1.73029e-11 0.0595944 0.127022 -0.0243466 -6.73183e-05 -3.65843e-05 0.00559509 0.00613044 0.116782 0.00559619 0.00675664 0.0484134 0.026067 0.0413032 0.0256135 0.00537769 -0.025408 0.0379372 0.0748945 0.0229389 0.164697 -0.0409781 -0.0512445 -0.0613841 -0.0914626 -0.12344 -0.0212025 -0.00074467 -0.0617058 -0.0591351
internal_weight=97489 110 61 49 97379 97359 10874 10822 52 10770 10455 335 281 258 234 10120 593 117 96 75 54 476 431 396 227 156 71 86485 128 46
internal_count=97489 110 61 49 97379 97359 10874 10822 52 10770 10455 335 281 258 234 10120 593 117 96 75 54 476 431 396 227 156 71 86485 128 46
is_linear=0
shrinkage=0.1


Tree=60
num_leaves=31
num_cat=0
split_feature=102 91 111 23 20 57 61 31 47 13 9 21 6 35 23 85 55 104 43 7 84 80 104 85 102 81 0 40 104 28
split_gain=39.6735 45.841 54.8665 61.9986 74.4091 66.2646 54.0535 78.0266 55.6139 56.4408 51.4485 50.9452 49.8359 49.7035 47.9038 47.5957 46.4968 69.9181 45.493 47.2752 51.1295 62.2293 45.4069 42.4857 41.7699 41.4446 45.0475 102.102 39.706 60.3712
threshold=4.5000000000000009 13.500000000000002 13.500000000000002 2.4989469248341312 5.0500000000000007 17.500000000000004 15.500000000000002 0.82657830373090091 1.218504112654218 1.8027222972291639 9.6520003640844507 3.7088470689016479 29.900000000000002 0.52269066582384538 3.4249471274475201 18.500000000000004 55.500000000000007 113.65000000000002 2.2582094138490336 9.1323584042661228 32.500000000000007 1521.2000000000003 109.95000000000002 1.5000000000000002 10.500000000000002 1021.5000000000001 37.122500000000009 2.8535714285714291 107.05000000000001 1.7573529411764708
decision_type=10 10 2 8 10 10 10 10 8 10 10 10 10 10 10 10 10 2 10 10 10 10 2 10 10 8 10 10 2 10
left_child=28 2 3 4 25 6 7 8 9 -5 24 -4 13 22 -3 -8 18 -18 19 20 23 -22 -6 -10 -9 26 27 -2 -1 -30
right_child=1 14 11 5 12 -7 15 10 16 -11 -12 -13 -14 -15 -16 -17 17 -19 -20 -21 21 -23 -24 -25 -26 -27 -28 -29 29 -31
leaf_value=-0.0039041078563849213 -0.0048071584503011598 -0.22332567859441044 -0.012615929705236778 0.083636705778539183 0.1201493492592936 0.17214962993748487 -0.14894611854106188 0.045912488939157177 0.068186994727987504 -0.053164563896624661 -0.17925936788320543 -0.12743250567179462 0.07828791462458097 -0.095200671543500259 -0.011713756199764169 0.035205771327018735 0.075888272228355452 0.29079695007142925 -0.045602307955601384 0.17973310907144804 0.25033435781175889 0.027033534646034241 -0.054645687909353348 -0.068896081702550876 -0.074869587397202855 0.025289328085523113 -0.054555425803825178 0.17119872506488773 0.000995180034030608 0.016285784005660633
leaf_weight=16295 1077 20 4246 50 23 32 32 67 52 76 20 39 26 175 23 25 41 24 35 37 24 26 42 40 50 588 171 34 71420 2679
leaf_count=16295 1077 20 4246 50 23 32 32 67 52 76 20 39 26 175 23 25 41 24 35 37 24 26 42 40 50 588 171 34 71420 2679
internal_value=1.46687e-11 -0.00720055 -0.00657289 0.00440372 -0.00373208 0.0319443 0.0244541 0.0341959 0.0562634 0.00112165 -0.0310404 -0.0136609 -0.0532192 -0.0674658 -0.110138 -0.0681777 0.0811662 0.155239 0.0586674 0.0790553 0.0528224 0.134218 0.00720486 0.00858566 -0.00570378 0.00330727 -0.00677499 0.00057916 0.00056517 0.001548
internal_weight=97489 7095 7052 2767 2136 631 599 542 405 126 137 4285 266 240 43 57 279 65 214 179 142 50 65 92 117 1870 1282 1111 90394 74099
internal_count=97489 7095 7052 2767 2136 631 599 542 405 126 137 4285 266 240 43 57 279 65 214 179 142 50 65 92 117 1870 1282 1111 90394 74099
is_linear=0
shrinkage=0.1


Tree=61
num_leaves=31
num_cat=0
split_feature=94 83 51 28 18 22 21 20 43 88 17 3 17 42 86 20 106 7 22 17 3 22 22 21 16 88 61 91 1 92
split_gain=35.9786 51.1228 57.3501 55.4306 70.1478 58.9032 47.9707 70.3306 79.7277 50.3465 67.7768 99.065 96.6246 87.1253 64.3723 56.3103 51.7614 46.9637 53.261 58.867 68.4315 59.5628 45.6346 60.3179 44.4525 43.6741 82.7647 69.6523 48.9018 46.5787
threshold=1.0000000180025095e-35 513.50000000000011 90.600000000000009 1.297058823529412 6.5000000000000009 5.452272727272728 1.8393833349049538 5.6333333333333337 1.1178102700547354 33.850000000000001 2.4738227183551849 13.164120006673491 2.255270039140489 0.55000000000000016 135.50000000000003 8.2250000000000014 108.50000000000001 9.4551558440771082 5.5562500000000012 2.0027028506798463 9.1054806449410091 6.8250000000000002 3.3568181818181824 2.3380795224256641 2.6583333333333337 50.750000000000007 14.500000000000002 9.5000000000000018 9.5398375244979565 4.5000000000000009
decision_type=10 10 10 10 10 10 10 10 10 10 10 10 10 10 10 10 2 10 10 10 10 10 10 10 10 10 10 10 10 10
left_child=1 2 6 4 5 -4 7 -1 -9 -8 11 15 -13 16 -15 17 -12 18 22 21 -21 -20 23 -11 25 26 29 28 -28 -2
right_child=24 -3 3 -5 -6 -7 9 8 -10 10 13 12 -14 14 -16 -17 -18 -19 19 20 -22 -23 -24 -25 -26 -27 27 -29 -30 -31
leaf_value=-0.0016882231769362471 0.0071783461187037425 -0.15915978281270893 0.09777111052696047 -0.0084323151740762926 0.21941157795037283 -0.097689576376052134 -0.018958643386615213 -0.018266600516757794 0.2111545285943783 0.0081014891448117285 0.16335648854396173 0.055993102074911198 0.26588563993573189 -0.026385349557847427 -0.1261343190311125 -0.14917064552957363 0.01630801124554692 -0.068580970286376899 0.063814339064634767 0.2612017550904836 0.06031836545917877 -0.12990383434863317 -0.022834543458975533 0.14028860007194763 0.00023731929705117787 -0.080901928970759568 0.30126537054099822 -0.00111981434126695 0.08521216496825218 0.14387857189774514
leaf_weight=20624 8396 21 58 90 33 21 3458 28 33 130 28 90 29 435 76 22 165 63 65 28 43 21 256 47 63077 55 22 30 20 25
leaf_count=20624 8396 21 58 90 33 21 3458 28 33 130 28 90 29 435 76 22 165 63 65 28 43 21 256 47 63077 55 22 30 20 25
internal_value=1.84326e-11 -0.0031969 -0.00307016 0.0500045 0.0969627 0.0458132 -0.00348829 -0.0013711 0.105846 -0.0123248 0.00298871 0.0230178 0.107143 -0.0196009 -0.0412208 0.00818674 0.0376415 0.0134882 0.0222515 0.0721483 0.13954 0.0165111 0.00415962 0.043202 0.00115441 0.00792176 0.00849698 0.115257 0.198383 0.00758418
internal_weight=97489 25864 25843 202 112 79 25641 20685 61 4956 1498 794 119 704 511 675 193 653 590 157 71 86 433 177 71625 8548 8493 72 42 8421
internal_count=97489 25864 25843 202 112 79 25641 20685 61 4956 1498 794 119 704 511 675 193 653 590 157 71 86 433 177 71625 8548 8493 72 42 8421
is_linear=0
shrinkage=0.1


Tree=62
num_leaves=31
num_cat=0
split_feature=79 110 100 96 103 104 5 5 87 73 88 53 39 9 89 81 46 42 102 21 13 21 35 92 59 48 83 49 41 45
split_gain=35.7552 40.1098 39.3746 58.2597 57.727 50.3057 45.7491 61.8113 61.3705 58.0642 75.7397 54.8892 50.5022 50.0598 55.6481 43.8126 43.5857 54.4777 59.3673 60.2943 80.8067 76.8336 90.4952 79.8119 81.5685 78.5376 76.8377 72.2882 68.1042 75.7231
threshold=1.0000000180025095e-35 73.500000000000014 1.0000000180025095e-35 283.00000000000006 0.24000000000000002 105.35000000000001 10.577452434210921 13.408805039798972 57.500000000000007 7.5000000000000009 49.550000000000004 40.500000000000007 1.6389339973919144 6.9318107186662461 17.500000000000004 19.500000000000004 1.3038461538461541 2.2250000000000005 8.5000000000000018 3.2702351522381403 3.3316324482458519 3.777859404687812 0.85026644741109936 1.0000000180025095e-35 17.500000000000004 27.950000000000003 316.50000000000006 77.550000000000011 2.0524146280280053 1.7053818821262869
decision_type=8 2 2 2 2 2 8 10 10 8 10 8 10 10 10 8 10 10 10 10 8 10 10 10 10 10 10 10 10 10
left_child=1 -1 16 15 -5 -6 13 8 9 10 -8 12 -9 14 -7 -4 -2 -18 19 20 -19 22 23 -21 27 -23 -24 28 29 -25
right_child=2 -3 3 4 5 6 7 11 -10 -11 -12 -13 -14 -15 -16 -17 17 18 -20 21 -22 25 26 24 -26 -27 -28 -29 -30 -31
leaf_value=0.10978837256030789 0.0014727055991167479 -0.0081055603556253152 -0.015192417682858533 0.17309341346845031 0.13758570877344986 0.14238249145705126 -0.0014411641457953896 0.07146027497947216 -0.13167208431881258 0.083081130992810615 -0.1681940346730478 0.11534703149423971 -0.082968519151909281 0.17951595329425551 -0.032390915404777142 0.002691336563372183 -0.0088124296305582741 0.0038623155293342837 -0.045225572662858933 -0.0027029931215168555 -0.026685979381602793 -0.037175185835273399 0.031382853617059427 0.039476152318124867 0.27709109367871726 0.11019608110866763 -0.19167805945338764 -0.040961193337160001 0.29211633354425431 0.18615787816152241
leaf_weight=29 22990 5896 1414 28 38 29 156 45 44 59 33 77 40 33 49 43900 13317 7438 268 79 980 203 47 92 27 44 23 34 20 57
leaf_count=29 22990 5896 1414 28 38 29 156 45 44 59 33 77 40 33 49 43900 13317 7438 268 79 980 203 47 92 27 44 23 34 20 57
internal_value=-1.07521e-11 -0.00752853 0.000487162 0.00255349 0.0327298 0.0262121 0.0187215 0.00465128 -0.0228322 -0.00352193 -0.0305567 0.0541895 -0.0012121 0.0762699 0.0325889 0.00213328 -0.00159393 -0.00470949 0.00115808 0.00253256 0.000305969 0.0324742 0.0607567 0.0840142 0.1138 -0.0109228 -0.0419086 0.092081 0.118847 0.0955893
internal_weight=97489 5925 91564 45945 631 603 565 454 292 248 189 162 85 111 78 45314 45619 22629 9312 9044 8418 626 379 309 230 247 70 203 169 149
internal_count=97489 5925 91564 45945 631 603 565 454 292 248 189 162 85 111 78 45314 45619 22629 9312 9044 8418 626 379 309 230 247 70 203 169 149
is_linear=0
shrinkage=0.1


Tree=63
num_leaves=31
num_cat=0
split_feature=23 87 102 41 39 90 104 12 13 80 61 13 47 91 3 13 109 47 82 81 17 19 40 9 37 6 60 45 52 89
split_gain=34.3741 54.8241 68.976 66.43 60.969 127.69 53.471 63.9403 89.119 72.4808 69.0872 64.067 75.412 55.5834 53.4579 51.4428 49.8354 55.3919 51.7359 69.4153 41.7847 39.8648 38.6418 98.1163 94.9079 63.8118 63.2253 60.4208 50.9175 94.8188
threshold=3.7829255652028655 10.500000000000002 1.5000000000000002 2.4812454286235979 1.7559358788538642 8.5000000000000018 118.05000000000001 3.3666666666666671 1.3227406337702023 551.40000000000009 18.500000000000004 1.4916198487095669 1.5313923466510657 14.500000000000002 16.10307079065041 1.9746794344808967 22.090349075975364 1.5990756810785174 140.50000000000003 625.50000000000011 3.5166895268362515 5.5722075312421957 3.4058823529411768 4.1314703842600862 2.9832396974191338 10.900000000000002 3.5000000000000004 1.3551045413165992 1.0000000180025095e-35 15.500000000000002
decision_type=10 10 10 10 10 10 2 10 8 10 10 10 10 10 10 10 2 10 10 10 10 10 10 8 8 10 8 10 10 10
left_child=22 14 4 6 -3 -6 7 11 -9 -10 13 -4 -13 16 20 -12 -11 18 -18 -20 -2 -17 -1 26 25 -25 27 -24 29 -27
right_child=1 2 3 -5 5 -7 -8 8 9 10 15 12 -14 -15 -16 21 17 -19 19 -21 -22 -23 23 24 -26 28 -28 -29 -30 -31
leaf_value=-0.00033376174908667807 -0.078235556687531849 -0.17313401512801649 0.026089769869278641 -0.1413929343897978 0.15293519279609125 -0.17326791187127433 0.17047055569433034 0.17950275268624813 0.14249525004242722 0.087783264316385612 0.19450257289267722 -0.2831061713397503 -0.033689818484708665 -0.1970793203228996 0.037269747653044763 0.063187716933355356 0.1220259686527045 -0.14645237146898926 -0.18911099682251614 0.019178652220095196 -0.22943800007519513 -0.07012787030544132 0.14778892624761084 -0.11234115263051897 -0.048767272490958538 0.18432968427486562 -0.029433840971726639 -0.02473018836975098 0.0081048605702396578 0.019092127378186198
leaf_weight=91018 89 44 39 29 24 24 21 34 37 32 21 22 27 21 32 75 23 42 24 48 23 32 108 43 301 47 39 25 5012 133
leaf_count=91018 89 44 39 29 24 24 21 34 37 32 21 22 27 21 32 75 23 42 24 48 23 32 108 43 301 47 39 25 5012 133
internal_value=-1.93344e-11 -0.0211421 -0.00821323 0.00573414 -0.0881074 -0.0101664 0.0143018 0.00742643 0.0248403 0.0100275 -0.00538538 -0.0695507 -0.145673 -0.0436426 -0.0767181 0.0514027 -0.0245765 -0.0508211 -0.00854201 -0.0502512 -0.109286 0.0233176 0.000166774 0.00814816 0.00583719 0.00897682 0.0825292 0.115361 0.00998157 0.0622375
internal_weight=97489 763 619 527 92 48 498 477 389 355 318 88 49 190 144 128 169 137 95 72 112 107 96726 5708 5536 5235 172 133 5192 180
internal_count=97489 763 619 527 92 48 498 477 389 355 318 88 49 190 144 128 169 137 95 72 112 107 96726 5708 5536 5235 172 133 5192 180
is_linear=0
shrinkage=0.1


Tree=64
num_leaves=31
num_cat=0
split_feature=41 30 105 42 6 41 17 1 3 73 17 33 91 109 29 8 43 45 40 95 30 104 107 106 38 110 28 50 43 10
split_gain=31.5136 46.8469 46.7519 45.0379 35.3238 33.8079 59.4901 75.3482 58.3876 37.2608 73.3202 52.5151 61.5429 101.503 66.4382 82.9537 72.289 74.3921 62.2798 53.6889 40.6574 32.7998 65.1032 88.7169 59.0692 65.9982 58.1895 69.292 69.6243 57.2101
threshold=2.6288711905018647 0.45000000000000007 0.63333333333333341 2.3666666666666671 42.300000000000004 2.5378704026897849 2.5196345611993509 8.0740324476364069 13.233690171487359 10.500000000000002 2.4125342447872682 1.0567212294304205 6.5000000000000009 26.019164955509925 1.0705383010021172 22.450000000000003 1.5543320308680684 1.7575121394591104 4.0250000000000012 1.5000000000000002 0.36666666666666675 110.65000000000002 2021.5000000000002 472.50000000000006 3.2678571428571432 74.500000000000014 1.6583333333333334 7.0500000000000007 2.3978930965105625 19.605555555555558
decision_type=10 10 8 10 10 10 10 10 10 10 10 10 10 2 10 10 10 10 10 10 10 2 2 2 10 2 10 10 8 10
left_child=4 3 -3 -2 5 9 -7 -8 -9 21 -11 12 13 -12 15 -14 17 19 -15 -16 -18 22 -1 -24 25 -25 -23 29 -29 -28
right_child=1 2 -4 -5 -6 6 7 8 -10 10 11 -13 14 18 16 -17 20 -19 -20 -21 -22 26 23 24 -26 -27 27 28 -30 -31
leaf_value=-0.00096213966463997737 0.04972447753883899 -0.10043715999044221 0.098302171044051645 0.23057283409649421 -0.1329447700176388 -0.17807905925758954 -0.15464749554028878 0.12154876304169496 -0.085271914090429043 0.1735364494901715 -0.036954889111220836 -0.10243858593431386 0.018988481067842053 0.30230466729173294 0.13171573713835744 -0.2258394292294979 -0.11012574596596617 0.27069224357604982 0.073694217306646437 -0.051114823181053697 0.022522019693518386 0.0008386702586382108 -0.0057803687591179362 -0.1154227017414296 -0.11687851148131101 -0.023716902262711441 0.030504651266176665 0.1054366977153612 -0.069271950313338534 -0.0043030329573388931
leaf_weight=36562 40 29 20 21 20 29 26 39 21 33 30 33 31 26 36 25 35 20 22 29 68 54362 2886 87 92 801 907 147 27 985
leaf_count=36562 40 29 20 21 20 29 26 39 21 33 30 33 31 26 36 25 35 20 22 29 68 54362 2886 87 92 801 907 147 27 985
internal_value=-8.96989e-12 0.0534943 -0.0193191 0.111984 -6.04276e-05 -3.31298e-05 -0.0542212 -0.0124552 0.0491615 3.09526e-05 0.0309583 0.0177045 0.0300173 0.10734 0.00529932 -0.0903097 0.0337786 0.102039 0.197525 0.0501452 -0.0225525 -9.29406e-05 -0.00226704 -0.0146079 -0.0406039 -0.0327016 0.0014647 0.0179371 0.0783267 0.0123833
internal_weight=97489 110 49 61 97379 97359 115 86 60 97244 388 355 322 78 244 56 188 85 48 65 103 96856 40428 3866 980 888 56428 2066 174 1892
internal_count=97489 110 49 61 97379 97359 115 86 60 97244 388 355 322 78 244 56 188 85 48 65 103 96856 40428 3866 980 888 56428 2066 174 1892
is_linear=0
shrinkage=0.1


Tree=65
num_leaves=31
num_cat=0
split_feature=82 85 71 37 19 34 18 28 83 104 81 6 34 33 94 87 19 33 38 104 3 23 39 45 3 94 39 27 25 21
split_gain=31.045 55.1395 42.4609 60.3476 77.8765 46.862 42.3368 80.3241 38.3978 53.7687 65.4869 61.957 59.0485 54.1461 50.9464 49.8261 72.1684 74.7034 68.9701 62.6313 64.2781 63.5389 57.529 64.6416 56.7708 67.6541 61.1485 54.5828 87.8879 141.275
threshold=548.50000000000011 15.500000000000002 4.5000000000000009 2.4289043292708192 2.9580278177943957 0.39444444444444454 6.6333333333333337 1.3944444444444446 100.50000000000001 106.65000000000002 120.50000000000001 37.70000000000001 2.0250000000000004 1.2888391932218626 4.5000000000000009 62.500000000000007 4.4440936482459152 1.0865149352258221 5.2500000000000009 118.75000000000001 11.732968742955931 2.8232266931302719 2.6204291036918748 2.1200100772512021 13.487988479904944 5.5000000000000009 2.7223325389702437 1.0567212294304205 1.3227406337702019 2.5044402552323155
decision_type=10 10 10 10 10 10 10 10 10 2 10 10 10 10 10 10 10 10 10 2 10 10 10 10 10 10 10 8 10 10
left_child=8 -2 3 4 6 -6 -3 -8 -1 11 -11 12 13 -10 -15 16 18 -18 19 -12 -21 -22 27 24 25 26 -24 28 -17 -30
right_child=1 2 -4 -5 5 -7 7 -9 9 10 15 -13 -14 14 -16 22 17 -19 -20 20 21 -23 23 -25 -26 -27 -28 -29 29 -31
leaf_value=-0.001063055057805647 -0.14708883156036509 0.026024965474036016 -0.013850439226794171 -0.073395055677974594 -0.013298469036817551 0.13464097175133097 -0.13822610861792858 0.061817392531563257 -0.0069325369712994397 0.16377807477345835 0.0095860081040512746 -0.16985488948614702 -0.16522255614399911 0.023027371747246034 0.15519930444219535 0.0042821923611514904 -0.061737202810295877 0.10616765721390645 0.13939439739499773 0.030847171575407541 0.20153851464618833 -0.006364653224036807 0.19883525708447333 -0.091753372809161321 -0.0084476673230528838 0.25714773598747953 -0.011063078061810562 -0.0074272385051255612 0.030075801137677383 0.3107224777340889
leaf_weight=64098 29 253 2553 64 28 91 49 34 4823 26 9976 23 23 205 34 8937 227 30 42 252 49 21 23 23 40 30 35 5376 71 24
leaf_count=64098 29 253 2553 64 28 91 49 34 4823 26 9976 23 23 205 34 8937 227 30 42 252 49 21 23 23 40 30 35 5376 71 24
internal_value=1.2906e-12 -0.00984522 -0.00854963 0.0175255 0.0303143 0.0998317 0.00569354 -0.0562806 0.000323452 0.0032575 0.00515506 -0.0060973 -0.00535661 -0.00463023 0.0418301 0.00499112 0.0102077 -0.0421374 0.0115087 0.0109871 0.0543951 0.139168 0.00119418 0.0625974 0.0903323 0.135232 0.0721725 0.000550655 0.00529923 0.100976
internal_weight=97489 3101 3072 519 455 119 336 83 94388 30290 25182 5108 5085 5062 239 25156 10597 257 10340 10298 322 70 14559 151 128 88 58 14408 9032 95
internal_count=97489 3101 3072 519 455 119 336 83 94388 30290 25182 5108 5085 5062 239 25156 10597 257 10340 10298 322 70 14559 151 128 88 58 14408 9032 95
is_linear=0
shrinkage=0.1


Tree=66
num_leaves=31
num_cat=0
split_feature=102 25 10 28 89 95 92 24 18 11 83 80 44 8 2 61 110 29 33 36 104 5 104 3 104 17 23 41 90 88
split_gain=29.6371 39.7049 41.5499 72.7759 50.629 50.5709 69.4489 40.9198 37.1453 37.7425 46.7838 57.7631 39.5197 40.0521 35.5808 35.5467 34.2239 66.819 68.7358 64.5378 114.095 82.1695 64.4722 65.1689 53.6112 67.1916 73.1412 51.7189 60.2363 54.991
threshold=4.5000000000000009 2.1446343412137616 29.875000000000004 0.97500000000000009 41.500000000000007 1.0000000180025095e-35 1.5000000000000002 2.6333333333333337 11.100000000000001 9.190885072501386 223.50000000000003 2067.0500000000011 4.0500000000000007 19.250000000000004 32.07500000000001 8.5000000000000018 74.500000000000014 0.82762443153966825 0.9499365146309281 3.2916666666666674 107.45000000000002 13.489531515617919 117.90000000000002 11.69013116294108 116.45000000000002 2.4554387722620663 2.1776372064216236 1.7143537815787637 3.5000000000000004 29.050000000000004
decision_type=10 10 10 8 10 10 10 10 10 10 10 10 10 10 10 10 2 10 10 8 2 10 2 10 2 10 10 10 10 10
left_child=16 2 4 -4 7 -5 -7 8 9 -2 12 -12 13 14 -11 -3 17 19 22 21 -21 27 24 -24 -19 26 -26 -1 29 -29
right_child=1 15 3 5 -6 6 -8 -9 -10 10 11 -13 -14 -15 -16 -17 -18 18 -20 20 -22 -23 23 -25 25 -27 -28 28 -30 -31
leaf_value=0.021983418030273726 -0.0074388011625416018 -0.025016800864883094 -0.080668908556302391 -0.03109843737699769 -0.14573851743569741 0.25947362050927919 0.051533182017091256 0.10515718674004981 -0.10922138400375843 0.01190457558259368 0.21748150843023151 0.0065336953997611998 -0.12352553963661195 0.058251270340875752 -0.1416719675064087 -0.16792510237012592 -0.00015229767106547678 0.0011237119940401869 -0.10943082794547082 0.24712884486652911 0.041854757018154491 -0.093006691254456264 0.014180389288398954 0.1089798825853896 0.0070034564106312945 0.10489294460934143 -0.13360711655460616 -0.048652635887265205 0.04346069383688949 -0.24601516097784046
leaf_weight=2162 6544 46 30 22 26 29 36 33 35 48 27 25 20 124 22 28 81550 5728 56 32 176 68 225 107 61 23 94 48 44 20
leaf_count=2162 6544 46 30 22 26 29 36 33 35 48 27 25 20 124 22 28 81550 5728 56 32 176 68 225 107 61 23 94 48 44 20
internal_value=9.6549e-12 -0.00622349 -0.00545548 0.0536384 -0.00645693 0.0999513 0.144307 -0.00593042 -0.00646598 -0.00593787 0.0309873 0.116064 0.0103144 0.0241123 -0.0363623 -0.0790902 0.00048848 0.00639705 0.000864412 0.0200529 0.0734354 0.0153118 0.00185456 0.0447332 -0.000555824 -0.0546029 -0.0782701 0.0185509 -0.0477086 -0.1067
internal_weight=97489 7095 7021 117 6904 87 65 6878 6845 6810 266 52 214 194 70 74 90394 8844 6294 2550 208 2342 6238 332 5906 178 155 2274 112 68
internal_count=97489 7095 7021 117 6904 87 65 6878 6845 6810 266 52 214 194 70 74 90394 8844 6294 2550 208 2342 6238 332 5906 178 155 2274 112 68
is_linear=0
shrinkage=0.1


Tree=67
num_leaves=31
num_cat=0
split_feature=38 5 33 3 38 41 90 37 20 33 13 27 25 61 43 27 2 23 28 43 47 102 49 82 49 90 39 81 46 22
split_gain=28.7853 69.2453 74.6981 79.7672 58.1096 68.1888 92.3918 75.8707 100.493 93.538 69.5622 59.8512 60.4371 59.0624 54.3508 64.7426 50.4565 39.0814 57.2901 60.2384 75.4067 55.2735 61.8138 107.776 58.5575 55.6954 61.7119 50.2788 42.4064 41.4108
threshold=5.5500000000000007 11.570233473503331 0.58913774088347881 13.487988479904944 4.9500000000000011 2.2489760709384927 10.500000000000002 2.5980583915950088 9.0500000000000025 0.68250705852645377 3.9496632441188484 0.92237834162261667 1.3227406337702019 23.500000000000004 1.1897227048854206 1.1345929217113879 54.045000000000009 3.7829255652028655 1.925 0.56253641334739612 1.1643289280352542 1.5000000000000002 72.850000000000009 150.50000000000003 71.050000000000011 7.5000000000000009 1.6661879570545903 833.50000000000011 1.5941176470588239 11.425000000000002
decision_type=10 8 10 10 10 10 10 10 10 10 10 8 10 10 10 10 10 10 10 10 10 10 10 10 8 10 10 8 10 10
left_child=4 -2 3 -3 13 6 11 8 -7 -9 -8 -6 14 17 -13 -16 -10 29 19 20 27 25 24 -24 -23 26 -21 -19 -20 -1
right_child=1 2 -4 -5 5 7 10 9 16 -11 -12 12 -14 -15 15 -17 -18 18 28 21 -22 22 23 -25 -26 -27 -28 -29 -30 -31
leaf_value=-6.7283843650267795e-06 -0.14591760633756287 0.24918427564203741 -0.062237621128166977 -0.018753145381808282 0.14444981973204349 0.3167705105410682 -0.1734473699749243 -0.11241770911185692 -0.035970900563353843 0.14414234442843332 0.043833143312645997 -0.1560831910797528 0.095504236688800898 0.13169672929627055 -0.11204112239859321 0.11545276925658231 0.1664023363164493 -0.11504067649182521 0.14451561658219858 -0.13557158398628236 -0.24980494556603611 -0.017365950649296535 0.22987249554307373 0.0029232146438731947 -0.17425274023642909 -0.20854248476439508 0.10009918153285979 0.080843537691980605 -0.034721807593649089 0.098149900796801554
leaf_weight=96232 46 20 76 25 45 27 41 30 22 27 23 28 51 34 22 29 28 38 33 25 27 280 27 93 26 29 20 20 22 43
leaf_count=96232 46 20 76 25 45 27 41 30 22 27 23 28 51 34 22 29 28 38 33 25 27 280 27 93 26 29 20 20 22 43
internal_value=1.82183e-12 -0.0414815 -0.00177853 0.10033 7.11803e-05 0.0394657 0.00745052 0.0965673 0.161308 0.00911074 -0.0953622 0.0450506 0.0106432 -8.03854e-05 -0.0441406 0.0173181 0.0773581 -0.000126616 -0.0247561 -0.03393 -0.111758 -0.0206993 -0.00684183 0.0539868 -0.0306962 -0.100473 -0.030829 -0.0474944 0.0728206 3.7112e-05
internal_weight=97489 167 121 45 97322 373 239 134 77 57 64 175 130 96949 79 51 50 96915 640 585 85 500 426 120 306 74 45 58 55 96275
internal_count=97489 167 121 45 97322 373 239 134 77 57 64 175 130 96949 79 51 50 96915 640 585 85 500 426 120 306 74 45 58 55 96275
is_linear=0
shrinkage=0.1


Tree=68
num_leaves=31
num_cat=0
split_feature=37 61 20 57 27 105 30 4 89 109 75 29 89 47 103 44 111 15 27 34 20 54 0 21 36 18 51 88 19 82
split_gain=28.5623 52.1529 61.0695 118.972 89.2002 107.889 105.459 88.095 78.7687 83.7 75.922 57.5207 67.1416 55.8094 72.5221 54.7383 50.6049 50.4858 49.5133 48.5684 50.0698 49.8015 47.9805 68.6221 46.4814 43.282 54.972 62.8586 43.0947 63.3267
threshold=0.86554360876699599 21.500000000000004 6.0500000000000007 7.5000000000000009 1.1761495463774236 0.90000000000000013 0.55000000000000016 51.107500000000009 14.500000000000002 21.824777549623551 8.5000000000000018 1.1246829208201545 26.500000000000004 0.93338032134592741 0.38450000000000006 1.2928571428571431 5.5000000000000009 1.3519517580968834 1.0865149352258221 1.0250000000000001 7.6333333333333337 1.0000000180025095e-35 49.810000000000009 2.6044813487156415 3.6333333333333337 8.2666666666666675 71.700000000000003 43.050000000000004 3.570707350120379 158.50000000000003
decision_type=8 10 10 8 10 10 10 10 10 2 10 10 10 10 2 10 2 10 10 10 10 10 10 10 10 10 10 10 10 10
left_child=1 2 -1 13 5 6 7 10 16 -10 -5 12 22 -4 18 -16 -6 -17 -15 20 -11 28 23 -8 -14 26 -12 -28 29 -22
right_child=-2 -3 3 4 8 -7 11 -9 9 19 25 -13 24 14 15 17 -18 -19 -20 -21 21 -23 -24 -25 -26 -27 27 -29 -30 -31
leaf_value=-0.0016119768847755449 0.0012452442562685682 0.14202758079767228 -0.18414649429709415 0.10252809283825069 -0.25270591662265363 -0.14569724417830771 -0.15025603281600136 0.24374290819351493 0.16282369118669759 -0.016023052133148512 -0.089113702445194648 0.056352770913549712 -0.032378921657800673 -0.033388891720002693 0.0090856869745513675 0.013314233519710028 -0.080893445918336526 -0.13868159263999794 0.1684245277941227 0.097442449122667307 0.0020264396848885913 -0.23942955913530156 -0.2061554708357515 0.026538914154567151 0.1468628909924756 -0.10541083589045992 0.17187967015164241 -0.0076910704247314821 0.056990835685282952 -0.22789528620243074
leaf_weight=32428 63749 25 43 143 24 38 42 26 23 166 29 71 39 31 46 26 60 137 20 25 23 22 29 46 23 31 35 44 20 25
leaf_count=32428 63749 25 43 143 24 38 42 26 23 166 29 71 39 31 46 26 60 137 20 25 23 22 29 46 23 31 35 44 20 25
internal_value=4.14668e-12 -0.00235279 -0.00245985 -0.0238233 -0.00695167 0.0173412 0.0284441 0.067611 -0.0442675 -0.020583 0.0513719 -0.0198094 -0.050019 -0.0786143 -0.0611609 -0.0872501 -0.129983 -0.114437 0.0457536 -0.0355949 -0.0485869 -0.108649 -0.0946023 -0.0578405 0.034114 -0.00125649 0.0286397 0.0718656 -0.0663376 -0.117724
internal_weight=97489 33740 33715 1287 984 596 558 308 388 304 282 250 179 303 260 209 84 163 51 281 256 90 117 88 62 139 108 79 68 48
internal_count=97489 33740 33715 1287 984 596 558 308 388 304 282 250 179 303 260 209 84 163 51 281 256 90 117 88 62 139 108 79 68 48
is_linear=0
shrinkage=0.1


Tree=69
num_leaves=31
num_cat=0
split_feature=46 0 8 5 39 1 105 18 81 0 89 11 40 49 95 22 35 28 67 84 75 22 46 24 104 89 15 13 17 9
split_gain=28.2225 57.3313 61.8552 58.1913 60.0945 60.7695 53.168 49.8978 79.6181 44.6355 43.92 84.2831 44.3773 37.5701 57.9301 91.5892 70.7015 47.6282 35.6109 55.7105 70.1723 122.32 70.3869 51.7997 43.941 44.6518 44.2923 75.8048 69.8612 66.9807
threshold=4.2750000000000012 63.649999999999999 32.150000000000013 13.884627527290464 2.0561556246288943 9.9717099832447591 0.36666666666666675 7.5500000000000007 1330.5000000000002 47.710000000000015 50.500000000000007 9.9164270833861927 2.757352941176471 82.800000000000011 3.5000000000000004 5.2583333333333337 0.46795329871770469 1.6306818181818186 6.5000000000000009 119.50000000000001 10.500000000000002 6.3625000000000007 1.2330316742081451 1.9000000000000001 116.7 46.500000000000007 4.2137333330927547 3.5095100838171418 2.97857179406452 4.8554092786890353
decision_type=10 10 10 8 10 10 10 10 10 10 10 10 10 10 10 10 10 10 10 10 10 10 10 10 2 10 10 10 10 10
left_child=10 2 3 4 13 -6 -4 8 -8 -7 18 -12 -13 14 16 -16 -2 -17 -1 24 21 22 -21 -22 25 26 27 -20 -29 -28
right_child=1 -3 6 -5 5 9 7 -9 -10 -11 11 12 -14 -15 15 17 -18 -19 19 20 23 -23 -24 -25 -26 -27 29 28 -30 -31
leaf_value=-0.00057584221961190518 0.11303048516097276 -0.15493975480397543 -0.064750988126865458 -0.12400651288315141 0.16137440736022068 0.067682942998362708 0.2572093372100166 -0.015941251589892767 0.045025065983645619 -0.11495144815062699 0.16688954542080561 -0.13276662202108475 0.064421121835708625 0.086878106572354841 -0.0045323240662329513 -0.16084162363067572 -0.04611674779107873 -0.034796908835685529 0.011551191065247551 0.12669868483776001 -0.0018345946366233488 -0.10501595362622472 -0.024443256087420928 0.1552212338646253 -0.01772106602545203 -0.11932787508876236 0.20945025564481817 0.020055711545531665 -0.036787064528571216 0.033998473930320516
leaf_weight=86487 46 30 35 58 34 32 28 39 48 23 45 21 25 24 122 99 71 43 7810 41 70 187 124 30 656 27 24 323 654 233
leaf_count=86487 46 30 35 58 34 32 28 39 48 23 45 21 25 24 122 99 71 43 7810 41 70 187 124 30 656 27 24 323 654 233
internal_value=3.09166e-12 -0.0195617 -0.0137763 -0.02925 -0.0181248 0.0562775 0.0431671 0.0760118 0.123198 -0.00869144 0.000147991 0.0695875 -0.0255994 -0.0344749 -0.0421192 -0.0680778 0.016454 -0.122673 8.26214e-05 0.00567733 -0.0286418 -0.0496429 0.0131132 0.0452822 0.00727209 0.00907956 0.0094629 0.00826608 -0.0179946 0.0503831
internal_weight=97489 732 702 552 494 89 150 115 76 55 96757 91 46 405 381 264 117 142 96666 10179 452 352 165 100 9727 9071 9044 8787 977 257
internal_count=97489 732 702 552 494 89 150 115 76 55 96757 91 46 405 381 264 117 142 96666 10179 452 352 165 100 9727 9071 9044 8787 977 257
is_linear=0
shrinkage=0.1


Tree=70
num_leaves=31
num_cat=0
split_feature=89 111 21 65 41 4 49 38 28 104 107 48 5 39 52 33 18 60 37 94 22 48 104 51 104 16 77 63 87 89
split_gain=27.6592 82.1386 80.7568 51.3124 50.3526 44.9157 59.7293 59.7237 46.1037 43.3556 79.3652 75.7542 62.4077 57.1794 62.4089 65.6609 51.1481 49.2559 82.8461 44.0455 63.185 57.0907 67.4239 47.4306 73.5997 43.9989 42.2635 41.3563 59.5405 57.1113
threshold=2.5000000000000004 2.5000000000000004 2.0669350294878832 5.5000000000000009 1.4254881213734898 13.975000000000003 26.650000000000002 1.5857142857142861 0.52786377708978338 110.65000000000002 2021.5000000000002 34.150000000000013 10.091441788387348 2.3522990927548473 12.500000000000002 0.9457461698162889 6.9000000000000012 7.5000000000000009 1.658243862791825 7.5000000000000009 10.625000000000002 25.350000000000005 111.95000000000002 67.850000000000009 114.95000000000002 1.7573529411764708 2.5000000000000004 17.500000000000004 25.500000000000004 17.500000000000004
decision_type=10 2 10 10 8 10 8 10 10 2 2 10 10 10 10 10 10 10 10 10 10 10 2 10 2 10 10 10 10 10
left_child=1 4 -3 -4 -1 7 -7 -2 -8 10 25 13 -13 14 27 -16 -14 19 -19 -11 21 22 -21 -24 -25 -10 -20 -12 -29 -30
right_child=5 2 3 -5 -6 6 8 -9 9 17 11 12 16 -15 15 -17 -18 18 26 20 -22 -23 23 24 -26 -27 -28 28 29 -31
leaf_value=-0.0029863742490609489 0.0063420257699360596 -0.0027328226920027604 -0.026670314018102066 -0.11664431909208789 0.17205020549396677 -0.01564037488033999 -0.0061848814763443248 0.060280714754315345 -0.049313651252693186 0.0035032515276147355 -0.019830945624113951 0.016362674599108489 -0.098465922166561262 -0.1356264710951692 0.010404955808686592 0.17745181220498951 -0.30633930087089545 -0.034647762742307457 0.23748919491966569 0.15494730936156378 -0.2088018821108909 -0.10631363498313087 0.097213390198620894 -0.16654851368495396 0.063730426505208021 0.00029062023855539409 0.07473187213047193 0.18368983194231989 -0.10335261046886444 0.078214688426474249
leaf_weight=27 7572 8355 934 68 42 2415 9537 211 180 38116 2255 23 29 39 82 33 20 45 27 27 21 56 22 35 23 27161 39 24 30 41
leaf_count=27 7572 8355 934 68 42 2415 9537 211 180 38116 2255 23 29 39 82 33 20 45 27 27 21 56 22 35 23 27161 39 24 30 41
internal_value=-2.14864e-11 -0.00514843 -0.00595005 -0.0327763 0.103558 0.000551073 -0.000152116 0.00780432 0.000328255 0.00123734 -0.00161691 -0.0183968 -0.119527 -0.0154889 -0.0135882 0.0583401 -0.183312 0.00346042 0.0699784 0.00326763 -0.0455409 -0.0245073 0.0183072 -0.0278088 -0.075231 -3.59504e-05 0.141314 -0.0171081 0.047524 0.00149611
internal_weight=97489 9426 9357 1002 69 88063 80280 7783 77865 68328 29917 2576 72 2504 2465 115 49 38411 111 38300 184 163 107 80 58 27341 66 2350 95 71
internal_count=97489 9426 9357 1002 69 88063 80280 7783 77865 68328 29917 2576 72 2504 2465 115 49 38411 111 38300 184 163 107 80 58 27341 66 2350 95 71
is_linear=0
shrinkage=0.1


Tree=71
num_leaves=31
num_cat=0
split_feature=7 3 22 37 38 7 45 55 80 18 0 90 40 86 27 90 91 21 1 44 21 103 103 39 29 2 22 43 42 16
split_gain=27.0016 50.6983 48.6282 58.6286 49.1225 54.9446 48.032 67.9971 53.2953 58.8328 71.5965 54.5546 55.7165 50.7682 47.7836 74.4006 61.9786 61.8422 59.5103 59.4909 53.0769 52.1939 82.224 63.4347 51.6347 65.8015 50.3291 57.6094 49.0805 49.061
threshold=8.8741192274778076 6.400711765953047 11.525000000000002 1.8027222972291639 5.7500000000000009 10.965855862744805 1.7575121394591104 63.000000000000007 466.4500000000001 6.6333333333333337 49.810000000000009 5.5000000000000009 3.4058823529411768 71.500000000000014 1.1831231205715003 16.500000000000004 12.500000000000002 3.777859404687812 14.618173619090834 3.7500000000000004 1.4210685583158829 0.31750000000000006 0.28600000000000009 2.2154750723631058 1.4660972976881348 40.085000000000015 4.3062500000000012 1.0477225575051665 2.9000000000000004 7.1026315789473697
decision_type=10 10 10 10 10 10 10 10 10 10 10 10 10 10 10 10 10 10 10 10 10 2 2 10 10 10 10 10 10 10
left_child=-1 -2 4 -4 6 -6 7 14 -9 10 11 12 -10 -11 16 20 19 18 -18 24 -16 22 23 29 -3 -26 -24 -28 -23 -22
right_child=1 2 3 -5 5 -7 -8 8 9 13 -12 -13 -14 -15 15 -17 17 -19 -20 -21 21 28 26 -25 25 -27 27 -29 -30 -31
leaf_value=-0.00059102062530538109 -0.093818733056720643 0.0047632091455205861 0.23594104148447514 0.017684974637813867 0.021660946253687145 -0.20276249628514054 -0.0033814742035808195 0.22431106030941012 0.031744632909172461 0.090374371544457988 0.25897262891133627 -0.05908392069154772 0.22636590048981212 -0.11153748839190512 -0.013812064613127893 -0.11009565567279733 -0.059418110662539096 0.048946695436130873 -0.28526945270597936 -0.11808809076364224 -0.02755350605685912 0.018750575547860495 0.052508886267120636 0.19780213563215165 0.2360482865351845 0.015344494456159216 0.10532473776489498 0.33302730309963224 0.083887806070538681 0.114572035047141
leaf_weight=86571 52 4600 20 32 20 24 4107 20 38 20 21 29 24 33 276 41 28 22 20 39 92 1050 24 21 22 35 20 25 130 33
leaf_count=86571 52 4600 20 32 20 24 4107 20 38 20 21 29 24 33 276 41 28 22 20 39 92 1050 24 21 22 35 20 25 130 33
internal_value=-7.88617e-12 0.00468632 0.00515772 0.10163 0.00469383 -0.100752 0.00512462 0.0103677 0.0701462 0.0514595 0.0925363 0.054128 0.107082 -0.0353443 0.00866052 0.0229905 0.00351305 -0.0898896 -0.153523 0.00490533 0.0262559 0.0341833 0.0794986 0.0369849 0.00593534 0.100528 0.169455 0.231826 0.0259267 0.00996764
internal_weight=97489 10918 10866 52 10814 44 10770 6663 185 165 112 91 62 53 6478 1712 4766 70 48 4696 1671 1395 215 146 4657 57 69 45 1180 125
internal_count=97489 10918 10866 52 10814 44 10770 6663 185 165 112 91 62 53 6478 1712 4766 70 48 4696 1671 1395 215 146 4657 57 69 45 1180 125
is_linear=0
shrinkage=0.1


Tree=72
num_leaves=31
num_cat=0
split_feature=41 30 13 104 41 53 13 104 13 39 39 104 31 32 104 29 25 23 73 17 18 14 10 39 18 83 84 19 5 9
split_gain=26.7076 39.2523 42.0648 38.3866 27.173 49.1309 45.6506 53.4169 35.2445 29.8567 47.3069 74.4335 63.5315 47.1519 44.8485 67.3543 55.0328 42.646 59.2792 60.3475 59.8106 45.0513 44.8725 41.6087 68.9461 93.1199 78.3554 60.6902 42.1122 37.7831
threshold=2.6288711905018647 0.45000000000000007 3.0413701570080014 110.15000000000002 2.5378704026897849 34.500000000000007 3.0165750888103111 109.85000000000001 3.570707350120379 2.5873604447359839 2.7039035161937663 115.65000000000002 1.0477225575051665 0.18333333333333338 112.85000000000001 1.348542638748836 1.1178102700547354 2.1595360580301786 10.500000000000002 3.3107046624941279 8.4500000000000011 4.5277777777777786 23.125000000000004 2.4551509642012719 8.4500000000000011 562.50000000000011 33.500000000000007 3.0523202998496379 12.302155887035616 7.735393298779413
decision_type=10 10 10 2 10 10 10 2 10 10 10 2 10 10 2 10 10 10 8 10 10 10 10 10 10 10 10 10 10 10
left_child=4 2 -2 -3 9 -6 7 -7 -8 23 11 12 13 -11 15 16 -15 -12 19 21 -20 -19 -23 -1 29 26 28 -28 -26 -25
right_child=1 3 -4 -5 5 6 8 -9 -10 10 17 -13 -14 14 -16 -17 -18 18 20 -21 -22 22 -24 24 25 -27 27 -29 -30 -31
leaf_value=1.7897060465614024e-05 0.042616315460763873 0.062491446899043193 0.21739338090022409 -0.11545718639073047 -0.1910904983058572 -0.17952262400477023 0.14964943783623832 0.025516602241744596 -0.029534263665909357 0.19381239488720894 0.067291719197399097 -0.10255561977624894 0.24503340068317594 0.024364895511870134 0.14454726265103091 0.17261560161908468 -0.14294587389699051 -0.095782135611094138 0.19331030900711599 -0.15817396342754364 -0.011003786717590534 0.1197322893286905 -0.024168030869138116 -0.037100670053868703 0.049494368532517305 0.081309343278408053 -0.35793449338525535 -0.13450088299089863 -0.12958164759751023 0.028203845706611243
leaf_weight=96237 40 27 21 22 20 27 21 24 23 23 72 25 21 66 32 21 28 51 23 39 38 31 72 190 24 25 20 31 29 166
leaf_count=96237 40 27 21 22 20 27 21 24 23 23 72 25 21 66 32 21 28 51 23 39 38 31 72 190 24 25 20 31 29 166
internal_value=-2.90225e-11 0.0492466 0.102785 -0.0174039 -5.56293e-05 -0.0486363 -0.0186459 -0.0830336 0.0559852 1.80997e-06 0.0234068 0.0597015 0.0809394 0.060669 0.039837 0.0107002 -0.0254724 -0.000641331 -0.0198979 -0.0470574 0.0660327 -0.0189174 0.0191418 -0.000129344 -0.0293459 -0.0919805 -0.133637 -0.222122 -0.0484906 -0.00664969
internal_weight=97489 110 61 49 97379 115 95 51 44 97264 542 216 191 170 147 115 94 326 254 193 61 154 103 96722 485 129 104 51 53 356
internal_count=97489 110 61 49 97379 115 95 51 44 97264 542 216 191 170 147 115 94 326 254 193 61 154 103 96722 485 129 104 51 53 356
is_linear=0
shrinkage=0.1


Tree=73
num_leaves=31
num_cat=0
split_feature=71 18 111 12 100 53 90 104 104 105 22 21 6 23 32 109 37 8 18 38 20 92 1 14 15 21 103 81 6 22
split_gain=26.7833 82.6106 46.6453 76.8644 59.003 50.0758 47.5008 47.0392 47.4798 45.9206 63.9907 44.7344 47.7516 85.2341 43.8367 41.9065 39.6992 38.7173 37.404 60.482 44.7385 39.5919 37.0319 36.9014 48.8314 34.2328 32.6567 60.2695 46.0497 47.696
threshold=6.5000000000000009 7.6333333333333337 3.5000000000000004 3.5500000000000003 1.0000000180025095e-35 63.000000000000007 11.500000000000002 112.05000000000001 109.25000000000001 1.0000000180025095e-35 3.2111111111111117 3.3739194796995187 32.500000000000007 2.4254679266625137 1.0500000000000003 31.686516084873379 1.1897227048854206 28.650000000000002 6.5000000000000009 3.3666666666666671 5.7250000000000005 1.0000000180025095e-35 8.9492178425254885 9.2428571428571455 2.9938743696300958 3.0304002658590568 0.5525000000000001 300.50000000000006 31.900000000000002 5.8535714285714286
decision_type=8 10 2 10 2 10 10 2 2 10 10 10 10 10 10 2 10 10 10 10 10 10 10 10 10 10 2 10 10 10
left_child=-1 2 3 -2 6 11 26 8 -6 15 22 12 18 -14 -10 -9 -8 -16 19 20 -4 -20 -11 -18 -25 -3 28 -28 29 -5
right_child=1 25 5 4 7 -7 16 9 14 10 -12 -13 13 -15 17 -17 23 -19 21 -21 -22 -23 -24 24 -26 -27 27 -29 -30 -31
leaf_value=0.00050536875548253793 0.15444136481199947 -0.042497929902030877 -0.010777909105486106 0.017045099567649751 0.016904611417586313 0.10823883712291718 -0.1022646352648735 -0.00060668988999995318 0.14694030294134605 -0.034976262168493123 -0.057262479943272319 -0.099012538138777029 -0.055744469317505721 0.15774221877308769 0.069176686598464501 0.19939756354491692 -0.13097683650255204 -0.041179705965213288 -0.19495089916004377 0.042252289883177217 -0.13125305869165929 -0.029352169953996227 0.053715657099725346 0.11376171205192805 -0.03105702437997724 -0.19926971877614658 0.039086824971759186 -0.049265066635683474 0.16481263153254988 -0.12747467985997599
leaf_weight=89197 35 26 5423 471 453 36 91 22 58 72 190 56 32 45 172 20 25 39 22 218 31 42 136 30 104 30 110 259 20 24
leaf_count=89197 35 26 5423 471 453 36 91 22 58 72 190 56 32 45 172 20 25 39 22 218 31 42 136 30 104 30 110 259 20 24
internal_value=4.26485e-12 -0.00543625 -0.0046132 0.0073648 0.00512278 -0.00934152 -0.0111046 0.0209591 0.0366658 -0.00481416 -0.0153086 -0.0100628 -0.00920585 0.0690205 0.0699439 0.0946334 -0.0495903 0.0487791 -0.010256 -0.00939817 -0.0114627 -0.0862767 0.0230146 -0.0194434 0.00136508 -0.126483 -0.000220587 -0.0229271 0.0160487 0.0100381
internal_weight=97489 8292 8236 2331 2296 5905 1134 1162 722 440 398 5869 5813 77 269 42 250 211 5736 5672 5454 64 208 159 134 56 884 369 515 495
internal_count=97489 8292 8236 2331 2296 5905 1134 1162 722 440 398 5869 5813 77 269 42 250 211 5736 5672 5454 64 208 159 134 56 884 369 515 495
is_linear=0
shrinkage=0.1


Tree=74
num_leaves=31
num_cat=0
split_feature=76 42 71 19 21 7 61 6 54 23 34 28 20 29 13 13 24 22 106 15 111 11 105 37 85 15 51 10 41 7
split_gain=25.4359 39.5277 27.6337 38.7075 26.1076 25.9009 47.116 51.4295 59.7275 37.7575 55.7301 65.2765 76.6253 72.5574 74.3297 125.293 98.843 78.099 66.2128 61.4797 60.9301 53.4241 50.5191 49.1595 46.7427 68.0941 44.7124 47.5757 62.8776 46.9866
threshold=3.5000000000000004 3.6333333333333337 2.5000000000000004 1.8818990709935315 1.6346924281699651 3.0413701570080018 16.500000000000004 10.225000000000001 1.0000000180025095e-35 2.0133525424698764 0.94868421052631591 1.9750000000000003 6.2111111111111121 1.268421171653102 3.0413701570080014 2.2041230063145054 0.77500000000000013 6.1519230769230786 324.50000000000006 3.8304336172719582 4.5000000000000009 6.5869687570178703 0.45000000000000007 1.6380804171854755 7.5000000000000009 1.4952303005917593 74.100000000000009 25.425000000000001 1.3019168404345407 2.8838617020628585
decision_type=10 10 10 10 10 8 10 10 10 10 10 10 10 10 10 10 10 10 2 10 2 10 8 10 8 10 10 10 10 10
left_child=5 2 -2 4 -4 6 9 -8 -9 -1 11 12 24 14 15 16 -14 -17 -15 21 -19 -16 -18 -13 -11 -26 29 28 -28 -27
right_child=1 -3 3 -5 -6 -7 7 8 -10 10 -12 23 13 18 19 17 22 20 -20 -21 -22 -23 -24 -25 25 26 27 -29 -30 -31
leaf_value=-0.0016998934388537793 0.098590775935546215 -0.093642236247054644 -0.042975108325481418 -0.096084953770041476 0.11324559984647709 0.00075097576711005308 0.20357307417487558 -0.079157264716923248 0.13132639538783294 0.0001813278010637908 -0.04895710147257968 -0.15524145235808998 -0.13167716767038071 -0.12880270035626989 -0.19000671729445459 0.33993595232340423 -0.0070205410742346435 0.22637709679788559 0.029364471939408172 0.10325443988496608 0.027696321001558596 0.01331582528849443 0.10610941525060431 0.0091078965824895677 -0.097254123735500686 -0.020717308916668994 0.15194111608940622 0.16029430770625672 -0.033976527759484176 -0.10352439957742508
leaf_weight=11524 23 74 20 40 23 82852 22 28 26 1001 404 52 31 48 28 22 64 29 59 22 33 24 103 28 133 564 23 24 87 78
leaf_count=11524 23 74 20 40 23 82852 22 28 26 1001 404 52 31 48 28 22 64 29 59 22 33 24 103 28 133 564 23 24 87 78
internal_value=-1.50144e-11 -0.0375566 0.00159751 -0.0252801 0.0405848 6.94714e-05 -0.00383618 0.0746933 0.0221867 -0.00425119 -0.0145421 -0.00887408 -0.00587888 0.0306186 0.0523215 0.0757286 0.0323129 0.178066 -0.041589 -0.0368785 0.120628 -0.0961655 0.0627542 -0.0977192 -0.0147262 -0.0311425 -0.0198115 0.0327295 0.00489716 -0.030778
internal_weight=97489 180 106 83 43 97309 14457 76 54 14381 2857 2453 2373 463 356 282 198 84 107 74 62 52 167 80 1910 909 776 134 110 642
internal_count=97489 180 106 83 43 97309 14457 76 54 14381 2857 2453 2373 463 356 282 198 84 107 74 62 52 167 80 1910 909 776 134 110 642
is_linear=0
shrinkage=0.1


Tree=75
num_leaves=31
num_cat=0
split_feature=102 109 10 110 22 103 28 3 111 47 44 110 91 7 109 27 88 21 25 83 1 11 10 53 5 106 37 18 43 39
split_gain=24.9172 56.705 93.7983 50.7043 49.5686 47.427 42.0096 40.7796 40.2594 93.2434 70.2908 44.797 44.4709 39.1133 63.977 39.2464 52.2613 53.7205 52.3801 67.1735 60.7128 57.9357 50.2394 47.9694 40.7054 42.4834 37.5916 41.5017 36.9834 35.3554
threshold=5.5000000000000009 32.833675564681734 29.225000000000005 77.500000000000014 5.8535714285714286 0.59450000000000014 2.1750000000000003 11.474476506783615 14.500000000000002 2.2230843128164879 2.1055555555555561 76.500000000000014 6.5000000000000009 12.499999839999996 23.190965092402468 0.85793099469161826 20.850000000000005 1.8287822299126943 1.0477225575051665 207.50000000000003 10.966790778847223 5.2903835285612582 21.025000000000002 37.500000000000007 11.608088717889942 90.500000000000014 1.9039118320563839 2.5500000000000003 1.1178102700547354 1.7191698905998378
decision_type=8 2 10 2 10 2 10 10 2 8 8 2 10 10 2 10 10 10 10 10 10 10 10 8 10 2 10 10 10 10
left_child=-1 2 6 -4 26 29 8 -5 9 13 -10 -11 -12 15 -15 24 22 -18 23 21 28 -20 -17 -19 -2 -26 27 -3 -21 -6
right_child=1 4 3 7 5 -7 -8 -9 10 11 12 -13 -14 14 -16 16 17 18 19 20 -22 -23 -24 -25 25 -27 -28 -29 -30 -31
leaf_value=0.00040901406500955695 -0.00022326401785937124 0.02924107389942724 0.18619417763418622 0.13932121385633947 0.018353865817189216 -0.22857193968914175 0.1140230371520437 -0.022722322384758697 -0.0071668036704297432 0.15133074645239575 -0.038892862509946904 0.041012429428242507 -0.15695996209979057 0.20829781310065934 -0.0052143994511829484 0.0024407624721205163 -0.001691144767902223 -0.17895029645275187 0.093837595979372662 0.21644440293312073 -0.065927834539777713 -0.083154562497811946 0.13393800003510534 -0.061988101083785302 0.14449048428199229 0.026918934881687163 0.094560130070085124 -0.086562214468029294 0.035087255939193394 -0.16002747461199762
leaf_weight=91500 817 49 36 25 25 27 29 41 2855 52 517 126 34 23 36 243 308 54 21 22 27 155 33 100 39 145 23 84 23 20
leaf_count=91500 817 49 36 25 25 27 29 41 2855 52 517 126 34 23 36 243 308 54 21 22 27 155 33 100 39 145 23 84 23 20
internal_value=9.54364e-12 -0.00624892 -0.00431316 0.0907295 -0.0551609 -0.123794 -0.00602624 0.0386578 -0.00664462 0.00382027 -0.0134778 0.0732403 -0.0461783 -0.0022192 0.0780192 -0.00460171 -0.0187622 -0.0331164 -0.0571934 -0.0287485 0.0526213 -0.0620362 0.0181633 -0.103001 0.00934662 0.051839 -0.0234842 -0.0438978 0.123751 -0.0609267
internal_weight=97489 5989 5761 102 228 72 5659 66 5630 2224 3406 178 551 2046 59 1987 986 710 402 248 72 176 276 154 1001 184 156 133 45 45
internal_count=97489 5989 5761 102 228 72 5659 66 5630 2224 3406 178 551 2046 59 1987 986 710 402 248 72 176 276 154 1001 184 156 133 45 45
is_linear=0
shrinkage=0.1


Tree=76
num_leaves=31
num_cat=0
split_feature=104 23 73 51 21 82 110 18 83 15 33 105 53 94 28 27 19 49 91 94 36 84 23 80 24 89 97 23 11 109
split_gain=24.7716 49.4339 51.9015 49.5299 41.1179 37.5704 36.5931 58.0127 79.8088 68.8443 64.8329 48.9186 49.5155 103.495 62.9884 58.8466 53.5655 44.6906 44.5258 42.9738 42.7089 34.3658 89.1279 49.6814 40.2996 50.4844 47.0783 44.7603 43.8505 37.9664
threshold=103.35000000000001 3.2783091044126516 9.5000000000000018 56.95000000000001 2.1147592520705518 283.50000000000006 77.500000000000014 5.6750000000000007 287.50000000000006 2.9750281531653884 0.9457461698162889 0.90000000000000013 33.500000000000007 3.5000000000000004 1.8535714285714289 1.077545574753892 2.783867696928056 53.150000000000013 7.5000000000000009 3.5000000000000004 3.3666666666666671 30.500000000000004 2.5319202792361786 183.15000000000006 0.77500000000000013 7.5000000000000009 17.500000000000004 2.6425164497595595 8.6601780700373165 23.374401095140318
decision_type=2 10 10 10 10 10 2 10 10 10 10 10 10 10 10 10 10 10 10 10 10 10 10 10 10 10 2 10 10 2
left_child=1 2 6 -3 -4 -5 7 8 9 21 11 12 13 15 18 -9 -17 -15 20 -16 -14 22 -1 -24 25 -23 27 28 29 -26
right_child=-2 3 4 5 -6 -7 -8 10 -10 -11 -12 -13 14 17 19 16 -18 -19 -20 -21 -22 24 23 -25 26 -27 -28 -29 -30 -31
leaf_value=0.011172286821135753 0.00034245557128545251 -0.18072974587480228 -0.031312393430959096 0.02720260536670685 0.13490628711398409 -0.09478434695332659 -0.013338793996410914 -0.17432120821128291 0.16198005754696698 0.18479749354655328 0.13099518306553365 0.065817812326937342 -0.20808873788364946 0.20300606157009804 0.094080458793111832 -0.091686071316863224 0.079183196509256967 0.010023784420142573 -0.25262750243318494 -0.095819370206803658 -0.023387364754753729 -0.067524763090269904 0.025938391620698182 0.21309619381067321 -0.013046502490313009 0.093089561897974751 0.11737093314528467 -0.16638632064255388 0.11350234787911179 -0.1004228123246807
leaf_weight=426 93188 30 22 50 46 51 2816 36 38 23 24 39 21 24 22 43 32 24 29 26 31 28 23 37 156 65 20 26 20 73
leaf_count=426 93188 30 22 50 46 51 2816 36 38 23 24 39 21 24 22 43 32 24 29 26 31 28 23 37 156 65 20 26 20 73
internal_value=-5.27382e-12 -0.00741984 -0.00551966 -0.0679066 0.0811297 -0.0343948 -0.00695607 0.00702041 0.0200337 0.0140204 -0.0276448 -0.0392881 -0.0535211 -0.0161729 -0.0995551 -0.069227 -0.0187819 0.106515 -0.153347 -0.00878195 -0.0979783 0.00952628 0.0272439 0.141352 -0.0126664 0.0447326 -0.0307617 -0.041535 -0.0284983 -0.0409001
internal_weight=97489 4301 4170 131 68 101 4102 1286 935 897 351 327 288 159 129 111 75 48 81 48 52 874 486 60 388 93 295 275 249 229
internal_count=97489 4301 4170 131 68 101 4102 1286 935 897 351 327 288 159 129 111 75 48 81 48 52 874 486 60 388 93 295 275 249 229
is_linear=0
shrinkage=0.1


Tree=77
num_leaves=31
num_cat=0
split_feature=100 26 48 104 5 50 109 92 13 43 48 43 27 27 73 15 9 92 23 84 13 28 7 19 3 23 17 23 65 107
split_gain=24.4701 39.5115 77.2927 54.3608 65.3711 63.5159 51.609 46.6659 67.2455 68.1165 63.384 56.106 53.2283 57.8073 51.8653 58.5023 48.6219 48.0422 58.7317 47.4583 46.7507 59.1415 45.4538 61.7808 54.5276 44.7629 96.9068 51.4685 47.7373 51.6396
threshold=1.0000000180025095e-35 1.9500000000000002 36.650000000000013 110.95000000000002 6.9846363351796574 7.1500000000000012 20.091718001368928 3.5000000000000004 2.469734831190463 2.6925663951105041 19.850000000000005 2.2582094138490336 1.4794846360821885 1.2708567691023445 10.500000000000002 1.2671032908556688 4.8554092786890353 1.5000000000000002 2.3239813938151861 38.500000000000007 2.2582094138490336 2.2250000000000005 9.3220154060852565 3.0523202998496379 10.659278691455325 2.7130730307759361 2.4479896010710323 2.935938826319779 4.5000000000000009 2021.5000000000002
decision_type=2 10 10 2 8 10 2 10 8 10 10 10 8 10 8 10 10 10 10 10 10 10 10 10 10 10 10 10 10 2
left_child=-1 -2 3 4 -3 25 -6 8 9 11 17 14 13 -12 15 -8 -9 -10 -19 -18 21 22 23 -17 -25 28 -27 -28 29 -5
right_child=1 2 -4 5 6 -7 7 16 10 -11 12 -13 -14 -15 -16 20 19 18 -20 -21 -22 -23 -24 24 -26 26 27 -29 -30 -31
leaf_value=-0.0015878072000787655 0.0010213712186603388 0.18853199198842049 -0.071776566608490328 0.096125296075992739 0.12088206932683916 0.17242503503435536 0.17303815015724727 -0.054610876815441328 -0.014041246436905153 0.1899627258154479 0.0099233234937809705 -0.13002696081444071 -0.055847993986429395 0.17500192838006429 0.15836275846511128 0.015888387744448017 0.18331002871195476 -0.049667417977967962 -0.17415761187898393 0.044260230051284592 0.077034247790773724 -0.097457581714018082 0.13311836891449416 -0.0029550511017441754 -0.23646649390459062 -0.12662454053284009 -0.054443466849625116 0.12994331637079395 0.076967367105908804 -0.055572753117391564
leaf_weight=48637 47032 20 95 34 38 38 21 39 101 22 79 27 74 29 25 210 30 89 66 135 69 67 26 20 20 47 24 41 268 66
leaf_count=48637 47032 20 95 34 38 38 21 39 101 22 79 27 74 29 25 210 30 89 66 135 69 67 26 20 20 47 24 41 268 66
internal_value=2.05603e-11 0.00158082 0.0160379 0.0208741 0.00924464 0.0479721 0.00622379 0.00243179 -0.00693173 0.0178624 -0.0356318 0.0100558 0.00948487 0.05425 0.0183139 0.010228 0.0458069 -0.0677069 -0.102676 0.069542 0.0019294 -0.0131792 0.00727974 -0.00580748 -0.119711 0.0381196 -0.017235 0.061862 0.0549666 -0.00399542
internal_weight=97489 48852 1820 1725 1207 518 1187 1149 945 507 438 485 182 108 458 433 204 256 155 165 412 343 276 250 40 480 112 65 368 100
internal_count=97489 48852 1820 1725 1207 518 1187 1149 945 507 438 485 182 108 458 433 204 256 155 165 412 343 276 250 40 480 112 65 368 100
is_linear=0
shrinkage=0.1


Tree=78
num_leaves=31
num_cat=0
split_feature=94 83 55 91 15 21 20 43 47 45 61 9 29 86 1 27 39 55 82 91 44 13 104 102 88 22 77 3 67 45
split_gain=23.9698 41.8679 44.7805 53.8644 55.0406 41.9354 49.4964 57.0307 40.2048 86.9042 98.5723 64.1254 50.7443 45.6559 41.2943 69.6491 91.3324 79.3579 61.2594 46.5533 57.2918 69.8982 43.7472 42.4875 41.2242 57.3995 52.7087 48.6287 40.8278 40.7101
threshold=1.0000000180025095e-35 513.50000000000011 57.500000000000007 8.5000000000000018 2.9938743696300958 1.8393833349049538 5.6333333333333337 1.1178102700547354 1.6265340057008615 1.5105443741965729 10.500000000000002 7.6724614413784549 0.96644555865403248 2.5000000000000004 8.9905227868388859 1.1761495463774236 1.8760169273024005 49.500000000000007 61.500000000000007 5.5000000000000009 2.2678571428571432 3.0889514691594706 115.45000000000002 2.5000000000000004 45.150000000000013 4.9045454545454552 8.5000000000000018 11.966121157363608 5.5000000000000009 1.7654076557347687
decision_type=10 10 10 10 10 10 10 10 10 10 10 10 10 8 10 10 10 10 10 10 10 10 2 10 10 10 10 10 10 10
left_child=1 2 5 4 -4 6 -1 -8 9 13 28 12 -12 -7 15 17 18 19 -17 -15 21 23 -19 -21 25 -10 -26 -27 -11 -30
right_child=-2 -3 3 -5 -6 8 7 -9 24 10 11 -13 -14 14 -16 16 -18 22 -20 20 -22 -23 -24 -25 26 27 -28 -29 29 -31
leaf_value=-0.0012355928422914161 0.00094225891595799615 -0.14375090052684147 0.051817136676745673 0.17623612284660339 -0.045267073219888904 -0.059768242660519028 -0.012593351908285042 0.18102451795712116 -0.024842515723776624 -0.011615928827763789 0.07809223696323378 0.016135306283831596 0.25652333712457004 -0.034669531212323065 0.0013174601535692568 0.070986537798825231 0.16427774530296263 -0.17769114854660903 -0.02570103358803897 0.0075608957809474298 0.17776804238557817 0.1723872384499936 -0.0049842775054275996 -0.10699975099414588 -0.016431163395247837 -0.055111665297941918 0.12597077071666718 -0.1714895577886357 0.021770781835159625 0.15307662768120117
leaf_weight=20551 71625 21 197 25 83 193 29 32 587 275 28 38 37 1009 1680 90 38 55 241 131 20 21 20 43 101 116 35 52 83 33
leaf_count=20551 71625 21 197 25 83 193 29 32 587 275 28 38 37 1009 1680 90 38 55 241 131 20 21 20 43 101 116 35 52 83 33
internal_value=1.30148e-11 -0.00260939 -0.0024947 0.0355958 0.0230386 -0.00294961 -0.000968615 0.0889767 -0.0112388 -0.00699346 0.032298 0.119331 0.179661 -0.012475 -0.00974867 -0.0208944 0.0174455 -0.0317854 0.000588638 -0.0256671 0.0165813 4.93337e-05 -0.131636 -0.0207501 -0.0304641 -0.0395933 0.0202164 -0.0911334 0.00937116 0.059125
internal_weight=97489 25864 25843 305 280 25538 20612 61 4926 4035 494 103 65 3541 3348 1668 369 1299 331 1224 215 195 75 174 891 755 136 168 391 116
internal_count=97489 25864 25843 305 280 25538 20612 61 4926 4035 494 103 65 3541 3348 1668 369 1299 331 1224 215 195 75 174 891 755 136 168 391 116
is_linear=0
shrinkage=0.1


Tree=79
num_leaves=31
num_cat=0
split_feature=96 20 45 28 8 108 7 28 28 26 65 28 15 16 12 43 61 83 7 1 18 21 52 7 49 46 23 48 5 4
split_gain=23.7512 47.4403 64.814 92.624 82.2676 74.8847 69.6288 141.222 63.6466 63.0517 77.946 69.8058 67.8463 68.6027 83.8405 69.0849 64.0729 60.4415 61.8922 69.0434 86.6409 68.9379 72.4216 65.4635 72.3917 83.528 64.3678 62.0877 63.1554 59.4033
threshold=196.50000000000003 6.5357142857142865 1.4818885965154671 0.64852941176470602 17.250000000000004 8.5000000000000018 3.4278195413804746 1.2426470588235297 1.0954545454545457 1.9500000000000002 4.5000000000000009 1.925 3.2350997624624118 5.0544117647058835 4.9000000000000012 2.0615171442623468 20.500000000000004 453.50000000000006 3.840567357435217 5.1984613099213286 8.2666666666666675 2.4431213241527758 8.5000000000000018 4.6097690384871344 48.050000000000004 1.2899159663865549 2.8743420208588026 18.950000000000003 10.281313529636538 46.487500000000004
decision_type=2 10 10 10 10 2 10 10 10 10 8 10 10 10 10 10 8 8 8 10 10 10 10 10 10 10 8 10 10 10
left_child=1 -1 17 -4 8 6 7 -6 -5 11 -11 12 13 16 -15 -16 -8 18 27 20 -20 23 -23 -21 25 -25 -24 -3 -29 -12
right_child=-2 2 3 4 5 -7 9 -9 -10 10 29 -13 -14 14 15 -17 -18 -19 19 21 -22 22 26 24 -26 -27 -28 28 -30 -31
leaf_value=0.0056724851584889898 -0.00073401433784823741 0.042051348378953086 0.19684128057956696 -0.0034030806878581643 0.2879776856303215 -0.06959492895568227 0.0060438567224596427 -0.036346279572823957 0.1138226860588078 -0.096461851745843888 0.11923273632345213 -0.13287021448764869 0.14953707462107693 -0.2503885536144177 0.015729063194954679 -0.18364809369668367 -0.11953971493382787 0.035526416805843196 -0.055714691606051518 -0.22664257067221183 -0.27317852073216015 -0.033592280818399857 0.13588724306856212 0.18919217843901029 -0.093969300338541145 -0.065585795141035505 -0.010120992142603631 -0.11949423294104006 0.053255046926664586 -0.017152812679608661
leaf_weight=14638 79834 196 25 80 25 162 736 29 110 30 110 46 27 24 63 24 43 155 53 27 28 543 52 22 167 31 72 59 33 45
leaf_count=14638 79834 196 25 80 25 162 736 29 110 30 110 46 27 24 63 24 43 155 53 27 28 543 52 22 167 31 72 59 33 45
internal_value=2.90486e-11 0.00331913 -0.00809895 0.00588839 0.00281643 -0.00577091 0.002831 0.113804 0.0644645 -0.00238897 0.0510804 -0.0126609 -0.00663073 -0.0113684 -0.0849185 -0.0392715 -0.000888227 -0.0234578 -0.0305837 -0.0424002 -0.130887 -0.0345584 -0.0178459 -0.0796889 -0.0616537 0.0401711 0.0511083 0.0102407 -0.0575298 0.0796369
internal_weight=97489 17655 3017 1579 1554 1364 1202 54 190 1148 185 963 917 890 111 87 779 1438 1283 995 81 914 667 247 220 53 124 288 92 155
internal_count=97489 17655 3017 1579 1554 1364 1202 54 190 1148 185 963 917 890 111 87 779 1438 1283 995 81 914 667 247 220 53 124 288 92 155
is_linear=0
shrinkage=0.1


Tree=80
num_leaves=31
num_cat=0
split_feature=97 14 92 25 6 86 25 18 10 37 4 20 25 19 25 77 21 94 53 15 91 50 5 82 33 22 1 13 21 80
split_gain=24.274 54.7485 71.7733 48.5012 44.9616 70.9662 67.2607 53.3583 48.3627 43.9516 44.957 42.4383 40.4338 39.497 67.3973 68.3633 56.8597 42.9491 75.7361 45.7429 48.6511 42.4239 40.0835 38.7457 37.4152 61.1201 46.2892 42.7126 42.7102 38.6106
threshold=15.500000000000002 1.9500000000000002 1.0000000180025095e-35 1.1178102700547354 12.266666666666667 97.500000000000014 1.5543320308680684 5.1000000000000005 14.806250000000002 1.297417464888168 28.307500000000005 3.8166666666666669 3.0686287323941914 4.387478493669545 0.76180168105713697 4.5000000000000009 3.6552846556190253 4.5000000000000009 41.500000000000007 2.9570982949692772 5.5000000000000009 5.9500000000000011 6.0637295049450879 206.50000000000003 0.67080761218860996 5.7750000000000012 13.369891547750173 2.6925663951105041 2.9897973218411908 1120.45
decision_type=2 10 8 10 10 10 10 10 10 10 10 10 10 8 8 10 8 10 10 8 10 10 10 10 10 10 8 10 10 10
left_child=12 2 -2 11 5 24 7 9 -9 -7 -11 -4 -1 22 15 -15 23 19 -19 21 -21 -18 -6 -16 26 -26 27 29 -27 -3
right_child=1 4 3 -5 13 6 -8 8 -10 10 -12 -13 -14 14 16 -17 17 18 -20 20 -22 -23 -24 -25 25 28 -28 -29 -30 -31
leaf_value=-0.00057243615220058379 -0.025877581733577654 0.010178075847579749 0.15879687607909243 0.23606762569397688 0.12909616667570339 -0.10389825033822231 0.084040579448143637 -0.1805266888642853 -0.033720678616972533 0.093037775601889638 -0.053647476604479986 -0.0067568804137408739 -0.13317964711914893 -0.065359924043770196 -0.071237891038449908 0.13859281309303784 0.013625678947816293 -0.2104986310005188 0.0394531632011587 0.072237246077169068 -0.11374338567256928 0.19527465105056763 0.0070847780108987722 -0.21714495255478791 -0.0077956846484393636 -0.15171152581186856 0.11329492363250918 -0.057372207438226713 0.020711435303092003 0.098611299452130444
leaf_weight=84850 53 576 30 26 27 56 30 66 34 37 48 32 23 27 52 42 36 27 22 22 39 20 9763 28 1267 51 45 86 20 54
leaf_count=84850 53 576 30 26 27 56 30 66 34 37 48 32 23 27 52 42 36 27 22 22 39 20 9763 28 1267 51 45 86 20 54
internal_value=1.66317e-11 0.00409277 0.0660563 0.121426 0.00339242 -0.00900396 -0.0571625 -0.0747396 -0.130613 -0.0351134 0.0102038 0.0733498 -0.000608372 0.00629983 -0.028554 0.0587852 -0.0530515 -0.0196762 -0.0982754 0.0132414 -0.0466684 0.0785003 0.00742128 -0.122305 -0.00278625 -0.0128552 0.014917 0.00873404 -0.103142 0.0177581
internal_weight=97489 12616 141 88 12475 2370 271 241 100 141 85 62 84873 10105 315 69 246 166 49 117 61 56 9790 80 2099 1338 761 716 71 630
internal_count=97489 12616 141 88 12475 2370 271 241 100 141 85 62 84873 10105 315 69 246 166 49 117 61 56 9790 80 2099 1338 761 716 71 630
is_linear=0
shrinkage=0.1


Tree=81
num_leaves=31
num_cat=0
split_feature=104 8 95 6 22 39 37 1 30 47 28 20 20 81 5 89 86 21 72 0 19 88 19 18 85 25 22 14 88 3
split_gain=23.7198 62.9164 69.6337 47.5297 95.6968 60.793 56.9942 85.9765 50.3986 56.2149 50.921 47.4876 77.9021 47.1628 46.7904 50.8233 45.0516 44.9042 44.1548 56.2433 110.944 55.5644 55.2375 53.4879 61.535 59.3824 50.3177 84.4098 49.3838 78.0609
threshold=113.75000000000001 32.750000000000007 4.5000000000000009 33.900000000000006 5.2583333333333337 2.0803307417005787 2.5132957790129056 11.420945670127322 0.77500000000000013 2.024512172868798 1.5857142857142861 10.050000000000002 8.2250000000000014 1409.5000000000002 12.605452036822291 32.500000000000007 174.50000000000003 2.2141320338430748 1.0000000180025095e-35 60.850000000000016 2.5132957790129056 61.750000000000007 4.6475675636443503 10.700000000000001 15.500000000000002 1.3227406337702019 7.8166666666666673 4.5277777777777786 53.150000000000013 10.271319292064284
decision_type=2 10 10 10 10 10 10 10 10 10 10 10 10 10 10 10 10 10 10 10 10 10 10 10 10 10 10 10 10 8
left_child=3 13 14 18 17 8 7 -7 11 10 -10 12 -6 16 15 -3 -2 -5 22 21 -21 28 -1 24 25 -24 27 -26 -20 -30
right_child=1 2 -4 4 5 6 -8 -9 9 -11 -12 -13 -14 -15 -16 -17 -18 -19 19 20 -22 -23 23 -25 26 -27 -28 -29 29 -31
leaf_value=-0.0013596127526526007 0.002614581945351982 -0.13379296580398525 0.19154100758688791 0.0092292410442057788 -0.099843659749111302 -0.053763724063438448 -0.078531822096556431 0.13701952416084559 -0.050315773929908596 -0.12976030301875793 0.10023120778302352 0.029898698326377645 -0.29593462156675138 -0.028300384594112396 0.094563557535271958 0.062091823853552344 0.055053901902089523 0.14121069690665686 0.0043465756853145812 -0.043658932779605197 0.15261200758007665 -0.030116733737730036 -0.043972492144456594 -0.17683418097772771 0.12263477195439668 -0.2175279393144276 0.16160581826191883 -0.099185901312601008 -0.010177383202715183 0.053632406618689649
leaf_weight=64241 23127 27 35 85 130 44 56 51 53 39 39 21 24 492 54 26 165 37 7091 48 72 424 138 28 29 23 23 42 303 522
leaf_count=64241 23127 27 35 85 130 44 56 51 53 39 39 21 24 492 54 26 165 37 7091 48 72 424 138 28 29 23 23 42 303 522
internal_value=-1.81062e-11 0.0027351 0.069101 -0.000889576 -0.0294278 -0.0504332 0.00148748 0.0486568 -0.0760543 -0.0291479 0.0135031 -0.111167 -0.130403 0.00233886 0.0290506 -0.0376985 0.00298606 0.0492564 -0.000663175 0.00612965 0.0741036 0.00515161 -0.00155381 -0.0456366 -0.0312306 -0.0687661 0.0330589 -0.00858309 0.00704067 0.0301968
internal_weight=97489 23926 142 73563 579 457 151 95 306 131 92 175 154 23784 107 53 23292 122 72984 8460 120 8340 64524 283 255 161 94 71 7916 825
internal_count=97489 23926 142 73563 579 457 151 95 306 131 92 175 154 23784 107 53 23292 122 72984 8460 120 8340 64524 283 255 161 94 71 7916 825
is_linear=0
shrinkage=0.1


Tree=82
num_leaves=31
num_cat=0
split_feature=89 20 111 4 36 49 3 0 71 15 7 37 26 38 92 79 2 88 111 28 23 6 8 22 20 38 41 91 4 10
split_gain=22.6832 44.0999 37.2093 34.7277 63.4503 49.8469 47.5112 40.4094 37.72 35.2312 51.4559 61.415 52.7007 82.4745 60.8829 48.0513 43.3163 88.7203 72.7053 67.6482 57.127 60.7344 49.378 43.71 44.9102 49.6208 59.8771 48.6818 50.1259 87.2363
threshold=1.5000000000000002 7.2500000000000009 2.5000000000000004 13.975000000000003 1.9000000000000001 21.650000000000002 8.0473494601039608 13.190000000000003 2.5000000000000004 1.5057429613629389 5.1234730594055646 3.0165750888103111 2.0500000000000003 2.2928571428571431 2.5000000000000004 6.5000000000000009 42.705000000000013 37.45000000000001 29.500000000000004 0.8973684210526317 2.4747534720536897 27.100000000000005 26.650000000000002 8.9750000000000014 7.2500000000000009 3.2678571428571432 1.6205903716295447 7.5000000000000009 35.382500000000014 21.425000000000001
decision_type=10 10 2 10 10 8 8 8 10 10 10 10 10 10 10 10 10 10 2 10 10 10 10 10 10 10 10 10 10 10
left_child=1 2 -1 4 7 -5 -6 -2 -8 10 -7 12 16 14 -14 -15 23 22 19 -19 -21 -22 -18 24 27 26 -26 -12 -29 -30
right_child=3 -3 -4 5 6 9 8 -9 -10 -11 11 -13 13 15 -16 -17 17 18 -20 20 21 -23 -24 -25 25 -27 -28 28 29 -31
leaf_value=0.094202425431560821 0.00032987110688044934 -0.15093076920935089 -0.0064266833519876767 -0.020362751845421669 0.12663485606555158 -0.014157311995734981 0.0038016847419467844 0.014449914120792544 0.13872883915901185 0.00074123560953072768 0.00064086130978891235 -0.15849955727656684 0.07242599078003438 0.094552198894645861 0.29295154096824783 -0.09621546991890477 -0.27720896276560697 -0.18288231747081649 0.16254429341781707 0.078960094137155282 0.05139320002448175 -0.12745453240920088 -0.060106277465820312 0.12926221410571426 -0.065153024852043023 -0.1551690830928939 0.082703274526657211 0.065146817240446561 -0.19104951989391578 0.040265723396026132
leaf_weight=37 6350 21 5342 1219 71 4099 121 2977 25 72389 3986 24 31 23 21 31 22 26 21 49 31 49 20 27 92 35 39 232 23 56
leaf_count=37 6350 21 5342 1219 71 4099 121 2977 25 72389 3986 24 31 23 21 31 22 26 21 49 31 49 20 27 92 35 39 232 23 56
internal_value=1.03081e-11 -0.00629915 -0.0057345 0.000369375 0.0060804 -0.000290944 0.0595359 0.00483672 0.0269056 9.91342e-06 -0.00591374 0.00107064 0.00186617 0.0715963 0.161484 -0.0149626 0.000296201 -0.0432352 -0.0120713 -0.0357289 -0.00607006 -0.058151 -0.173827 0.00240975 0.00164233 -0.049395 -0.0211347 0.00361398 0.0417196 -0.0270792
internal_weight=97489 5400 5379 92089 9544 82545 217 9327 146 81326 8937 4838 4814 106 52 54 4708 218 176 155 129 80 42 4490 4463 166 131 4297 311 79
internal_count=97489 5400 5379 92089 9544 82545 217 9327 146 81326 8937 4838 4814 106 52 54 4708 218 176 155 129 80 42 4490 4463 166 131 4297 311 79
is_linear=0
shrinkage=0.1


Tree=83
num_leaves=31
num_cat=0
split_feature=82 85 90 16 5 52 60 18 4 7 12 39 91 59 1 8 22 41 9 3 12 31 47 19 13 49 16 89 43 18
split_gain=23.0022 40.7254 32.3212 66.9954 57.8203 54.5122 66.0463 64.6192 84.8126 83.7975 83.537 64.7416 56.8344 65.7085 58.9219 56.6362 52.3223 69.1689 51.8793 62.7072 77.6731 57.369 55.9012 50.644 50.1493 63.297 51.8249 49.2948 58.2606 55.4503
threshold=548.50000000000011 15.500000000000002 4.5000000000000009 3.6583333333333337 9.1323708514353807 5.5000000000000009 5.5000000000000009 2.9000000000000004 22.212500000000009 2.6188183008788219 2.7750000000000004 1.4031488753667809 7.5000000000000009 11.500000000000002 9.7726659612169993 11.316666666666668 7.0250000000000012 1.6890193532369737 7.5428405994574765 8.6415822881067115 3.1000000000000005 0.82657830373090091 1.3430726352864193 2.5689727889526757 1.9364486375644641 45.750000000000007 3.1026315789473689 23.500000000000004 2.0246950765959606 7.6333333333333337
decision_type=10 10 10 10 10 8 10 10 10 10 10 10 10 10 10 10 10 10 10 10 10 10 10 10 10 10 10 10 10 10
left_child=2 -2 -1 4 16 7 12 -6 9 -9 -11 24 -7 14 -14 -13 -4 -18 19 20 -10 22 -21 -22 -12 26 -26 28 29 -20
right_child=1 -3 3 -5 5 6 -8 8 18 10 11 15 13 -15 -16 -17 17 -19 27 21 23 -23 -24 -25 25 -27 -28 -29 -30 -31
leaf_value=-0.0014868592689580966 -0.12642327457152566 -0.0073610651930299774 0.0038826356711254974 0.00070360335317988228 0.013971761173370317 0.0003582981843889381 0.12820927133517607 -0.07886611773417547 0.23318576477468014 0.24866829141471031 -0.027280000864334825 0.25740404312099729 -0.25785142177343373 0.059597049977468411 -0.063949952220510961 0.074799941305184012 -0.20409735391980838 0.027254193120946485 0.030862849243745511 -0.078110177813338982 -0.012252920709917663 0.055952781015851855 0.012077246373778003 0.14655545364533151 -0.02812461888586933 0.21500481640299163 0.13365974790520138 0.014844089724744361 0.20242149325587402 0.19771102333068849
leaf_weight=49417 29 3072 2908 38970 1364 480 35 26 24 37 53 35 25 23 42 33 28 24 98 140 71 96 135 28 44 30 36 120 41 25
leaf_count=49417 29 3072 2908 38970 1364 480 35 26 24 37 53 35 25 23 42 33 28 24 98 140 71 96 135 28 44 30 36 120 41 25
internal_value=-1.08569e-11 -0.00847451 0.00027842 0.00221822 0.012054 0.0217383 -0.00512751 0.0284106 0.0467824 0.0925385 0.109167 0.086823 -0.0133149 -0.0862383 -0.136301 0.168787 0.00210476 -0.0973197 0.0294916 0.00991199 0.0717891 -0.0106025 -0.0338364 0.0326626 0.0526293 0.091131 0.0446783 0.063549 0.0991867 0.0647751
internal_weight=97489 3101 94388 44971 6001 3041 605 2436 1072 294 268 231 570 90 67 68 2960 52 778 494 123 371 275 99 163 110 80 284 164 123
internal_count=97489 3101 94388 44971 6001 3041 605 2436 1072 294 268 231 570 90 67 68 2960 52 778 494 123 371 275 99 163 110 80 284 164 123
is_linear=0
shrinkage=0.1


Tree=84
num_leaves=31
num_cat=0
split_feature=104 19 87 45 106 97 29 104 21 91 23 48 67 5 52 82 16 80 87 102 74 23 109 7 83 103 1 29 84 104
split_gain=22.2351 50.2014 45.8401 65.1567 33.3182 27.1429 44.2931 95.3564 56.1585 39.8091 38.336 77.8315 74.9324 62.3107 86.3272 74.8815 69.0862 114.566 58.7921 57.903 74.1562 58.9976 59.6032 58.0632 60.233 67.0094 56.0126 53.619 53.1858 52.8386
threshold=100.25000000000001 3.2015525958552531 93.500000000000014 1.6482305137328706 309.50000000000006 15.500000000000002 1.8191232363882694 109.35000000000001 2.4723457705993055 9.5000000000000018 2.0546623583082053 -1.2499999999999998 9.0000000000000018 8.7219045179568244 17.500000000000004 29.500000000000004 2.2052631578947373 1383.5500000000002 20.500000000000004 1.5000000000000002 1.0000000180025095e-35 2.7584220834857138 22.963723477070506 10.242068939807693 343.50000000000006 0.23150000000000004 3.2196273038789287 1.019904186645846 13.500000000000002 119.50000000000001
decision_type=2 10 8 10 2 2 8 2 10 10 8 8 10 8 10 8 8 10 10 10 10 10 2 10 10 2 8 10 8 2
left_child=1 2 3 -1 -4 10 -7 8 -8 -10 12 -12 -2 14 19 18 17 28 29 -13 21 23 -23 24 25 -21 -18 -24 -17 -15
right_child=5 -3 4 -5 -6 6 7 -9 9 -11 11 13 -14 15 -16 16 26 -19 -20 20 -22 22 27 -25 -26 -27 -28 -29 -30 -31
leaf_value=-0.010173328193233848 0.00068898066260806266 -0.12437418091687419 -0.020529294795086306 0.14404764113755061 -0.16835993163287641 0.0038959574996984096 0.096344762155786162 0.21252608791692185 -0.13507866957064332 0.041090493746425795 -0.077828225122869646 -0.047994350794191322 0.1411567040277939 -0.015749870494505953 0.14694059732137249 0.1324101265165068 -0.052886033821476622 0.2210053429938853 -0.082879141251776978 0.074807114684898854 0.1050711959213862 0.018869915515980096 -0.10761574459316976 0.14097203279917056 0.078024278013770917 -0.016410161913569161 0.00049138349572077592 -0.02795604127459228 0.014268920458162119 0.11782187554364404
leaf_weight=495 61765 42 31 29 30 12168 44 32 29 23 142 539 38 2312 32 42 199 32 131 84 53 103 170 26 76 1952 16261 168 411 30
leaf_count=495 61765 42 31 29 30 12168 44 32 29 23 142 539 38 2312 32 42 199 32 131 84 53 103 170 26 76 1952 16261 168 411 30
internal_value=-1.19039e-11 -0.0187709 -0.0111891 -0.0016382 -0.0932329 0.000121506 0.00451153 0.0630297 0.0131976 -0.0571577 -0.000516809 -0.0040251 0.000775348 -0.00356181 -0.0164844 -0.00143023 0.000942106 0.03814 -0.0176855 -0.0181336 -0.0120185 -0.0144247 -0.0477272 -0.00755553 -0.00938399 -0.0126468 -0.000153945 -0.0680216 0.0252224 -0.0140389
internal_weight=97489 627 585 524 61 96862 12296 128 96 52 84566 22763 61803 22621 3203 19418 16945 485 2473 3171 2632 2579 441 2138 2112 2036 16460 338 453 2342
internal_count=97489 627 585 524 61 96862 12296 128 96 52 84566 22763 61803 22621 3203 19418 16945 485 2473 3171 2632 2579 441 2138 2112 2036 16460 338 453 2342
is_linear=0
shrinkage=0.1


Tree=85
num_leaves=31
num_cat=0
split_feature=34 36 29 102 18 14 33 36 18 5 91 89 85 83 84 39 2 19 19 29 94 3 88 11 35 106 41 89 88 5
split_gain=22.4628 50.9953 38.7623 31.0365 58.223 28.2234 25.9882 53.0645 66.4053 67.9798 81.7853 64.6007 51.2844 44.347 36.0552 34.565 31.1019 30.0209 39.7538 28.6055 59.0578 47.626 35.1912 32.5523 26.9063 25.3996 23.9204 23.5433 77.3862 52.8382
threshold=1.6055555555555558 4.366666666666668 1.0016313257045504 1.5000000000000002 5.6750000000000007 17.600000000000005 1.4317807919044598 3.3666666666666671 5.1000000000000005 13.408805039798972 8.5000000000000018 27.500000000000004 9.5000000000000018 211.50000000000003 24.500000000000004 1.5652465782067826 41.175000000000011 3.6193658501904902 3.278710395895112 1.2090665032085124 3.5000000000000004 13.164120006673491 42.45000000000001 6.098325577450102 1.8478291434416281 198.50000000000003 1.9505795074294301 18.500000000000004 57.350000000000001 14.534779975870071
decision_type=8 10 10 8 10 10 10 10 10 10 10 10 10 8 8 10 10 10 10 10 10 10 10 10 10 2 8 10 10 10
left_child=6 3 -3 4 26 -5 27 11 14 10 13 12 15 -10 -9 -8 -13 18 19 24 21 23 -23 -21 -14 -25 -2 28 29 -1
right_child=1 2 -4 5 -6 -7 7 8 9 -11 -12 16 17 -15 -16 -17 -18 -19 -20 20 -22 22 -24 25 -26 -27 -28 -29 -30 -31
leaf_value=-0.00047105419646359647 -0.02215498112798657 0.015278274271016322 0.20377788864076141 -0.0032358164958532429 -0.16129731044173243 -0.11677799983458087 -0.017853428589996886 0.051864939493437616 0.14772590117958875 -0.028305232524871826 0.013632924606402717 0.013021410604317982 0.0096062410741311315 0.33623173063000045 -0.10100471736104399 -0.12886078847628651 -0.10894094216097416 -0.089760589484985054 0.14629919753254703 0.017696958878667842 0.17166252403574833 0.016381698125042022 -0.14791447628628127 0.20344318420710891 0.11228520193925272 0.062948678085400209 0.088530094902962445 0.0026062709675581065 -0.11260647689623218 -0.024063274050754577
leaf_weight=62316 822 24 20 4479 30 22 187 36 26 24 24 30 1384 24 27 33 69 26 24 71 34 32 22 22 26 31 20 26578 62 964
leaf_count=62316 822 24 20 4479 30 22 187 36 26 24 24 30 1384 24 27 33 69 26 24 71 34 32 22 22 26 31 20 26578 62 964
internal_value=-1.63761e-11 -0.00625804 0.10096 -0.00713606 -0.0244033 -0.00379079 0.000368188 0.0112282 0.0664491 0.117942 0.165373 0.00676285 0.0108833 0.238209 -0.0136506 -0.0345045 -0.0719827 0.0168553 0.0185394 0.016649 0.0508975 0.02783 -0.0505538 0.0619649 0.0114996 0.121267 -0.0195259 0.000108281 -0.000939863 -0.000830455
internal_weight=97489 5417 44 5373 872 4501 92072 2152 161 98 74 1991 1892 50 63 220 99 1672 1646 1622 212 178 54 124 1410 53 842 89920 63342 63280
internal_count=97489 5417 44 5373 872 4501 92072 2152 161 98 74 1991 1892 50 63 220 99 1672 1646 1622 212 178 54 124 1410 53 842 89920 63342 63280
is_linear=0
shrinkage=0.1


Tree=86
num_leaves=31
num_cat=0
split_feature=87 83 111 86 26 18 90 23 45 47 32 41 40 9 91 30 80 86 90 29 17 37 82 1 1 13 36 36 107 12
split_gain=22.5452 40.7972 61.3438 74.2332 103.814 92.1959 55.2857 55.1672 73.7634 81.3479 59.1756 58.7258 89.3896 75.4474 62.8557 70.4659 56.4039 86.5413 61.4126 63.2945 57.0875 55.1632 51.8792 50.1768 71.5731 47.7485 46.1103 55.1426 52.8255 49.7265
threshold=63.500000000000007 54.500000000000007 28.500000000000004 129.50000000000003 2.5500000000000003 5.4500000000000011 4.5000000000000009 3.2498986262282457 0.70315633998332439 0.68849221666644012 0.47222222222222227 1.3140754260045575 1.9750000000000003 5.7759076368578066 5.5000000000000009 0.55000000000000016 453.4500000000001 40.500000000000007 7.5000000000000009 0.65858598855265582 2.0027028506798463 1.0477225575051665 21.500000000000004 14.618173619090834 12.728098836446677 3.7749114082605817 4.9000000000000012 4.1000000000000005 2021.5000000000002 4.5500000000000007
decision_type=8 10 2 10 10 10 10 10 10 10 10 10 10 10 10 10 10 10 10 10 10 10 10 10 10 10 8 10 2 10
left_child=1 26 22 4 7 -5 -7 16 10 -10 -9 13 -13 -11 15 -14 17 18 19 -4 -19 -8 -3 24 -21 -23 27 -1 29 -29
right_child=-2 2 3 5 -6 6 21 8 9 11 -12 12 14 -15 -16 -17 -18 20 -20 23 -22 25 -24 -25 -26 -27 -28 28 -30 -31
leaf_value=-0.0012058680257044476 -0.0024936327585313714 -0.11107059211992637 0.15651671903615352 0.26147934496402742 -0.16383010653011942 0.20405239053070545 -0.1085049837231636 -0.025018899739635267 0.1996945272013545 -0.014649105579295059 -0.15687510739233285 -0.1902641740627587 0.1992616965220525 0.18632485347409403 -0.049511565097746221 -0.023971774981867883 0.010873108953248611 0.064065828166591621 0.14634817488664806 0.0073543575188422892 0.28217790784935154 0.09530453285159067 0.0015199030099079698 -0.14400301687419415 0.18567791894699137 -0.040552592599714131 -0.057360337171061287 -0.021702413323024909 -0.016455643705657535 0.089824327406649654
leaf_weight=41495 26428 41 32 23 34 20 25 77 20 47 61 32 26 31 121 31 5413 24 43 362 24 86 22414 20 24 37 145 51 117 185
leaf_count=41495 26428 41 32 23 34 20 25 77 20 47 61 32 26 31 121 31 5413 24 43 362 24 86 22414 20 24 37 145 51 117 185
internal_value=2.74676e-11 0.000927397 0.00380732 0.0122725 0.0104453 0.0737078 0.048001 0.0113729 -0.0225472 0.00467461 -0.0833032 -0.00886844 -0.0363889 0.0652252 -0.00872596 0.077854 0.0139189 0.0450848 0.0323077 0.0211119 0.173122 0.026913 0.00131433 0.0104396 0.0184418 0.0544369 -0.00106612 -0.00087106 0.0384855 0.0657232
internal_weight=97489 71061 29068 6613 6422 191 168 6388 446 308 138 288 210 78 178 57 5942 529 481 438 48 148 22455 406 386 123 41993 41848 353 236
internal_count=97489 71061 29068 6613 6422 191 168 6388 446 308 138 288 210 78 178 57 5942 529 481 438 48 148 22455 406 386 123 41993 41848 353 236
is_linear=0
shrinkage=0.1


Tree=87
num_leaves=31
num_cat=0
split_feature=46 42 21 20 42 23 45 76 9 17 5 110 27 36 42 2 11 41 23 105 87 10 45 44 88 20 111 43 19 88
split_gain=22.0856 32.9365 42.6151 39.5748 36.0744 61.4366 29.4302 44.8311 30.3706 28.6113 27.7452 27.0938 52.7919 76.7391 89.0141 63.9225 58.7085 57.0026 64.5299 78.8028 76.3577 63.4801 58.7802 54.4893 51.3942 47.568 75.7261 85.4734 72.2514 46.6463
threshold=4.7250000000000005 5.5000000000000009 2.4983322207382677 4.6333333333333337 6.5000000000000009 2.3239813938151861 1.7654076557347687 1.0000000180025095e-35 9.6520003640844507 2.3504600772540534 12.111056279306769 74.500000000000014 0.80265360933717089 3.2916666666666674 1.2250000000000003 50.595000000000013 7.1685533744282068 1.3223781467535418 2.8076493160534111 1.0000000180025095e-35 54.500000000000007 24.825000000000006 2.0193433343653777 4.9500000000000011 38.850000000000001 9.0500000000000025 12.500000000000002 1.5543320308680684 2.8722681354164297 31.650000000000002
decision_type=10 10 10 10 10 10 10 10 10 10 10 2 10 8 8 10 8 10 10 8 10 10 10 10 10 10 2 10 10 10
left_child=11 3 4 -2 5 -3 -5 9 -9 -8 -10 12 13 17 16 23 -15 29 19 -19 -20 -22 -21 -14 -24 26 27 -16 -27 -1
right_child=1 2 -4 6 -6 -7 7 8 10 -11 -12 -13 15 14 25 -17 -18 18 20 22 21 -23 24 -25 -26 28 -28 -29 -30 -31
leaf_value=0.014118179023512634 0.052963718230074099 0.11799757156906457 0.082194909295913846 -0.16676745140552521 -0.13449903828247142 -0.07527048517214624 -0.22553038254380225 -0.071648822683777855 0.089831656655844527 -0.063582676618049547 -0.040975227855866957 -0.00044932885516112868 0.00027145691303565137 0.091561871136610337 0.22336004912219148 -0.092566841032758765 0.31636539200941721 0.17064870272630028 -0.10824567181971217 -0.011184523907562745 -0.048050824993089603 0.10787356096582534 0.22821493586525321 0.13537815426786742 0.0042272502645140609 -0.16515541839599612 -0.0078018305557114743 0.024477771818637847 0.054908132867736596 0.059686413066810932
leaf_weight=1834 33 29 55 25 24 38 20 59 34 24 31 87850 6006 26 47 74 21 28 127 487 79 39 20 30 21 25 70 40 37 256
leaf_count=1834 33 29 55 25 24 38 20 59 34 24 31 87850 6006 26 47 74 21 28 127 487 79 39 20 30 21 25 70 40 37 256
internal_value=5.24283e-12 -0.0243194 0.0127013 -0.0482355 -0.0293003 0.00838285 -0.0655389 -0.0504752 -0.0197035 -0.137195 0.0274468 9.31538e-05 0.00523582 0.015736 0.067135 -0.000189563 0.192006 0.0110068 -0.0116751 0.00716614 -0.0544333 0.00348351 -0.00150339 0.000942961 0.11349 0.0403362 0.0696236 0.13192 -0.0338272 0.0196997
internal_weight=97489 372 146 226 91 67 193 168 124 44 65 97117 9267 3157 266 6110 47 2891 801 556 245 118 528 6036 41 219 157 87 62 2090
internal_count=97489 372 146 226 91 67 193 168 124 44 65 97117 9267 3157 266 6110 47 2891 801 556 245 118 528 6036 41 219 157 87 62 2090
is_linear=0
shrinkage=0.1


Tree=88
num_leaves=31
num_cat=0
split_feature=23 37 104 48 92 25 60 105 102 16 49 104 104 23 63 115 1 32 35 3 19 39 105 22 24 91 22 24 71 41
split_gain=21.5247 39.8936 58.5113 54.4539 51.1401 75.1129 47.3435 45.1109 39.0511 56.5302 48.3044 47.527 62.1924 67.3658 38.4369 37.0797 36.8373 35.5835 69.232 55.6842 58.7414 43.8621 32.8816 27.6714 52.5207 52.3255 42.6144 50.4083 77.5072 24.7607
threshold=3.7829255652028655 1.7604525947843548 117.90000000000002 42.850000000000001 1.5000000000000002 1.4916198487095664 4.5000000000000009 0.90000000000000013 1.5000000000000002 3.3038461538461541 79.15000000000002 113.15000000000002 112.15000000000002 3.9121941615792459 22.500000000000004 1.0000000180025095e-35 10.684451319532164 0.58571428571428574 0.57814224635573275 13.399894278119199 2.9832396974191338 2.1408528301277729 0.55000000000000016 11.425000000000002 1.5500000000000003 11.500000000000002 11.125000000000002 1.7750000000000001 4.5000000000000009 2.6288711905018647
decision_type=10 10 2 10 10 10 8 8 10 10 8 2 2 10 10 2 10 10 10 10 10 10 10 10 10 10 10 10 10 10
left_child=23 2 4 7 8 6 22 14 -2 -10 11 12 13 -11 17 -15 -16 18 19 20 -3 -20 -6 26 25 -25 29 28 -28 -1
right_child=1 3 -4 -5 5 -7 -8 -9 9 10 -12 -13 -14 15 16 -17 -18 -19 21 -21 -22 -23 -24 24 -26 -27 27 -29 -30 -31
leaf_value=9.6863563004690093e-05 -0.13096092910889318 -0.071189187459337208 0.16286555667492478 0.10356014498199027 0.19512047088808485 -0.07532009274796829 -0.047773328870534898 -0.17386777892575733 -0.1235143452626653 -0.087261706271341874 -0.090867629322486043 0.13790870278197176 -0.14772380421107464 -0.0017170215194875545 -0.027385173871048857 0.16222177917087399 -0.18333072346268278 0.038306326542378352 -0.20048568050066629 -0.11205170342374393 0.12253542928232086 -0.040875292862906601 0.066252872074784891 0.094604901642058842 0.17218086686399248 -0.084860753640532499 0.069417055046711224 -0.18576393694831775 -0.14865356210087027 0.053469362169779815
leaf_weight=96454 34 24 22 24 36 38 20 28 40 28 39 34 22 22 28 37 33 68 36 28 45 33 44 33 27 32 39 26 28 87
leaf_count=96454 34 24 22 24 36 38 20 28 40 28 39 34 22 22 28 37 33 68 36 28 45 33 44 33 27 32 39 26 28 87
internal_value=-9.18974e-12 -0.0167302 0.00415353 -0.0417665 -0.00470856 0.0443611 0.08984 -0.0525648 -0.0311602 -0.0158754 0.00778153 0.0346858 0.00248789 0.0404725 -0.0410513 0.101092 -0.111749 -0.0226215 -0.0475799 0.00688769 0.055153 -0.12415 0.124243 0.000131972 0.0549489 0.00625258 7.97837e-05 -0.0675795 -0.0217169 0.000144961
internal_weight=97489 763 416 347 394 138 100 323 256 222 182 143 109 87 295 59 61 234 166 97 69 69 80 96726 92 65 96634 93 67 96541
internal_count=97489 763 416 347 394 138 100 323 256 222 182 143 109 87 295 59 61 234 166 97 69 69 80 96726 92 65 96634 93 67 96541
is_linear=0
shrinkage=0.1


Tree=89
num_leaves=31
num_cat=0
split_feature=76 44 41 20 28 60 47 93 1 75 7 22 23 37 104 63 102 43 47 16 14 103 41 87 106 88 2 25 80 80
split_gain=20.6089 30.1829 30.6961 22.9206 26.1463 21.5741 42.6492 53.9241 54.7938 48.3327 40.1938 30.0688 23.5475 41.6502 47.5447 46.5115 46.8739 49.7596 39.4618 40.6728 53.1434 61.8287 57.5063 39.4251 50.8575 39.1282 51.489 35.511 35.3219 47.3969
threshold=3.5000000000000004 2.2678571428571432 1.0904165719600523 7.0500000000000007 1.3944444444444446 7.5000000000000009 1.7316708885316061 1.0000000180025095e-35 11.114247612656753 8.5000000000000018 9.2059759192259545 7.5607142857142859 3.7829255652028655 1.7604525947843548 117.90000000000002 23.500000000000004 1.5000000000000002 2.1446343412137621 1.9245627146205819 3.3038461538461541 8.0500000000000025 0.5335000000000002 1.4180333927029871 10.500000000000002 351.50000000000006 38.850000000000001 39.863333333333337 1.0477225575051665 551.40000000000009 1131.0500000000004
decision_type=10 10 8 10 10 10 10 10 10 10 10 10 10 10 2 10 10 10 10 10 10 2 10 10 2 10 10 10 10 10
left_child=5 -2 -3 4 -4 12 7 8 11 -9 -8 -7 -1 14 15 16 -14 18 19 -18 21 22 -21 24 -15 26 -25 -23 -27 -30
right_child=1 2 3 -5 -6 6 10 9 -10 -11 -12 -13 13 23 -16 -17 17 -19 -20 20 -22 27 -24 25 -26 28 -28 -29 29 -31
leaf_value=0.00013295725693767825 0.044055537994091329 0.05619369786055315 -0.082757244328657789 -0.16710154183886269 0.039120256965575015 0.15064073085784913 -0.14369764289130335 0.10814581282436848 0.21608253602058658 -0.085741082632577875 0.041296855375791593 -0.00084262560856969741 -0.10526608859702034 -0.015278721529813039 0.1465790031985803 0.11727949565854566 -0.089093413220151615 0.10559796878160575 -0.14687505593257291 0.014112641981669836 -0.054855266265885931 0.068849737230592817 0.23139987916781984 0.11102898052105536 -0.22637315046787265 0.071324680466204882 -0.043661672885840136 -0.06220772417939522 -0.16960486850474735 -0.042530922545775979
leaf_weight=96375 39 21 75 22 23 20 23 20 31 36 24 38 49 21 22 29 46 39 21 21 71 39 29 39 25 20 48 44 37 142
leaf_count=96375 39 21 75 22 23 20 23 20 31 36 24 38 49 21 22 29 46 39 21 21 71 39 29 39 25 20 48 44 37 142
internal_value=-1.44731e-11 -0.0338057 -0.0553418 -0.0748605 -0.0541533 6.2533e-05 0.0335504 0.0603834 0.108757 -0.0164958 -0.0492324 0.051393 -3.6723e-06 -0.0177499 0.00356998 -0.00453878 -0.0143793 -1.32724e-05 -0.0152119 -0.00415224 0.0150012 0.0522929 0.140139 -0.0440786 -0.130004 -0.0302584 0.0256824 -0.000626507 -0.054715 -0.0687976
internal_weight=97489 180 141 120 98 97309 192 145 89 56 47 58 97117 742 410 388 359 310 271 250 204 133 50 332 46 286 87 83 199 179
internal_count=97489 180 141 120 98 97309 192 145 89 56 47 58 97117 742 410 388 359 310 271 250 204 133 50 332 46 286 87 83 199 179
is_linear=0
shrinkage=0.1


Tree=90
num_leaves=31
num_cat=0
split_feature=27 8 91 96 23 29 88 24 82 87 41 44 2 39 40 7 15 43 0 19 73 2 100 46 36 6 36 81 86 16
split_gain=20.5789 58.1482 50.0475 76.0763 48.6859 58.6143 48.3717 45.512 76.2199 77.0057 51.307 50.411 50.1015 48.2146 52.1435 47.7693 51.6201 43.6651 42.3533 37.6574 36.1837 35.0969 34.2102 31.9897 49.0317 40.4818 68.9828 46.5731 48.8362 44.3341
threshold=0.53078438025978947 25.750000000000004 10.500000000000002 191.50000000000003 2.3466722244436213 1.1643289280352545 44.45000000000001 0.55000000000000016 176.50000000000003 86.500000000000014 1.7143537815787637 1.2928571428571431 27.090000000000003 0.9457461698162889 1.7029411764705884 4.9311929399313721 2.3493491224160921 1.3227406337702019 40.910000000000011 2.4949899597988741 7.5000000000000009 25.575000000000006 1.0000000180025095e-35 1.1026315789473686 5.5000000000000009 13.450000000000001 3.9000000000000004 1225.5000000000002 169.50000000000003 3.6055555555555561
decision_type=8 10 8 2 10 10 10 10 8 10 10 10 10 10 10 10 10 10 10 10 10 10 2 8 10 10 10 10 10 10
left_child=1 2 4 -4 18 7 -3 13 9 10 11 -9 -13 14 -6 19 -17 -18 20 -10 -1 -22 -20 24 -2 26 27 28 -25 -27
right_child=23 6 3 -5 5 -7 -8 8 15 -11 -12 12 -14 -15 -16 16 17 -19 22 -21 21 -23 -24 25 -26 29 -28 -29 -30 -31
leaf_value=-0.0016860551469103234 0.0031102571413256079 -0.10199800026797068 0.23146225784135904 -0.0013658893656813436 -0.018148729799661874 0.10895862570032477 -0.0089988590715902646 0.064038751378916861 0.11880223992325011 0.21052726493640381 0.10211395001878926 -0.1466692957523707 -0.0041512256840596324 -0.058626472223935001 0.16111352358013392 -0.19104589430185467 -0.1183782220542155 0.076570009365677844 0.084890713133648335 -0.070576070417605705 0.027693382009863855 -0.11604526695215478 -0.0012869707411265977 -0.0048720056248057839 -0.10907977241545151 0.0082407845533565595 -0.11044967162512964 -0.15015574768185616 0.094115603923797614 -0.00092716456035133528
leaf_weight=14786 34095 108 23 36 86 32 116 57 21 22 51 37 74 496 20 39 27 20 102 21 25 53 84 15604 39 6717 62 22 50 24564
leaf_count=14786 34095 108 23 36 86 32 116 57 21 22 51 37 74 496 20 39 27 20 102 21 25 53 84 15604 39 6717 62 22 50 24564
internal_value=2.36553e-11 -0.00323826 -0.0025348 0.0893976 -0.00287268 -0.0242051 -0.0538377 -0.0285937 -0.000940885 0.0321812 0.0142651 -0.0124032 -0.0516572 -0.0455436 0.0156743 -0.0633035 -0.105995 -0.0354215 -0.00145099 0.0241131 -0.00204441 -0.0699752 0.0459718 0.000651859 0.00298207 -0.00103979 -0.00517653 -0.00476017 -0.00455583 0.00104148
internal_weight=97489 16336 16112 59 16053 1003 224 971 369 241 219 168 111 602 106 128 86 47 15050 42 14864 78 186 81153 34134 47019 15738 15676 15654 31281
internal_count=97489 16336 16112 59 16053 1003 224 971 369 241 219 168 111 602 106 128 86 47 15050 42 14864 78 186 81153 34134 47019 15738 15676 15654 31281
is_linear=0
shrinkage=0.1


Tree=91
num_leaves=31
num_cat=0
split_feature=79 110 111 109 13 100 96 103 104 3 87 80 80 48 102 23 41 111 9 31 20 29 86 41 25 40 34 14 2 45
split_gain=20.9938 39.4051 40.3228 29.7754 30.2192 26.5179 44.7153 46.9021 43.1445 43.6359 43.001 42.3792 77.433 34.0943 58.0471 49.5007 53.8874 61.6378 71.1691 50.7666 47.5476 46.8721 45.5428 44.2128 40.6467 36.6285 41.5528 60.6756 51.6429 48.6148
threshold=1.0000000180025095e-35 76.500000000000014 9.5000000000000018 23.560574948665302 1.6070659959698212 1.0000000180025095e-35 283.00000000000006 0.24000000000000002 105.75000000000001 11.436241126776915 79.500000000000014 473.15000000000009 599.25000000000011 0.55000000000000016 13.500000000000002 3.0870413405769481 1.7811357455043735 2.5000000000000004 7.2709465911543019 0.52386127875258326 3.8166666666666669 1.0960414380584826 159.50000000000003 1.3140754260045575 1.1897227048854206 2.1464285714285718 0.59411764705882364 4.4142857142857155 33.265000000000008 1.4161750273926363
decision_type=10 2 2 2 8 2 2 2 2 10 10 8 10 10 10 10 10 2 10 10 10 10 10 10 10 10 10 10 10 10
left_child=1 2 -1 -4 -5 13 -7 -8 9 -9 11 -10 -13 15 -15 16 22 -18 21 23 -16 -19 25 -17 -22 -2 27 29 -29 -27
right_child=5 -3 3 4 -6 6 7 8 10 -11 -12 12 -14 14 20 19 17 18 -20 -21 24 -23 -24 -25 -26 26 -28 28 -30 -31
leaf_value=0.12202305246664341 0.0038960136809327358 -0.0072101100060708197 -0.0092264619722430188 0.16841219792311843 0.015166983224691883 0.0017126917657964268 0.15507162500705041 0.01848508906328962 -0.028304979012953858 0.22234297848883131 -0.095408902593860132 0.18740447871387006 0.025225645395434898 -0.0023032915394937429 -0.020060425585158817 0.0064084562746917501 -0.060454533166355566 -0.036130420502388121 0.21861820583407945 0.021289113875645312 -0.070639094527242555 0.15230828366369348 -0.12505123515923819 -0.1302373957557556 -0.22990310896526683 0.065067997767803185 -0.035434954057447614 0.28059979647397998 0.083794889817945667 -0.081695097805030883
leaf_weight=43 7784 5973 140 22 31 45164 28 21 126 21 33 32 368 36911 162 34 27 33 37 67 59 22 27 78 22 83 50 20 40 31
leaf_count=43 7784 5973 140 22 31 45164 28 21 126 21 33 32 368 36911 162 34 27 33 37 67 59 22 27 78 22 83 50 20 40 31
internal_value=-4.81535e-12 -0.00562658 0.0344514 0.0149406 0.0787782 0.000382728 0.00208146 0.0285603 0.0226663 0.120414 0.0153221 0.0222691 0.0382 -0.00132743 -0.002624 0.00445352 0.00559546 0.0723956 0.111384 -0.0475657 -0.0513389 0.0392451 0.00460614 -0.0887556 -0.113896 0.0050433 0.0449113 0.0679994 0.149397 0.0251587
internal_weight=97489 6209 236 193 53 91280 45793 629 601 42 559 526 400 45487 37154 8333 8154 119 92 179 243 55 8035 112 81 8008 224 174 60 114
internal_count=97489 6209 236 193 53 91280 45793 629 601 42 559 526 400 45487 37154 8333 8154 119 92 179 243 55 8035 112 81 8008 224 174 60 114
is_linear=0
shrinkage=0.1


Tree=92
num_leaves=31
num_cat=0
split_feature=104 23 110 15 40 94 29 90 103 18 23 29 82 0 28 12 19 5 39 46 20 86 83 25 104 83 35 12 89 92
split_gain=20.6715 36.0587 39.6314 63.3825 72.6042 57.042 64.5848 56.6574 56.1771 48.5786 77.0648 71.8845 63.1447 73.4343 43.4056 41.9118 40.1233 39.7454 38.6722 79.481 58.4422 43.2804 41.902 38.0164 37.973 36.6784 35.0469 48.563 43.8485 34.2593
threshold=103.35000000000001 3.2783091044126516 77.500000000000014 2.6690093749204542 2.8535714285714291 3.5000000000000004 0.99934167186722778 7.5000000000000009 0.61850000000000016 5.9000000000000012 2.3775506229778904 1.1967304136657921 65.500000000000014 27.59 1.5131578947368423 4.7750000000000012 2.5132957790129056 9.3985070201062317 1.9013359187939571 2.3568181818181824 3.1055555555555561 161.50000000000003 266.50000000000006 1.1178102700547354 102.65000000000002 31.500000000000004 1.0567488221573289 5.5500000000000007 37.500000000000007 1.0000000180025095e-35
decision_type=2 10 2 10 10 8 8 10 2 10 10 10 10 10 8 10 10 10 8 10 10 10 8 10 2 10 10 10 10 10
left_child=1 2 3 4 5 9 17 8 -5 10 -1 -11 25 29 -8 -10 -9 -7 20 21 -4 22 -20 -3 -25 -12 28 -28 -22 -14
right_child=-2 23 18 7 -6 6 14 16 15 11 12 -13 13 -15 -16 -17 -18 -19 19 -21 26 -23 -24 24 -26 -27 27 -29 -30 -31
leaf_value=-0.0024773282651456125 0.00031283308731732014 -0.12276559509336948 -0.006671851471631296 -0.058247032482177025 -0.052208523872255719 0.082095366455614577 -0.045205516908317811 0.069767127917148175 0.15583407431724483 -0.17267516992382104 0.063641685023903855 0.012808437666778142 -0.13963436473693167 0.17690907603722406 0.11713183709819402 0.017879762192617873 0.2700752267241478 0.28145780451595787 0.011492710366230337 0.21129416715176333 -0.062977980297378375 -0.065188023985053106 0.14074452844758831 -0.0774313116667881 0.063602861080850878 0.23733946403578643 0.11358226862703931 -0.026367054602991769 0.081662753021175219 0.026900071327884995
leaf_weight=623 93188 54 1916 44 212 20 40 20 40 37 20 48 21 22 28 49 20 20 153 21 443 60 30 42 35 31 29 171 22 30
leaf_count=623 93188 54 1916 44 212 20 40 20 40 37 20 48 21 22 28 49 20 20 153 21 443 60 30 42 35 31 29 171 22 30
internal_value=-1.90023e-11 -0.00677803 -0.00515514 0.00913001 0.000654351 0.0125766 0.0809494 0.0655691 0.034185 0.0037013 0.0118523 -0.0679315 0.0838471 0.0242011 0.0216393 0.0798817 0.169921 0.181777 -0.0118082 0.0246463 -0.0155369 0.00851621 0.0326815 -0.0584378 -0.0133249 0.169223 -0.041079 -0.0060744 -0.0561348 -0.0416729
internal_weight=97489 4301 4170 1325 1152 940 108 173 133 832 747 85 124 73 68 89 40 40 2845 264 2581 243 183 131 77 51 665 200 465 51
internal_count=97489 4301 4170 1325 1152 940 108 173 133 832 747 85 124 73 68 89 40 40 2845 264 2581 243 183 131 77 51 665 200 465 51
is_linear=0
shrinkage=0.1


Tree=93
num_leaves=31
num_cat=0
split_feature=71 18 53 20 36 33 25 82 90 111 88 37 20 11 103 52 87 37 36 5 87 31 33 35 3 1 82 19 107 10
split_gain=19.6912 65.2202 38.3234 40.8367 43.309 51.4533 38.7158 38.5893 35.7126 35.6568 51.3323 66.2199 45.7182 40.553 39.2116 54.5261 52.3599 39.7534 48.2328 44.7479 37.5988 37.0794 37.0764 62.4413 36.1707 35.8367 34.017 33.5167 33.0815 32.2233
threshold=6.5000000000000009 7.6333333333333337 63.000000000000007 6.7500000000000009 4.1000000000000005 1.077545574753892 1.1178102700547354 339.50000000000006 11.500000000000002 3.5000000000000004 33.850000000000001 2.3057869817013859 3.0500000000000003 4.5931871656824717 0.54700000000000015 13.500000000000002 20.500000000000004 1.1178102700547354 1.5500000000000003 8.8850110327563332 30.500000000000004 0.97871355387816916 1.9450787371846459 1.5457885014760213 10.399799677554812 8.0740324476364069 382.50000000000006 1.8818990709935315 2018.5000000000002 30.325000000000006
decision_type=8 10 10 10 10 10 10 10 10 2 10 8 10 10 2 10 10 10 10 10 8 10 10 10 10 10 10 10 2 10
left_child=-1 2 3 4 9 -6 8 -5 -7 10 11 -2 24 20 17 -16 -17 18 25 -19 -14 -18 23 26 -12 -15 27 -21 -13 -3
right_child=1 29 -4 7 5 6 -8 -9 -10 -11 12 28 13 14 15 16 21 19 -20 22 -22 -23 -24 -25 -26 -27 -28 -29 -30 -31
leaf_value=0.00043332365592298449 0.01879572353662887 -0.17790843113325538 0.09902080142249664 -0.182243723154068 0.0018012433971182026 0.13758037240122972 0.19862167794128946 -0.0098254175925696352 -0.040633585507219488 -0.0091329806664278961 0.051654169381911523 0.044215306846043939 -0.025087057567528777 0.12303138126929601 -0.074747975698273614 0.10673447587225285 -0.15122730765669121 -0.10623650293521308 -0.10130781177195568 -0.077912431955337536 0.11395352387846243 0.025944879444109073 -0.055856412853158656 0.1442382345944643 -0.0006334099261820857 -0.039743849948832871 0.10467440054723712 0.032399898274263865 0.20683280954073213 -0.024623784224968404
leaf_weight=89197 725 32 36 25 116 23 29 27 22 5719 189 22 37 21 264 37 21 27 79 45 41 27 42 50 441 38 33 71 29 24
leaf_count=89197 725 32 36 25 116 23 29 27 22 5719 189 22 37 21 264 37 21 27 79 45 41 27 42 50 441 38 33 71 29 24
internal_value=-2.11082e-12 -0.00466126 -0.00392996 -0.00438194 -0.00381818 0.0433652 0.108519 -0.0927188 0.0504535 -0.00494469 0.0057533 0.0265435 -0.0052742 -0.0206476 -0.0277395 -0.0523196 0.0173402 -0.00661029 -0.0502168 0.0158438 0.0479984 -0.051568 0.0295209 0.0475402 0.0150529 0.0181931 0.0150912 -0.0103937 0.136684 -0.112215
internal_weight=97489 8292 8236 8200 8148 190 74 52 45 7958 2239 776 1463 833 755 349 85 406 138 268 78 48 241 199 630 59 149 116 51 56
internal_count=97489 8292 8236 8200 8148 190 74 52 45 7958 2239 776 1463 833 755 349 85 406 138 268 78 48 241 199 630 59 149 116 51 56
is_linear=0
shrinkage=0.1


Tree=94
num_leaves=31
num_cat=0
split_feature=12 16 83 9 84 87 3 22 43 21 86 88 77 111 64 0 84 38 0 43 18 4 7 104 57 5 15 37 86 38
split_gain=20.0437 45.4957 59.6736 92.6851 48.0213 48.5451 66.8963 42.5578 47.3039 49.0154 43.988 42.4998 43.8628 40.9318 57.7594 39.5574 43.3055 35.7813 35.3131 39.9197 34.7985 35.944 55.133 33.9624 33.3709 52.6727 48.0294 49.548 52.8068 52.217
threshold=1.1000000000000003 2.2052631578947373 243.50000000000003 4.0797594325087374 52.500000000000007 84.500000000000014 9.3885657406468557 5.0250000000000012 1.297417464888168 2.2223607552743743 34.500000000000007 34.250000000000007 5.5000000000000009 7.5000000000000009 1.0000000180025095e-35 23.93000000000001 6.5000000000000009 2.8875000000000006 28.000000000000007 1.1178102700547354 1.3666666666666669 18.167500000000008 3.570707350120379 112.05000000000001 7.5000000000000009 13.884627527290464 1.5057429613629389 3.0165750888103111 210.50000000000003 3.2678571428571432
decision_type=10 10 10 10 10 10 10 10 10 10 10 10 8 2 8 10 10 10 10 10 8 10 8 2 8 10 10 10 10 10
left_child=13 2 7 -4 -5 6 -6 11 9 -9 -10 17 15 14 -1 16 -13 18 -2 -20 -15 -22 -23 -21 25 -3 27 28 29 -26
right_child=1 24 3 4 5 -7 -8 8 10 -11 -12 12 -14 20 -16 -17 -18 -19 19 23 21 22 -24 -25 26 -27 -28 -29 -30 -31
leaf_value=-0.010159044437265646 0.0066133981270929025 -0.0033214843692607357 -0.10480602892736596 0.018518544310653532 0.22153094979348006 0.29115250507369639 0.00092278600204735999 -0.18252976641783283 -0.090129020640795879 -0.031322765519034193 0.087551342534195442 0.17701917946338655 -0.01076813022311973 -0.0037805728254509197 0.10786150368313269 0.15614687132516081 0.011862160894390825 0.11355417067365302 -0.18029394575527735 -0.11451572393067183 -0.034464192796156853 0.15698210990428926 -0.011298304954967038 0.056102707443226665 -0.0077801425991886886 -0.033951847346381951 0.0012660511202707391 -0.15935033932328224 0.080553109691693242 -0.060140023752115669
leaf_weight=96 6600 15870 24 37 27 20 28 36 22 53 38 20 76 2620 73 49 77 31 21 20 770 25 88 28 3995 582 65876 22 65 200
leaf_count=96 6600 15870 24 37 27 20 28 36 22 53 38 20 76 2620 73 49 77 31 21 20 770 25 88 28 3995 582 65876 22 65 200
internal_value=-3.43438e-12 0.000283676 0.00791766 0.0735299 0.111745 0.157736 0.109221 0.00665571 -0.0462219 -0.0924851 0.0224019 0.00779393 0.0508405 -0.00724771 0.0408202 0.0829107 0.0459152 0.00636761 0.00586937 -0.0652987 -0.00956672 -0.0267351 0.0259319 -0.0149883 -0.000351564 -0.00440505 0.000598976 -0.00966358 -0.00889055 -0.0102764
internal_weight=97489 93817 7207 136 112 75 55 7071 149 89 60 6922 222 3672 169 146 97 6700 6669 69 3503 883 113 48 86610 16452 70158 4282 4260 4195
internal_count=97489 93817 7207 136 112 75 55 7071 149 89 60 6922 222 3672 169 146 97 6700 6669 69 3503 883 113 48 86610 16452 70158 4282 4260 4195
is_linear=0
shrinkage=0.1


Tree=95
num_leaves=31
num_cat=0
split_feature=13 60 36 19 9 106 49 63 49 44 36 25 17 0 4 19 102 35 89 22 104 31 48 28 81 84 48 2 31 9
split_gain=20.1549 47.0567 35.1969 44.8301 44.1754 69.3839 52.66 54.0583 88.2663 47.8652 50.9779 75.2321 76.616 49.6353 56.5728 48.4068 55.9235 47.4514 67.6283 50.9135 43.2619 59.4206 84.0467 53.3111 52.406 64.5154 55.7236 69.5718 73.2787 59.4033
threshold=3.3640244544575082 8.5000000000000018 0.90000000000000013 1.1897227048854206 7.2433329696099582 1012.5000000000001 91.200000000000003 11.500000000000002 82.800000000000011 1.8944444444444446 4.1000000000000005 0.82657830373090091 2.6011974286985278 27.59 32.01250000000001 1.0477225575051665 1.5000000000000002 0.40931981564896242 17.500000000000004 5.6583333333333341 110.95000000000002 0.64222852518808682 32.95000000000001 2.5250000000000004 1381.5000000000002 118.50000000000001 28.250000000000004 48.065000000000005 0.56253641334739612 5.0529532806684196
decision_type=10 10 10 8 10 2 10 10 8 10 10 10 10 10 10 10 10 10 10 10 2 10 8 10 10 10 10 10 8 10
left_child=2 -2 -1 4 -4 6 7 -6 9 10 11 12 -9 -11 -15 -16 -17 -13 -19 -20 21 -5 23 -23 25 26 -22 28 29 -28
right_child=1 -3 3 20 5 -7 -8 8 -10 13 -12 17 -14 14 15 16 -18 18 19 -21 24 22 -24 -25 -26 -27 27 -29 -30 -31
leaf_value=-0.0025727377192693731 -0.0035353906485036976 0.1285963611181446 0.0037668688008483616 -0.0072806925196390289 0.01034170740331935 0.19790104861770358 -0.099958078245011475 -0.085413730362514886 0.21578806702579773 -0.10650588548742235 -0.077236344394358725 -0.011916700264681942 0.11983631753152418 0.14061851207468962 0.044378939435087347 -0.16869791007041934 -0.0046368379136396019 0.23163605935801312 0.020160681412865721 0.1787599083355495 0.0027037248232284271 0.0063877178640448498 -0.036068278229919697 0.14985534502909734 -0.020487546960000991 0.15600394798176631 0.10610291824143912 0.049686985650922694 -0.029605070579132909 0.014332007746191018
leaf_weight=24237 15485 27 12504 12606 2600 21 39 44 28 32 22 23 31 37 185 25 123 53 48 35 19613 6775 487 26 888 28 84 584 359 440
leaf_count=24237 15485 27 12504 12606 2600 21 39 44 28 32 22 23 31 37 185 25 123 53 48 35 19613 6775 487 26 888 28 84 584 359 440
internal_value=1.04783e-11 -0.0033054 0.000625461 0.00196794 0.00649782 0.0167034 0.015559 0.01693 0.0419002 0.0345007 0.0682987 0.0819814 -0.000577044 0.0129777 0.0233114 0.0102773 -0.0323499 0.120924 0.14339 0.0870399 0.00025396 -0.0031252 0.00406254 0.00693619 0.00331019 0.00431135 0.00410986 0.0229091 0.00519876 0.0290434
internal_weight=97489 15512 81977 57740 15850 3346 3325 3286 686 658 256 234 75 402 370 333 148 159 136 83 41890 19894 7288 6801 21996 21108 21080 1467 883 524
internal_count=97489 15512 81977 57740 15850 3346 3325 3286 686 658 256 234 75 402 370 333 148 159 136 83 41890 19894 7288 6801 21996 21108 21080 1467 883 524
is_linear=0
shrinkage=0.1


Tree=96
num_leaves=31
num_cat=0
split_feature=6 6 6 83 52 61 25 73 48 35 26 6 47 17 15 85 40 85 105 17 18 40 23 34 33 48 34 37 24 34
split_gain=19.5993 37.2005 26.0937 48.0967 56.6525 55.7953 50.7827 53.0936 49.2112 69.3161 48.8813 47.4975 72.541 57.1218 51.3857 50.844 59.6643 58.7346 67.9543 41.9442 47.0424 41.6003 45.6121 40.0003 64.6619 47.9817 43.5761 39.6057 37.4212 36.7895
threshold=42.500000000000007 40.100000000000009 33.900000000000006 249.50000000000003 18.500000000000004 13.500000000000002 0.82657830373090091 9.5000000000000018 27.250000000000004 0.87534450784316709 1.2928571428571431 32.70000000000001 2.2789074068735116 2.0374775707018995 1.579380052788711 43.500000000000007 3.5227272727272729 8.5000000000000018 0.45000000000000007 3.1268269491550522 4.5500000000000007 4.5750000000000002 3.1910640221901168 1.0954545454545457 1.0232946570191743 12.850000000000003 1.4522727272727274 1.5543320308680684 1.7750000000000001 0.44722222222222224
decision_type=10 10 10 10 10 8 10 10 10 10 10 10 10 10 10 8 10 10 8 10 10 10 10 10 10 10 10 10 10 10
left_child=1 2 11 4 5 19 7 -5 21 -10 -7 -1 13 14 -13 17 -17 18 -15 20 -4 22 29 24 25 -19 -25 28 -27 -8
right_child=-2 -3 3 6 -6 10 8 -9 9 -11 -12 12 -14 15 -16 16 -18 23 -20 -21 -22 -23 -24 26 -26 27 -28 -29 -30 -31
leaf_value=-3.5508055902620708e-05 -0.098983020037412647 0.094113047598373328 0.13808895794346052 -0.17783133555568903 -0.0645332546029561 0.24283923786133529 -0.00028930813229332365 0.0080287475477565425 0.18772991740185282 -0.031155405532664215 0.046862843606088847 0.05958403140306473 0.18042866422404205 0.25033160192625864 -0.13844475149618168 0.049093772757000165 0.23488956977427008 -0.14397259252992542 0.017350982297812741 -0.06096405301130179 0.0029077772947274289 -0.1567964091198519 0.070199876894955257 -0.15859244225486635 0.1725293508184183 0.021492678490844935 0.030734844505786896 0.0741268148024877 -0.14093859519647517 -0.12114411463152688
leaf_weight=96339 20 42 34 51 87 20 48 22 23 39 35 20 31 21 38 56 25 22 31 66 106 32 34 31 23 37 20 60 23 53
leaf_count=96339 20 42 34 51 87 20 48 22 23 39 35 20 31 21 38 56 25 22 31 66 106 32 34 31 23 37 20 60 23 53
internal_value=-1.42535e-12 2.03107e-05 -2.0252e-05 -0.0199893 0.00535119 0.028646 -0.0491896 -0.121819 -0.0260371 0.050044 0.118127 0.00011387 0.0329698 0.0217383 -0.070159 0.0370106 0.106438 0.0160269 0.111439 0.00475544 0.0357375 -0.0542827 -0.0299832 -0.00694278 0.016982 -0.0082123 -0.0843464 0.0166771 -0.0407726 -0.0637082
internal_weight=97489 97469 97427 650 348 261 302 73 229 62 55 96777 438 407 58 349 81 268 52 206 140 167 135 216 165 142 51 120 60 101
internal_count=97489 97469 97427 650 348 261 302 73 229 62 55 96777 438 407 58 349 81 268 52 206 140 167 135 216 165 142 51 120 60 101
is_linear=0
shrinkage=0.1


Tree=97
num_leaves=31
num_cat=0
split_feature=97 32 25 104 8 27 84 23 48 67 88 83 39 54 5 16 36 9 90 10 5 104 111 3 89 1 102 57 24 37
split_gain=19.1384 43.5061 54.2333 59.807 39.7963 36.6986 35.5242 32.1096 61.8749 56.5924 53.6753 104.011 77.8115 73.899 56.6011 63.7831 59.9919 54.0909 53.5977 73.1451 72.8718 55.3304 53.0687 53.9965 117.306 89.5971 56.5363 52.9659 86.6897 55.8447
threshold=15.500000000000002 0.15476190476190479 2.0776550673994527 108.95000000000002 32.750000000000007 2.1404836157257523 141.50000000000003 2.0546623583082053 -1.2499999999999998 9.0000000000000018 11.750000000000002 129.50000000000003 0.85793099469161826 1.0000000180025095e-35 8.7219045179568244 3.6583333333333337 5.1000000000000005 2.8761469519925282 5.5000000000000009 20.40588235294118 11.441617823585014 108.85000000000001 4.5000000000000009 9.7053421715329353 17.500000000000004 12.953860428444779 1.5000000000000002 7.5000000000000009 1.9000000000000001 0.82657830373090102
decision_type=2 10 8 2 10 10 10 8 8 10 8 8 10 8 10 10 10 10 10 10 10 2 2 10 10 10 10 8 10 10
left_child=6 2 4 -4 -2 -3 7 9 -9 -1 11 12 -10 -13 -12 17 27 -16 21 -20 -21 22 -19 24 26 -25 -24 28 29 -17
right_child=1 5 3 -5 -6 -7 -8 8 10 -11 14 13 -14 -15 15 16 -18 18 19 20 -22 -23 23 25 -26 -27 -28 -29 -30 -31
leaf_value=0.0006155760124351194 0.013817315270765212 0.0017493772085891452 0.033800925626870128 0.25560290686786175 0.14363816017284989 -0.10720690450360698 -0.08016066402196885 -0.069505647579076846 -0.0038624681561723415 0.12268876172602178 -0.013981278149375082 0.011037424247633055 -0.054878952839042684 0.17164064315297911 -0.061737899494908967 -0.091786404038694772 -0.059794626503141338 0.075790007625307354 0.057706914615397266 -0.11284199857286044 0.052389369789036182 0.012775578834729099 0.16792252870167004 -0.079097682475445005 -0.087798519022344201 0.03242229398198368 0.026007442994286187 -0.00067781799236209554 -0.12525300715071491 -0.0079836759027658091
leaf_weight=62030 1465 11045 31 20 24 31 56 142 492 38 3279 378 762 31 103 88 186 56 460 56 51 3552 34 280 89 97 161 11548 79 825
leaf_count=62030 1465 11045 31 20 24 31 56 142 492 38 3279 378 762 31 103 88 186 56 460 56 51 3552 34 280 89 97 161 11548 79 825
internal_value=3.33864e-13 0.00363412 0.0193828 0.120782 0.0159098 0.00144443 -0.000540196 -0.000487627 -0.0037015 0.000690313 -0.00328817 -0.0205803 -0.0348629 0.0232103 -0.00191513 0.000324603 -0.00341882 0.00997005 0.0114973 0.0403843 -0.0340869 0.00766062 -0.0176787 -0.0255974 0.00733273 -0.0504042 0.0507516 -0.00258263 -0.0247568 -0.016061
internal_weight=97489 12616 1540 51 1489 11076 84873 84817 22749 62068 22607 1663 1254 409 20944 17665 12726 4939 4836 567 107 4269 717 661 284 377 195 12540 992 913
internal_count=97489 12616 1540 51 1489 11076 84873 84817 22749 62068 22607 1663 1254 409 20944 17665 12726 4939 4836 567 107 4269 717 661 284 377 195 12540 992 913
is_linear=0
shrinkage=0.1


Tree=98
num_leaves=31
num_cat=0
split_feature=74 20 23 45 36 102 26 1 1 3 10 106 4 1 91 73 7 1 67 18 111 36 89 4 49 0 14 39 46 48
split_gain=19.1834 93.4 61.0276 71.2931 41.3354 52.0169 43.4408 41.6851 44.7358 39.1998 31.2664 34.4683 28.5071 27.4038 24.4824 42.8245 21.2734 25.7905 19.3359 38.5723 34.6524 36.3285 43.1466 32.079 65.2446 54.9163 49.4629 44.9732 89.049 41.5435
threshold=1.0000000180025095e-35 6.8500000000000005 3.1910640221901168 0.9689585494434233 3.1000000000000005 2.5000000000000004 1.1055555555555558 7.7029864335715095 13.63435000253385 11.474476506783615 18.31666666666667 20.500000000000004 33.805625000000013 7.7405426163691855 5.5000000000000009 5.5000000000000009 1.658243862791825 3.9802638098566931 2.5000000000000004 2.7083333333333335 4.5000000000000009 0.63333333333333341 9.5000000000000018 20.927500000000009 31.350000000000005 24.326666666666672 2.9500000000000006 1.947932855857992 0.64852941176470602 4.9500000000000011
decision_type=10 8 10 10 10 10 10 10 10 10 10 2 10 10 10 8 8 8 10 10 2 10 8 10 8 10 10 8 10 10
left_child=18 2 3 12 5 6 13 -6 10 -8 11 -9 14 -5 15 16 -2 -18 19 20 21 22 -1 25 -25 27 29 -20 -29 -27
right_child=1 -3 -4 4 7 -7 9 8 -10 -11 -12 -13 -14 -15 -16 -17 17 -19 23 -21 -22 -23 -24 24 -26 26 -28 28 -30 -31
leaf_value=0.21606372534763071 0.093288750573992732 -0.13241170581895859 -0.12862164351344108 0.090170703388543605 -0.047902668925358896 0.23014967186997334 0.0708362305605853 0.080001293939466658 -0.051596595598190714 0.25300380658535732 0.020359279049767389 0.25461859341710807 -0.080524507086527974 -0.032379717238851496 -0.070911531827666546 0.11906065193838196 -0.1068312256512317 0.0067974498031944178 0.0019005567700893411 -0.031066896888120671 -0.0038238958442832443 0.010027059769401185 0.045733539180444753 -0.01846205016766081 -0.00017517355836259329 0.036935979301351632 0.012495151627932376 0.21290493860840798 0.011220300404561892 0.12223853486245627
leaf_weight=20 25 40 25 36 47 27 27 26 24 21 27 20 38 37 33 38 22 217 19973 507 9794 221 58 2014 62407 262 1319 30 81 73
leaf_count=20 25 40 25 36 47 27 27 26 24 21 27 20 38 37 33 38 22 217 19973 507 9794 221 58 2014 62407 262 1319 30 81 73
internal_value=-1.03381e-11 0.0161499 0.0247622 0.0305285 0.0675348 0.104647 0.0766426 0.0293914 0.0668432 0.150535 0.105782 0.155922 0.00155837 0.0280561 0.0108693 0.0198056 0.00551886 -0.00366209 -0.000121843 -0.00415211 -0.0028001 0.0307351 0.0894079 0.000373994 -0.000746878 0.00369572 0.0212102 0.00225333 0.0657297 0.0555243
internal_weight=97489 730 690 665 292 148 121 144 97 48 73 46 373 73 335 302 264 239 96759 10600 10093 299 78 86159 64421 21738 1654 20084 111 335
internal_count=97489 730 690 665 292 148 121 144 97 48 73 46 373 73 335 302 264 239 96759 10600 10093 299 78 86159 64421 21738 1654 20084 111 335
is_linear=0
shrinkage=0.1


Tree=99
num_leaves=31
num_cat=0
split_feature=46 0 8 88 41 6 5 37 36 95 25 6 7 18 15 104 18 104 105 37 88 38 5 89 11 40 48 39 44 115
split_gain=19.0415 37.503 46.9754 43.5179 71.0971 44.0467 43.0856 37.0009 34.8516 32.0799 52.8741 46.3389 39.9156 37.0354 37.9047 39.2001 62.726 36.9354 34.5715 66.7912 32.0592 32.5359 29.3375 27.9314 63.1974 31.8005 26.2749 23.1199 35.4891 22.0717
threshold=4.2250000000000005 63.649999999999999 32.750000000000007 66.050000000000011 2.1395400170118561 34.300000000000004 14.370487850195561 1.5082875444051556 4.5500000000000007 3.5000000000000004 1.3227406337702019 19.266666666666669 5.8094734254897267 5.4500000000000011 1.714318016993259 112.95000000000002 6.5000000000000009 110.25000000000001 0.45000000000000007 1.5082875444051556 39.050000000000004 2.183333333333334 10.52625789389362 50.500000000000007 9.9164270833861927 2.757352941176471 22.250000000000004 1.4952303005917591 4.7500000000000009 1.0000000180025095e-35
decision_type=10 10 10 10 10 10 10 10 10 10 10 10 10 10 10 2 10 2 8 10 10 10 10 10 10 10 10 10 10 2
left_child=23 2 6 4 5 -4 8 -7 9 10 11 -2 -13 18 -15 17 -17 26 20 -20 21 -11 -21 29 -25 -26 -16 -14 -29 -1
right_child=1 -3 3 -5 -6 7 -8 -9 -10 13 -12 12 27 14 15 16 -18 -19 19 22 -22 -23 -24 24 25 -27 -28 28 -30 -31
leaf_value=-0.0014402766913513105 -0.090735897083174102 -0.12325817190351025 0.14956784142601875 0.15911940631385035 -0.15507932074368003 0.1009684945372018 -0.12422894337930933 -0.066456032781438398 0.093183394042508944 -0.037677870452734491 -0.089154015766838804 0.19609132796525955 0.1077118960017448 -0.18988483059017555 -0.10418602932682808 0.15789338246220724 -0.069256849202417564 -0.16141628295910071 -0.042582921139895924 0.036900092568248513 0.0077355426894325134 -0.1988879876477378 0.20089000525573888 0.13975856556246677 -0.117641012689897 0.049281952679157262 0.019244222060910296 -0.053950035075346625 0.09867830908298493 0.001582782238625847
leaf_weight=48205 22 31 31 26 20 22 39 33 28 31 39 20 34 23 34 20 31 41 50 20 53 21 24 45 21 25 35 39 25 48401
leaf_count=48205 22 31 31 26 20 22 39 33 28 31 39 20 34 23 34 20 31 41 50 20 53 21 24 45 21 25 35 39 25 48401
internal_value=-1.48312e-11 -0.0154425 -0.0110505 0.0431847 0.0147479 0.0542426 -0.0224321 0.000513778 -0.0157032 -0.0211281 0.0138198 0.0425053 0.0673469 -0.0374615 -0.0698005 -0.0526456 0.0198217 -0.086244 -0.00756011 0.0364917 -0.0469969 -0.102782 0.126349 0.000126482 0.0555025 -0.026922 -0.0415765 0.0410726 0.00567041 7.43195e-05
internal_weight=97489 792 761 132 106 86 629 55 590 562 179 140 118 383 184 161 51 110 199 94 105 52 44 96697 91 46 69 98 64 96606
internal_count=97489 792 761 132 106 86 629 55 590 562 179 140 118 383 184 161 51 110 199 94 105 52 44 96697 91 46 69 98 64 96606
is_linear=0
shrinkage=0.1


end of trees

feature_importances:
ast_rolling_20g_avg=150
opponent_def_rating=109
ast_rolling_5g_avg=96
ast_rolling_10g_avg=86
fantasy_pts_lag_1=64
ast_rolling_20g_std=59
tov_rolling_5g_avg=59
opponent_win_pct=59
tov_rolling_20g_std=57
pts_lag_1=57
ast_season_cumulative_total=55
ast_season_max=54
pts_rolling_5g_avg=53
ast_rolling_5g_std=53
ast_lag_1=53
tov_rolling_20g_avg=51
ast_career_max=51
fantasy_pts_rolling_5g_std=46
ast_rolling_10g_std=45
stl_rolling_20g_std=41
days_rest=41
fantasy_pts_rolling_10g_std=40
fantasy_pts_rolling_20g_std=40
fantasy_pts_season_max=39
reb_season_cumulative_total=39
reb_rolling_10g_std=38
reb_rolling_5g_std=37
height_inches=36
stl_rolling_5g_std=34
tov_season_cumulative_total=34
home_game=34
pts_rolling_5g_std=33
pts_rolling_20g_avg=33
tov_rolling_5g_std=33
tov_rolling_10g_std=33
stl_rolling_20g_avg=32
pts_rolling_10g_std=31
reb_rolling_20g_avg=31
reb_rolling_20g_std=31
stl_rolling_10g_std=31
fantasy_pts_rolling_5g_avg=30
tov_rolling_10g_avg=30
tov_lag_1=30
career_games_played=29
pts_season_cumulative_total=28
3pm_season_cumulative_total=28
3pm_rolling_20g_std=27
fantasy_pts_season_min=27
3pm_rolling_5g_std=26
stl_season_cumulative_total=26
draft_pick_numeric=26
pts_rolling_10g_avg=25
pts_rolling_20g_std=25
3pm_rolling_20g_avg=25
WEIGHT=24
3pm_rolling_10g_std=22
ast_season_min=22
age_at_game=22
3pm_rolling_5g_avg=21
blk_rolling_10g_std=20
fantasy_pts_season_cumulative_total=20
blk_season_cumulative_total=20
season_start_year=20
3pm_rolling_10g_avg=19
reb_lag_1=19
stl_rolling_5g_avg=18
fantasy_pts_career_min=18
fantasy_pts_rolling_20g_avg=17
blk_rolling_20g_avg=17
blk_rolling_20g_std=17
stl_career_max=17
opponent_recent_form=17
reb_rolling_5g_avg=16
fantasy_pts_rolling_10g_avg=15
reb_rolling_10g_avg=15
tov_season_max=14
stl_lag_1=14
blk_rolling_5g_avg=13
fantasy_pts_career_max=13
pts_season_max=13
reb_season_max=12
pts_season_min=11
pts_career_max=11
blk_career_max=11
stl_rolling_10g_avg=10
blk_rolling_5g_std=9
blk_rolling_10g_avg=8
tov_career_max=8
stl_season_max=7
blk_season_max=7
3pm_season_max=7
3pm_career_max=7
3pm_lag_1=7
SEASON_EXP=7
3pm_season_min=6
pts_career_min=4
position_Guard=4
reb_season_min=3
reb_career_max=3
season_number=3
tov_season_min=2
tov_career_min=2
position_Center=2
reb_career_min=1
stl_season_min=1
blk_lag_1=1
FROM_YEAR=1
away_game=1
position_Forward=1

parameters:
[boosting: gbdt]
[objective: regression]
[metric: l2]
[tree_learner: serial]
[device_type: cpu]
[data_sample_strategy: bagging]
[data: ]
[valid: ]
[num_iterations: 100]
[learning_rate: 0.1]
[num_leaves: 31]
[num_threads: 10]
[seed: 42]
[deterministic: 0]
[force_col_wise: 0]
[force_row_wise: 0]
[histogram_pool_size: -1]
[max_depth: -1]
[min_data_in_leaf: 20]
[min_sum_hessian_in_leaf: 0.001]
[bagging_fraction: 1]
[pos_bagging_fraction: 1]
[neg_bagging_fraction: 1]
[bagging_freq: 0]
[bagging_seed: 400]
[bagging_by_query: 0]
[feature_fraction: 1]
[feature_fraction_bynode: 1]
[feature_fraction_seed: 30056]
[extra_trees: 0]
[extra_seed: 12879]
[early_stopping_round: 0]
[early_stopping_min_delta: 0]
[first_metric_only: 0]
[max_delta_step: 0]
[lambda_l1: 0]
[lambda_l2: 0]
[linear_lambda: 0]
[min_gain_to_split: 0]
[drop_rate: 0.1]
[max_drop: 50]
[skip_drop: 0.5]
[xgboost_dart_mode: 0]
[uniform_drop: 0]
[drop_seed: 17869]
[top_rate: 0.2]
[other_rate: 0.1]
[min_data_per_group: 100]
[max_cat_threshold: 32]
[cat_l2: 10]
[cat_smooth: 10]
[max_cat_to_onehot: 4]
[top_k: 20]
[monotone_constraints: ]
[monotone_constraints_method: basic]
[monotone_penalty: 0]
[feature_contri: ]
[forcedsplits_filename: ]
[refit_decay_rate: 0.9]
[cegb_tradeoff: 1]
[cegb_penalty_split: 0]
[cegb_penalty_feature_lazy: ]
[cegb_penalty_feature_coupled: ]
[path_smooth: 0]
[interaction_constraints: ]
[verbosity: -1]
[saved_feature_importance_type: 0]
[use_quantized_grad: 0]
[num_grad_quant_bins: 4]
[quant_train_renew_leaf: 0]
[stochastic_rounding: 1]
[linear_tree: 0]
[max_bin: 255]
[max_bin_by_feature: ]
[min_data_in_bin: 3]
[bin_construct_sample_cnt: 200000]
[data_random_seed: 175]
[is_enable_sparse: 1]
[enable_bundle: 1]
[use_missing: 1]
[zero_as_missing: 0]
[feature_pre_filter: 1]
[pre_partition: 0]
[two_round: 0]
[header: 0]
[label_column: ]
[weight_column: ]
[group_column: ]
[ignore_column: ]
[categorical_feature: ]
[forcedbins_filename: ]
[precise_float_parser: 0]
[parser_config_file: ]
[objective_seed: 16083]
[num_class: 1]
[is_unbalance: 0]
[scale_pos_weight: 1]
[sigmoid: 1]
[boost_from_average: 1]
[reg_sqrt: 0]
[alpha: 0.9]
[fair_c: 1]
[poisson_max_delta_step: 0.7]
[tweedie_variance_power: 1.5]
[lambdarank_truncation_level: 30]
[lambdarank_norm: 1]
[label_gain: ]
[lambdarank_position_bias_regularization: 0]
[eval_at: ]
[multi_error_top_k: 1]
[auc_mu_weights: ]
[num_machines: 1]
[local_listen_port: 12400]
[time_out: 120]
[machine_list_filename: ]
[machines: ]
[gpu_platform_id: -1]
[gpu_device_id: -1]
[gpu_use_dp: 0]
[num_gpu: 1]

end of parameters

pandas_categorical:[]
