tree
version=v4
num_class=1
num_tree_per_iteration=1
label_index=0
max_feature_idx=115
objective=regression
feature_names=fantasy_pts_rolling_5g_avg fantasy_pts_rolling_5g_std fantasy_pts_rolling_10g_avg fantasy_pts_rolling_10g_std fantasy_pts_rolling_20g_avg fantasy_pts_rolling_20g_std pts_rolling_5g_avg pts_rolling_5g_std pts_rolling_10g_avg pts_rolling_10g_std pts_rolling_20g_avg pts_rolling_20g_std reb_rolling_5g_avg reb_rolling_5g_std reb_rolling_10g_avg reb_rolling_10g_std reb_rolling_20g_avg reb_rolling_20g_std ast_rolling_5g_avg ast_rolling_5g_std ast_rolling_10g_avg ast_rolling_10g_std ast_rolling_20g_avg ast_rolling_20g_std stl_rolling_5g_avg stl_rolling_5g_std stl_rolling_10g_avg stl_rolling_10g_std stl_rolling_20g_avg stl_rolling_20g_std blk_rolling_5g_avg blk_rolling_5g_std blk_rolling_10g_avg blk_rolling_10g_std blk_rolling_20g_avg blk_rolling_20g_std tov_rolling_5g_avg tov_rolling_5g_std tov_rolling_10g_avg tov_rolling_10g_std tov_rolling_20g_avg tov_rolling_20g_std 3pm_rolling_5g_avg 3pm_rolling_5g_std 3pm_rolling_10g_avg 3pm_rolling_10g_std 3pm_rolling_20g_avg 3pm_rolling_20g_std fantasy_pts_season_min fantasy_pts_season_max fantasy_pts_career_min fantasy_pts_career_max pts_season_min pts_season_max pts_career_min pts_career_max reb_season_min reb_season_max reb_career_min reb_career_max ast_season_min ast_season_max ast_career_min ast_career_max stl_season_min stl_season_max stl_career_min stl_career_max blk_season_min blk_season_max blk_career_min blk_career_max tov_season_min tov_season_max tov_career_min tov_career_max 3pm_season_min 3pm_season_max 3pm_career_min 3pm_career_max fantasy_pts_season_cumulative_total pts_season_cumulative_total reb_season_cumulative_total ast_season_cumulative_total stl_season_cumulative_total blk_season_cumulative_total tov_season_cumulative_total 3pm_season_cumulative_total fantasy_pts_lag_1 pts_lag_1 reb_lag_1 ast_lag_1 stl_lag_1 blk_lag_1 tov_lag_1 3pm_lag_1 WEIGHT SEASON_EXP FROM_YEAR TO_YEAR home_game away_game days_rest opponent_win_pct opponent_def_rating opponent_recent_form career_games_played season_start_year season_number age_at_game height_inches draft_pick_numeric is_undrafted position_Center position_Forward position_Guard
feature_infos=[-1:80.739999999999995] [0:33.644568655282235] [-1:71.920000000000016] [0:27.550241983208302] [-1:69.315000000000012] [0:27.550241983208302] [0:52.200000000000003] [0:24.785076154815421] [0:45.899999999999999] [0:19.406757127923825] [0:42.950000000000003] [0:15.874839410708679] [0:21.600000000000001] [0:10.329569206893384] [0:19.300000000000001] [0:8.2219219164377861] [0:17.649999999999999] [0:7.7781745930520225] [0:18.800000000000001] [0:7.334848328356899] [0:16] [0:6.7330032922413849] [0:14.1] [0:5.6568542494923806] [0:5.7999999999999998] [0:4.2190046219457971] [0:4] [0:3.0550504633038935] [0:4] [0:3.0550504633038935] [0:6.5999999999999996] [0:4.9497474683058327] [0:5.2000000000000002] [0:4.9497474683058327] [0:5] [0:4.9497474683058327] [0:8.1999999999999993] [0:4.6151923036857303] [0:6.9000000000000004] [0:3.5355339059327378] [0:6.6500000000000004] [0:3.5355339059327378] [0:9.1999999999999993] [0:5.9413803110051786] [0:7.2000000000000002] [0:4.3153472887152686] [0:7] [0:4.2426406871192848] [-3.5:99.5] [-2:105.2] [-3.5:55.700000000000003] [-1:105.2] [0:50] [0:73] [0:27] [0:73] [0:23] [0:31] [0:12] [0:31] [0:17] [0:24] [0:9] [0:24] [0:7] [0:10] [0:4] [0:10] [0:9] [0:10] [0:5] [0:10] [0:9] [0:12] [0:6] [0:12] [0:8] [0:14] [0:7] [0:14] [-2:4882.8000000000011] [0:2779] [0:1229] [0:895] [0:177] [0:252] [0:460] [0:392] [-3.5:105.2] [0:73] [0:31] [0:24] [0:10] [0:10] [0:12] [0:14] [164:290] [1:22] [2003:2024] none [0:1] [0:1] [1:2024] [0.106:0.89000000000000001] [93.099999999999994:119.59999999999999] [0:1] [0:1541] [2003:2024] [1:22] [18.828199863107461:40.142368240930871] [72:88] [1:61] [0:1] [0:1] [0:1] [0:1]
tree_sizes=2834 2944 2960 2955 2958 2945 2950 2966 2962 2975 2980 2958 2969 2967 2950 2954 2931 2981 2959 2942 2898 2944 2950 2953 2962 2897 2906 2925 2929 2914 2953 2933 2921 2901 2950 2909 2911 2920 2917 2873 2931 2905 2870 2922 2922 2904 2893 2850 2885 2916 2916 2845 2905 2820 2916 2903 2858 2886 2842 2835 2914 2805 2852 2789 2856 2855 2884 2819 2854 2858 2871 2806 2772 2880 2807 2841 2841 2852 2818 2830 2815 2829 2826 2862 2831 2813 2904 2870 2899 2856 2823 2817 2804 2832 2894 2821 2829 2855 2848 2903

Tree=0
num_leaves=31
num_cat=0
split_feature=40 40 40 40 40 0 40 0 0 63 40 18 2 18 40 0 40 75 18 18 0 22 40 2 40 18 109 0 0 88
split_gain=53603.3 9596.88 6738.98 1350.51 1340.07 1215.5 996.227 611.016 353.799 335.603 333.559 300.74 265.469 247.705 168.864 158.873 158.577 157.961 157.284 138.937 113.16 108.951 108.456 104.162 101.953 90.6225 90.0373 84.7984 80.5285 74.8614
threshold=2.0513157894736849 1.1026315789473686 3.0513157894736849 1.7416666666666669 4.0250000000000012 14.240000000000004 2.4058823529411768 23.230000000000008 36.230000000000011 16.500000000000004 0.84807692307692317 6.3000000000000016 27.631666666666675 2.5500000000000003 1.4409722222222225 9.3100000000000041 5.1250000000000009 9.5000000000000018 2.7750000000000004 2.9000000000000004 23.110000000000007 7.9750000000000005 3.4058823529411768 37.283750000000005 1.3867521367521369 3.1000000000000005 25.419575633127998 26.380000000000003 45.690000000000012 52.750000000000007
decision_type=10 10 10 10 10 8 10 10 10 10 10 10 10 10 10 10 10 10 10 10 10 10 10 10 10 10 2 10 10 10
left_child=1 5 6 7 11 15 13 24 18 -6 27 22 -5 -2 -9 -1 -11 26 -8 -14 -12 -13 28 -15 -3 -16 -10 -7 -4 -21
right_child=2 3 4 12 9 10 8 14 17 16 20 21 19 23 25 -17 -18 -19 -20 29 -22 -23 -24 -25 -26 -27 -28 -29 -30 -31
leaf_value=1.5701185988163513 1.7121284988466698 1.6367172304941218 1.8099987657923622 1.6885330331688606 1.8878520397984098 1.6045811282146039 1.7327921258948649 1.6685503823324745 1.8110834445874469 1.9534646635017581 1.6238981958777643 1.8606422248588881 1.7059089049928458 1.7445526911844191 1.681257296411063 1.592492667305148 2.0412379414736668 1.8395665637052452 1.7794766088879586 1.7303984289375953 1.6445520745678277 1.8963220768600688 1.8534300517094859 1.7714778713575943 1.6586282611035794 1.702262229215638 1.7836045311412609 1.6310452615947275 1.8527050017682622 1.7800908464907699
leaf_weight=6005 1806 4634 1810 3445 804 8799 886 7171 2747 1235 5696 2394 2946 4023 5381 6731 247 1208 3891 3728 4965 1332 1703 2235 3920 3322 2107 1404 584 330
leaf_count=6005 1806 4634 1810 3445 804 8799 886 7171 2747 1235 5696 2394 2946 4023 5381 6731 247 1208 3891 3728 4965 1332 1703 2235 3920 3322 2107 1404 584 330
internal_value=1.69269 1.64443 1.80661 1.68117 1.87252 1.60629 1.77137 1.6683 1.79117 1.93987 1.62115 1.85284 1.71126 1.74475 1.67991 1.58194 1.96809 1.80721 1.77082 1.72244 1.63352 1.8734 1.83414 1.75417 1.64676 1.68928 1.79916 1.60822 1.82042 1.73444
internal_weight=97489 68477 29012 34877 10109 33600 18903 24428 10839 2286 20864 7823 10449 8064 15874 12736 1482 6062 4777 7004 10661 3726 4097 6258 8554 8703 4854 10203 2394 4058
internal_count=97489 68477 29012 34877 10109 33600 18903 24428 10839 2286 20864 7823 10449 8064 15874 12736 1482 6062 4777 7004 10661 3726 4097 6258 8554 8703 4854 10203 2394 4058
is_linear=0
shrinkage=1


Tree=1
num_leaves=31
num_cat=0
split_feature=40 40 40 0 40 0 40 40 40 2 67 91 2 18 0 47 75 40 2 0 2 20 18 109 69 38 18 0 40 14
split_gain=43418.6 7808.84 5458.57 1297.3 1085.45 818.652 806.944 366.984 348.824 293.985 273.197 247.301 226.919 205.16 201.592 151.217 141.538 134.541 126.29 123.95 114.505 113.032 110.356 98.2877 95.0917 86.5411 84.7706 78.503 75.3641 73.9626
threshold=2.0513157894736849 1.205263157894737 3.0513157894736849 16.110000000000003 4.0250000000000012 27.170000000000005 2.4058823529411768 1.7416666666666669 0.93541666666666679 34.455000000000005 7.5000000000000009 8.5000000000000018 10.645000000000005 3.1000000000000005 18.110000000000003 1.5187091798289984 9.5000000000000018 1.7573529411764708 38.425000000000011 50.310000000000009 26.445000000000004 3.1055555555555561 2.7750000000000004 24.381930184804933 2.5000000000000004 3.0500000000000003 2.7750000000000004 27.310000000000006 3.6583333333333337 9.5500000000000025
decision_type=10 10 10 10 10 8 10 10 10 10 10 10 8 10 10 10 10 10 10 10 10 10 10 2 10 10 10 10 10 10
left_child=1 3 6 12 11 14 13 26 27 22 15 18 -1 -2 -3 -6 23 -16 -4 -12 -10 -9 -8 29 -21 -13 -7 -5 -20 -11
right_child=2 5 4 8 10 7 9 21 20 16 19 25 -14 -15 17 -17 -18 -19 28 24 -22 -23 -24 -25 -26 -27 -28 -29 -30 -31
leaf_value=-0.10816554654116058 0.024863764093719799 -0.046191229467871804 0.11272752492378156 -0.073754300008266424 0.15076787628702762 -0.012522699559538143 0.031526502030349762 0.01284605391085898 -0.051755693108979588 0.11702607581818976 0.21604067253650827 0.12912547856757317 -0.084541926704130604 0.0584234443467102 -0.023366012447660078 0.21968440176419049 0.13043730390191818 0.0041856696142266829 0.13649289030327849 0.31807115960192966 -0.029385478457758692 0.038028500481072258 0.074465988209948777 0.082449656608669986 0.22982151865356229 0.18666518236116678 0.0060922204904052604 -0.050836250546196018 0.16798510731948721 0.074267384259118926
leaf_weight=7231 2780 3180 1860 9135 508 5224 751 3417 6951 2050 337 317 9290 5284 8268 853 1292 2256 3155 415 3411 3726 2948 3294 173 1490 4601 1787 1001 504
leaf_count=7231 2780 3180 1860 9135 508 5224 751 3417 6951 2050 337 317 9290 5284 8268 853 1292 2256 3155 415 3411 3726 2948 3294 173 1490 4601 1787 1001 504
internal_value=4.34177e-10 -0.0434387 0.102528 -0.0738558 0.161843 -0.00594792 0.0708079 0.00873414 -0.0575351 0.0886291 0.222461 0.14413 -0.0948816 0.046854 -0.0241269 0.193961 0.100483 -0.0174598 0.134385 0.264394 -0.0443918 0.025982 0.0657481 0.0938651 0.292107 0.176571 -0.00380542 -0.0700046 0.144078 0.108588
internal_weight=97489 68477 29012 37805 10109 30672 18903 16968 21284 10839 2286 7823 16521 8064 13704 1361 7140 10524 6016 925 10362 7143 3699 5848 588 1807 9825 10922 4156 2554
internal_count=97489 68477 29012 37805 10109 30672 18903 16968 21284 10839 2286 7823 16521 8064 13704 1361 7140 10524 6016 925 10362 7143 3699 5848 588 1807 9825 10922 4156 2554
is_linear=0
shrinkage=0.1


Tree=2
num_leaves=31
num_cat=0
split_feature=40 40 40 40 40 0 20 0 67 40 0 18 2 4 47 6 50 75 20 40 2 22 91 6 50 40 4 55 107 80
split_gain=35169.1 6329.46 4456.94 1252.43 891.094 813.708 440.782 423.565 369.169 250.553 241.799 196.53 179.169 176.728 140.832 134.673 132.716 131.127 124.448 114.981 105.743 104.679 100.99 100.838 99.2795 96.4318 95.8992 87.6583 87.1607 86.2511
threshold=2.0513157894736849 1.1026315789473686 2.8535714285714291 3.6583333333333337 1.7416666666666669 13.630000000000001 3.3166666666666669 26.480000000000008 7.5000000000000009 0.71825396825396837 31.060000000000002 6.1000000000000005 27.631666666666675 52.487500000000004 1.5263758515938963 17.450000000000003 1.0000000180025095e-35 9.5000000000000018 2.9500000000000006 0.47213622291021679 24.80500000000001 7.1250000000000009 3.5000000000000004 6.4500000000000011 -0.89999999999999991 1.3514705882352944 40.537500000000016 42.500000000000007 2016.5000000000002 1140.9500000000005
decision_type=10 10 10 10 10 8 10 10 10 10 10 10 10 10 10 10 10 10 10 10 10 10 10 10 10 10 10 10 2 10
left_child=1 5 6 11 7 19 15 18 14 -7 -8 26 -6 29 -5 -2 17 24 23 -1 -11 -16 -14 -3 27 -9 -4 -12 -15 -10
right_child=2 4 3 8 12 9 10 25 13 20 16 -13 22 28 21 -17 -18 -19 -20 -21 -22 -23 -24 -25 -26 -27 -28 -29 -30 -31
leaf_value=-0.10346148822056889 0.014095796967436257 -0.061357867955854267 0.088407775524047882 0.14038135351579023 -0.0034853044182537951 -0.073254798760321579 0.043248211436832149 -0.018693465376177904 0.22986398812552747 -0.056379191316280164 0.095391966594172914 0.13185405366264419 0.013761887061123202 0.31859196406762003 0.14960325793329893 0.047431906039330798 0.091933673311962005 0.11917884104006307 -0.013981659262728281 -0.083256808563732035 -0.037473474520602283 0.20415416426885771 0.037962511999696399 -0.033534411651568972 0.046291573444271789 0.0001858421600290437 0.11601782769378347 0.055517209368832234 0.23882875534498604 0.15161387044689711
leaf_weight=4660 2260 1552 2627 1473 3445 7626 2916 4122 264 9991 1143 3753 3934 206 560 2613 3391 426 2776 7120 4203 946 3070 8105 2244 7873 2414 1065 409 302
leaf_count=4660 2260 1552 2627 1473 3445 7626 2916 4122 264 9991 1143 3753 3934 206 560 2613 3391 426 2776 7120 4203 946 3070 8105 2244 7873 2414 1065 409 302
internal_value=2.4439e-10 -0.0390948 0.0922755 0.135914 -0.00925398 -0.0700698 0.057072 -0.019708 0.181123 -0.0586355 0.0680077 0.114528 0.0151859 0.228436 0.162366 0.0319713 0.076739 0.0661762 -0.0326419 -0.0912495 -0.050781 0.18387 0.0243695 -0.038006 0.0611045 -0.0063019 0.101629 0.0761589 0.265546 0.188112
internal_weight=97489 68477 29012 12954 34877 33600 16058 24428 4160 21820 11185 8794 10449 1181 2979 4873 8269 4878 12433 11780 14194 1506 7004 9657 4452 11995 5041 2208 615 566
internal_count=97489 68477 29012 12954 34877 33600 16058 24428 4160 21820 11185 8794 10449 1181 2979 4873 8269 4878 12433 11780 14194 1506 7004 9657 4452 11995 5041 2208 615 566
is_linear=0
shrinkage=0.1


Tree=3
num_leaves=31
num_cat=0
split_feature=40 40 40 40 0 18 20 20 6 0 40 0 0 40 40 107 6 60 45 6 75 2 6 97 62 55 40 4 5 6
split_gain=28487.3 4816.94 3962.19 1014.47 865.207 495.808 421.387 305.485 276.809 233.79 233.754 173.964 172.496 165.336 161.52 135.655 118.521 118.47 112.26 91.8217 83.5752 81.5082 78.5817 74.529 69.6245 69.3658 68.1303 63.8941 63.7064 60.986
threshold=2.0250000000000004 1.205263157894737 2.8535714285714291 3.6583333333333337 16.263333333333339 2.9000000000000004 3.0500000000000003 9.4500000000000011 11.633333333333335 31.060000000000002 0.93541666666666679 9.3100000000000041 44.770000000000017 1.7573529411764708 2.4058823529411768 2016.5000000000002 16.100000000000005 3.5000000000000004 1.4818885965154671 14.900000000000002 11.500000000000002 28.285000000000007 21.100000000000005 16.500000000000004 1.0000000180025095e-35 57.500000000000007 0.73508771929824568 52.487500000000004 10.786594384674014 6.2250000000000005
decision_type=10 10 10 10 10 10 10 10 10 10 10 8 10 10 10 2 10 10 10 10 10 10 10 2 10 10 8 10 8 10
left_child=1 4 6 12 11 8 16 18 29 -8 -6 -1 23 19 -11 27 -2 -14 25 -7 -20 -12 -10 -4 -16 -5 -13 -9 -15 -3
right_child=2 5 3 7 10 13 9 15 22 14 21 26 17 28 24 -17 -18 -19 20 -21 -22 -23 -24 -25 -26 -27 -28 -29 -30 -31
leaf_value=-0.090322025316835183 0.0027381176787621537 -0.052954353065025522 0.087517782844108716 0.11905512401353312 -0.056707910959245468 -0.0084083711633425283 0.036674681899137536 0.19551581595341366 -0.0097914537363342699 0.051892506943925977 -0.040626641614892156 -0.076661248751764458 0.11417611251664893 0.017336335213911657 0.076139990595070706 0.1892408637923223 0.036004369404495556 0.17210061158199169 0.15829828913307797 0.013801818334584296 0.22850679499332349 -0.019820789893788288 0.016148818204485632 0.12022905777997339 0.13674427112517171 0.16672428508361881 -0.060692704560453517 0.30546448057590253 0.043740590027593534 -0.027989964640459632
leaf_weight=6087 1776 1189 4723 1321 10718 4175 3573 75 9789 4093 7791 5685 2851 2593 5022 810 2698 403 1180 3359 198 2483 1326 817 197 397 5041 179 1411 5529
leaf_count=6087 1776 1189 4723 1321 10718 4175 3573 75 9789 4093 7791 5685 2851 2593 5022 810 2698 403 1180 3359 198 2483 1326 817 197 397 5041 179 1411 5529
internal_value=2.94302e-10 -0.0363124 0.0804711 0.122323 -0.0599152 -0.00593197 0.0492396 0.163011 -0.0163828 0.0584205 -0.0463764 -0.0768192 0.103076 0.0102207 0.0667644 0.209236 0.022799 0.12135 0.147125 0.00149394 0.168386 -0.0355983 -0.00669682 0.0923418 0.0784276 0.130071 -0.0691564 0.272999 0.0266411 -0.0324083
internal_weight=97489 67176 30313 12954 37805 29371 17359 4160 17833 12885 20992 16813 8794 11538 9312 1064 4474 3254 3096 7534 1378 10274 11115 5540 5219 1718 10726 254 4004 6718
internal_count=97489 67176 30313 12954 37805 29371 17359 4160 17833 12885 20992 16813 8794 11538 9312 1064 4474 3254 3096 7534 1378 10274 11115 5540 5219 1718 10726 254 4004 6718
is_linear=0
shrinkage=0.1


Tree=4
num_leaves=31
num_cat=0
split_feature=40 40 40 22 40 0 2 40 40 0 18 18 40 40 20 60 10 10 0 11 2 6 0 62 109 18 110 88 91 33
split_gain=23135.7 4100.45 3106.24 855.874 545.149 478.585 459.967 203.153 198.669 186.463 160.429 152.25 138.028 133.527 99.4727 91.0162 90.6359 85.3995 84.024 83.5696 82.2681 77.2406 75.735 72.437 71.8355 68.7288 65.3587 64.5085 64.1641 62.6366
threshold=1.8535714285714289 2.8535714285714291 1.0513157894736844 7.9750000000000005 2.3416666666666672 13.850000000000001 26.700000000000006 4.4750000000000005 3.4058823529411768 29.780000000000008 3.2250000000000005 2.2916666666666674 0.71825396825396837 1.5941176470588239 6.0500000000000007 4.5000000000000009 18.025000000000002 26.375000000000004 6.3100000000000014 8.5031727821110934 46.07500000000001 7.2250000000000005 38.95000000000001 1.0000000180025095e-35 20.431211498973308 3.1000000000000005 77.500000000000014 19.050000000000004 6.5000000000000009 1.4925730515485935
decision_type=10 10 10 10 10 8 10 10 10 10 10 10 10 10 10 10 10 10 10 10 10 10 10 10 2 10 2 10 10 10
left_child=2 4 5 8 10 18 11 16 15 -6 19 21 -7 -8 29 20 -5 -10 -1 -2 -3 -4 -12 -16 -13 -15 -19 -14 -18 -11
right_child=1 3 6 7 9 12 13 -9 17 14 22 24 27 25 23 -17 28 26 -20 -21 -22 -23 -24 -25 -26 -27 -28 -29 -30 -31
leaf_value=-0.088485377649240804 0.0074677381212940978 0.076262463055036367 -0.04957889509585596 0.074428777614845107 0.030113269891007266 -0.059507920335886436 -0.009876215055200796 0.20257587866723178 0.10170471825413781 0.059005232048829938 0.02806409731714123 0.027859149598158325 -0.051261092072428342 -0.00025846666999817408 0.076764521655424994 0.15302762061513531 0.11303362405518208 0.1584851604547256 -0.069301565065097825 0.047909727008873026 0.10360057192407497 -0.02868736656571207 0.052195922201308781 0.15401251534967461 -0.016457207764640613 0.019999107894048421 0.11621340125432758 -0.036291637760411402 0.15738743548109241 0.016565878113580904
leaf_weight=3085 4859 4531 2325 181 2174 7464 8651 748 2283 5339 4373 390 4757 3713 2058 191 410 585 8784 571 1454 7410 1851 129 5888 3051 976 7291 1595 372
leaf_count=3085 4859 4531 2325 181 2174 7464 8651 748 2283 5339 4373 390 4757 3713 2058 191 410 585 8784 571 1454 7410 1851 129 5888 3051 976 7291 1595 372
internal_value=7.49463e-11 0.0655594 -0.0361987 0.110091 0.039008 -0.0584539 -0.0139767 0.157592 0.0961815 0.0560471 0.0242819 -0.0258465 -0.0488222 -0.00164655 0.0631857 0.0850727 0.1422 0.11403 -0.0742878 0.0117205 0.082904 -0.0336769 0.0352408 0.081321 -0.0137042 0.00887901 0.132055 -0.0422021 0.148318 0.0562408
internal_weight=97489 34680 62809 12954 21726 31381 31428 2934 10020 10072 11654 16013 19512 15415 7898 6176 2186 3844 11869 5430 5985 9735 6224 2187 6278 6764 1561 12048 2005 5711
internal_count=97489 34680 62809 12954 21726 31381 31428 2934 10020 10072 11654 16013 19512 15415 7898 6176 2186 3844 11869 5430 5985 9735 6224 2187 6278 6764 1561 12048 2005 5711
is_linear=0
shrinkage=0.1


Tree=5
num_leaves=31
num_cat=0
split_feature=40 40 40 0 22 40 0 40 40 18 40 2 40 0 40 88 8 20 0 106 20 60 91 75 6 29 12 22 89 1
split_gain=18759 3418.11 2400.36 590.363 521.239 382.276 378.203 193.219 168.483 165.181 153.365 119.498 112.37 110.264 102.962 99.5788 97.8853 91.6487 83.7144 90.0183 77.8486 72.2123 72.0459 70.3271 67.6131 67.2294 66.9917 63.6233 61.6985 60.7395
threshold=2.0513157894736849 1.205263157894737 3.0513157894736849 19.190000000000001 7.9750000000000005 2.552777777777778 27.170000000000005 0.47213622291021679 1.648529411764706 5.9000000000000012 4.4250000000000016 42.705000000000013 3.757352941176471 17.310000000000006 0.93541666666666679 10.550000000000002 23.750000000000004 2.0500000000000003 23.370000000000008 98.500000000000014 3.0500000000000003 6.5000000000000009 4.5000000000000009 7.5000000000000009 25.100000000000005 0.87517750516004111 15.100000000000001 5.1055555555555561 14.500000000000002 17.221367515665769
decision_type=10 10 10 10 10 10 10 8 10 10 10 10 10 10 10 8 10 10 10 2 10 10 10 10 10 10 10 10 10 10
left_child=1 3 5 7 12 9 13 -1 -8 17 28 18 -4 -3 -5 -9 22 -2 -7 -20 -15 -21 -10 -11 26 -12 -19 -13 -6 -27
right_child=2 6 4 14 10 11 8 15 16 23 25 27 -14 20 -16 -17 -18 24 19 21 -22 -23 -24 -25 -26 29 -28 -29 -30 -31
leaf_value=-0.074785262212293493 0.0021702672836595572 -0.034467645466440558 0.085971600164767181 -0.04270632697755912 0.079100497878555748 0.0055115122371647935 -0.0047822364854949971 -0.063468209844528292 0.0059385245425255234 0.040375028098167037 0.091218340812952492 0.061567053231601304 0.11533523631526657 -0.017130164709990747 -0.026568711852824185 -0.047296227543052648 0.045811739456770653 0.027606548770990842 0.094463684713748108 0.052877839143254085 0.0012894815751557868 0.226784459532549 0.026432052671661495 0.07646242956628202 0.054800006078955465 0.17968423683506279 0.15141039050861516 0.096380120280801382 0.13486425505932817 0.27408205133519675
leaf_weight=5906 1160 2640 5639 7342 224 316 7638 6252 5983 1036 77 855 1695 7816 8567 9738 942 6568 615 4657 3248 24 2405 1128 1140 661 44 1360 1737 76
leaf_count=5906 1160 2640 5639 7342 224 316 7638 6252 5983 1036 77 855 1695 7816 8567 9738 942 6568 615 4657 3248 24 2405 1128 1140 661 44 1360 1737 76
internal_value=1.1103e-10 -0.0285525 0.0673924 -0.0486766 0.106726 0.0463576 -0.00374832 -0.0593284 0.00623098 0.0344032 0.143641 0.0632744 0.092758 -0.0161045 -0.0340162 -0.0536194 0.0152469 0.0283855 0.0555117 0.0584951 -0.0117228 0.0537695 0.0118144 0.0591858 0.0323083 0.180129 0.0284304 0.0829421 0.128495 0.189419
internal_weight=97489 68477 29012 37805 10109 18903 30672 21896 16968 11076 2775 7827 7334 13704 15909 15990 9330 8912 5612 5296 11064 4681 8388 2164 7752 814 6612 2215 1961 737
internal_count=97489 68477 29012 37805 10109 18903 30672 21896 16968 11076 2775 7827 7334 13704 15909 15990 9330 8912 5612 5296 11064 4681 8388 2164 7752 814 6612 2215 1961 737
is_linear=0
shrinkage=0.1


Tree=6
num_leaves=31
num_cat=0
split_feature=40 40 40 40 40 40 6 67 18 2 0 18 20 18 4 54 43 2 8 48 6 75 103 96 17 88 7 109 21 109
split_gain=15250.9 2690.26 2046.2 566.394 375.021 355.491 299.594 201.368 139.053 134.769 121.476 119.856 113.158 95.8835 93.3073 85.8485 75.3435 74.7331 70.8872 70.6145 66.6085 66.1637 65.5574 62.8367 66.1033 62.1591 61.4991 60.4041 59.4594 58.0855
threshold=1.8535714285714289 2.8535714285714291 1.0250000000000001 3.6583333333333337 1.3867521367521369 2.3416666666666672 5.2250000000000005 7.5000000000000009 2.9000000000000004 33.405000000000008 23.93000000000001 5.9000000000000012 7.6333333333333337 2.4500000000000006 52.487500000000004 1.0000000180025095e-35 0.97871355387816916 27.631666666666675 23.150000000000002 38.100000000000009 11.900000000000002 9.5000000000000018 0.62600000000000011 219.50000000000003 1.9325507243878561 19.450000000000003 13.137731368681655 20.387405886379195 2.1147592520705518 23.886379192334022
decision_type=10 10 10 10 10 10 8 10 10 10 10 10 10 10 10 10 10 10 10 8 10 10 2 2 10 10 10 2 10 2
left_child=2 5 6 12 10 11 -1 15 20 28 -4 17 18 25 19 -5 -17 27 -3 -9 -6 29 -16 -20 -25 -8 -14 -2 -7 -11
right_child=1 3 4 7 8 9 13 14 -10 21 -12 -13 26 -15 22 16 -18 -19 23 -21 -22 -23 -24 24 -26 -27 -28 -29 -30 -31
leaf_value=-0.06309969855196669 0.035621458179980289 0.06034306538280481 -0.03324297396646677 0.083724240031417305 -0.020222153758051319 0.016518453981098618 -0.050239718663034443 0.11573474108430591 0.0074706908752663146 0.064155126855102065 -0.015126379321884481 0.045141559379711454 0.097144088194507414 -0.025033429125904595 0.1662861345755306 0.084313025350792936 0.13050043835793904 0.021191948824806742 0.061996851609340167 0.25518446559898361 -0.0042541050162320749 0.080624357599943769 0.25117911413177713 0.20603315799186628 0.087423674422826225 -0.037991554231263713 0.23730348246172073 -0.004272714587888974 0.04259415964051113 0.042950963338047633
leaf_weight=9672 451 3796 7583 1104 4135 1740 8913 527 7472 1956 7230 1612 1443 2967 504 472 1403 7196 1247 39 7094 813 111 48 2228 7743 32 2395 1758 3805
leaf_count=9672 451 3796 7583 1104 4135 1740 8913 527 7472 1956 7230 1612 1443 2967 504 472 1403 7196 1247 39 7094 813 111 48 2228 7743 32 2395 1758 3805
internal_value=7.92214e-11 0.0532281 -0.0293899 0.0892981 -0.0125148 0.0317216 -0.0486953 0.1197 -0.00310017 0.0454811 -0.0244005 0.0198299 0.0749164 -0.0415955 0.154643 0.105847 0.118874 0.0157667 0.069824 0.125343 -0.0101342 0.053919 0.181608 0.0800396 0.0899251 -0.0445458 0.100185 0.00204924 0.0296234 0.0501503
internal_weight=97489 34680 62809 12954 33514 21726 29295 4160 18701 10072 14813 11654 8794 19623 1181 2979 1875 10042 7319 566 11229 6574 615 3523 2276 16656 1475 2846 3498 5761
internal_count=97489 34680 62809 12954 33514 21726 29295 4160 18701 10072 14813 11654 8794 19623 1181 2979 1875 10042 7319 566 11229 6574 615 3523 2276 16656 1475 2846 3498 5761
is_linear=0
shrinkage=0.1


Tree=7
num_leaves=31
num_cat=0
split_feature=40 40 40 22 20 88 2 40 40 22 40 0 91 20 8 38 0 60 4 8 8 50 49 10 104 88 104 104 107 86
split_gain=12353.2 2179.11 1659.73 472.198 305.523 295.033 270.387 161.361 110.751 110.103 108.66 92.8991 85.1263 83.3423 73.1988 71.7316 69.1867 68.5666 64.0535 64.0022 63.7978 99.5338 60.9821 60.76 58.3348 58.1062 57.6594 53.8509 65.3102 53.6971
threshold=1.8535714285714289 2.8535714285714291 1.0513157894736844 7.9750000000000005 3.0500000000000003 12.950000000000001 24.66500000000001 2.4058823529411768 3.4058823529411768 2.0250000000000004 4.4750000000000005 27.310000000000006 3.5000000000000004 0.95000000000000007 22.850000000000005 0.73214285714285732 29.780000000000008 4.5000000000000009 38.885357142857153 19.105555555555558 21.850000000000005 1.0000000180025095e-35 72.850000000000009 26.375000000000004 112.15000000000002 4.7500000000000009 103.55000000000001 109.75000000000001 2013.5000000000002 45.500000000000007
decision_type=10 10 10 10 10 8 10 10 10 10 10 10 10 10 10 10 10 10 10 10 10 10 10 10 2 10 2 2 2 10
left_child=2 4 5 8 14 13 12 20 17 -8 18 15 25 -1 -2 -7 -9 22 -5 -11 24 -22 -3 -10 -6 -4 -18 28 -25 -24
right_child=1 3 6 10 7 11 9 16 23 19 -12 -13 -14 -15 -16 -17 26 -19 -20 -21 21 -23 29 27 -26 -27 -28 -29 -30 -31
leaf_value=-0.062288101055491735 0.0064661443201124132 0.05497726968345569 -0.055267832398318943 0.046900536019480632 0.030059264445921993 -0.044465882238184692 -0.012461816684587341 0.02623935100156426 0.072967036387283871 -0.00093266130479047161 0.14854995445416802 -0.018909942523816566 -0.0053353668886056207 -0.045968947836413615 0.037836808771281698 -0.030961056757688617 0.10313589626308017 0.12072445422566998 0.10949046873255397 0.016119328755453962 0.027621391070484003 0.073022290540769794 0.17620251514017582 0.083541247173480548 0.010345719075492518 -0.023734227027071765 0.050652906625573368 0.079742270913458882 0.14164925985087515 0.075771311970912719
leaf_weight=6634 5719 4850 623 178 3643 8096 7072 1201 2283 8794 748 3078 2583 5924 855 7649 218 191 2008 2936 1577 696 56 337 2553 9420 5264 770 454 1079
leaf_count=6634 5719 4850 623 178 3643 8096 7072 1201 2283 8794 748 3078 2583 5924 855 7649 218 191 2008 2936 1577 696 56 337 2553 9420 5264 770 454 1079
internal_value=1.03956e-10 0.0479053 -0.0264509 0.0803683 0.0285494 -0.0427189 -0.0102073 0.0363605 0.0700369 -0.0026064 0.115651 -0.034799 -0.0215262 -0.0545898 0.0105461 -0.0379052 0.0479776 0.0617427 0.104394 0.00333542 0.0271934 0.0415233 0.0598604 0.083363 0.0219365 -0.0256904 0.05274 0.0985674 0.116893 0.0807265
internal_weight=97489 34680 62809 12954 21726 31381 31428 15152 10020 18802 2934 18823 12626 12558 6574 15745 6683 6176 2186 11730 8469 2273 5985 3844 6196 10043 5482 1561 791 1135
internal_count=97489 34680 62809 12954 21726 31381 31428 15152 10020 18802 2934 18823 12626 12558 6574 15745 6683 6176 2186 11730 8469 2273 5985 3844 6196 10043 5482 1561 791 1135
is_linear=0
shrinkage=0.1


Tree=8
num_leaves=31
num_cat=0
split_feature=40 40 40 40 20 18 0 0 88 23 6 91 75 5 109 2 5 109 104 8 109 60 50 36 51 88 107 60 52 109
split_gain=10044.1 2119.1 1100.5 438.508 278.102 232.141 221.907 120.467 114.314 111.927 110.16 107.906 94.1559 84.7319 77.5997 86.4831 76.3729 76.2878 74.9331 77.3128 65.5741 64.7152 63.5806 62.8886 62.3537 60.9907 62.1464 59.9816 58.6087 84.8029
threshold=2.1539473684210528 1.341666666666667 3.215384615384616 0.7947368421052633 9.3500000000000032 3.3666666666666671 37.310000000000009 20.130000000000006 15.450000000000001 1.8726638949827545 11.633333333333335 8.5000000000000018 9.5000000000000018 11.896535873258808 20.431211498973308 25.950000000000006 11.896535873258808 26.30937713894593 108.85000000000001 25.350000000000005 22.550308008213559 6.5000000000000009 1.0000000180025095e-35 3.9000000000000004 67.850000000000009 40.650000000000013 2018.5000000000002 4.5000000000000009 4.5000000000000009 28.225872689938402
decision_type=10 10 10 10 10 10 10 10 8 10 10 10 10 10 2 10 8 2 2 10 2 10 10 10 10 10 2 10 8 2
left_child=1 3 6 8 11 10 9 -5 -1 -2 -3 13 17 24 -11 -16 28 23 19 -6 -12 -17 -19 -8 -4 26 -9 -13 -7 -30
right_child=2 5 4 7 18 16 12 25 -10 14 20 27 -14 -15 15 21 -18 22 -20 -21 -22 -23 -24 -25 -26 -27 -28 -29 29 -31
leaf_value=-0.052226613581538156 0.010671726104884734 -0.016755404339736543 0.034161801762279023 -0.03342251881511267 0.098296157212815052 0.0023353105391809921 0.049771953991062393 -0.0075766675182783808 -0.036292328004305645 0.071244771875941235 0.011573060322600312 0.089892082428356473 0.070124459180239879 0.08271322716798335 -0.000101172872949218 0.035225680197440934 0.03147727243745805 0.021547466447673854 0.10894158062954935 0.19220679245204075 -0.0046471552994135157 0.1756832967145425 0.058327871030285527 0.10179810273816917 0.065771247806248198 -2.4736164980141878e-05 -0.024943586725891528 0.14775362805953901 0.033065363806750403 0.0014977560541101075
leaf_weight=10668 2656 5907 857 9794 132 5077 4185 2615 7790 540 3439 1375 1860 2211 751 5500 1872 1868 975 261 9055 33 628 246 2296 1519 9717 206 1940 1516
leaf_count=10668 2656 5907 857 9794 132 5077 4185 2615 7790 540 3439 1375 1860 2211 751 5500 1872 1868 975 261 9055 33 628 246 2296 1519 9717 206 1940 1516
internal_value=6.67979e-11 -0.0196519 0.0524264 -0.033951 0.0825892 0.00124782 0.0386998 -0.0249341 -0.0455017 0.0280885 -0.00550266 0.0744716 0.0501479 0.0677044 0.0348674 0.0317414 0.0131859 0.044784 0.123801 0.160664 -0.000182507 0.0360634 0.0308015 0.0526603 0.0571797 -0.018932 -0.0212609 0.0974313 0.00917307 0.019218
internal_weight=97489 70909 26580 42103 8313 28806 18267 23645 18458 9480 18401 6945 8787 5364 6824 6284 10405 6927 1368 393 12494 5533 2496 4431 3153 13851 12332 1581 8533 3456
internal_count=97489 70909 26580 42103 8313 28806 18267 23645 18458 9480 18401 6945 8787 5364 6824 6284 10405 6927 1368 393 12494 5533 2496 4431 3153 13851 12332 1581 8533 3456
is_linear=0
shrinkage=0.1


Tree=9
num_leaves=31
num_cat=0
split_feature=40 40 40 40 6 18 88 8 67 40 18 109 75 50 10 40 52 45 22 91 14 109 91 0 107 27 18 50 48 48
split_gain=8194.21 1530.87 1011.59 350.098 227.383 211.105 164.26 138.488 130.687 106.791 88.6501 86.2685 97.7144 82.347 79.6917 67.6072 66.803 66.7711 66.1395 65.4787 62.3935 61.4796 58.8072 57.4007 56.1797 54.4749 53.6437 53.5719 53.2202 51.9147
threshold=1.8062500000000001 2.8090909090909095 0.97500000000000009 3.6583333333333337 15.225000000000001 5.9000000000000012 10.250000000000002 18.121428571428577 7.5000000000000009 1.3867521367521369 6.1000000000000005 22.884325804243669 7.5000000000000009 1.0000000180025095e-35 17.825000000000006 0.47213622291021679 10.500000000000002 1.2326528377441648 2.9750000000000005 3.5000000000000004 2.683333333333334 20.343600273785082 2.5000000000000004 44.170000000000009 2018.5000000000002 1.714318016993259 2.4500000000000006 0.45000000000000007 40.050000000000004 15.550000000000002
decision_type=10 10 10 10 10 10 8 10 10 10 10 2 10 10 10 8 8 10 10 10 10 2 10 10 2 10 10 10 8 8
left_child=2 5 6 10 9 7 -1 16 17 22 -3 -7 -13 -9 -10 -8 21 -5 25 29 -19 -2 24 -14 -4 -15 -17 -12 -16 -6
right_child=1 3 4 8 19 11 15 13 14 -11 27 12 23 18 28 26 -18 20 -20 -21 -22 -23 -24 -25 -26 -27 -28 -29 -30 -31
leaf_value=-0.047780037351429765 0.029935303795834034 0.045372235163976191 -0.013773884635158716 0.055602327572375168 -0.0093220015847023958 0.074689609258474718 -0.045230617246987459 0.017189108380655533 -0.050284160194652421 -0.0085856827721970692 0.052951601733783264 0.016351778275663507 0.038950641597491793 0.018537664860231964 0.11330573000664319 -0.031072385706961664 0.042164857564254463 0.19256484466520224 0.047430551286358758 0.013324656751059628 0.084564486489543844 0.0034018051161214557 -0.012253586983957414 0.07550519794005478 -0.031151046425987091 0.14125699145165649 -0.014428856734173363 0.076136682694007418 0.18500342544006265 0.0094628532126725447
leaf_weight=9030 983 5580 2551 973 5056 668 2895 4852 28 10359 1935 1525 1458 1616 1038 12730 554 55 2333 3220 1951 7822 4229 609 6873 37 2284 2055 115 2075
leaf_count=9030 983 5580 2551 973 5056 668 2895 4852 28 10359 1935 1525 1458 1616 1038 12730 554 55 2333 3220 1951 7822 4229 609 6873 37 2284 2055 115 2075
internal_value=8.65385e-11 0.0377343 -0.0222748 0.064039 -0.0109009 0.0216519 -0.0367832 0.0169608 0.0882587 -0.0162418 0.0535109 0.0416906 0.0355538 0.025938 0.116409 -0.0312385 0.00848324 0.0770988 0.0365878 0.00148863 0.0875256 0.00636403 -0.0220507 0.0497207 -0.0264472 0.0212846 -0.0285405 0.0648928 0.120457 -0.00385593
internal_weight=97489 36187 61302 13730 34363 22457 26939 18197 4160 24012 9570 4260 3592 8838 1181 17909 9359 2979 3986 10351 2006 8805 13653 2067 9424 1653 15014 3990 1153 7131
internal_count=97489 36187 61302 13730 34363 22457 26939 18197 4160 24012 9570 4260 3592 8838 1181 17909 9359 2979 3986 10351 2006 8805 13653 2067 9424 1653 15014 3990 1153 7131
is_linear=0
shrinkage=0.1


Tree=10
num_leaves=31
num_cat=0
split_feature=40 40 0 22 20 40 38 8 111 51 20 62 40 111 109 52 6 75 20 18 63 86 109 103 88 75 104 49 5 80
split_gain=6637.31 1243.42 826.204 265.735 207.565 198.326 196.45 126.851 83.1094 86.5226 79.7621 78.9894 78.5788 72.936 70.0828 69.3682 62.9751 62.2438 61.9854 60.4166 57.4134 54.1981 53.5843 55.711 53.3514 52.0362 50.7568 49.8072 49.6793 54.1051
threshold=1.8062500000000001 2.8535714285714291 21.410000000000007 7.9750000000000005 6.1125000000000007 1.341666666666667 0.95000000000000007 18.121428571428577 4.5000000000000009 86.600000000000009 5.2111111111111121 1.0000000180025095e-35 0.40588235294117653 6.5000000000000009 25.419575633127998 7.5000000000000009 21.700000000000006 7.5000000000000009 2.3166666666666669 2.5500000000000003 15.500000000000002 71.500000000000014 33.093771389459285 0.78650000000000009 9.9500000000000011 10.500000000000002 109.95000000000002 40.250000000000007 13.332318766194403 77.850000000000023
decision_type=10 10 10 10 10 10 10 10 2 10 10 10 8 2 2 10 10 10 10 10 10 10 2 2 10 10 2 10 10 10
left_child=2 4 6 8 7 15 12 19 10 28 -3 17 -1 20 18 26 -7 27 -9 -2 -5 -14 23 -22 -8 -16 -4 -6 -10 -30
right_child=1 3 5 13 11 16 24 14 9 -11 -12 -13 21 -15 25 -17 -18 -19 -20 -21 22 -23 -24 -25 -26 -27 -28 -29 29 -31
leaf_value=-0.048211322556102075 -0.0029138835750483379 0.044475761835422851 -0.0088182268580838819 0.050335141110699623 -0.043311712071743044 -0.0025148163506258535 -0.033558000186342439 0.010215290882105295 0.032335016117950831 0.072705690358575201 0.071004040489208151 0.10572664426859989 -0.034538391306302339 0.052610717064943295 0.012943665731360056 0.0060650060677281022 0.018292477424285105 0.050414752876015469 0.038439798572498074 0.013648241148789753 0.10379771515937962 0.011952931770653118 0.063485360993498066 0.26394719989462334 -0.016700626933086681 0.052789373996617442 -0.022298345453178346 0.028224757555700905 0.17258495993730499 0.054287158228336102
leaf_weight=4993 3310 1863 3886 280 105 13655 2433 975 3746 798 2894 186 15044 555 4582 1253 1628 1954 3853 6583 1716 255 361 22 8222 353 9933 1332 41 678
leaf_count=4993 3310 1863 3886 280 105 13655 2433 975 3746 798 2894 186 15044 555 4582 1253 1628 1954 3853 6583 1716 255 361 22 8222 353 9933 1332 41 678
internal_value=6.28806e-12 0.0339609 -0.0200474 0.0587855 0.0201195 -0.00832539 -0.0315451 0.0160873 0.0510352 0.0423767 0.0606147 0.0422766 -0.0373185 0.0852538 0.024174 -0.0164648 -0.000298349 0.0387962 0.0327399 0.00810689 0.0928692 -0.0337635 0.0985431 0.105825 -0.0205499 0.0157938 -0.0185076 0.0229977 0.0369562 0.0610329
internal_weight=97489 36187 61302 12954 23233 30355 30947 19656 10020 5263 4757 3577 20292 2934 9763 15072 15283 3391 4828 9893 2379 15299 2099 1738 10655 4935 13819 1437 4465 719
internal_count=97489 36187 61302 12954 23233 30355 30947 19656 10020 5263 4757 3577 20292 2934 9763 15072 15283 3391 4828 9893 2379 15299 2099 1738 10655 4935 13819 1437 4465 719
is_linear=0
shrinkage=0.1


Tree=11
num_leaves=31
num_cat=0
split_feature=40 40 40 6 75 18 20 22 8 0 40 109 75 107 104 11 106 88 10 104 36 48 109 60 4 27 45 9 104 91
split_gain=5406.01 1126.12 597.457 262.346 153.203 149.086 145.368 102.602 102.382 91.4298 85.0181 76.6509 64.2403 62.9309 62.072 61.8167 62.0629 61.6298 54.0471 53.8084 53.4899 52.9582 51.9935 50.9611 50.2573 49.4987 48.2951 48.2714 48.0601 47.1577
threshold=2.1937500000000005 1.341666666666667 3.3535714285714291 6.6333333333333337 7.5000000000000009 4.1000000000000005 9.4500000000000011 2.0513157894736849 16.211111111111112 40.210000000000015 2.6961538461538468 28.160164271047233 11.500000000000002 2017.5000000000002 108.85000000000001 4.1877631789227179 94.500000000000014 5.2500000000000009 22.975000000000005 114.45000000000002 1.9000000000000001 27.250000000000004 22.550308008213559 6.5000000000000009 53.335000000000015 1.2671032908556688 1.6482305137328706 5.5782314776903164 110.25000000000001 8.5000000000000018
decision_type=10 10 10 8 10 10 10 10 10 10 10 2 10 2 2 10 2 10 10 2 10 10 2 10 10 10 8 10 2 10
left_child=1 3 4 17 10 8 12 13 21 23 28 26 29 -5 18 -12 -17 -1 -8 27 -10 22 -3 -6 -14 -16 -7 -11 -2 -4
right_child=2 5 6 7 9 11 14 -9 20 19 15 -13 24 -15 25 16 -18 -19 -20 -21 -22 -23 -24 -25 -26 -27 -28 -29 -30 -31
leaf_value=-0.044986696671157053 0.023165512415509914 -0.00082116602251947805 0.049113609269823784 -0.010349462668555492 0.028803073650951722 0.017503624954443082 0.033786199882626537 -0.008662932095136737 -0.0006182936960092909 0.030753535462271414 -0.046662571416887386 0.00052436921230655223 0.14894569262978621 -0.025240592123372513 0.095142026893206805 0.062307082662547003 0.028704854458670267 -0.031131459262973966 0.14577595081765396 0.027772209899378331 0.01627460029841557 0.04198333812214864 -0.013412620716604205 0.15738060041781396 0.069662348248235043 0.040399611343717362 0.046062509771100608 0.05945430629734684 0.0056961582298418493 0.071475433388197743
leaf_weight=4578 2983 5147 3850 3444 5472 3313 50 7206 4711 726 93 2575 128 16128 637 703 2520 10747 312 995 3113 208 9038 31 213 223 721 3039 3336 1249
leaf_count=4578 2983 5147 3850 3444 5472 3313 50 7206 4711 726 93 2575 128 16128 637 703 2520 10747 312 995 3113 208 9038 31 213 223 721 3039 3336 1249
internal_value=1.05686e-10 -0.01441 0.0384821 -0.0248359 0.0298037 0.000818137 0.0644025 -0.0188643 -0.00310425 0.0383057 0.0207476 0.0140038 0.0574013 -0.0226203 0.0955696 0.0337149 0.0360342 -0.0352704 0.130308 0.0484542 0.00610302 -0.00810931 -0.00884384 0.0295274 0.0994227 0.0809472 0.022608 0.05392 0.0139429 0.0545911
internal_weight=97489 70929 26560 42103 19898 28826 6662 26778 22217 10263 9635 6609 5440 19572 1222 3316 3223 15325 362 4760 7824 14393 14185 5503 341 860 4034 3765 6319 5099
internal_count=97489 70929 26560 42103 19898 28826 6662 26778 22217 10263 9635 6609 5440 19572 1222 3316 3223 15325 362 4760 7824 14393 14185 5503 341 860 4034 3765 6319 5099
is_linear=0
shrinkage=0.1


Tree=12
num_leaves=31
num_cat=0
split_feature=40 38 40 91 40 8 60 88 20 8 104 18 0 40 96 104 48 95 64 86 8 109 21 75 109 40 4 60 23 109
split_gain=4384.22 895.159 527.548 219.275 191.067 139.705 99.4855 90.3971 89.0043 81.662 84.5319 78.8453 63.1317 57.0315 56.5184 56.2066 53.3432 51.9555 61.0087 57.7399 50.495 57.6768 48.9743 48.886 71.8706 47.9481 47.8988 44.1993 40.4231 45.8865
threshold=1.7573529411764708 3.0500000000000003 0.93541666666666679 8.5000000000000018 2.4058823529411768 15.850000000000003 4.5000000000000009 19.250000000000004 2.9500000000000006 20.750000000000004 109.55000000000001 2.5500000000000003 21.550000000000008 5.2250000000000005 267.50000000000006 108.75000000000001 30.350000000000005 1.0000000180025095e-35 1.0000000180025095e-35 7.5000000000000009 22.133333333333336 25.249828884325808 3.8064273129653867 8.5000000000000018 24.034223134839156 0.40588235294117653 30.785000000000004 4.5000000000000009 1.7446856953530336 23.407255304585906
decision_type=10 10 10 10 10 10 8 8 10 10 2 10 10 10 2 2 10 10 10 10 10 2 10 10 2 10 10 10 8 2
left_child=2 4 7 9 11 8 12 25 15 -3 17 -2 -6 -5 20 -4 -8 -11 -19 -20 23 -22 -15 24 27 -1 -17 -13 -14 -30
right_child=1 3 5 13 6 -7 16 -9 -10 10 -12 14 28 22 -16 26 -18 18 19 -21 21 -23 -24 -25 -26 -27 -28 -29 29 -31
leaf_value=-0.041419268709539082 -0.00045114928287215894 0.027175749366809762 -0.0066215119699578806 0.071066782132263487 -0.016875955933383445 0.002701918268455714 0.051096955535036549 -0.019842901183385137 -0.00165155124349602 0.095606087689534824 0.038631085908334473 0.016027375119264921 0.012048055802590324 0.16230741595078646 0.055193547478773843 -0.020305685297882584 0.13106846544143605 0.052826874151556028 0.024896090229352318 0.20574603489823826 0.050686922498464897 0.01667772697223634 -0.0071301224082708364 0.026325306474126561 -0.0024573678553406375 -0.029126910577368464 -0.001461649284605686 0.11806268402656844 0.041453099059799575 0.024964070105367334
leaf_weight=4354 4902 2506 5357 2778 336 7967 243 8785 6014 415 3308 3341 1475 116 334 14063 127 1818 27 51 687 1819 20 1511 4017 11701 1492 43 2448 5434
leaf_count=4354 4902 2506 5357 2778 336 7967 243 8785 6014 415 3308 3341 1475 116 334 14063 127 1818 27 51 687 1819 20 1511 4017 11701 1492 43 2448 5434
internal_value=1.10804e-11 0.0266737 -0.0168599 0.0506281 0.0167761 -0.00893065 0.0276552 -0.0279981 -0.0123726 0.0421877 0.0488828 0.0102025 0.0257126 0.0741622 0.0146463 -0.0154558 0.0785466 0.0635573 0.0565425 0.143144 0.0134603 0.0260011 0.13739 0.00993385 0.00658734 -0.0324605 -0.0184982 0.0173239 0.0272419 0.0300853
internal_weight=97489 37756 59733 11039 26717 34893 10063 24840 26926 8125 5619 16654 9693 2914 11752 20912 370 2311 1896 78 11418 2506 136 8912 7401 16055 15555 3384 9357 7882
internal_count=97489 37756 59733 11039 26717 34893 10063 24840 26926 8125 5619 16654 9693 2914 11752 20912 370 2311 1896 78 11418 2506 136 8912 7401 16055 15555 3384 9357 7882
is_linear=0
shrinkage=0.1


Tree=13
num_leaves=31
num_cat=0
split_feature=40 38 0 91 2 38 20 22 52 51 111 60 104 107 109 91 50 0 104 33 48 59 18 87 40 5 104 37 109 11
split_gain=3551.22 725.079 441.93 177.613 158.888 115.354 103.812 84.3174 71.3683 69.6237 63.3427 74.6748 60.4263 57.8669 57.5381 55.6311 54.7688 52.8852 52.758 51.5269 50.579 48.8451 47.2831 47.1248 46.1955 44.9768 43.1913 42.1497 44.1586 41.3203
threshold=1.7573529411764708 3.0500000000000003 21.410000000000007 8.5000000000000018 37.283750000000005 0.5277777777777779 2.0500000000000003 2.9750000000000005 15.500000000000002 78.350000000000009 7.5000000000000009 4.5000000000000009 113.25000000000001 2022.5000000000002 20.431211498973308 1.5000000000000002 3.0500000000000003 20.710000000000008 107.05000000000001 1.2494423429796102 15.550000000000002 12.500000000000002 1.9000000000000001 57.500000000000007 5.2250000000000005 11.232459425112589 104.65000000000002 2.8838617020628585 29.504449007529093 9.6512202662115332
decision_type=10 10 10 10 10 8 10 10 10 10 2 10 2 2 2 10 10 10 2 10 10 10 10 10 10 8 2 10 2 10
left_child=2 4 5 9 7 -1 18 23 12 22 11 19 14 -11 -9 -7 20 -14 -4 -6 -8 -13 -3 -2 -5 29 -17 28 -27 -24
right_child=1 3 6 24 10 15 16 8 -10 13 -12 21 17 -15 -16 26 -18 -19 -20 -21 -22 -23 25 -25 -26 27 -28 -29 -30 -31
leaf_value=-0.032697475242746181 0.0047201554291184805 -0.039369512005347988 0.00078090950027108193 0.063960104213291666 0.038505729374565541 -0.023676734033190788 -0.0053840307632111138 0.048902854966612543 0.071495813476138342 0.053430057733399899 0.018095287916230204 0.25849885333861627 -0.041177959441317968 0.020513782414396237 0.015773035555088175 0.019291728356335993 0.019118665315133804 0.0057426527508179573 -0.015220930040900076 0.012590027602829658 0.0099927840311758564 0.083713542222420667 0.020220807731657919 -0.015917639687771545 0.12365111893056618 0.042899972030822742 -0.014802238318435088 0.12092479906806892 -0.033548404427268835 0.14242977412151439
leaf_weight=9477 4530 98 2500 2778 3232 12607 10775 568 215 3153 5534 21 261 643 6802 389 1306 3017 11717 1006 2669 67 2324 1464 136 1734 8293 66 79 28
leaf_count=9477 4530 98 2500 2778 3232 12607 10775 568 215 3153 5534 21 261 643 6802 389 1306 3017 11717 1006 2669 67 2324 1464 136 1734 8293 66 79 28
internal_value=-1.09804e-11 0.0240063 -0.0151739 0.0455653 0.0150985 -0.02352 -0.00630941 0.00920055 0.0144541 0.0379689 0.0251818 0.0342472 0.0133023 0.0478544 0.0183263 -0.0194346 -0.000432082 0.00200675 -0.0124071 0.032354 -0.00233131 0.125424 0.0293006 -0.000320507 0.066746 0.0308911 -0.0132746 0.0424264 0.0395688 0.0216757
internal_weight=97489 37756 59733 11039 26717 30766 28967 16857 10863 8125 9860 4326 10648 3796 7370 21289 14750 3278 14217 4238 13444 88 4329 5994 2914 4231 8682 1879 1813 2352
internal_count=97489 37756 59733 11039 26717 30766 28967 16857 10863 8125 9860 4326 10648 3796 7370 21289 14750 3278 14217 4238 13444 88 4329 5994 2914 4231 8682 1879 1813 2352
is_linear=0
shrinkage=0.1


Tree=14
num_leaves=31
num_cat=0
split_feature=38 40 2 60 18 0 36 40 83 88 23 48 111 109 6 109 67 5 79 91 109 20 104 72 19 106 87 11 23 103
split_gain=2913.31 628.018 345.857 185.921 114.073 111.846 104.162 68.0497 66.5697 62.7941 60.3494 58.4078 58.0398 57.7569 56.3659 50.492 69.252 55.2719 50.393 62.4433 58.0857 57.3378 55.4334 55.1167 49.7905 47.9243 55.6293 47.5735 47.4694 47.2247
threshold=1.7638888888888891 2.6961538461538468 21.535000000000007 4.5000000000000009 1.5500000000000003 36.590000000000011 4.1000000000000005 1.4522727272727274 453.50000000000006 16.650000000000002 2.2214981307819506 18.750000000000004 23.500000000000004 22.580424366872009 30.300000000000001 24.190280629705686 5.5000000000000009 9.0214189570339904 7.5000000000000009 10.500000000000002 25.375770020533881 6.1125000000000007 109.95000000000002 1.0000000180025095e-35 1.8437094529227334 76.500000000000014 130.50000000000003 5.4668592136464591 3.6192103991251217 0.7400000000000001
decision_type=10 10 10 10 10 10 10 10 8 10 10 10 2 2 10 2 10 10 10 10 2 10 2 10 8 2 10 8 10 2
left_child=2 5 4 6 12 9 10 11 -9 -2 -3 -4 -1 24 25 16 -16 -17 19 20 21 -7 23 -20 -11 26 -12 -5 -8 -29
right_child=1 3 7 27 -6 18 28 8 -10 13 14 -13 -14 -15 15 17 -18 -19 22 -21 -22 -23 -24 -25 -26 -27 -28 29 -30 -31
leaf_value=-0.019987290461092551 -0.0097887598236268622 0.018645237262904898 -0.011270274138576852 0.0088986957432684779 -0.01339241463742339 0.020169220003060002 0.046072958747872955 -0.00015227470347576696 0.066786752517847034 0.0093807299993314223 0.05156766127654782 0.0096879799931437645 -0.030907948628464722 0.0038000043839547348 0.15312988428733917 0.14480187288101984 0.034661622288711801 0.036507531339767571 0.056031084681037541 0.072177559690224755 0.0042770331391585818 0.073243388751596888 0.025686706819130274 0.18743116230836937 0.032215217096241359 0.028675178813371352 0.19601334602172887 0.074983678772494441 0.088533361284910725 0.19131334316399362
leaf_weight=8819 2271 3812 16536 107 11258 2334 2450 9215 151 2477 558 1446 10859 9080 114 51 87 621 363 189 2995 223 1528 35 1554 6858 28 1139 295 36
leaf_count=8819 2271 3812 16536 107 11258 2334 2450 9215 151 2477 558 1446 10859 9080 114 51 87 621 363 189 2995 223 1528 35 1554 6858 28 1139 295 36
internal_value=5.32706e-11 0.0210775 -0.0141779 0.0361948 -0.0214206 0.0104812 0.0330454 -0.00598489 0.000926926 0.00556314 0.0290644 -0.00958494 -0.0260137 0.0082223 0.0338398 0.0578791 0.101853 0.0447263 0.020348 0.0156522 0.013728 0.0247979 0.0343451 0.0675864 0.0181837 0.0310206 0.0584695 0.0727347 0.0506361 0.0785478
internal_weight=97489 39205 58284 16156 30936 23049 14874 27348 9366 15382 12129 17982 19678 13111 8317 873 201 672 7667 5741 5552 2557 1926 398 4031 7444 586 1282 2745 1175
internal_count=97489 39205 58284 16156 30936 23049 14874 27348 9366 15382 12129 17982 19678 13111 8317 873 201 672 7667 5741 5552 2557 1926 398 4031 7444 586 1282 2745 1175
is_linear=0
shrinkage=0.1


Tree=15
num_leaves=31
num_cat=0
split_feature=40 38 40 6 91 18 67 111 36 6 54 103 52 48 60 10 104 43 88 10 103 45 4 54 7 60 91 109 6 17
split_gain=2366.85 519.345 277.274 130.792 111.888 103.888 88.4311 72.4159 71.6405 66.4832 61.3249 63.1209 59.0068 55.7187 50.5208 48.5693 48.095 47.4715 47.1753 46.9507 47.4418 42.6917 62.5266 47.8885 44.043 44.6299 42.8757 42.3994 46.5567 41.5978
threshold=2.1937500000000005 1.2111111111111115 3.4058823529411768 6.6333333333333337 3.5000000000000004 5.9000000000000012 7.5000000000000009 2.5000000000000004 1.9000000000000001 10.900000000000002 1.0000000180025095e-35 0.29250000000000004 11.500000000000002 20.450000000000003 4.5000000000000009 28.225000000000005 113.35000000000001 2.2912618684212727 9.9500000000000011 28.625000000000004 0.71600000000000008 0.9689585494434233 46.902500000000018 1.0000000180025095e-35 6.7379481249007798 6.5000000000000009 8.5000000000000018 21.386721423682413 15.900000000000002 3.162858854391311
decision_type=10 10 10 8 10 10 10 2 10 10 10 2 8 10 10 10 2 10 10 10 2 10 10 10 10 8 10 2 10 10
left_child=1 3 5 -1 7 9 21 -3 -6 -2 11 -7 18 -5 29 17 -11 -8 -9 -17 -21 22 -4 24 26 -26 -23 -10 -29 -12
right_child=2 4 6 13 8 10 15 12 27 16 14 -13 -14 -15 -16 19 -18 -19 -20 20 -22 23 -24 -25 25 -27 -28 28 -30 -31
leaf_value=-0.024559418739427002 -0.009603919329320941 0.017874228584763299 -0.010679015332467864 -0.013584906436758512 0.001439575388336457 -0.0067933179241636268 0.049581347377033784 -0.023452659574777081 0.046781384728872916 0.020569399222837945 0.052595134892114016 0.029484209882022234 0.016493457079003772 0.012686482346204498 0.1297609682828188 0.24393329575657843 0.006751463487698635 0.17957643984720625 -0.0055014839355919309 0.077992345636598681 0.21514096028274962 -0.0048857601613901134 0.042504312889751143 0.051492878618079753 0.03806148140644014 0.14459219095183581 0.055212875479051182 0.002992430988216934 0.024922493570611267 -0.0014695654435534821
leaf_weight=14975 1013 1395 412 23516 6008 538 897 1601 466 9712 1035 4420 1130 836 75 20 3401 29 17103 383 27 507 477 2290 963 41 155 1788 2111 165
leaf_count=14975 1013 1395 412 23516 6008 538 897 1601 466 9712 1035 4420 1130 836 75 20 3401 29 17103 383 27 507 477 2290 963 41 155 1788 2111 165
internal_value=2.43653e-11 -0.00953475 0.0254627 -0.0172053 1.087e-05 0.0198239 0.0439762 -0.00414845 0.00852318 0.0150788 0.0305777 0.0255477 -0.00569739 -0.012683 0.0501377 0.0665492 0.0169856 0.0536525 -0.00703804 0.0943222 0.0870241 0.0376586 0.0178569 0.0421085 0.0292091 0.0424118 0.00918567 0.0182731 0.0148658 0.0451612
internal_weight=97489 70929 26560 39327 31602 20359 6201 21229 10373 14126 6233 4958 19834 24352 1275 1356 13113 926 18704 430 410 4845 889 3956 1666 1004 662 4365 3899 1200
internal_count=97489 70929 26560 39327 31602 20359 6201 21229 10373 14126 6233 4958 19834 24352 1275 1356 13113 926 18704 430 410 4845 889 3956 1666 1004 662 4365 3899 1200
is_linear=0
shrinkage=0.1


Tree=16
num_leaves=31
num_cat=0
split_feature=38 40 20 60 52 104 20 6 36 2 22 89 109 96 88 63 25 109 104 2 19 8 94 111 15 86 9 20 75 104
split_gain=1928.37 419.626 252.838 128.86 81.5971 81.4888 76.736 73.432 71.5956 68.2458 54.4031 52.3838 47.1494 45.0706 43.4716 47.4688 48.0721 42.6919 42.2929 72.9964 42.1553 43.4645 42.1298 41.7416 60.0273 39.1249 38.9042 38.7097 38.4693 38.0219
threshold=1.7638888888888891 2.6961538461538468 1.5857142857142861 4.5000000000000009 13.500000000000002 109.95000000000002 6.1125000000000007 5.2250000000000005 4.1000000000000005 32.07500000000001 2.5131578947368425 18.500000000000004 24.420260095824784 169.50000000000003 48.350000000000001 13.500000000000002 0.64222852518808682 20.343600273785082 106.25000000000001 36.935000000000016 3.570707350120379 33.45000000000001 2.5000000000000004 5.5000000000000009 4.9643166130823442 165.50000000000003 7.1898843614187529 10.250000000000002 9.5000000000000018 117.65000000000002
decision_type=10 10 10 10 10 2 10 8 10 10 10 10 2 2 10 10 8 2 2 10 10 10 10 2 8 10 10 10 10 2
left_child=2 4 7 8 6 17 11 -1 10 -7 -3 -2 26 25 15 16 -5 -4 19 -10 21 -16 -18 24 -9 -12 -13 -20 -14 -15
right_child=1 3 5 14 -6 9 -8 23 18 -11 13 12 28 29 20 -17 22 -19 27 -21 -22 -23 -24 -25 -26 -27 -28 -29 -30 -31
leaf_value=-0.025766458368394019 0.00067419562007354572 -0.016216251769236953 0.032627772661471446 0.23742662702094425 0.031919644826510794 -0.011138910216006137 0.02332055579087982 -0.0048430244738363847 -0.030586476168949713 0.0037518106482822139 0.17615376593278986 0.011497869206158216 0.0021693168282759219 0.025423350985939383 0.098532532008840282 0.03118793846163866 0.17952854140945104 0.0013653293314088997 0.031280872418117563 0.081135809379882878 0.0267226816815955 -0.039406582107767464 0.01492499033532416 -0.016323901728402906 0.075179782573773404 0.046967449700328671 0.034035554034031267 0.077613019341170195 0.045322678035227666 -0.00086172263456479577
leaf_weight=8935 11775 334 461 22 1396 17171 2536 1764 67 3750 35 1896 3943 11110 474 567 23 8327 2020 460 124 24 48 17777 99 71 1285 198 218 579
leaf_count=8935 11775 334 461 22 1396 17171 2536 1764 67 3750 35 1896 3943 11110 474 567 23 8327 2020 460 124 24 48 17777 99 71 1285 198 218 579
internal_value=4.97635e-11 0.0171483 -0.0115349 0.0295055 0.00848666 -0.00507545 0.0069759 -0.0182507 0.0268836 -0.00846981 0.023583 0.00480767 0.0114369 0.02471 0.0599257 0.0420492 0.108268 0.00300529 0.0414674 0.066932 0.0788943 0.0918849 0.0682473 -0.0148315 -0.000590605 0.0896233 0.0206022 0.0354169 0.00443018 0.0241214
internal_weight=97489 39205 58284 16156 23049 29709 21653 28575 14874 20921 12129 19117 7342 11795 1282 660 93 8788 2745 527 622 498 71 19640 1863 106 3181 2218 4161 11689
internal_count=97489 39205 58284 16156 23049 29709 21653 28575 14874 20921 12129 19117 7342 11795 1282 660 93 8788 2745 527 622 498 71 19640 1863 106 3181 2218 4161 11689
is_linear=0
shrinkage=0.1


Tree=17
num_leaves=31
num_cat=0
split_feature=40 38 20 18 8 103 6 111 88 87 4 75 21 109 111 86 72 25 84 104 40 23 7 3 52 109 107 102 10 106
split_gain=1563.78 369.611 192.313 117.061 84.847 79.6074 63.0625 61.9399 58.9191 57.8287 55.0778 51.7943 50.324 47.7821 64.4584 46.089 45.0889 55.8584 44.9393 44.0756 42.6321 45.9692 42.3525 40.836 54.383 40.7158 38.2143 38.1499 37.4887 38.1283
threshold=2.1539473684210528 0.95000000000000007 6.9500000000000011 3.3666666666666671 16.31666666666667 0.31750000000000006 11.633333333333335 5.5000000000000009 31.450000000000003 54.500000000000007 40.102500000000013 6.5000000000000009 2.1147592520705518 31.278576317590694 18.500000000000004 62.500000000000007 1.0000000180025095e-35 0.52386127875258326 5.5000000000000009 113.25000000000001 2.552777777777778 3.2197989411464829 11.086026324082738 14.285993529013536 2.5000000000000004 21.263518138261471 2017.5000000000002 3.5000000000000004 25.825000000000006 92.500000000000014
decision_type=10 10 10 10 10 2 10 2 10 10 10 10 10 2 2 10 8 10 8 2 10 8 10 10 8 2 2 10 10 2
left_child=1 8 4 6 12 20 26 10 15 -8 18 19 -2 14 -5 27 -13 -18 -4 -7 -6 -22 23 -12 -25 -21 -3 -1 29 -11
right_child=2 3 7 13 5 11 9 -9 -10 28 22 16 -14 -15 -16 -17 17 -19 -20 25 21 -23 -24 24 -26 -27 -28 -29 -30 -31
leaf_value=-0.017716312126168015 -0.0074028037175043158 -0.0010208416784760839 0.10360894000504989 0.015558900977446721 -0.015874033017803661 0.014212724695144889 0.0027760312962124226 0.02254962338974522 -0.0030961955298390493 0.012646148107947335 0.049575267285478175 0.020747668740619792 0.013654968620450595 -0.009921950473816438 5.94719469322657e-05 0.0027588831625888414 -0.0056191932098581593 0.038423515086952229 0.012930998365966492 0.036706663067452613 0.016360466437413221 -0.062935974751296753 0.079386838496123491 0.15358969453308319 0.0069905372869186388 -0.044764861650942005 -0.013293280975030861 -0.028792920351603281 0.065714941681786029 -0.012833763566506624
leaf_weight=19398 2112 3330 59 5886 825 1408 11560 2266 2731 659 2482 8077 2453 1620 4931 970 317 3144 742 80 1446 77 399 27 403 263 10658 3703 66 5397
leaf_count=19398 2112 3330 59 5886 825 1408 11560 2266 2731 659 2482 8077 2453 1620 4931 970 317 3144 742 80 1446 77 399 27 403 263 10658 3703 66 5397
internal_value=9.63111e-12 -0.0077542 0.0206863 -0.00212623 0.0159069 0.0194085 -0.00535463 0.0358248 -0.0170159 -0.0013857 0.0431403 0.0224077 0.00391258 0.00609467 0.00849339 -0.0185952 0.0248398 0.0343896 0.0196101 0.00638201 0.00243402 0.0123514 0.0488328 0.0446463 0.0161956 -0.0257628 -0.0103717 -0.0194918 -0.00924417 -0.0100611
internal_weight=97489 70909 26580 44107 20202 15637 31670 6378 26802 17682 4112 13289 4565 12437 10817 24071 11538 3461 801 1751 2348 1523 3311 2912 430 343 13988 23101 6122 6056
internal_count=97489 70909 26580 44107 20202 15637 31670 6378 26802 17682 4112 13289 4565 12437 10817 24071 11538 3461 801 1751 2348 1523 3311 2912 430 343 13988 23101 6122 6056
is_linear=0
shrinkage=0.1


Tree=18
num_leaves=31
num_cat=0
split_feature=38 38 20 91 18 104 52 88 0 18 103 104 1 104 89 60 109 86 104 69 6 8 84 88 80 48 77 14 89 109
split_gain=1280.84 283.032 178.28 86.9837 74.3583 64.2861 61.8292 57.1305 55.6366 47.7933 50.9726 47.2764 51.7335 46.1155 45.7252 45.3865 43.2384 42.8663 42.6113 42.6019 42.2022 41.9467 41.4544 41.0866 41.0117 44.1075 41.4874 39.4803 38.3147 37.8379
threshold=1.7638888888888891 2.7638888888888893 1.5857142857142861 8.5000000000000018 6.9000000000000012 111.05000000000001 13.500000000000002 6.4500000000000011 29.780000000000008 1.6333333333333335 0.21350000000000002 107.35000000000001 3.8136596574433312 108.05000000000001 11.500000000000002 9.5000000000000018 20.343600273785082 168.50000000000003 107.35000000000001 1.0000000180025095e-35 11.633333333333335 27.850000000000005 20.500000000000004 30.450000000000003 1960.3500000000001 9.4500000000000011 6.5000000000000009 6.1055555555555561 38.500000000000007 22.711841204654352
decision_type=10 10 10 10 10 2 10 8 10 10 2 2 10 2 10 10 2 10 2 10 10 10 10 10 10 10 10 10 10 2
left_child=2 4 7 8 6 16 9 -1 -3 -2 -11 12 -10 -9 -7 17 -4 -5 -12 -17 -20 29 -8 -19 25 -25 -26 -28 -29 -6
right_child=1 3 5 15 21 14 22 13 11 10 18 -13 -14 -15 -16 19 -18 23 20 -21 -22 -23 -24 24 26 -27 27 28 -30 -31
leaf_value=-0.024017288262919365 -0.0076349193527430444 0.0018873485163465051 0.027791802571942931 0.029833747115401162 0.056459803223631089 -0.01289239941188286 0.035793238905871098 -0.0040097378747854873 0.12058866271810771 -0.027716574828402642 0.016267035799158249 0.019045667909966549 0.032225790047404272 -0.01510106579676187 -0.0026237811539409185 0.036017843633890149 0.00020465817355290266 -0.055723645775155588 -0.0081668082121538494 0.23767460354349834 0.0068131599235055689 0.075525444602737066 -0.002235621775251247 0.022089506233377118 0.032040731551243228 0.17580687769555622 0.042289881271542984 0.1224061714918227 0.013340441806194109 0.015488618968496154
leaf_weight=5680 2995 1424 597 2444 264 8920 1052 4723 68 436 3782 7834 2585 18172 8439 20 11753 33 2274 22 10873 156 394 28 499 56 200 185 39 1542
leaf_count=5680 2995 1424 597 2444 264 8920 1052 4723 68 436 3782 7834 2585 18172 8439 20 11753 33 2274 22 10873 156 394 28 499 56 200 185 39 1542
internal_value=6.68485e-12 0.0139757 -0.00940083 0.0245187 0.00712822 -0.00397675 0.00545046 -0.0150402 0.0204345 0.00403139 0.00604352 0.0229529 0.0344907 -0.012813 -0.00790036 0.0383152 0.00153822 0.0370695 0.006913 0.141648 0.00422212 0.0257751 0.0254313 0.0540736 0.0576717 0.124568 0.0515837 0.0745835 0.103417 0.0214778
internal_weight=97489 39205 58284 15437 23768 29709 21806 28575 11911 20360 17365 10487 2653 22895 17359 3526 12350 3484 16929 42 13147 1962 1446 1040 1007 84 923 424 224 1806
internal_count=97489 39205 58284 15437 23768 29709 21806 28575 11911 20360 17365 10487 2653 22895 17359 3526 12350 3484 16929 42 13147 1962 1446 1040 1007 84 923 424 224 1806
is_linear=0
shrinkage=0.1


Tree=19
num_leaves=31
num_cat=0
split_feature=36 75 2 22 10 36 109 50 83 11 103 85 41 89 50 29 0 71 104 86 6 20 26 104 43 22 88 26 43 14
split_gain=1038.3 203.928 201.201 103.709 86.0177 70.5327 67.2694 58.9124 55.7087 54.2175 50.1978 49.6974 50.9551 47.9212 47.8935 46.1627 43.3046 43.1184 52.951 109.435 75.5391 42.8965 42.6564 40.7918 39.431 41.393 52.4733 45.2623 41.5 39.0337
threshold=1.9000000000000001 7.5000000000000009 23.125000000000007 6.0704545454545462 25.175000000000001 0.55000000000000016 20.431211498973308 2.9500000000000006 249.50000000000003 6.8850524428036568 0.46050000000000008 15.500000000000002 1.6635834376466676 15.500000000000002 0.85000000000000009 1.2990604861935495 51.930000000000007 4.5000000000000009 107.85000000000001 23.500000000000004 19.700000000000006 1.6125000000000003 0.68333333333333346 113.45000000000002 3.3540936844653131 10.325000000000001 52.050000000000004 0.78888888888888908 2.1794192844442732 2.683333333333334
decision_type=10 10 10 10 10 8 2 10 8 10 2 10 10 10 10 10 10 10 2 8 10 10 10 2 10 10 10 10 10 10
left_child=2 6 5 9 7 -1 8 23 21 -3 -11 12 -9 -8 22 -6 -12 18 19 -16 -21 -2 -5 -4 25 27 29 28 -20 -27
right_child=1 3 4 14 15 -7 13 11 -10 10 16 -13 -14 -15 17 -17 -18 -19 24 20 -22 -23 -24 -25 -26 26 -28 -29 -30 -31
leaf_value=-0.019735777641154688 -0.02255068441305344 0.0048011208474752756 -0.0015490653216748934 0.060496093534554041 0.045042058624627269 -0.0098729674085313787 -0.001925919600158487 0.016251558321347649 0.086574430125906612 0.0078467981977618385 0.024523969902079435 0.00010142086369829176 0.073884878102458168 0.0090469232655560321 0.20813718581199647 -0.012544317956844981 0.063188777099578985 0.023111220496969346 0.10212284547549891 -0.011361184661953357 0.069760576335900354 0.024858954117296446 0.017759311429377637 -0.010799576260647141 0.1750414664525306 0.15677250859327616 0.10423820805044047 0.023360361740576402 -0.031823885999619959 0.007808130284873387
leaf_weight=10302 216 3632 15830 252 592 24482 7002 1419 132 1886 2885 2636 172 9222 50 182 322 1599 133 139 659 1639 3190 6821 20 20 175 1706 28 146
leaf_count=10302 216 3632 15830 252 592 24482 7002 1419 132 1886 2885 2636 172 9222 50 182 322 1599 133 139 659 1639 3190 6821 20 20 175 1706 28 146
internal_value=2.00846e-11 0.0137733 -0.00773264 0.0217046 -0.00136581 -0.012794 0.0064382 -0.00231227 0.0238051 0.0141358 0.0207928 0.00852531 0.0224822 0.00431123 0.0298403 0.0315011 0.0284061 0.0364314 0.0433556 0.0646225 0.0556303 0.0193385 0.0208882 -0.00433471 0.0352612 0.0339951 0.0660326 0.0281436 0.0788278 0.0257556
internal_weight=97489 35053 62436 16842 27652 34784 18211 26878 1987 8725 5093 4227 1591 16224 8117 774 3207 4675 3076 848 798 1855 3442 22651 2228 2208 341 1867 161 166
internal_count=97489 35053 62436 16842 27652 34784 18211 26878 1987 8725 5093 4227 1591 16224 8117 774 3207 4675 3076 848 798 1855 3442 22651 2228 2208 341 1867 161 166
is_linear=0
shrinkage=0.1


Tree=20
num_leaves=31
num_cat=0
split_feature=18 38 38 111 48 109 60 103 23 6 84 61 35 17 104 89 53 89 23 41 11 1 50 109 89 0 104 28 90 72
split_gain=863.382 243.717 132.379 88.1185 60.6181 59.8563 59.0403 47.2024 47.6252 44.1282 44.2821 42.223 41.1398 50.294 40.3027 54.8267 51.5744 41.4349 39.3085 44.6237 39.1436 41.6477 38.2395 37.6986 42.2019 44.213 40.3514 38.0333 36.5869 35.805
threshold=2.7750000000000004 2.7250000000000005 0.95000000000000007 17.500000000000004 17.850000000000005 28.160164271047233 4.5000000000000009 0.31750000000000006 3.6192103991251217 31.100000000000005 103.50000000000001 11.500000000000002 0.31154763663392609 1.9325507243878561 108.95000000000002 36.500000000000007 40.500000000000007 12.500000000000002 1.804029002947442 1.3921928868271685 6.4718011809940368 5.0377574366129778 3.1500000000000008 22.520191649555105 32.500000000000007 52.490000000000009 105.75000000000001 2.0250000000000004 1.0000000180025095e-35 1.5000000000000002
decision_type=10 10 10 2 8 2 10 2 10 10 10 8 8 8 2 10 10 10 10 8 8 8 10 2 10 10 2 10 10 10
left_child=2 3 -1 5 -4 -2 7 18 9 28 23 -7 -8 29 15 16 17 -15 19 -3 -16 -22 -20 24 25 -11 27 -25 -9 -14
right_child=1 6 4 -5 -6 11 12 8 -10 10 -12 -13 13 14 20 -17 -18 -19 22 -21 21 -23 -24 26 -26 -27 -28 -29 -30 -31
leaf_value=-0.013928042356124069 0.013111366158377139 0.080069074145069835 -0.0056589025277521115 -0.001740633145216591 0.00817113393712059 -0.0046776149952362563 -0.013242073359376775 -0.035804041298758242 0.048419993996798076 0.13190240525910932 -0.022385431801217912 0.018349473902967713 0.068300900463454842 0.18203676559708337 -0.02478301166628416 -0.054035695429359168 0.13427149381984127 0.038010728595701093 -0.0033059270630032369 -0.058913946289103486 0.15112438606719178 0.029486052132734475 0.026297442249408644 0.064905651620540183 0.16296171501744539 -0.032093098706432753 0.029129260366342714 0.20822256680416024 0.018648114341408582 0.17616048665798231
leaf_weight=24346 12924 27 25906 11292 3611 3849 123 125 623 31 101 1004 93 22 130 35 109 217 1021 160 30 456 762 95 56 35 631 23 9606 46
leaf_count=24346 12924 27 25906 11292 3611 3849 123 125 623 31 101 1004 93 22 130 35 109 217 1021 160 30 456 762 95 56 35 631 23 9606 46
internal_value=-3.43414e-12 0.0104567 -0.00846937 0.00516753 -0.00396699 0.00955561 0.0210188 0.0190576 0.0215425 0.019978 0.0402946 8.62831e-05 0.0416984 0.0476366 0.0397949 0.0652676 0.0772665 0.0512684 0.00477103 -0.0388469 0.0239571 0.0369946 0.00934565 0.0475629 0.0991112 0.0449351 0.0391665 0.0928403 0.0179486 0.103995
internal_weight=97489 43626 53863 29069 29517 17777 14557 13296 11326 10703 972 4853 1261 1138 999 383 348 239 1970 187 616 486 1783 871 122 66 749 118 9731 139
internal_count=97489 43626 53863 29069 29517 17777 14557 13296 11326 10703 972 4853 1261 1138 999 383 348 239 1970 187 616 486 1783 871 122 66 749 118 9731 139
is_linear=0
shrinkage=0.1


Tree=21
num_leaves=31
num_cat=0
split_feature=20 38 6 42 111 109 107 50 111 51 48 11 67 94 25 90 56 57 6 49 85 86 7 104 4 103 8 50 104 90
split_gain=710.691 182.469 131.555 65.0901 56.6228 57.735 52.1325 51.2656 60.7246 50.7087 47.7069 46.1648 47.8164 57.4364 53.4474 50.4929 47.6351 45.8827 44.2939 42.6811 40.8731 40.7715 40.4838 47.3916 39.0117 42.8455 38.7219 38.6362 40.6086 57.886
threshold=2.9500000000000006 2.7250000000000005 11.633333333333335 2.3666666666666671 17.500000000000004 28.160164271047233 2019.5000000000002 2.0500000000000003 5.5000000000000009 80.90000000000002 18.050000000000004 7.3129301404380298 4.5000000000000009 4.5000000000000009 1.3779271744364847 5.5000000000000009 2.5000000000000004 6.5000000000000009 18.450000000000003 89.800000000000026 12.500000000000002 203.50000000000003 9.2601291951770133 107.25000000000001 38.122500000000024 0.33550000000000008 23.950000000000003 8.6500000000000004 107.75000000000001 3.5000000000000004
decision_type=10 10 10 10 2 2 2 10 2 10 10 10 10 10 10 10 10 8 10 8 10 10 10 2 10 2 10 10 2 10
left_child=2 4 6 18 5 20 10 11 27 -7 -1 -3 13 14 16 24 -13 -15 -4 -11 -2 -19 23 26 -14 -26 -17 28 29 -9
right_child=1 7 3 -5 -6 9 -8 8 -10 19 -12 12 15 17 -16 22 -18 21 -20 -21 -22 -23 -24 -25 25 -27 -28 -29 -30 -31
leaf_value=-0.0062117750305367286 0.018674395571533799 0.0048647472832536488 -0.00060270395283139539 -0.0098815830782066731 -0.00095572362737875248 -0.0063242643794226413 -0.013674147857621447 0.0076702677032669947 0.0027201926235282756 0.015497896608822954 0.046263286686735232 0.052802273429165075 -0.030004273759124924 0.082689862398962893 -0.029025829451925618 0.042570629097255216 0.12995783419130333 -0.032124112615565539 0.012086686540429211 0.13469945612183262 0.0065825038418039191 0.1142097993975594 0.005045467239243033 0.027000173982943083 -0.033922350981431031 0.02107237000061972 0.13301113391999247 0.019644728102249442 0.028152640361703375 0.061836381746465677
leaf_weight=11091 5651 3396 13376 6339 9464 3528 23354 248 1011 968 176 538 342 56 68 112 94 204 3463 31 5532 21 680 1050 178 694 82 2475 2302 965
leaf_count=11091 5651 3396 13376 6339 9464 3528 23354 248 1011 968 176 538 342 56 68 112 94 204 3463 31 5532 21 680 1050 178 694 82 2475 2302 965
internal_value=1.60205e-11 0.0103034 -0.00707527 -0.0012445 0.00515469 0.00883571 -0.0109788 0.0192325 0.0253896 -0.00069237 -0.00539207 0.0134966 0.0206133 0.0398834 0.0552141 0.0145891 0.0642779 0.00169295 0.00200691 0.0191968 0.0126928 -0.0184663 0.0246652 0.0353899 -0.00138008 0.00984638 0.0807981 0.0292158 0.035955 0.050762
internal_weight=97489 39690 57799 23178 25174 15710 34621 14516 7001 4527 11267 7515 4119 981 700 3138 632 281 16839 999 11183 225 1924 1244 1214 872 194 5990 3515 1213
internal_count=97489 39690 57799 23178 25174 15710 34621 14516 7001 4527 11267 7515 4119 981 700 3138 632 281 16839 999 11183 225 1924 1244 1214 872 194 5990 3515 1213
is_linear=0
shrinkage=0.1


Tree=22
num_leaves=31
num_cat=0
split_feature=18 75 72 111 18 104 48 88 60 88 60 104 109 104 103 109 88 96 35 55 28 5 48 106 94 48 26 87 69 47
split_gain=584.425 135.174 132.285 92.221 81.0621 70.6593 58.9573 56.4358 48.6912 47.4721 49.0061 46.0747 44.045 43.9317 43.1363 42.2232 47.4423 39.3869 37.75 37.5768 40.2796 44.6081 37.1486 35.1064 35.008 34.9056 34.8177 34.6948 34.227 33.811
threshold=3.3666666666666671 4.5000000000000009 1.0000000180025095e-35 5.5000000000000009 5.9000000000000012 113.35000000000001 17.650000000000002 43.650000000000013 5.5000000000000009 50.45000000000001 8.5000000000000018 108.95000000000002 22.580424366872009 117.75000000000001 0.78650000000000009 23.440109514031487 11.450000000000001 196.50000000000003 0.89475398212536505 57.500000000000007 2.1125000000000003 10.091441788387348 2.8000000000000003 70.500000000000014 3.5000000000000004 40.550000000000004 0.89444444444444449 98.500000000000014 4.5000000000000009 1.0960414380584826
decision_type=10 10 10 2 10 2 8 8 10 10 10 2 2 2 2 2 10 2 10 10 10 10 8 2 10 10 10 10 10 10
left_child=1 3 4 7 14 6 12 -1 13 11 25 19 -3 17 -2 16 -5 18 -6 20 21 29 -16 24 -19 -11 -20 -21 -23 -4
right_child=2 5 9 15 8 -7 -8 -9 -10 10 -12 -13 -14 -15 22 -17 -18 23 26 27 -22 28 -24 -25 -26 -27 -28 -29 -30 -31
leaf_value=0.0096008524010083567 0.0027941528430307661 0.0067940461617424621 0.033656787330426437 -0.016055844533413476 0.0095903183363803823 -0.0085850995450221634 0.012754883588632644 0.095875023128349834 0.088083409323460538 0.036710163935089885 0.13908348581330343 0.011168196270461483 -0.0036169599323219552 -0.012442238595384847 -0.060872798499006488 -0.01752317006788055 -0.0046600687853805859 0.026409171189445614 0.078863696306943898 0.090163646822413776 -0.035231713190966962 0.047317255072263198 0.067627724471138115 0.020179032870637284 0.13461285897151187 -0.0072654519545612868 -0.063566423425728019 -0.023556013812776656 -0.045124183107344881 -0.018837310877157652
leaf_weight=1186 18469 5492 230 6072 2977 10705 3713 81 90 1851 44 3982 15624 580 26 10154 9171 67 20 166 102 864 167 4944 54 200 121 32 42 263
leaf_count=1186 18469 5492 230 6072 2977 10705 3713 81 90 1851 44 3982 15624 580 26 10154 9171 67 20 166 102 864 167 4944 54 200 121 32 42 263
internal_value=1.28215e-11 -0.00583217 0.0102788 -0.0112139 0.00702406 -0.00179386 0.00113417 0.0151164 0.0149046 0.0217956 0.0346621 0.0170507 -0.000909191 0.0141531 0.00328563 -0.0125274 -0.00919954 0.0160381 0.00719567 0.0308378 0.0254364 0.0298597 0.0503168 0.0214815 0.0746984 0.032422 -0.0433636 0.0717847 0.0430319 0.00565284
internal_weight=97489 62198 35291 26664 27515 35534 24829 1267 8853 7776 2095 5681 21116 8763 18662 25397 15243 8183 3118 1699 1501 1399 193 5065 121 2051 141 198 906 493
internal_count=97489 62198 35291 26664 27515 35534 24829 1267 8853 7776 2095 5681 21116 8763 18662 25397 15243 8183 3118 1699 1501 1399 193 5065 121 2051 141 198 906 493
is_linear=0
shrinkage=0.1


Tree=23
num_leaves=31
num_cat=0
split_feature=8 20 75 109 104 107 51 48 102 104 90 109 1 103 6 23 88 14 89 22 104 13 48 60 103 92 77 26 107 109
split_gain=497.44 121.513 118.011 102.203 69.8352 58.9716 57.3403 49.828 48.6806 46.3123 42.8853 41.0395 41.1421 44.9006 40.964 37.615 37.0071 35.1277 34.5858 34.1522 43.7329 35.3951 48.9088 40.492 37.1145 34.8967 35.961 45.9785 42.275 40.2155
threshold=16.31666666666667 1.5857142857142861 8.5000000000000018 20.431211498973308 117.65000000000002 2012.5000000000002 81.850000000000009 27.050000000000004 11.500000000000002 109.95000000000002 14.500000000000002 33.093771389459285 11.807836380676511 0.22550000000000003 36.100000000000009 4.1534703278564864 9.9500000000000011 11.550000000000002 6.5000000000000009 10.725000000000001 106.85000000000001 2.2912618684212727 32.95000000000001 6.5000000000000009 0.44500000000000006 2.5000000000000004 4.5000000000000009 2.2678571428571432 2012.5000000000002 23.374401095140318
decision_type=10 10 10 2 2 2 10 10 10 2 10 2 10 2 10 10 10 10 10 10 2 10 10 8 2 10 8 10 2 2
left_child=1 -1 5 18 14 -2 7 9 10 -5 -6 12 13 -7 19 -15 -11 -14 -3 20 -4 23 24 -21 -23 26 27 -22 -28 -30
right_child=2 3 4 6 8 11 -8 -9 -10 16 -12 -13 17 15 -16 -17 -18 -19 -20 21 25 22 -24 -25 -26 -27 28 -29 29 -31
leaf_value=-0.010060324621122493 0.025505867441622004 -0.0011865522679809599 0.030381177489707152 0.0015998912645591415 -0.024095917158368705 -0.029816904047636806 0.017411181613139023 0.031862594323435751 0.12982685977350111 -0.019111027206660101 0.092891794984990908 -0.020532088154581244 0.0092919324330557555 0.0032767996169438818 0.059630001879409034 -0.12202180288732052 -0.0053314496256932544 0.034239687212600643 0.025518540804422514 0.11804588711381239 0.026196526466793886 0.062993614824621805 0.08886775738958802 -0.015306132852003494 -0.03586428841433914 -0.0032097155747630411 -0.038992969392528463 0.13452400006353857 0.035117544739123763 0.010120033904803994
leaf_weight=28728 1390 663 2189 9671 621 428 1349 390 23 2179 33 648 5653 14015 254 24 18465 627 1806 106 1914 56 84 29 118 984 155 40 764 4083
leaf_count=28728 1390 663 2189 9671 621 428 1349 390 23 2179 33 648 5653 14015 254 24 18465 627 1806 106 1914 56 84 29 118 984 155 40 764 4083
internal_value=9.51552e-12 -0.00525549 0.00970894 -0.00125718 0.0179897 0.00554655 -0.00276725 -0.00365378 -0.0131641 -0.00411069 -0.0181929 0.00424982 0.00502385 0.00208987 0.019947 0.0030626 -0.0067859 0.0117827 0.0183474 0.018989 0.0178668 0.0479123 0.0262037 0.0893999 -0.00404795 0.0144167 0.0169102 0.0284141 0.0124162 0.0140602
internal_weight=97489 63251 34238 34523 11453 22785 32054 30705 677 30315 654 21395 20747 14467 10776 14039 20644 6280 2469 10522 10129 393 258 135 174 7940 6956 1954 5002 4847
internal_count=97489 63251 34238 34523 11453 22785 32054 30705 677 30315 654 21395 20747 14467 10776 14039 20644 6280 2469 10522 10129 393 258 135 174 7940 6956 1954 5002 4847
is_linear=0
shrinkage=0.1


Tree=24
num_leaves=31
num_cat=0
split_feature=18 8 18 109 104 67 103 27 88 86 37 11 4 40 106 59 42 21 87 48 17 72 97 88 103 86 24 52 37 105
split_gain=403.189 121.46 75.0186 73.9572 63.7984 61.9576 49.8912 59.2693 47.4328 43.9812 41.2437 39.4995 38.2358 48.423 39.5498 36.3466 35.2322 34.4952 36.4894 34.1336 33.947 36.5023 36.8173 61.6728 33.4564 32.123 38.9515 32.1096 32.0337 57.3893
threshold=2.7750000000000004 20.633333333333336 0.90000000000000013 20.431211498973308 109.95000000000002 7.5000000000000009 0.31750000000000006 1.0068968775248519 40.250000000000007 3.5000000000000004 2.3978930965105625 9.2683671857062446 51.762500000000003 4.2250000000000005 188.50000000000003 9.5000000000000018 3.3666666666666671 2.0484169237265779 79.500000000000014 38.100000000000009 4.4479444888935715 1.0000000180025095e-35 14.500000000000002 69.950000000000017 0.68200000000000016 211.50000000000003 1.5500000000000003 22.500000000000004 1.6380804171854755 0.90000000000000013
decision_type=10 10 10 2 2 10 2 10 10 8 10 10 10 10 2 10 10 10 8 10 10 8 2 10 2 10 10 10 10 10
left_child=2 3 -1 10 -4 6 27 9 16 -8 -2 15 14 28 -11 -10 19 18 -17 -5 21 22 24 -24 25 -9 -27 -3 29 -14
right_child=1 5 4 8 -6 -7 7 20 11 12 -12 -13 13 -15 -16 17 -18 -19 -20 -21 -22 -23 23 -25 -26 26 -28 -29 -30 -31
leaf_value=-0.011701475753320936 0.026205131503488761 0.00041803238921767332 0.0023085073011449133 6.5064727181450904e-05 -0.0063173133207380591 0.03514967146162478 0.093660318674183049 -0.00051460860296474807 0.040958264495129702 0.037268591191033873 -0.046864869638725569 0.052072069327044418 0.065236056089316583 -0.038044155240058899 0.014268380826204069 0.0018246314350729204 -0.021411115733911384 0.013053346113528756 -0.036146342805496917 0.10863750224997258 -0.038440468924591777 0.020422679343033861 0.020430609261032684 -0.091371877266861065 -0.030752360614214366 0.011197874322533607 0.13311204082332551 -0.084851812943816191 0.032611284740526297 0.23463094014335764
leaf_weight=15341 1667 2370 12883 19201 25639 1254 83 2676 320 884 81 217 220 65 4846 1359 783 2688 311 29 154 1985 1515 51 358 76 40 45 326 22
leaf_count=15341 1667 2370 12883 19201 25639 1254 83 2676 320 884 81 217 220 65 4846 1359 783 2688 311 29 154 1985 1515 51 358 76 40 45 326 22
internal_value=3.26353e-12 0.00714577 -0.00578767 0.00293572 -0.00343256 0.0137588 0.012052 0.0144528 0.00154034 0.0213366 0.0228192 0.010364 0.0203932 0.043716 0.0178168 0.00842929 -0.000617854 0.00604074 -0.00524661 0.000228799 0.00797968 0.00904649 0.00425816 0.0167895 -0.00197172 0.00171863 0.0532372 -0.00117085 0.0530723 0.0806356
internal_weight=97489 43626 53863 26656 38522 16970 15716 13301 24908 6446 1748 4895 6363 633 5730 4678 20013 4358 1670 19230 6855 6701 4716 1566 3150 2792 116 2415 568 242
internal_count=97489 43626 53863 26656 38522 16970 15716 13301 24908 6446 1748 4895 6363 633 5730 4678 20013 4358 1670 19230 6855 6701 4716 1566 3150 2792 116 2415 568 242
is_linear=0
shrinkage=0.1


Tree=25
num_leaves=31
num_cat=0
split_feature=8 88 75 23 104 106 107 29 43 6 5 1 52 45 57 20 89 3 7 42 102 6 43 21 36 46 91 6 19 56
split_gain=341.052 92.6696 79.7227 68.8378 55.5772 54.114 46.5905 37.2811 34.9203 44.7748 48.99 39.585 37.6512 37.6252 41.1089 36.8012 36.5306 51.7228 35.6194 35.2121 35.1694 37.127 39.7797 37.7721 34.3606 34.2303 33.7929 33.3388 33.023 32.9147
threshold=16.31666666666667 9.9500000000000011 8.5000000000000018 1.6823385524225152 113.25000000000001 108.50000000000001 2012.5000000000002 0.57287686026881068 1.8027222972291639 31.700000000000006 14.370487850195561 4.9814656437339613 4.5000000000000009 1.9343376196311504 9.5000000000000018 10.350000000000003 27.500000000000004 14.97824347589532 11.086026324082738 0.55000000000000016 3.5000000000000004 30.700000000000006 1.9364486375644641 2.4723457705993055 1.1000000000000003 1.6754385964912284 7.5000000000000009 27.700000000000006 4.0393888659823256 11.500000000000002
decision_type=10 10 10 8 2 2 2 8 10 10 10 10 10 10 10 10 10 10 10 10 10 10 10 10 10 10 10 10 8 10
left_child=1 -1 6 25 8 26 28 -8 9 24 13 -10 -13 14 -11 16 -14 20 -17 -16 21 22 27 -24 -4 -3 -5 -18 -2 -7
right_child=2 3 4 5 -6 29 7 -9 11 10 -12 12 15 -15 19 18 17 -19 -20 -21 -22 -23 23 -25 -26 -27 -28 -29 -30 -31
leaf_value=-0.012142807165447356 0.0204964988192851 -0.0035418017400819049 0.14830402996213662 0.008835124877769638 0.0037924938057140988 -0.0010269414253381579 0.031720581104938417 0.0028487358803239307 0.071057686136312748 0.1514020242116281 0.13264729343354703 -0.026814637650414686 0.02181157780138308 -0.070019327097668727 0.15435788805286091 0.028375761246210652 0.080937878610307559 -0.071979919209737661 0.14187733095425825 0.028715430926885221 -0.06480577309996309 0.041351714850727306 -0.063609751315825455 0.0085770464726964701 0.020147745991632337 -0.011444880519872063 0.037781691345069479 -0.049362210925944429 0.14992814593017101 0.11870216303909926
leaf_weight=12298 1370 25564 21 4400 3256 13546 457 20938 96 35 66 309 812 29 24 95 72 110 39 316 71 230 147 143 5555 6976 444 27 20 23
leaf_count=12298 1370 25564 21 4400 3256 13546 457 20938 96 35 66 309 812 29 24 95 72 110 39 316 71 230 147 143 5555 6976 444 27 20 23
internal_value=1.75676e-11 -0.00435164 0.00803918 -0.00247117 0.0148453 0.00241508 0.00461803 0.00346544 0.0192357 0.0231288 0.05277 0.00829301 0.00536093 0.0397207 0.0482073 0.0110552 0.00686943 -0.00829684 0.0614098 0.0375843 0.00185553 0.00950166 -0.00933 -0.0280142 0.0206304 -0.00523608 0.0114884 0.0454015 0.0223588 -0.000823996
internal_weight=97489 63251 34238 50953 11453 18413 22785 21395 8197 6046 470 2151 2055 404 375 1746 1612 800 134 340 690 619 389 290 5576 32540 4844 99 1390 13569
internal_count=97489 63251 34238 50953 11453 18413 22785 21395 8197 6046 470 2151 2055 404 375 1746 1612 800 134 340 690 619 389 290 5576 32540 4844 99 1390 13569
is_linear=0
shrinkage=0.1


Tree=26
num_leaves=31
num_cat=0
split_feature=36 111 73 91 5 48 3 88 50 0 109 80 69 1 5 46 92 15 49 109 8 84 104 1 3 110 104 103 16 86
split_gain=287.127 75.5327 71.187 67.0502 50.8391 47.5992 41.1871 40.8102 36.5678 36.5713 36.4532 55.742 33.627 41.0681 38.4319 48.6604 50.2361 33.7147 33.1555 32.7005 42.4789 34.136 32.2361 31.8842 35.835 37.33 31.6672 30.9665 43.3397 42.9812
threshold=1.9000000000000001 17.500000000000004 6.5000000000000009 5.5000000000000009 11.350812050612161 22.050000000000004 9.8810621336317563 1.3 0.3000000000000001 44.470000000000006 23.560574948665302 131.85000000000005 2.5000000000000004 6.6004545293685348 14.723221901357627 2.2052631578947373 1.5000000000000002 1.3354134215912967 20.850000000000005 24.765229295003426 21.850000000000005 111.50000000000001 108.95000000000002 10.776641406201071 12.155611415644094 75.500000000000014 111.05000000000001 0.57950000000000002 3.0513157894736849 57.500000000000007
decision_type=10 2 8 10 10 10 8 10 10 10 2 8 8 10 8 10 10 10 8 2 8 10 2 10 10 2 2 2 10 10
left_child=1 2 6 4 18 7 26 -3 9 10 11 -5 14 -14 -10 16 -16 -15 -2 20 -4 -21 -6 24 25 -22 -1 -24 29 -29
right_child=3 5 19 8 22 -7 -8 -9 12 -11 -12 -13 13 17 15 -17 -18 -19 -20 21 23 -23 27 -25 -26 -27 -28 28 -30 -31
leaf_value=-0.00014682483908610853 -0.043356117548023446 -0.022735565266224975 0.016340990159205711 0.13275174701564194 0.019765052109094502 0.017642403328531186 0.0035115190464571483 -0.0069791795181716361 0.021700013052298354 0.01940284710483911 -0.0017022583571117051 0.014983576532472766 0.037909841494013871 -0.12174424624868803 0.050814414728018981 0.03441000791583023 0.22031302031896571 0.0055509503862485356 0.00093916730508041891 0.0011638513288793034 0.14256175289812842 0.12702922353690321 0.010812145707905627 0.11353283615287724 -0.087649784982204437 0.034397212090438715 -0.0089070165186494171 0.0036394686039005011 -0.010701547573250425 0.16035802970329921
leaf_weight=7844 171 1734 906 42 2521 752 9478 31609 3533 1882 3661 933 435 21 36 174 34 2256 14321 1048 38 22 3620 79 20 199 8707 42 1341 30
leaf_count=7844 171 1734 906 42 2521 752 9478 31609 3533 1882 3661 933 435 21 36 174 34 2256 14321 1048 38 22 3620 79 20 199 8707 42 1341 30
internal_value=5.07532e-12 -0.00406635 -0.000251407 0.00724293 0.00388353 -0.00723746 -0.00174509 -0.00779859 0.0129369 0.00764643 0.00287387 0.0200567 0.018251 0.00975557 0.0243509 0.0627348 0.133142 0.00437695 0.0004165 0.0165648 0.0276034 0.00375174 0.0105349 0.0579717 0.0408926 0.05174 -0.00475531 0.00591154 -0.00664344 0.0689389
internal_weight=97489 62436 28341 35053 22046 34095 26029 33343 13007 6518 4636 975 6489 2712 3777 244 70 2277 14492 2312 1242 1070 7554 336 257 237 16551 5033 1413 72
internal_count=97489 62436 28341 35053 22046 34095 26029 33343 13007 6518 4636 975 6489 2712 3777 244 70 2277 14492 2312 1242 1070 7554 336 257 237 16551 5033 1413 72
is_linear=0
shrinkage=0.1


Tree=27
num_leaves=31
num_cat=0
split_feature=0 85 2 104 109 100 49 14 82 27 27 109 20 27 83 51 103 28 87 85 111 48 0 8 14 48 86 84 35 1
split_gain=239.7 79.1766 65.32 62.6943 41.103 39.35 55.3508 46.6045 43.1081 44.9168 39.2398 37.5874 39.7552 35.3946 34.6992 34.485 37.0414 34.4738 34.1261 33.7159 33.1845 36.2493 32.956 31.6587 31.6527 31.1251 30.847 30.2419 35.3932 43.7502
threshold=29.780000000000008 12.500000000000002 42.705000000000013 108.95000000000002 23.264887063655035 1.0000000180025095e-35 68.350000000000009 14.65 87.500000000000014 1.077545574753892 0.55768438485135652 20.431211498973308 0.95000000000000007 0.81988459163814553 195.50000000000003 69.15000000000002 0.72700000000000009 1.7573529411764708 138.50000000000003 3.5000000000000004 18.500000000000004 18.050000000000004 26.890000000000004 13.050000000000002 8.828571428571431 -0.54999999999999993 167.50000000000003 19.500000000000004 1.0415875230986351 6.6004545293685348
decision_type=10 10 10 2 2 2 10 10 10 10 10 2 10 10 8 10 2 10 8 10 2 10 8 10 10 10 10 10 10 10
left_child=3 4 25 20 15 6 14 10 17 13 -7 22 -13 -10 -6 18 24 19 26 -8 -1 -22 -5 -20 -17 -3 -2 -4 29 -29
right_child=1 2 27 11 5 7 8 -9 9 -11 -12 12 -14 -15 -16 16 -18 -19 23 -21 21 -23 -24 -25 -26 -27 -28 28 -30 -31
leaf_value=0.0062261623258565817 0.015824108273724619 0.049606910599395634 0.031735327121368541 0.00047826737893503184 0.007389994817508589 0.038848171285117396 0.14232459809098927 0.15128866405714125 0.0096012179180979748 -0.00085151901929004289 0.00021433370070454455 -0.012877092342137792 -0.0052443900483858143 0.089126463739100756 0.030870145580547986 0.039077626960407966 0.11178947127113739 0.17088443385927302 0.086360938776107066 0.024190482946160514 -0.0044697659228620503 0.049254715124698124 0.031059552543728282 -0.044681606700779586 -0.0074870529926597739 -0.0015035444182211876 0.096666470472700897 0.035336817222167978 -0.0017761591198462807 0.0090047162656749901
leaf_weight=7379 2829 120 587 2806 4416 276 35 21 90 264 5539 8764 30827 148 734 833 60 38 21 78 6670 128 403 151 177 16803 48 746 2406 4092
leaf_count=7379 2829 120 587 2806 4416 276 35 21 90 264 5539 8764 30827 148 734 833 60 38 21 78 6670 128 403 151 177 16803 48 746 2406 4092
internal_value=1.51981e-11 0.00588049 0.00235326 -0.00418117 0.0114214 0.00838312 0.0142142 0.00258505 0.0416414 0.0275499 0.00204803 -0.0060903 -0.00693399 0.0590539 0.0107365 0.0200065 0.0354522 0.0884889 0.0145861 0.0607807 0.00158243 -0.00345818 0.0043188 -0.0286822 0.0309173 -0.00114112 0.0171729 0.00990471 0.00813572 0.013065
internal_weight=97489 40512 24754 56977 15758 11639 5803 5836 653 502 5815 42800 39591 238 5150 4119 1070 151 3049 113 14177 6798 3209 172 1010 16923 2877 7831 7244 4838
internal_count=97489 40512 24754 56977 15758 11639 5803 5836 653 502 5815 42800 39591 238 5150 4119 1070 151 3049 113 14177 6798 3209 172 1010 16923 2877 7831 7244 4838
is_linear=0
shrinkage=0.1


Tree=28
num_leaves=31
num_cat=0
split_feature=20 111 104 103 12 3 39 39 82 28 28 104 76 97 94 20 20 50 23 96 111 30 49 56 9 104 67 6 2 50
split_gain=202.153 87.7587 57.653 46.5286 53.7526 45.6219 56.427 41.5898 42.3899 46.1625 43.4101 38.6362 45.9173 41.248 40.0992 41.2852 44.6997 40.03 39.6351 38.1836 37.3194 36.7121 41.0698 35.4916 35.0007 35.1026 34.8977 34.8005 34.4675 45.4115
threshold=2.0500000000000003 17.500000000000004 107.35000000000001 0.56500000000000006 12.100000000000001 14.406460740720938 2.1200100772512021 2.4653108252089644 148.50000000000003 0.94868421052631591 1.841666666666667 113.15000000000002 1.0000000180025095e-35 12.500000000000002 1.5000000000000002 10.050000000000002 10.65 2.9500000000000006 3.0665854329812015 257.00000000000006 26.500000000000004 1.0000000180025095e-35 73.450000000000017 10.500000000000002 9.2523270297488249 107.75000000000001 5.5000000000000009 36.100000000000009 39.215000000000011 6.4500000000000011
decision_type=10 2 2 2 10 8 10 10 10 10 10 2 10 2 10 10 10 10 10 2 2 10 10 10 10 2 10 10 10 10
left_child=19 2 5 4 11 7 21 8 28 -10 27 12 13 14 -4 -16 -17 -15 -14 -1 -3 22 -7 24 25 -5 -6 -11 -2 -30
right_child=1 20 3 23 26 6 -8 -9 9 10 -12 -13 18 17 15 16 -18 -19 -20 -21 -22 -23 -24 -25 -26 -27 -28 -29 29 -31
leaf_value=-0.0062329067932954969 0.013299202406382899 -0.008241974826351665 0.0020473547749644645 -0.037592184869830784 0.048238452761801887 0.17788180995645911 -0.021824199808201286 0.054788427591887769 -0.012871852150805177 0.015665876405032846 -0.012311461293389305 0.0014382198683737764 0.022660603206054449 -0.0075424186103079721 0.018894492495553784 0.17533911726304463 -0.0018507609143853189 0.014616476327783895 0.078438719852190267 0.0032695069294424819 0.0014730360198620957 0.041673767495721041 0.0098961059342731125 0.086605866204785276 0.015665112325754318 -0.0023676622974070308 0.0041245244950715481 0.13202686218115001 0.05903024487906721 0.0099217091706484128
leaf_weight=37824 2528 5926 1831 293 519 43 133 218 1193 2244 650 8443 787 2344 3430 35 24 1250 152 4761 11883 566 22 46 1063 8216 274 26 430 335
leaf_count=37824 2528 5926 1831 293 519 43 133 218 1193 2244 650 8443 787 2344 3430 35 24 1250 152 4761 11883 566 22 46 1063 8216 274 26 430 335
internal_value=1.25625e-11 0.00401041 0.00678057 0.00464954 0.00750724 0.0140738 0.0373709 0.0117392 0.010472 0.00370249 0.0104741 0.00640249 0.0106563 0.0084407 0.0140318 0.0203212 0.103262 0.000164487 0.0316896 -0.00517054 -0.00175966 0.0498478 0.121025 -0.00102218 -0.00144329 -0.00358059 0.0329961 0.0169986 0.0189272 0.0375252
internal_weight=97489 54904 37095 28707 19089 8388 764 7624 7406 4113 2920 18296 9853 8914 5320 3489 59 3594 939 42585 17809 631 65 9618 9572 8509 793 2270 3293 765
internal_count=97489 54904 37095 28707 19089 8388 764 7624 7406 4113 2920 18296 9853 8914 5320 3489 59 3594 939 42585 17809 631 65 9618 9572 8509 793 2270 3293 765
is_linear=0
shrinkage=0.1


Tree=29
num_leaves=31
num_cat=0
split_feature=18 50 109 107 52 103 88 48 86 38 97 18 104 85 109 27 96 29 109 28 17 40 17 89 9 3 21 46 48 55
split_gain=166.262 61.1464 49.6218 47.4948 41.0603 49.591 40.69 38.0469 36.5834 42.211 32.9636 39.0539 31.5325 38.4243 43.9296 36.2399 43.075 32.7399 32.4331 38.5539 35.9697 32.6863 30.2545 30.1649 35.3301 38.578 35.251 34.7493 35.3013 38.6094
threshold=2.4500000000000006 2.0500000000000003 20.431211498973308 2019.5000000000002 11.500000000000002 0.25000000000000006 17.050000000000004 18.050000000000004 112.50000000000001 2.7638888888888893 17.500000000000004 5.1000000000000005 106.65000000000002 40.500000000000007 20.387405886379195 1.7575121394591104 241.00000000000003 1.1655189806610031 25.203285420944564 1.310096153846154 1.8721623494159381 4.3750000000000009 2.0027028506798463 47.500000000000007 8.1499828443718361 9.7617308346837763 3.3960745911975256 0.65833333333333344 20.250000000000004 44.500000000000007
decision_type=10 10 2 2 8 2 10 8 10 10 2 10 2 8 2 10 2 10 2 10 10 10 10 10 8 10 10 10 10 10
left_child=3 2 8 7 10 -6 -3 -1 9 -2 11 -4 23 17 -15 -16 -17 18 19 -14 21 -20 -10 24 25 26 -8 -27 29 -29
right_child=1 6 4 -5 5 -7 12 -9 22 -11 -12 -13 13 14 15 16 -18 -19 20 -21 -22 -23 -24 -25 -26 27 -28 28 -30 -31
leaf_value=-0.0014421781651398483 0.030570996359503635 -0.013071345340588498 -0.0014346837586785687 -0.0063188793694992336 -0.034252801752882082 0.013284345794645836 0.02464398364038789 0.013874477726172053 0.12956505807737509 -0.046363037026980344 -0.012532979268977141 0.0067022168298704046 0.01480629611443466 0.062612941304795708 -0.014681029615141911 -0.0067957148084352758 0.18126109177690178 0.0023262086228088993 0.16099905285273533 -0.015431923665121883 0.024933796817141887 0.023827064502984288 0.029141806705544393 -0.094549585269256081 0.041703741567563533 0.043730765640577103 0.112020807986965 -0.0036996612344332817 0.0098968426725977547 -0.078129859588807457
leaf_weight=16983 443 706 18802 31893 232 4057 800 1793 60 85 1891 8595 3577 86 1215 29 21 2576 38 478 1481 32 60 22 710 141 49 153 353 128
leaf_count=16983 443 706 18802 31893 232 4057 800 1793 60 85 1891 8595 3577 86 1215 29 21 2576 38 478 1481 32 60 22 710 141 49 153 353 128
internal_value=1.9156e-11 0.0042961 0.00210382 -0.00396976 0.00157485 0.010713 0.0102533 2.04744e-05 0.0295131 0.0181858 0.000236642 0.00111803 0.0116384 0.00907815 -0.00654577 -0.0112475 0.0721881 0.011658 0.015946 0.0112418 0.0282446 0.0982919 0.0793534 0.0219978 0.0230963 0.0149613 0.0296869 -0.00117038 -0.0111563 -0.0376038
internal_weight=97489 46820 34225 50669 33577 4289 12595 18776 648 528 29288 27397 11889 9533 1351 1265 50 8182 5606 4055 1551 70 120 2356 2334 1624 849 775 634 281
internal_count=97489 46820 34225 50669 33577 4289 12595 18776 648 528 29288 27397 11889 9533 1351 1265 50 8182 5606 4055 1551 70 120 2356 2334 1624 849 775 634 281
is_linear=0
shrinkage=0.1


Tree=30
num_leaves=31
num_cat=0
split_feature=2 104 85 0 7 109 102 106 109 40 43 51 84 88 91 22 20 45 88 49 106 16 13 9 104 48 34 26 48 106
split_gain=141.145 51.8932 53.3214 51.9988 42.9471 42.3051 38.4734 34.4421 31.3868 40.9624 32.3337 30.3366 31.3435 28.9303 28.7157 32.6466 39.4232 34.7495 34.3589 42.9766 31.5415 30.4863 30.0548 29.1921 28.194 28.6391 28.1323 27.1019 29.0131 26.8366
threshold=26.700000000000006 113.35000000000001 24.500000000000004 44.770000000000017 7.3416587783532181 20.146475017111573 3.5000000000000004 64.500000000000014 23.264887063655035 4.3166666666666673 2.1014931715128884 79.40000000000002 61.500000000000007 48.050000000000004 10.500000000000002 9.2250000000000014 7.1500000000000012 1.4414292762296912 55.550000000000004 70.300000000000026 342.50000000000006 2.3038461538461541 2.756750086314077 5.2471265638635529 109.95000000000002 21.050000000000004 1.0000000180025095e-35 0.73214285714285732 19.850000000000005 56.500000000000007
decision_type=10 2 10 10 10 2 8 2 2 10 10 10 10 10 10 10 10 10 10 10 2 10 10 10 2 10 10 10 8 2
left_child=5 2 3 8 11 29 24 13 9 -2 26 12 -4 -5 21 16 23 -17 -18 -20 -19 -3 -21 -16 25 -7 -10 28 -23 -1
right_child=1 14 4 7 -6 6 -8 -9 10 -11 -12 -13 -14 -15 15 17 18 20 19 22 -22 27 -24 -25 -26 -27 -28 -29 -30 -31
leaf_value=0.0046143889242249853 0.013514241814205078 0.052466754233930261 -0.0022915968194437333 0.026304080479201821 0.0097735173235323214 3.8183277164781208e-05 -0.012096740595164359 0.018252179484439898 -0.039893094799308866 -0.066318172811029058 -0.010939477921215614 0.0078943071050024145 -0.01778779935377368 0.19229394286161378 -0.079465673512054816 -0.05946341703542405 0.03057560639625246 -0.037179955266989195 0.19557958986196256 -0.03564258317293769 0.065027804310537049 -0.0008942857249814324 0.11122607110362304 0.021212770052564642 -0.0052514301117739326 0.04618904701269725 0.0060312700544690925 -0.0059502582397011495 0.019435336150452783 0.038215287085119135
leaf_weight=2890 5745 100 5722 21 3772 11889 5959 3869 135 65 1341 2059 1691 21 36 90 132 52 36 22 72 2817 38 144 27298 136 11176 8967 935 259
leaf_count=2890 5745 100 5722 21 3772 11889 5959 3869 135 65 1341 2059 1691 21 36 90 132 52 36 22 72 2817 38 144 27298 136 11176 8967 935 259
internal_value=3.39323e-12 0.00378061 0.00577857 0.00875551 0.000749653 -0.00382955 -0.00460895 0.0192299 0.0065366 0.0126211 0.0037425 -0.00284389 -0.00582648 0.109299 -0.00151375 0.0194696 0.0360617 -0.0121638 0.0636811 0.109201 0.0221665 -0.0025319 0.0573742 0.00107708 -0.00347425 0.000560139 0.00548315 -0.00296432 0.00417186 0.00737801
internal_weight=97489 49058 35617 22373 13244 48431 45282 3911 18462 5810 12652 9472 7413 42 13441 622 408 214 228 96 124 12819 60 180 39323 12025 11311 12719 3752 3149
internal_count=97489 49058 35617 22373 13244 48431 45282 3911 18462 5810 12652 9472 7413 42 13441 622 408 214 228 96 124 12819 60 180 39323 12025 11311 12719 3752 3149
is_linear=0
shrinkage=0.1


Tree=31
num_leaves=31
num_cat=0
split_feature=20 50 104 56 55 104 67 45 18 21 41 37 96 37 14 85 36 106 3 53 84 88 106 42 6 86 2 61 40 29
split_gain=122.164 69.7754 42.5089 40.7935 50.9688 36.9312 48.9004 41.468 33.0513 34.7382 37.6294 32.2389 30.3293 30.1614 39.7347 35.351 30.7922 31.077 29.2002 33.2099 30.1459 29.5048 30.0122 29.2902 38.2302 29.1671 32.7585 28.3442 28.3276 27.2684
threshold=1.7071428571428573 2.8000000000000003 113.35000000000001 2.5000000000000004 41.500000000000007 106.95000000000002 5.5000000000000009 2.126545302134454 7.6333333333333337 3.0632225696183011 1.8386543830696693 2.5980583915950088 257.00000000000006 1.8482852758687625 13.050000000000002 36.500000000000007 4.5500000000000007 802.50000000000011 14.655211424863564 11.500000000000002 85.500000000000014 9.9500000000000011 416.50000000000006 3.1000000000000005 28.900000000000002 105.50000000000001 26.315000000000008 11.500000000000002 3.7029411764705888 1.0217277780989544
decision_type=10 10 2 8 10 2 10 10 10 10 10 10 2 10 10 8 10 2 10 10 10 10 2 10 10 10 10 10 10 10
left_child=12 2 3 8 -5 7 11 -6 18 29 -11 13 25 14 16 -16 17 -7 20 -20 21 -2 23 -23 -25 -1 -27 -26 -13 -10
right_child=1 -3 -4 4 5 6 -8 -9 9 10 -12 28 -14 -15 15 -17 -18 -19 19 -21 -22 22 -24 24 27 26 -28 -29 -30 -31
leaf_value=-0.0060229778686983195 -0.013063171754260342 0.0088585222154289756 -0.0036507558283073271 0.0028407353848054033 0.041027073634941652 0.027677780638509238 -0.0011600448566279279 0.17014246974830274 0.069316400481204007 0.013504620233268158 -0.051606518529031586 0.10832777491331787 0.003392227153876964 -0.0029411823738285129 0.17799849992289263 0.010448978692293168 -0.056007525346995823 0.12538689528318012 -0.075571363963759866 0.018188728722965893 -0.015333983611271269 0.0052601098698178972 -0.0043189015814349583 -0.014726892520837521 0.083482140972130539 0.061094294763777569 -0.0043149624799573147 -0.051721286997199058 0.0066520785167813309 0.021282817458567953
leaf_weight=31198 1523 14134 14534 4174 316 764 964 27 162 389 115 87 4132 321 34 20 42 34 39 1205 1290 13367 6488 1254 69 138 172 20 40 437
leaf_count=31198 1523 14134 14534 4174 316 764 964 27 162 389 115 87 4132 321 34 20 42 34 39 1205 1290 13367 6488 1254 69 138 172 20 40 437
internal_value=7.20909e-12 0.00268718 0.000859122 0.00283455 0.00972614 0.0205754 0.0160216 0.0511907 0.0010506 0.0179949 -0.00135209 0.0283637 -0.00466328 0.0233527 0.0327937 0.115943 0.0274484 0.0318408 0.000310563 0.0152493 -0.000463407 0.00038088 0.00134679 0.0038457 -0.0102321 -0.00571969 0.0248027 0.0530993 0.0763039 0.0342735
internal_weight=97489 61849 47715 33181 6823 2649 2306 343 26358 1103 504 1342 35640 1215 894 54 840 798 25255 1244 24011 22721 21198 14710 1343 31508 310 89 127 599
internal_count=97489 61849 47715 33181 6823 2649 2306 343 26358 1103 504 1342 35640 1215 894 54 840 798 25255 1244 24011 22721 21198 14710 1343 31508 310 89 127 599
is_linear=0
shrinkage=0.1


Tree=32
num_leaves=31
num_cat=0
split_feature=94 91 104 103 104 103 88 87 27 1 72 89 48 7 40 63 37 82 7 103 109 20 26 19 67 12 80 40 37 97
split_gain=107.563 74.1395 60.4356 51.8464 52.5289 46.2963 39.7847 39.632 33.3188 55.4734 32.1624 36.6951 49.5645 42.4222 30.5018 30.3243 50.5859 29.7507 36.3241 29.1016 28.8503 28.536 27.7498 33.0297 27.7211 26.967 26.6248 31.6596 26.9561 36.0779
threshold=1.0000000180025095e-35 1.5000000000000002 107.35000000000001 0.56500000000000006 114.85000000000001 0.7340000000000001 39.050000000000004 41.500000000000007 1.4239885991903292 14.879868950798693 1.0000000180025095e-35 41.500000000000007 35.150000000000013 12.499999839999996 4.6583333333333341 23.500000000000004 2.3057869817013859 599.50000000000011 5.9916550603303191 0.70200000000000007 25.783709787816566 8.4500000000000011 1.5857142857142861 2.7202320023735456 4.5000000000000009 6.1000000000000005 320.15000000000009 2.8535714285714291 0.97871355387816916 13.500000000000002
decision_type=10 8 2 2 2 2 10 10 10 10 10 10 10 10 10 10 10 8 10 2 2 10 10 10 10 10 10 10 10 2
left_child=-1 20 5 4 10 -3 -7 8 9 17 -4 13 25 24 -6 19 -17 18 -8 -5 -2 -21 23 -15 -12 -13 27 -26 29 -28
right_child=1 2 3 15 14 6 7 -9 -10 -11 11 12 -14 22 -16 16 -18 -19 -20 21 -22 -23 -24 -25 26 -27 28 -29 -30 -31
leaf_value=-0.0055276214000752324 -0.00065955581746748523 0.0083615612563189123 0.0056113258076843555 -0.0018075159239920693 -0.0027870633937638507 0.015828511749818568 0.1518433094955981 0.024563470904831776 -0.0034042913052770825 0.25469901022456942 0.029894343176276806 0.1160277163816823 0.20913909856568683 -0.14419157003256261 0.11013587787747384 0.074893186069050127 -0.083100522622466089 -0.026220597597685733 0.046927552388021446 -0.014954783078326062 -0.0088671422426101886 -0.085900653929760068 0.032036796518202341 -0.0010460878084241241 0.011192141410296787 -0.010923622717911547 0.024326265719562971 -0.027121509463966176 0.024577913411455869 -0.047183993886878245
leaf_weight=25864 15205 9092 15657 12290 7174 845 66 236 36 21 1036 27 22 40 24 107 25 22 66 1029 5962 60 28 27 581 44 149 343 1277 134
leaf_count=25864 15205 9092 15657 12290 7174 845 66 236 36 21 1036 27 22 40 24 107 25 22 66 1029 5962 60 28 27 581 44 149 343 1277 134
internal_value=1.45022e-11 0.00199604 0.00407985 0.00231814 0.00488341 0.0108786 0.0285915 0.0527184 0.0842092 0.102233 0.00759459 0.0159689 0.0779911 0.0143733 -0.00241055 -0.00272525 0.0449701 0.0814417 0.0993854 -0.00319582 -0.00297134 -0.0188636 -0.0515671 -0.0865061 0.016153 0.0373536 0.0104219 -0.00303035 0.0183897 -0.00953372
internal_weight=97489 71625 50458 40074 26563 10384 1292 447 211 175 19365 3708 93 3615 7198 13511 132 154 132 13379 21167 1089 95 67 3520 71 2484 924 1560 283
internal_count=97489 71625 50458 40074 26563 10384 1292 447 211 175 19365 3708 93 3615 7198 13511 132 154 132 13379 21167 1089 95 67 3520 71 2484 924 1560 283
is_linear=0
shrinkage=0.1


Tree=33
num_leaves=31
num_cat=0
split_feature=75 111 104 2 91 102 106 85 6 67 88 17 0 49 84 5 63 39 85 34 43 28 20 102 80 55 85 91 16 22
split_gain=95.0203 50.7315 48.2456 43.9011 39.6633 35.8565 36.9561 35.0999 29.3504 29.1317 31.5892 29.0562 29.7706 33.0979 29.0007 67.6133 31.8003 51.2396 43.8149 27.4151 31.4012 27.3478 27.2924 27.2723 26.9583 31.6653 26.7516 27.416 27.0467 26.3547
threshold=4.5000000000000009 5.5000000000000009 113.35000000000001 37.095000000000013 5.5000000000000009 3.5000000000000004 146.50000000000003 57.500000000000007 39.300000000000004 5.5000000000000009 52.350000000000001 3.9535127583205347 48.530000000000008 60.050000000000004 17.500000000000004 11.938083135361678 15.500000000000002 1.9564702302802399 19.500000000000004 0.69615384615384623 2.4999799995999874 0.84807692307692317 2.3166666666666669 1.5000000000000002 2605.1499999999996 51.500000000000007 34.500000000000007 10.500000000000002 4.552777777777778 5.8535714285714286
decision_type=10 2 2 8 10 8 2 8 10 10 10 10 10 10 10 10 10 10 10 10 10 10 10 10 10 10 10 10 10 10
left_child=1 3 4 -1 8 6 22 9 -2 10 11 12 19 -14 15 -15 23 18 -18 20 24 -9 -3 -16 26 -26 27 -6 -29 -22
right_child=2 5 -4 -5 7 -7 -8 21 -10 -11 -12 -13 13 14 16 -17 17 -19 -20 -21 29 -23 -24 -25 25 -27 -28 28 -30 -31
leaf_value=0.0093599870358844119 0.0020293200936524263 -0.003253955131540909 -0.0020612613180610285 0.089969906735588134 0.022589028422136847 -0.014381283133749144 -0.010676711932560562 -0.050800348859873438 0.12028494179248811 0.005457564250482879 0.031885311189611625 -0.029895341901574286 -0.072174674272537237 -0.0085749850235879426 0.097675568896990569 0.23810702474415302 0.073930993172175746 -0.018392526358366013 0.25764529864702906 -0.0089725518383610321 0.0023956817804890521 -0.0027320250083240107 0.0093710105371458633 -0.017910351433644171 -0.11404297523426288 0.043037463902007966 -0.047733387999857463 -0.031515833248614511 0.054502763615354249 -0.087985570555946857
leaf_weight=1395 36575 14477 20483 71 2637 4156 6485 148 21 6054 977 160 22 20 26 25 34 30 21 569 85 591 1942 95 33 21 60 178 46 52
leaf_count=1395 36575 14477 20483 71 2637 4156 6485 148 21 6054 977 160 22 20 26 25 34 30 21 569 85 591 1942 95 33 21 60 178 46 52
internal_value=-2.76362e-11 -0.0048542 0.0020079 0.013264 0.00372714 -0.00583578 -0.00428517 0.00874651 0.00209718 0.0101459 0.0157212 0.0118825 0.013573 0.0454353 0.0557438 0.128471 0.0398568 0.0867345 0.144076 0.01121 0.0149002 -0.0123587 -0.0017607 0.00692629 0.0170558 -0.0529561 0.0183501 0.019736 -0.0138513 -0.0319096
internal_weight=97489 28526 68963 1466 48480 27060 22904 11884 36596 11145 5091 4114 3954 273 251 45 206 85 55 3681 3112 739 16419 121 2975 54 2921 2861 224 137
internal_count=97489 28526 68963 1466 48480 27060 22904 11884 36596 11145 5091 4114 3954 273 251 45 206 85 55 3681 3112 739 16419 121 2975 54 2921 2861 224 137
is_linear=0
shrinkage=0.1


Tree=34
num_leaves=31
num_cat=0
split_feature=111 23 88 102 7 18 11 86 61 88 109 37 104 90 7 87 100 6 73 3 44 109 103 26 46 73 106 92 111 8
split_gain=80.2486 54.8823 42.7318 38.5665 31.468 39.8144 38.0847 34.9868 39.5475 30.6819 30.5128 32.8827 29.7416 31.1608 30.8557 29.3604 28.588 36.2537 33.2648 53.5213 38.6129 36.3055 33.0864 35.0131 49.5106 37.2206 31.9132 39.2747 30.0823 32.8165
threshold=17.500000000000004 1.5856085917213403 78.850000000000009 195.50000000000003 11.49999979452617 11.700000000000001 11.031474074319211 58.500000000000007 3.5000000000000004 19.250000000000004 20.343600273785082 2.2912618684212727 112.55000000000001 7.5000000000000009 13.137731368681655 22.500000000000004 1.0000000180025095e-35 40.300000000000004 7.5000000000000009 14.285993529013536 3.1500000000000008 20.940451745379878 0.7340000000000001 1.5277777777777779 1.7947368421052634 6.5000000000000009 507.50000000000006 4.5000000000000009 4.5000000000000009 29.050000000000004
decision_type=2 8 8 8 10 10 10 10 8 10 2 10 2 10 10 10 2 10 8 10 10 2 2 10 10 8 2 10 2 10
left_child=1 15 9 4 10 6 7 8 -6 -2 11 -3 13 -10 -15 -1 17 18 26 21 -21 -20 23 -18 -25 -26 -12 -28 -27 -30
right_child=2 3 -4 -5 5 -7 -8 -9 12 -11 16 -13 -14 14 -16 -17 22 -19 19 20 -22 -23 -24 24 25 28 27 -29 29 -31
leaf_value=0.0023259298299156761 -0.0061069533739806729 0.018805503188494114 -0.052208076367217505 0.035590543108134184 -0.063253367610741407 0.14068212992010207 -0.022494393996810833 0.011029428463126479 0.013850015504458161 -0.00064587541937165315 0.0068425928982488024 -0.02801951502311837 0.086166239354574348 0.042846297120294446 0.185773578091808 -0.0050226609887664619 0.0015520323446300683 0.14072860553860664 -0.043205625607251108 -0.0034486847123096015 -0.082718539789784704 0.022089538658911341 0.023605682530048258 -0.023481724016852733 0.02074755732546605 0.009452074019103059 -0.0057910757964377869 0.10914993720750016 -0.019257966899751441 -0.10379132106183814
leaf_weight=10612 18726 2020 178 407 32 26 223 973 216 22831 8440 162 161 44 23 11149 11367 20 88 265 80 2634 570 1491 630 370 3276 30 393 52
leaf_count=10612 18726 2020 178 407 32 26 223 973 216 22831 8440 162 161 44 23 11149 11367 20 88 265 80 2634 570 1491 630 370 3276 30 393 52
internal_value=9.25517e-12 0.00248229 -0.00331611 0.00499258 0.00462179 0.0178866 0.0159771 0.0218978 0.0441141 -0.00310669 0.00391545 0.015329 0.0518522 0.0323309 0.0919109 -0.00143904 0.00307709 0.00618347 0.00600181 0.0152756 -0.0218301 0.0199786 -2.09346e-05 -0.000962497 -0.0106977 0.00249322 0.00358032 -0.00474805 -0.0116175 -0.029136
internal_weight=97489 55754 41735 33993 33586 1698 1672 1449 476 41557 31888 2182 444 283 67 21761 29706 14833 14813 3067 345 2722 14873 14303 2936 1445 11746 3306 815 445
internal_count=97489 55754 41735 33993 33586 1698 1672 1449 476 41557 31888 2182 444 283 67 21761 29706 14833 14813 3067 345 2722 14873 14303 2936 1445 11746 3306 815 445
is_linear=0
shrinkage=0.1


Tree=35
num_leaves=31
num_cat=0
split_feature=94 91 104 103 104 103 11 63 37 97 79 56 103 45 91 12 84 96 47 19 2 63 13 15 47 21 110 79 25 3
split_gain=71.4499 48.3378 44.7758 44.0407 38.2019 34.6565 35.9297 31.2644 34.0246 31.0171 45.6684 38.4277 31.4017 33.1016 37.2351 30.1287 30.1178 29.7909 29.5471 29.1625 27.5692 26.936 26.4423 34.8283 25.6748 28.0815 25.3633 28.9635 37.7814 32.0228
threshold=1.0000000180025095e-35 1.5000000000000002 107.35000000000001 0.57950000000000002 113.25000000000001 0.7340000000000001 4.9149342751913725 23.500000000000004 2.3057869817013859 12.500000000000002 7.5000000000000009 11.500000000000002 0.25000000000000006 1.2526159490452953 12.500000000000002 12.100000000000001 51.500000000000007 246.50000000000003 0.83365907064964151 3.8858505420655018 56.045000000000009 17.500000000000004 3.754973061528649 3.0114859227258779 1.4304022957551952 2.6341768689455924 76.500000000000014 12.500000000000002 0.97871355387816916 11.12169551422404
decision_type=10 10 2 2 2 2 10 10 10 2 10 10 2 10 10 10 10 2 10 10 10 10 10 10 10 10 2 10 10 10
left_child=-1 -2 5 4 9 -3 -7 -5 19 15 11 -11 24 14 18 -4 -8 22 -14 -9 -20 -18 23 -17 -12 -26 -6 -28 29 -29
right_child=1 2 3 7 26 6 16 8 -10 10 12 -13 13 -15 -16 17 21 -19 20 -21 -22 -23 -24 -25 25 -27 27 28 -30 -31
leaf_value=-0.0045051327818838582 -0.0023841244216734891 0.0069836424923751987 0.0092801220682189323 -0.0038765954219652198 -0.0068701118077559541 -0.013258954835393558 0.042151626331755766 0.10401990715261192 -0.066218813987714911 -0.0071705141366871367 -0.085309525267644362 0.11488730317124954 0.13027380889217402 0.0082286443858670209 0.15539436500806075 0.11841298144529849 -0.0032662293217111411 0.015232073417428183 0.031780113203763317 -0.032274352312088014 -0.083044832657006656 0.11688741298392416 0.11813799676610465 -0.0068289991468191147 -0.042776360172921649 0.076285659248242155 0.0020715257729950142 0.047238043845667467 0.12432141155004502 -0.077643985806831295
leaf_weight=25864 21167 9092 10014 11602 3880 211 783 73 21 3250 55 26 29 1198 26 34 278 256 422 20 22 20 67 64 52 32 8782 77 44 28
leaf_count=25864 21167 9092 10014 11602 3880 211 783 73 21 3250 55 26 29 1198 26 34 278 256 422 20 22 20 67 64 52 32 8782 77 44 28
internal_value=-3.29047e-12 0.00162682 0.0033094 0.00179302 0.00392384 0.00916141 0.0244867 -0.00336453 0.0487489 0.0072556 0.000874017 -0.0062018 0.0134995 0.0172424 0.0388826 0.0103819 0.0318543 0.0365882 0.0324781 0.0747093 0.0260906 0.00479777 0.0697226 0.0366223 -0.0321961 0.0025806 -0.000119464 0.0028133 0.0465332 0.0139362
internal_weight=97489 71625 50458 40074 28358 10384 1292 11716 114 15547 5112 3276 1836 1697 499 10435 1081 421 473 93 444 298 165 98 139 84 12811 8931 149 105
internal_count=97489 71625 50458 40074 28358 10384 1292 11716 114 15547 5112 3276 1836 1697 499 10435 1081 421 473 93 444 298 165 98 139 84 12811 8931 149 105
is_linear=0
shrinkage=0.1


Tree=36
num_leaves=31
num_cat=0
split_feature=89 51 83 85 91 24 41 104 7 44 109 105 100 12 13 43 36 56 95 23 11 39 3 105 95 81 82 69 21 59
split_gain=62.1511 42.1609 47.6427 40.0809 52.2146 38.9273 38.8568 36.1315 33.3257 31.7758 31.7877 30.1659 29.3886 29.1114 39.9817 28.2631 31.9057 31.7296 34.4945 29.0027 30.5817 37.5122 36.9939 30.4781 40.054 29.1958 28.6306 34.2146 28.6264 39.3293
threshold=13.500000000000002 79.65000000000002 618.50000000000011 12.500000000000002 13.500000000000002 1.5500000000000003 1.5377622690561268 119.30000000000003 6.8007342608340871 5.1500000000000012 19.634496919917868 0.63333333333333341 1.0000000180025095e-35 8.5500000000000025 1.4916198487095669 0.86554360876699599 4.5500000000000007 2.5000000000000004 1.5000000000000002 2.6425164497595595 9.1161366468045468 1.7559358788538642 11.920395686633034 0.55000000000000016 2.5000000000000004 674.50000000000011 513.50000000000011 4.5000000000000009 2.8294088767300143 17.500000000000004
decision_type=10 10 8 8 10 10 10 2 10 10 2 8 2 10 10 10 10 8 10 10 10 10 10 10 10 10 10 10 10 10
left_child=1 -1 11 4 7 13 -4 -2 9 10 -5 -3 -12 14 -6 16 -10 18 26 -20 22 25 28 -24 -25 -22 -17 -28 29 -21
right_child=3 2 6 8 5 -7 -8 -9 15 -11 12 -13 -14 -15 -16 17 -18 -19 19 20 21 -23 23 24 -26 -27 27 -29 -30 -31
leaf_value=-0.0029548497979127869 0.0058903973233970751 0.0021897680526736249 0.010836708829516456 0.03988657341064776 0.18921933911740782 -0.0047018221978630337 0.19372510970928347 -0.02884213004757552 0.011441492298308665 0.10165807887397965 0.00079672920816663663 0.032155237229036307 -0.007976461671668331 0.16729585970751942 0.034463298045061895 0.021036304945711889 0.083993654301570311 -0.011892604500340515 -0.0040012642120111656 0.0091278663203120235 0.13154832561585036 -0.046599760560050912 0.027689993020883482 0.18919306790921839 0.058142217191282743 0.006151964462229184 -0.094188572547358018 0.059858908113979162 -0.017894377051783827 0.13102018772107032
leaf_weight=49284 20286 1292 21 170 20 77 26 304 2710 29 7627 454 7646 32 101 1377 62 1476 3512 100 22 146 172 32 86 119 46 21 203 36
leaf_count=49284 20286 1292 21 170 20 77 26 304 2710 29 7627 454 7646 32 101 1377 62 1476 3512 100 22 146 172 32 86 119 46 21 203 36
internal_value=-9.74474e-12 -0.00240685 0.0126559 0.00264877 0.00590688 0.0532896 0.112009 0.00537759 -1.8156e-06 -0.00292028 -0.00311666 0.00998148 -0.00359532 0.0824748 0.0600428 0.00446009 0.0130642 0.00121422 0.00450878 0.00013193 0.0159788 -0.0110711 0.0283212 0.0545417 0.0936814 0.0257174 0.0179303 -0.045905 0.00589072 0.0413935
internal_weight=97489 51077 1793 46412 20820 230 47 20590 25592 15472 15443 1746 15273 153 121 10120 2772 7348 5872 4428 916 287 629 290 118 141 1444 67 339 136
internal_count=97489 51077 1793 46412 20820 230 47 20590 25592 15472 15443 1746 15273 153 121 10120 2772 7348 5872 4428 916 287 629 290 118 141 1444 67 339 136
is_linear=0
shrinkage=0.1


Tree=37
num_leaves=31
num_cat=0
split_feature=75 103 111 89 2 79 109 60 15 41 91 59 42 8 3 51 13 109 3 9 17 75 82 41 25 56 107 103 18 8
split_gain=55.9143 37.2235 36.6444 35.6009 33.3104 32.9362 32.7938 35.4132 42.249 31.6147 39.5456 40.5183 41.7512 35.4791 33.4501 36.5423 32.2056 31.959 35.742 31.6927 30.9904 30.4695 29.9336 29.8807 28.503 28.3087 35.0088 28.8505 31.591 37.9096
threshold=4.5000000000000009 0.78650000000000009 5.5000000000000009 23.500000000000004 37.095000000000013 6.5000000000000009 23.664613278576322 5.5000000000000009 2.0466757243796869 1.9436129924374039 4.5000000000000009 9.5000000000000018 4.1000000000000005 24.950000000000003 12.058986966733972 91.200000000000003 3.1224887344895973 20.297056810403834 12.526110507355321 7.8382962921351664 3.4471574812325971 8.5000000000000018 246.50000000000003 1.3173936641710231 1.658243862791825 10.500000000000002 2019.5000000000002 0.68900000000000017 10.900000000000002 22.650000000000002
decision_type=10 2 2 10 8 8 2 10 10 8 10 10 10 10 10 10 8 2 10 10 10 10 8 10 10 10 2 2 10 10
left_child=2 6 4 -3 -1 -4 7 9 -9 10 -2 -12 14 -14 15 -13 24 18 -16 -18 21 -8 23 -19 -11 27 -27 28 -22 -30
right_child=1 3 5 -5 -6 -7 20 8 -10 16 11 12 13 -15 17 -17 19 22 -20 -21 25 -23 -24 -25 -26 26 -28 -29 29 -31
leaf_value=0.0082742223023657274 0.0026049866461653375 0.011811798202748202 -0.0032655764121688278 0.062621854981460431 0.078490979801601093 -0.013976241295542542 -0.0029366054660782282 0.13767496961213294 0.020486576042097551 -0.0064190172917435728 0.03179749686565593 0.00018790454427765243 0.0041505200844822515 0.14199891047292323 0.18841019299897283 0.096424338482320307 -0.058167745575405216 0.078101805604572569 0.04300549323224042 0.0033063626806146672 0.0056084421586433363 0.0033778238971806027 -0.0036166997633540927 0.020634918018699322 0.043898761212532861 0.1048717767233029 0.0078991692115584124 -0.019246809127637085 0.13973709948965021 0.023487832308907448
leaf_weight=1395 14430 637 23795 176 71 3265 29277 42 115 1222 921 2903 33 43 22 40 227 106 73 133 6257 10341 458 618 124 64 89 459 37 116
leaf_count=1395 14430 637 23795 176 71 3265 29277 42 115 1222 921 2903 33 43 22 40 227 106 73 133 6257 10341 458 618 124 64 89 459 37 116
internal_value=3.17708e-12 0.00154027 -0.00372367 0.0228113 0.0116749 -0.0045579 0.00128651 0.00451666 0.0518363 0.00416874 0.00530259 0.012764 0.00868355 0.0821437 0.00736057 0.00149591 -0.00888917 0.0208764 0.0766782 -0.0354565 -0.000203205 -0.00128843 0.0163915 0.0290486 -0.0017835 0.0059196 0.0484629 0.00497199 0.00670622 0.0516004
internal_weight=97489 68963 28526 813 1466 27060 68150 21510 157 21353 19647 5217 4296 76 4220 2943 1706 1277 95 360 46640 39618 1182 724 1346 7022 153 6869 6410 153
internal_count=97489 68963 28526 813 1466 27060 68150 21510 157 21353 19647 5217 4296 76 4220 2943 1706 1277 95 360 46640 39618 1182 724 1346 7022 153 6869 6410 153
is_linear=0
shrinkage=0.1


Tree=38
num_leaves=31
num_cat=0
split_feature=111 5 88 85 88 42 1 100 47 109 8 36 0 86 15 95 11 34 49 14 81 103 39 6 109 81 36 88 82 27
split_gain=47.9365 41.1096 32.8674 30.7678 37.6749 34.0065 41.6384 45.5438 34.9507 37.0335 33.4782 47.4943 33.1275 39.6355 39.6216 33.4815 54.2068 31.1961 29.5066 28.4411 28.4389 26.4834 25.5961 24.7072 24.4404 24.3014 27.084 34.2122 25.2816 24.9667
threshold=18.500000000000004 10.114547886405683 78.850000000000009 44.500000000000007 12.350000000000003 2.2250000000000005 12.796386208598832 1.0000000180025095e-35 1.860514199773837 21.860369609856267 33.050000000000004 5.1000000000000005 47.710000000000015 244.50000000000003 4.5466715132023046 1.0000000180025095e-35 8.6020193413241497 0.34166666666666673 85.500000000000014 15.050000000000002 1772.0000000000002 0.81100000000000005 0.91753098239279307 22.225000000000005 25.91786447638604 90.500000000000014 5.2666666666666675 39.650000000000013 16.500000000000004 1.6884282974400848
decision_type=2 8 8 10 8 10 8 2 10 2 10 10 10 10 10 10 10 10 10 10 10 2 10 10 2 8 10 10 8 10
left_child=1 19 -2 4 -3 6 7 18 10 -10 11 -9 13 25 15 16 -14 -13 -6 -1 -8 -5 -17 -19 -15 -7 28 -28 -27 -30
right_child=2 3 -4 21 5 12 20 8 9 -11 -12 17 14 24 -16 22 -18 23 -20 -21 -22 -23 -24 -25 -26 26 27 -29 29 -31
leaf_value=-0.00087949394496848309 -0.0024182886298590132 -0.00873513091495348 -0.045972658394054434 -0.003749047863329206 0.013837178098512707 0.025050201375411266 0.017097904958338111 -0.0017731587303190331 0.10636665763126479 0.016339039296752175 0.1153127699129982 -0.18040055612271483 -0.032614131898365241 -0.15299908082400049 -0.074824985975817757 0.10841521357319184 0.16662672650482921 -0.12258114105333454 -0.065768582421414409 0.085690749398628752 0.10285858422135696 0.077989429011940961 0.011931125740297897 0.0094033727837676134 -0.012151791722598402 -0.088801291797842297 0.14696238181657262 -0.004822055160096198 -0.004705974590178014 0.03922452114389411
leaf_weight=28671 40820 1599 174 4389 4995 322 4524 4697 54 297 24 22 22 28 49 28 36 23 47 38 39 40 1526 37 22 35 27 33 4738 133
leaf_count=28671 40820 1599 174 4389 4995 322 4524 4697 54 297 24 22 22 28 49 28 36 23 47 38 39 40 1526 37 22 35 27 33 4738 133
internal_value=3.17109e-12 0.00188891 -0.00260316 0.00463088 0.00607991 0.00716867 0.00989113 0.00633786 -0.000272561 0.0301894 -0.0024987 -0.00309035 0.00142774 -0.00240996 0.0137611 0.0164538 0.0910526 -0.0785397 0.0130951 -0.000764907 0.0178309 -0.00301084 0.0136696 -0.0411907 -0.0910263 -0.00157206 -0.00329828 0.0634809 -0.00411498 -0.00350648
internal_weight=97489 56495 40994 27786 23357 21758 14759 10196 5154 351 4803 4779 6999 5338 1661 1612 58 82 5042 28709 4563 4429 1554 60 50 5288 4966 60 4906 4871
internal_count=97489 56495 40994 27786 23357 21758 14759 10196 5154 351 4803 4779 6999 5338 1661 1612 58 82 5042 28709 4563 4429 1554 60 50 5288 4966 60 4906 4871
is_linear=0
shrinkage=0.1


Tree=39
num_leaves=31
num_cat=0
split_feature=18 104 89 103 91 27 36 95 53 6 82 41 27 81 18 84 30 29 37 4 83 90 35 88 17 11 19 18 22 47
split_gain=44.7674 42.9698 30.3877 42.5829 43.1274 54.1666 37.4537 36.557 42.5185 39.9653 38.6414 36.387 45.3135 41.4847 35.8059 33.6108 32.5336 29.1967 35.9246 28.9774 28.5233 28.4492 32.6495 40.9897 31.4922 29.1744 40.5893 29.3999 33.669 29.1311
threshold=0.55000000000000016 113.35000000000001 23.500000000000004 0.78650000000000009 8.5000000000000018 1.1377339247471161 4.9000000000000012 1.0000000180025095e-35 25.500000000000004 38.900000000000006 114.50000000000001 1.8496087779795347 0.97386269437804185 707.50000000000011 4.7083333333333348 31.500000000000004 0.36666666666666675 1.1876953730592723 2.1014931715128884 48.880000000000003 436.50000000000006 1.5000000000000002 0.6541428163053582 67.15000000000002 1.7566046562418507 8.6601780700373165 3.2015525958552531 8.1000000000000014 6.4750000000000005 1.8946262522483579
decision_type=8 2 10 2 10 10 10 8 10 10 10 10 10 8 10 10 10 10 10 10 10 10 10 10 10 10 10 10 10 10
left_child=-1 2 -2 4 5 20 21 8 -7 10 -9 13 -13 -8 -10 -14 -16 18 -5 -12 -4 -6 -23 24 -24 29 27 28 -27 -26
right_child=1 -3 3 17 6 7 11 9 14 -11 19 12 15 -15 16 -17 -18 -19 -20 -21 -22 22 23 -25 25 26 -28 -29 -30 -31
leaf_value=-0.007807865340089021 0.00097860398139758254 -0.0027273917396166735 0.009870704360796026 0.05718454833587875 -0.057304815031014956 0.15962909460067751 -0.012261622349421184 0.0046521799250456167 -0.011991779076798052 0.093112804533706781 -0.012769092442648648 0.070009218964358452 -0.10163486881484821 -0.19305127743970266 -0.030870293635948034 0.0031854275543734714 0.059183300678628162 -4.6953739177796152e-06 0.1969136252027491 -0.039576177197981441 -0.030510643548590857 0.045674278563426415 -0.096058521149680026 -0.0296473006720753 0.025990320269634111 0.012036522477865221 0.1638908790734907 -0.030084155822122424 0.17344714064771932 -0.083094645449175289
leaf_weight=6829 51709 27313 6197 92 39 20 30 862 298 36 1339 71 43 22 51 106 188 62 23 577 180 651 20 161 419 28 36 37 24 26
leaf_count=6829 51709 27313 6197 92 39 20 30 862 298 36 1339 71 43 22 51 106 188 62 23 577 180 651 20 161 419 28 36 37 24 26
internal_value=-8.68029e-12 0.000588131 0.00201767 0.00663435 0.00588263 0.00331113 0.020516 -0.00694154 0.0164652 -0.0115746 -0.0129313 -0.0135183 0.00426368 -0.0887496 0.0111332 -0.0270647 0.0399668 0.055309 0.0851304 -0.020842 0.00873088 0.0269402 0.0292837 0.0150756 0.0272797 0.0316074 0.0742937 0.0380521 0.0865337 0.0196168
internal_weight=97489 90660 63347 11638 11461 9748 1713 3371 557 2814 2778 272 220 52 537 149 239 177 115 1916 6377 1441 1402 751 590 570 125 89 52 445
internal_count=97489 90660 63347 11638 11461 9748 1713 3371 557 2814 2778 272 220 52 537 149 239 177 115 1916 6377 1441 1402 751 590 570 125 89 52 445
is_linear=0
shrinkage=0.1


Tree=40
num_leaves=31
num_cat=0
split_feature=94 104 103 103 109 103 91 82 29 82 21 24 115 105 87 83 50 5 43 104 82 56 48 20 82 8 37 105 22 103
split_gain=41.3383 32.5966 55.6703 31.2362 30.8738 29.8672 33.1949 43.6293 49.7848 36.4512 35.2888 48.5113 36.5877 29.976 31.9323 29.5605 34.2109 34.095 30.149 28.6465 28.1384 27.7897 28.7639 34.0933 41.2168 33.3844 35.9176 29.7856 27.7362 27.6274
threshold=1.0000000180025095e-35 107.35000000000001 0.70200000000000007 0.56500000000000006 23.229295003422319 0.22550000000000003 10.500000000000002 370.50000000000006 1.1288352132855748 252.50000000000003 3.1349285466579873 1.1000000000000003 1.0000000180025095e-35 0.45000000000000007 52.500000000000007 485.50000000000006 2.8000000000000003 13.774440001940858 2.1446343412137621 111.75000000000001 695.50000000000011 10.500000000000002 26.350000000000005 10.950000000000001 168.50000000000003 23.250000000000004 3.0165750888103111 inf 9.7250000000000014 0.46050000000000008
decision_type=10 2 2 2 2 2 10 10 10 8 10 10 2 10 10 10 10 10 10 2 8 10 8 10 10 10 10 8 10 2
left_child=-1 29 3 5 -4 13 15 9 10 -8 11 -9 -12 -3 -15 16 -7 -18 -17 -6 -19 22 25 24 -24 28 27 -27 -5 -2
right_child=1 2 4 21 19 6 7 8 -10 -11 12 -13 -14 14 -16 18 17 20 -20 -21 -22 -23 23 -25 -26 26 -28 -29 -30 -31
leaf_value=-0.0034267538766896474 -0.0060844303183815738 -0.011252784673882349 0.0033715201319785976 -0.0031384610136698183 -0.034990720884966568 0.0011308738109793316 0.019772806566824397 0.079617335252902099 0.0067406351004939274 -0.031266138669254116 -0.030752774452169736 0.26311807364225387 0.11785573165461019 0.10383351373862713 -0.02691372479762762 -0.015268917707376241 0.0068558691582957495 0.037605884291060779 -0.10294754948952925 0.0063058150733269541 -0.051337521680091563 0.061960783529546905 -0.0095035082336375667 0.059059569856216167 -0.048249077108267646 0.011052251905515623 0.13806377216665583 -0.098880500435829174 -0.073035994139418275 0.0070610762369281745
leaf_weight=25864 1825 2120 462 14104 910 27230 732 34 101 173 30 25 37 47 31 266 6312 556 46 206 38 66 1108 58 365 1742 22 25 57 12897
leaf_count=25864 1825 2120 462 14104 910 27230 732 34 101 173 30 25 37 47 31 266 6312 556 46 206 38 66 1108 58 365 1742 22 25 57 12897
internal_value=8.69019e-13 0.00123741 0.000152311 0.000680558 -0.0183681 0.00229994 0.0029988 0.0198485 0.0590477 0.0100162 0.100976 0.157372 0.0513146 -0.00901276 0.0518699 0.0024451 0.00272516 0.00901134 -0.0281959 -0.0273679 0.0319159 -0.00280592 -0.00305045 -0.0161433 -0.0191044 -0.0017937 0.0110779 0.00949689 -0.00341981 0.0054315
internal_weight=97489 71625 56903 55325 1578 37778 35580 1132 227 905 126 59 67 2198 78 34448 34136 6906 312 1116 594 17547 17481 1531 1473 15950 1789 1767 14161 14722
internal_count=97489 71625 56903 55325 1578 37778 35580 1132 227 905 126 59 67 2198 78 34448 34136 6906 312 1116 594 17547 17481 1531 1473 15950 1789 1767 14161 14722
is_linear=0
shrinkage=0.1


Tree=41
num_leaves=31
num_cat=0
split_feature=89 104 103 6 84 103 29 39 0 39 88 9 5 33 43 24 10 46 39 106 82 31 6 24 17 32 2 8 107 14
split_gain=37.3763 30.8327 27.0628 39.7841 39.9072 33.2835 32.6706 36.1814 61.3673 40.9867 37.6419 45.1904 30.7237 35.8439 38.5929 42.5102 61.8169 40.6579 46.782 32.78 26.6917 25.6893 32.6093 34.8818 27.3814 28.6426 31.7772 33.5381 26.9412 25.5767
threshold=3.5000000000000004 113.35000000000001 0.60050000000000014 30.500000000000004 102.50000000000001 0.79900000000000015 0.80154921746165264 2.0803307417005787 53.910000000000004 2.2123387778440669 68.450000000000017 6.6370173892219322 10.330307989396648 1.3197184163705313 1.8437094529227334 2.6333333333333337 28.075000000000006 4.7250000000000005 1.6261604343604679 621.50000000000011 204.50000000000003 1.3227406337702019 27.500000000000004 2.5500000000000003 2.0428162188518075 0.38750000000000007 45.735000000000007 26.650000000000002 2008.5000000000002 13.250000000000002
decision_type=10 2 2 10 10 2 10 10 10 10 10 10 8 10 10 10 10 10 10 2 8 10 10 10 10 10 10 10 2 10
left_child=-1 2 12 5 6 20 -5 10 -9 -10 11 -8 21 14 17 19 -17 -14 -19 -16 29 22 -2 24 25 26 27 -24 -26 -4
right_child=1 -3 3 4 -6 -7 7 8 9 -11 -12 -13 13 -15 15 16 -18 18 -20 -21 -22 -23 23 -25 28 -27 -28 -29 -30 -31
leaf_value=-0.0052051835431473669 0.0012687821203499852 -0.0022031758862576883 -0.00020126909742539481 -0.052920776750983257 -0.055839860838438782 0.018578548431472077 -0.034087281008916247 -0.0040540624844531224 0.24822571420669559 0.090874817648104261 -0.056020572897046809 0.056544645033470543 0.010535166719393124 -0.0051045479615518044 0.00016697361701390338 0.16824309519108605 -0.044026446245286781 -0.0053026795387268073 0.19715713918209077 -0.032011304872003411 -0.0079222453431011704 -0.011691096865773022 0.12860911569612868 -0.079220988531596967 -0.06572727048769593 0.0029845465524968775 0.19456059229067671 -0.020674811876206487 0.023697690671842016 0.080908086776542362
leaf_weight=12085 21168 25165 12419 41 56 770 70 45 25 49 50 257 11975 2217 2062 34 23 21 25 374 6329 1466 34 32 36 44 26 27 525 39
leaf_count=12085 21168 25165 12419 41 56 770 70 45 25 49 50 257 11975 2217 2062 34 23 21 25 374 6329 1466 34 32 36 44 26 27 525 39
internal_value=2.03709e-12 0.000736554 0.00196463 -0.00102503 0.0244926 -0.00179877 0.0328699 0.0399615 0.0880343 0.144034 0.0247874 0.0371433 0.00346733 0.00673834 0.00854733 -0.00277588 0.0825905 0.0108956 0.10473 -0.00477337 -0.00263395 0.00112436 0.00198255 0.0228514 0.0275715 0.0687358 0.101989 0.0625326 0.0179592 5.26452e-05
internal_weight=97489 85404 60239 20150 593 19557 537 496 119 74 377 327 40089 16731 14514 2493 57 12021 46 2436 18787 23358 21892 724 692 131 87 61 561 12458
internal_count=97489 85404 60239 20150 593 19557 537 496 119 74 377 327 40089 16731 14514 2493 57 12021 46 2436 18787 23358 21892 724 692 131 87 61 561 12458
is_linear=0
shrinkage=0.1


Tree=42
num_leaves=31
num_cat=0
split_feature=18 104 103 104 0 67 20 4 89 26 83 29 59 82 86 90 103 27 11 6 12 17 22 88 7 19 19 7 37 3
split_gain=32.9754 30.1961 53.1632 33.4504 35.7603 39.8945 29.6827 29.1342 40.139 39.8043 32.5022 37.8138 57.5163 31.7452 32.7236 28.3268 28.5855 27.8608 25.4425 25.4061 25.4945 25.1942 31.3374 44.6656 48.7073 24.8622 53.5961 43.8006 32.5085 28.2717
threshold=0.90000000000000013 107.35000000000001 0.70200000000000007 107.15000000000002 55.570000000000014 7.5000000000000009 7.6333333333333337 55.215000000000011 41.500000000000007 1.4722222222222225 485.50000000000006 1.1246829208201545 17.500000000000004 148.50000000000003 97.500000000000014 1.0000000180025095e-35 0.47450000000000003 0.68250705852645377 8.8397278993874071 31.700000000000006 5.9000000000000012 3.4164147782633401 10.975000000000001 63.250000000000007 7.5993413647162322 3.5213347446413876 4.2308226545325418 8.8175955884477943 2.0615171442623468 10.239436290864116
decision_type=10 2 2 2 10 10 10 10 10 10 10 10 10 10 10 10 2 10 10 10 10 8 10 10 10 10 10 10 10 10
left_child=-1 3 21 7 5 -5 -4 13 9 -9 11 -11 -13 14 15 -2 -17 -16 -19 -18 -21 -3 -23 24 -24 -15 29 28 -28 -27
right_child=1 2 6 4 -6 -7 -8 8 -10 10 -12 12 -14 25 17 16 19 18 -20 20 -22 22 23 -25 -26 26 27 -29 -30 -31
leaf_value=-0.0042558742208604139 -0.020138179606109415 -0.0004366942570002111 -0.013836718879143143 0.027278670898703485 -0.094243310197539953 0.15646249496936798 -0.072371934436179772 0.10765856418145608 -0.062998854912616115 0.17246060775859018 -0.043287423386168228 0.15656335569130114 -0.01317054467319056 0.00018783315081811485 0.15484431769166673 -0.0096075168780298658 0.010173135178795083 0.02221851775856324 0.13584490313448691 0.1688253454770893 0.02574189751211441 0.0047866976688365889 0.017523157020861452 -0.03780538587272167 0.21969445565572154 -0.089880197731413189 0.039837527981222566 0.16202861314470118 -0.097952779479648755 -0.025630742627847543
leaf_weight=15341 369 55758 1804 546 23 25 91 79 37 21 53 26 86 7373 21 779 5604 189 22 20 33 8674 22 25 26 97 67 22 23 233
leaf_count=15341 369 55758 1804 546 23 25 91 79 37 21 53 26 86 7373 21 779 5604 189 22 20 33 8674 22 25 26 97 67 22 23 233
internal_value=-1.18451e-11 0.000794777 -0.000138919 0.00473162 0.0280103 0.0329347 -0.0166476 0.00381916 0.0345678 0.0481904 0.0229324 0.0493207 0.026232 0.00319391 0.00806602 0.00680691 0.00835177 0.0449984 0.0340658 0.0108249 0.0797357 0.000346067 0.0053358 0.0705812 0.127033 -0.00119317 -0.0242297 0.0355431 0.00462445 -0.0445162
internal_weight=97489 82148 66400 15748 594 571 1895 15154 302 265 186 133 112 14852 7037 6805 6436 232 211 5657 53 64505 8747 73 48 7815 442 112 90 330
internal_count=97489 82148 66400 15748 594 571 1895 15154 302 265 186 133 112 14852 7037 6805 6436 232 211 5657 53 64505 8747 73 48 7815 442 112 90 330
is_linear=0
shrinkage=0.1


Tree=43
num_leaves=31
num_cat=0
split_feature=48 100 24 5 103 21 73 84 103 87 91 109 106 15 65 46 111 25 19 109 37 80 40 47 40 6 111 10 22 2
split_gain=29.2251 27.7571 47.9664 40.1677 29.3466 42.7973 28.7301 27.1222 37.7786 27.8289 26.6662 25.6786 28.4745 28.908 25.7411 30.1905 25.6614 25.5534 27.9911 25.304 27.71 26.1786 25.1453 24.7738 23.8414 25.933 23.6883 24.879 29.4835 23.6599
threshold=14.950000000000001 1.0000000180025095e-35 1.5500000000000003 14.370487850195561 0.7400000000000001 1.9564702302802399 11.500000000000002 85.500000000000014 0.49400000000000005 112.50000000000001 14.500000000000002 23.407255304585906 282.50000000000006 1.3743625973076605 3.5000000000000004 2.5166666666666671 10.500000000000002 0.86554360876699588 1.8818990709935315 20.431211498973308 2.3540578465190101 32.850000000000001 1.0250000000000001 2.3235068604060358 5.4750000000000005 38.500000000000007 18.500000000000004 21.025000000000002 3.7136363636363643 49.005000000000017
decision_type=8 2 8 8 2 8 10 10 2 10 10 2 2 10 8 10 2 8 10 2 8 10 10 10 10 10 2 10 10 10
left_child=10 6 3 7 16 -6 24 11 -9 -10 19 14 13 -13 15 -3 17 18 -4 20 23 22 -21 29 25 -2 27 28 -17 -1
right_child=1 2 4 -5 5 -7 -8 8 9 -11 -12 12 -14 -15 -16 26 -18 -19 -20 21 -22 -23 -24 -25 -26 -27 -28 -29 -30 -31
leaf_value=0.0067458667957975924 0.0057785247754172297 0.014524681569215318 0.0093198386086957661 0.032053048294884243 0.10993891434401881 -0.0045215592092397268 0.10221014611663358 -0.070909801524369168 -0.027330225727769854 0.061601390507658595 0.052448257639683707 0.03916093105630529 0.0027224592320822718 -0.018925913007962984 -0.0021662581685182023 0.062252489735300724 -0.022497043203059567 2.4011589326081598e-05 -0.048489105548119041 -0.0075786578866875558 -0.02872195604924532 -0.0013617295293192229 -0.036907142456835462 0.11503580134539378 -0.08038317717146129 0.08182145607968172 -0.0044620827315969671 0.047637466385882975 0.21768314125745195 -0.074588973116543555
leaf_weight=5481 13201 1200 127 462 49 98 31 121 101 54 93 93 5647 1088 792 26 1397 1749 246 1407 231 63126 369 21 32 45 47 96 23 36
leaf_count=5481 13201 1200 127 462 49 98 31 121 101 54 93 93 5647 1088 792 26 1397 1749 246 1407 231 63126 369 21 32 45 47 96 23 36
internal_value=2.20537e-11 0.0028174 -0.000392489 0.003274 -0.0101438 0.0336319 0.00605309 0.00184249 -0.0290361 0.0036524 -0.00106403 0.00278817 -0.00023077 -0.0143518 0.0122265 0.0204155 -0.0119725 -0.00504369 -0.0288062 -0.00113445 0.00521232 -0.0016986 -0.0136722 0.00662778 0.00582859 0.00603686 0.0572331 0.0772309 0.13521 0.00621513
internal_weight=97489 26725 13416 9750 3666 147 13309 9288 276 155 70764 9012 6828 1181 2184 1392 3519 2122 373 70671 5769 64902 1776 5538 13278 13246 192 145 49 5517
internal_count=97489 26725 13416 9750 3666 147 13309 9288 276 155 70764 9012 6828 1181 2184 1392 3519 2122 373 70671 5769 64902 1776 5538 13278 13246 192 145 49 5517
is_linear=0
shrinkage=0.1


Tree=44
num_leaves=31
num_cat=0
split_feature=23 60 93 67 100 86 88 23 103 6 86 106 7 39 40 22 82 27 0 34 110 10 88 80 80 41 5 109 91 96
split_gain=27.6364 24.9763 27.7588 25.4405 32.8446 30.5511 29.1452 44.0523 30.4126 40.2221 31.993 32.6349 32.9273 31.1108 27.9359 35.7991 27.5635 27.6556 25.5199 41.155 33.842 30.1096 29.0715 40.2898 47.9527 40.3964 33.3712 39.2696 28.836 26.6552
threshold=1.6823385524225152 9.5000000000000018 1.0000000180025095e-35 4.5000000000000009 1.0000000180025095e-35 258.50000000000006 16.650000000000002 2.0133525424698764 0.60050000000000014 30.700000000000006 152.50000000000003 56.500000000000007 12.243364869275643 2.7978164328724247 4.2250000000000005 8.2720588235294148 194.50000000000003 0.91753098239279307 40.010000000000012 0.20526315789473687 72.500000000000014 26.375000000000004 28.450000000000003 1345.1500000000005 1041.8500000000001 1.8386543830696693 15.850923516151086 29.824777549623551 3.5000000000000004 192.50000000000003
decision_type=10 10 10 10 2 10 10 10 2 10 10 2 10 10 10 10 8 10 10 10 2 10 10 10 8 10 10 2 10 2
left_child=-1 3 -3 5 18 6 7 -2 10 16 13 -12 -13 14 15 -8 -10 -18 19 20 -5 -22 23 24 25 -20 29 28 -28 -24
right_child=1 2 -4 4 -6 -7 8 -9 9 -11 11 12 -14 -15 -16 -17 17 -19 22 -21 21 -23 26 -25 -26 -27 27 -29 -30 -31
leaf_value=-0.0015936159833896742 0.0081705797310169352 0.012605808020702431 0.15595399529927156 -0.017624058612112792 -0.0032911442674354052 -0.11857815980911256 0.0092139622844566709 -0.014096708601847363 0.0043023157734398878 0.11054797390534077 0.12119042522823201 0.021859407968603688 0.15254212956409902 -0.088129682703451673 -0.067727357814920716 0.12454626431895628 -0.0011030666692398914 -0.034348602239679414 0.096680806208815848 -0.0040256951290988541 0.014817947121070429 0.1192433886429561 -0.0074375253485222809 0.007879982847786909 0.18965772385850099 -0.068664302126589152 0.039841915018135506 0.065337492980890796 -0.065481405334998369 0.011602434659378213
leaf_weight=51422 1790 35 22 345 15158 20 8399 1764 2142 32 39 536 20 33 47 27 570 446 45 6702 1991 28 876 140 33 22 31 36 161 4577
leaf_count=51422 1790 35 22 345 15158 20 8399 1764 2142 32 39 536 20 33 47 27 570 446 45 6702 1991 28 876 140 33 22 31 36 161 4577
internal_value=-1.57541e-11 0.00177886 0.0679332 0.00169691 -8.97621e-06 0.00493825 0.00509415 -0.00288161 0.00740039 -0.00100161 0.0103454 0.0327629 0.0265602 0.00877726 0.00915468 0.00958353 -0.00213194 -0.0156971 0.00331064 -2.4174e-05 0.0113202 0.0162661 0.00841678 0.042508 0.0909873 0.0423884 0.00697656 -0.0305055 -0.0484761 0.00854375
internal_weight=97489 46067 57 46010 30145 15865 15845 3554 12291 3190 9101 595 556 8506 8473 8426 3158 1016 14987 9066 2364 2019 5921 240 100 67 5681 228 192 5453
internal_count=97489 46067 57 46010 30145 15865 15845 3554 12291 3190 9101 595 556 8506 8473 8426 3158 1016 14987 9066 2364 2019 5921 240 100 67 5681 228 192 5453
is_linear=0
shrinkage=0.1


Tree=45
num_leaves=31
num_cat=0
split_feature=18 109 75 60 15 9 41 18 19 51 110 42 34 5 0 22 90 38 102 26 21 81 80 65 11 52 35 51 1 87
split_gain=25.8839 29.4843 35.3645 28.8238 33.8025 29.763 25.2558 27.2492 31.5887 31.7505 22.3909 40.0403 30.9333 42.4537 38.0065 48.4639 31.5644 36.2273 31.3623 30.0742 27.8516 27.58 35.1303 32.2784 27.4992 27.3977 33.2792 27.1168 26.7229 23.8757
threshold=0.55000000000000016 23.440109514031487 4.5000000000000009 5.5000000000000009 2.0466757243796869 9.2523270297488249 1.9436129924374039 9.7000000000000011 4.2308226545325418 73.250000000000014 82.500000000000014 2.3666666666666671 0.70294117647058829 12.159011710045428 48.930000000000014 5.5562500000000012 8.5000000000000018 2.5634920634920637 6.5000000000000009 3.0500000000000003 3.7305012396093891 1158.5000000000002 2854.3499999999999 4.5000000000000009 9.9164270833861927 11.500000000000002 1.7301502106177848 66.850000000000009 4.3901025044980466 92.500000000000014
decision_type=8 2 10 10 8 8 10 10 10 10 2 10 10 10 10 10 10 10 10 10 10 10 10 10 10 8 10 10 10 10
left_child=-1 3 -3 6 -5 -6 7 -2 9 -9 12 20 19 24 15 -15 -16 -18 27 -4 25 23 -23 -13 -14 -12 28 -17 -27 -30
right_child=1 2 10 4 5 -7 -8 8 -10 -11 11 21 13 14 16 18 17 -19 -20 -21 -22 22 -24 -25 -26 26 -28 -29 29 -31
leaf_value=-0.0059369920927770112 0.0030140728360170243 -0.0066439227958624255 0.00060846094729912392 0.12086186554109635 -0.0050648266952861148 0.12868077497929337 -0.0094823609854536046 -0.01360002962660186 0.13583979121138973 0.09865089753844046 0.0060760664150845342 -0.021281351514672173 -0.009353816511803047 0.0040923324610310169 0.012118041717200255 0.11786149694143158 -0.0028596671895959234 -0.068347123884652042 0.15801763230043908 0.10619298114820763 -0.036756399963866836 0.048195541563031616 -0.054354773445621785 -0.1473792824007216 -0.10227288766764105 -0.054760169195519251 0.13195017130513276 0.028790938780259564 0.019988996022945203 0.078662889156686636
leaf_weight=6829 31732 9127 31608 43 99 20 1648 79 31 37 5409 609 6796 1112 245 38 172 166 23 27 137 122 46 21 32 44 28 340 793 76
leaf_count=6829 31732 9127 31608 43 99 20 1648 79 31 37 5409 609 6796 1112 245 38 172 166 23 27 137 122 46 21 32 44 28 340 793 76
internal_value=-1.18052e-11 0.000447206 -0.000939564 0.00279235 0.044872 0.0174134 0.00258903 0.00321306 0.0461681 0.0222041 0.000148633 0.0052531 -0.000768206 -0.00596785 0.006481 0.0148399 -0.0152119 -0.0350221 0.0446435 0.000698576 0.00785334 -0.0158844 0.0201163 -0.0254846 -0.00978929 0.00881579 0.0245641 0.0377451 0.0212708 0.0251204
internal_weight=97489 90660 56971 33689 162 119 33527 31879 147 116 47844 7285 40559 8924 2096 1513 583 338 401 31635 6487 798 168 630 6828 6350 941 378 913 869
internal_count=97489 90660 56971 33689 162 119 33527 31879 147 116 47844 7285 40559 8924 2096 1513 583 338 401 31635 6487 798 168 630 6828 6350 941 378 913 869
is_linear=0
shrinkage=0.1


Tree=46
num_leaves=31
num_cat=0
split_feature=104 89 22 104 80 24 5 104 37 39 85 4 19 12 19 16 109 63 79 40 16 35 0 90 52 3 38 14 1 82
split_gain=24.08 24.8365 23.172 22.6502 32.3548 39.9363 25.4327 22.9753 24.6385 23.5477 23.1214 27.8726 33.5207 28.3147 40.5118 25.4998 24.5402 25.0866 25.1069 29.3999 36.1002 39.8451 35.6246 31.6396 33.3333 33.848 33.0686 43.2553 32.1261 25.0366
threshold=113.35000000000001 5.5000000000000009 8.2720588235294148 112.75000000000001 2854.3499999999999 0.77500000000000013 11.087840067760487 111.95000000000002 2.8838617020628585 2.5484197567010503 45.500000000000007 55.215000000000011 3.968621967051075 12.100000000000001 3.0523202998496379 9.3592105263157901 24.346338124572217 10.500000000000002 6.5000000000000009 2.7029411764705888 3.1519230769230773 0.5524099002227052 36.590000000000011 6.5000000000000009 7.5000000000000009 6.9868487571679809 2.7638888888888893 6.2111111111111121 16.188499003325866 232.50000000000003
decision_type=2 10 10 2 10 10 10 2 10 10 10 10 10 10 10 10 2 10 10 10 10 10 10 10 10 10 10 10 10 10
left_child=1 2 -1 7 -5 -6 -7 10 9 -9 11 16 13 -13 -15 -14 -3 -18 -19 22 21 -21 -20 24 28 -26 -25 -28 29 -24
right_child=-2 3 -4 4 5 6 -8 8 -10 -11 -12 12 15 14 -16 -17 17 18 19 20 -22 -23 23 26 25 -27 27 -29 -30 -31
leaf_value=-0.0027484280294018822 -0.002394720492330929 0.0051816358716448565 -0.086654222282496363 0.0069306091626329495 -0.039578464378913242 0.041075084786172271 0.17194302653272947 -0.0041211992956682866 0.058793893444441983 -0.087541386293356907 -0.0037391976265743285 0.023808903078570157 0.035471468338289777 0.050524127291929392 0.21140471112914386 -0.070775147296231369 -0.0042541972864487609 -0.0031674098255719731 0.0074988349961250551 -0.0047037740764410601 -0.00092839714549300401 0.18143564063407805 0.004144104061174784 0.041288254127926603 0.16513418761037646 0.032694508734026122 0.23582735623825682 0.060463132269871545 0.10440814644098283 -0.06344204043285756
leaf_weight=12616 29349 19040 33 5766 24 27 33 7105 62 34 5786 389 37 72 20 58 7728 3546 2001 23 2874 23 179 241 21 238 22 39 24 79
leaf_count=12616 29349 19040 33 5766 24 27 33 7105 62 34 5786 389 37 72 20 58 7728 3546 2001 23 2874 23 179 241 21 238 22 39 24 79
internal_value=3.36569e-12 0.00103144 -0.00296733 0.00194295 0.00782823 0.0694436 0.113052 0.0012494 -0.00397338 -0.00451849 0.00213557 0.00306293 0.0248871 0.0356081 0.0854982 -0.0293949 0.0027145 -4.25385e-05 0.00345346 0.0075266 0.000478294 0.0883659 0.0147632 0.0320065 0.0175319 0.0434329 0.0579362 0.123709 -0.00625649 -0.0165509
internal_weight=97489 68140 12649 55491 5850 84 60 49641 7201 7139 42440 36654 576 481 92 95 36078 17038 9310 5764 2920 46 2844 843 541 259 302 61 282 258
internal_count=97489 68140 12649 55491 5850 84 60 49641 7201 7139 42440 36654 576 481 92 95 36078 17038 9310 5764 2920 46 2844 843 541 259 302 61 282 258
is_linear=0
shrinkage=0.1


Tree=47
num_leaves=31
num_cat=0
split_feature=103 89 29 19 104 75 7 103 6 81 104 41 91 16 104 31 14 84 6 29 49 17 83 33 36 22 44 29 37 39
split_gain=23.0535 23.4004 25.4521 33.9668 27.2687 25.5496 24.287 22.3864 28.457 33.7969 26.3834 29.8147 55.0089 53.8867 50.3191 36.5394 29.3056 26.6747 26.9446 37.8338 37.6659 32.7457 28.2216 31.1821 25.4807 35.9775 24.7943 29.1509 27.5273 29.3644
threshold=0.78650000000000009 23.500000000000004 1.1876953730592723 2.8982240028001192 102.75000000000001 8.5000000000000018 7.9843590973901568 0.58700000000000008 37.70000000000001 1471.5000000000002 108.95000000000002 2.1982848087869802 8.5000000000000018 6.552777777777778 106.75000000000001 0.52386127875258326 4.1125000000000007 54.500000000000007 28.900000000000002 1.2399033844939589 61.050000000000004 2.8188743457466225 217.50000000000003 0.68250705852645377 4.9000000000000012 8.1055555555555561 0.78888888888888908 1.6744685231029977 1.1897227048854206 1.6661879570545903
decision_type=2 8 10 10 2 10 10 2 10 10 2 10 10 10 2 10 10 10 10 10 8 10 8 10 10 10 10 10 10 10
left_child=7 -2 3 4 -3 -6 -4 -1 10 -10 11 17 16 15 -15 -14 -13 18 24 20 -20 -21 -22 -24 -9 -26 -19 28 29 -28
right_child=1 2 6 -5 5 -7 -8 8 9 -11 -12 12 13 14 -16 -17 -18 26 19 21 22 -23 23 -25 25 -27 27 -29 -30 -31
leaf_value=0.00080244935755504915 0.0078959686760553868 0.0047404734660749853 0.048221016851150329 -0.035321682205666664 0.086158109514508405 0.20924194460878007 -0.078615661137379139 0.0019000663525832375 0.15440652266144753 -0.019998680800199509 -0.0053813540076920185 -0.096020053603031022 0.079873756674073995 -0.061204091459512715 0.12697061311315608 0.26231951616380528 0.01681825118361396 -0.028508765729773723 0.11376728334331088 0.042125106992763145 -0.051109920385517649 0.18108616992831231 -0.031197570621967315 0.13014144754928092 0.021348670307038863 -0.15399228328466416 -0.0098099226668225542 -0.068359831842913554 0.0097492568330436891 -0.079942610832070243
leaf_weight=68639 944 23 36 23 48 26 26 9212 25 20 15746 27 21 30 27 23 156 540 28 43 79 28 25 23 22 25 548 67 942 67
leaf_count=68639 944 23 36 23 48 26 26 9212 25 20 15746 27 21 30 27 23 156 540 28 43 79 28 25 23 22 25 548 67 942 67
internal_value=5.61637e-12 0.0142258 0.0470575 0.0739376 0.0998444 0.129404 -0.00496856 -0.000166228 -0.00256448 0.0768931 -0.00269366 0.000852848 0.0328658 0.0921067 0.0279313 0.175243 0.000169977 7.23793e-05 0.00235806 0.036473 0.00878138 0.0969267 -0.0143651 0.0461107 0.00152536 -0.0719178 -0.00994595 -0.00377358 -0.000994343 -0.0174504
internal_weight=97489 1126 182 120 97 74 62 96363 27724 45 27679 11933 284 101 57 44 183 11649 9485 226 155 71 127 48 9259 47 2164 1624 1557 615
internal_count=97489 1126 182 120 97 74 62 96363 27724 45 27679 11933 284 101 57 44 183 11649 9485 226 155 71 127 48 9259 47 2164 1624 1557 615
is_linear=0
shrinkage=0.1


Tree=48
num_leaves=31
num_cat=0
split_feature=9 14 17 49 42 0 29 80 49 21 13 90 33 26 21 1 44 15 29 2 27 28 19 48 40 7 86 38 46 38
split_gain=22.0919 28.048 26.5276 23.8088 22.9143 25.3758 32.4488 28.0539 25.6218 31.2677 27.0888 28.9635 27.7611 35.1447 30.4747 39.6171 27.457 29.7575 42.2893 33.6065 31.5421 30.5183 26.5804 38.5209 27.5072 26.1164 28.4051 33.2062 30.2652 30.9361
threshold=5.5782314776903164 16.450000000000003 4.2200958917358795 20.850000000000005 2.2250000000000005 32.922500000000007 0.48865526070192988 2191.0500000000006 51.45000000000001 4.41965236336726 4.924426284023018 6.5000000000000009 0.63666273824766584 2.5500000000000003 3.5629256200463373 11.916459203806582 4.5500000000000007 2.0124607063994389 1.2090665032085124 45.425000000000018 1.0068968775248519 1.6833333333333336 2.1794192844442732 16.950000000000003 3.4522727272727276 14.812156784387836 169.50000000000003 3.4142857142857146 2.9045454545454548 4.1500000000000012
decision_type=10 10 10 8 10 10 10 8 10 10 10 10 10 10 10 10 10 10 10 10 10 10 10 10 10 10 10 8 10 10
left_child=1 -1 -3 -2 -5 7 -7 -6 -8 10 11 -10 13 14 16 -16 17 21 20 -20 22 -13 -19 -24 -25 26 27 -14 29 -29
right_child=3 2 -4 4 5 6 8 -9 9 -11 -12 12 25 -15 15 -17 -18 18 19 -21 -22 -23 23 24 -26 -27 -28 28 -30 -31
leaf_value=-0.0016609550158873856 -0.015076324761908129 0.15414312454787168 0.016161373669379638 0.0031219343808342077 -0.0053951993739745178 0.12899909459054471 0.013807447464573727 -0.044161749912493435 -0.0053443019642687509 0.061376120997592813 -0.045864498275504623 -0.0040721072493951124 0.0042225883550023905 0.14858001523784228 -0.012531733799439211 0.14602939281612634 -0.038619960633956868 0.0071085794523152654 0.10087192801660615 0.020568606370375164 -0.015462741526401765 -0.13767499710832323 -0.013444747221775544 0.14406744987403944 0.018907095670700074 -0.080228689890354879 0.029364429268500081 -0.088834877196730166 0.0035580495784755884 -0.0019648662678176357
leaf_weight=46547 858 22 38 35065 5693 20 1422 193 4751 80 135 92 982 21 26 40 92 163 114 96 242 21 39 59 25 40 299 121 131 62
leaf_count=46547 858 22 38 35065 5693 20 1422 193 4751 80 135 92 982 21 26 40 92 163 114 96 242 21 39 59 25 40 299 121 131 62
internal_value=-1.88195e-11 -0.00157288 0.0667547 0.00144073 0.00172403 -0.00155277 0.00176459 -0.00666634 0.0014835 -0.000813004 -0.00147187 -0.000663757 0.00768044 0.0205395 0.0178746 0.0835659 0.013277 0.0188874 0.0262046 0.0641618 0.011108 -0.028901 0.0335909 0.0686855 0.106817 -0.000420391 0.00158107 -0.00482882 -0.0331361 -0.0594035
internal_weight=97489 46607 60 50882 50024 14959 9073 5886 9053 7631 7551 7416 2665 1030 1009 66 943 851 738 210 528 113 286 123 84 1635 1595 1296 314 183
internal_count=97489 46607 60 50882 50024 14959 9073 5886 9053 7631 7551 7416 2665 1030 1009 66 943 851 738 210 528 113 286 123 84 1635 1595 1296 314 183
is_linear=0
shrinkage=0.1


Tree=49
num_leaves=31
num_cat=0
split_feature=96 60 93 104 31 52 67 27 86 83 106 86 107 41 84 80 10 19 96 86 111 75 38 41 109 18 83 40 48 86
split_gain=20.2605 19.6737 21.9605 19.607 22.8868 20.1721 20.0708 23.0686 35.8982 34.0155 45.9038 37.1415 35.5566 28.3484 28.1217 27.6976 43.1568 45.327 27.2666 27.2443 29.5323 29.0755 39.7213 26.9171 26.6877 26.4205 26.0774 27.1401 25.4259 54.8713
threshold=287.00000000000006 9.5000000000000018 1.0000000180025095e-35 119.30000000000003 1.5543320308680684 17.500000000000004 7.5000000000000009 1.1066011075714932 154.50000000000003 323.50000000000006 62.500000000000007 171.50000000000003 2023.5000000000002 1.2399033844939589 98.500000000000014 2067.0500000000011 27.725000000000005 1.4916198487095669 246.50000000000003 91.500000000000014 2.5000000000000004 10.500000000000002 2.5634920634920637 1.1747126000054033 33.353867214236836 5.1000000000000005 372.50000000000006 3.9045454545454548 -1.0000000180025095e-35 109.50000000000001
decision_type=2 10 10 2 10 10 10 8 10 10 2 10 2 10 10 10 10 10 2 10 2 10 10 10 2 10 10 10 10 10
left_child=1 3 -3 6 5 -5 7 8 15 10 11 -10 13 23 -15 19 -17 25 -19 20 -1 28 -23 -11 -9 -18 27 -26 29 -21
right_child=-2 2 -4 4 -6 -7 -8 24 9 12 -12 -13 -14 14 -16 16 17 18 -20 21 -22 22 -24 -25 26 -27 -28 -29 -30 -31
leaf_value=0.009484272176808875 0.0188480580195187 0.0094113588546003626 0.13691222494976088 -0.01275422277501799 0.054312048129737382 -0.097097899559242973 0.0080156768689747231 -0.002433054004902846 0.044516006735868231 0.0030945062830016533 0.019018416655390821 0.19416118203144936 0.11482383599504829 -0.010633424139046069 0.027193865026824693 -0.014474759267617708 0.050471940312696542 -0.015864629936576995 0.089232847886160024 0.00023581101278583689 -0.00063687619031544871 0.06561970306698324 -0.033940780210350657 0.14321769716647956 -0.02271251004825503 0.20561167356513799 0.058974731653123294 -0.11864336613685854 0.0072794922131460445 0.13048196927697028
leaf_weight=3041 567 35 22 1277 50 29 3043 21558 43 29 1249 27 27 1106 239 2153 23 108 32 83 55470 46 311 26 606 21 37 31 6147 53
leaf_count=3041 567 35 22 1277 50 29 3043 21558 43 29 1249 27 27 1106 239 2153 23 108 32 83 55470 46 311 26 606 21 37 31 6147 53
internal_value=-1.4613e-11 -0.000110262 0.0586222 -0.000144823 -0.0120851 -0.0146271 2.46999e-05 -0.000238278 0.00065038 0.0118583 0.0234348 0.102236 0.00115796 -0.00103417 -0.0039117 0.000194343 -0.0105021 0.0359825 0.00815765 0.00057803 -0.000110848 0.00664836 -0.0211123 0.0693346 -0.00304567 0.124516 -0.0226404 -0.027381 0.00822571 0.0509935
internal_weight=97489 96922 57 96865 1356 1306 95509 92466 70234 2746 1319 70 1427 1400 1345 67488 2337 184 140 65151 58511 6640 357 55 22232 44 674 637 6283 136
internal_count=97489 96922 57 96865 1356 1306 95509 92466 70234 2746 1319 70 1427 1400 1345 67488 2337 184 140 65151 58511 6640 357 55 22232 44 674 637 6283 136
is_linear=0
shrinkage=0.1


Tree=50
num_leaves=31
num_cat=0
split_feature=103 44 10 20 109 75 22 22 31 100 103 107 8 20 97 22 18 104 28 42 41 21 105 29 26 106 3 9 25 84
split_gain=19.0155 20.1654 20.1163 18.6721 21.5973 24.6319 24.5325 32.7677 68.651 23.4506 27.183 25.6496 29.573 23.9656 28.9348 26.7563 41.1778 31.4282 27.2498 26.0726 25.4569 41.9538 27.5992 40.9106 41.5945 42.8106 38.8238 38.6649 26.1216 24.9712
threshold=0.79900000000000015 3.7500000000000004 28.625000000000004 0.61250000000000016 23.440109514031487 4.5000000000000009 10.025000000000002 9.7250000000000014 0.52386127875258326 1.0000000180025095e-35 0.70200000000000007 2010.5000000000002 30.250000000000004 6.9500000000000011 13.500000000000002 8.3166666666666682 7.5500000000000007 110.95000000000002 0.97500000000000009 3.1000000000000005 2.2121078102527219 2.3961768805660451 0.63333333333333341 1.5263758515938963 1.5857142857142861 258.50000000000006 11.872283314963504 5.2260029267809864 1.0477225575051665 100.50000000000001
decision_type=2 10 10 8 2 10 10 10 10 2 2 2 10 10 2 10 10 2 10 10 10 10 8 10 10 2 10 10 10 8
left_child=3 2 -2 -1 6 -6 7 -5 -9 10 13 12 -11 14 19 18 17 -17 -15 -7 22 -22 26 24 -24 -26 -20 -27 -29 -18
right_child=1 -3 -4 4 5 9 -8 8 -10 11 -12 -13 -14 15 -16 16 29 -19 20 -21 21 -23 23 -25 25 27 -28 28 -30 -31
leaf_value=-0.0048981761595388628 0.01402618107035892 -0.085024512633681298 0.1068210765098532 0.0022977994820247601 -0.005760042663088152 0.0054322312367834948 -0.061569343121567123 -0.012434746819947447 0.20715385591611268 -0.022687247609612587 -0.012553454878768701 -0.0019229528424386415 -0.13517079905227378 -0.0083445577347983219 -0.0047570275720068616 -0.14298781174070693 -1.7033264495778914e-05 -0.010646811958500431 0.0035062334615735707 -0.0084664621959039763 0.10264531363333976 -0.057502747573763939 0.026971491028300744 -0.037016711106827097 -0.034119457786991485 0.022281735620433184 0.051943048535758866 0.088343973092886871 0.18326516654080072 0.056047887473621154
leaf_weight=7588 878 20 24 32546 8851 13551 60 35 24 174 1183 23652 27 258 4963 34 817 38 468 1499 21 74 143 43 21 33 256 49 71 88
leaf_count=7588 878 20 24 32546 8851 13551 60 35 24 174 1183 23652 27 258 4963 34 817 38 468 1499 21 74 143 43 21 33 256 49 71 88
internal_value=7.69518e-12 0.0142931 0.0164952 -0.000136467 0.000269605 -0.000916954 0.00231521 0.00243278 0.0768894 -1.38045e-05 0.0022204 -0.00222525 -0.037797 0.00299971 0.00186438 0.012412 -0.000356056 -0.0731412 0.0210929 0.0040479 0.0275347 -0.0221016 0.0318847 0.054513 0.0669287 0.0997671 0.0206331 0.118144 0.144506 0.00543458
internal_weight=97489 922 902 96567 88979 56314 32665 32605 59 47463 23610 23853 201 22427 20013 2414 977 72 1437 15050 1179 95 1084 360 317 174 724 153 120 905
internal_count=97489 922 902 96567 88979 56314 32665 32605 59 47463 23610 23853 201 22427 20013 2414 977 72 1437 15050 1179 95 1084 360 317 174 724 153 120 905
is_linear=0
shrinkage=0.1


Tree=51
num_leaves=31
num_cat=0
split_feature=104 103 103 86 3 36 12 27 57 10 3 28 27 29 11 15 87 19 45 22 88 15 37 43 25 28 36 109 7 26
split_gain=17.6042 21.4498 28.5622 41.0694 24.6331 24.4014 21.4397 24.4679 21.6516 23.4469 20.4442 20.0251 28.87 24.9545 25.5388 24.0055 23.8625 29.5593 23.4915 38.9617 23.2284 22.9843 28.8373 22.5064 26.8537 24.8692 24.7044 26.6932 24.6258 23.3019
threshold=113.35000000000001 0.36000000000000004 0.34400000000000003 119.50000000000001 9.3325118686040831 5.2666666666666675 7.6333333333333337 0.47722520616533992 16.500000000000004 27.125000000000004 5.6238430895485765 1.925 2.0013879257199876 2.0506734286811144 7.2868843916425812 2.4971411771138254 175.50000000000003 2.4697348311904634 0.6324555320336761 7.0250000000000012 40.45000000000001 2.8708299427449977 1.8027222972291639 1.297417464888168 1.9746794344808967 2.1125000000000003 2.1000000000000005 28.732375085557841 2.1640976191685843 2.1125000000000003
decision_type=2 2 2 10 8 10 10 10 8 10 10 10 8 10 8 10 8 10 10 10 10 10 10 10 10 10 10 2 10 10
left_child=11 2 -2 -4 6 -6 -3 -8 -9 10 -10 -1 16 14 15 -14 18 21 19 -13 -21 22 -18 24 26 -26 27 28 -20 -29
right_child=1 4 3 -5 5 -7 7 8 9 -11 -12 12 13 -15 -16 -17 17 -19 23 20 -22 -23 -24 -25 25 -27 -28 29 -30 -31
leaf_value=0.0012098170512498557 0.00060538049601721795 -0.0062540659477255643 0.022083665176095175 0.1628386204009471 -0.00078251961501385253 0.091096925722627814 0.053190675660365873 -0.04065406936551335 -0.086260214176129654 0.080820743694763497 -0.0081386177899252822 -0.006016969032808921 0.15787385565345177 -0.033642960670113096 0.012005768509374725 0.036316875526399325 0.18283689536440831 -0.012688978427710633 0.078916869685053834 0.024854595253903732 0.16258583652973177 -0.0083101996555924422 0.033898816945461124 -0.0058536046468635819 -0.031710450023057911 0.074179015597923004 -0.046396252515018124 -0.015807096669006915 -0.030932096359798857 0.12988921808807746
leaf_weight=65735 11258 8051 210 23 8853 29 41 466 37 27 354 171 32 48 81 33 26 96 22 24 25 25 26 823 42 47 558 21 282 23
leaf_count=65735 11258 8051 210 23 8853 29 41 466 37 27 354 171 32 48 81 33 26 96 22 24 25 25 26 823 42 47 558 21 282 23
internal_value=1.82934e-11 -0.00204755 0.00132262 0.0359779 -0.00421614 -0.00048253 -0.00791065 -0.0223292 -0.0258318 -0.00930751 -0.0155312 0.000881914 -0.00808055 0.0289073 0.0494718 0.0961603 -0.011326 0.0243308 -0.0143528 0.0165102 0.0951256 0.0704854 0.108368 -0.0180876 -0.0282067 0.0242087 -0.0333557 -0.0124459 -0.0229825 0.0603523
internal_weight=97489 29349 11491 233 17858 8882 8976 925 884 418 391 68140 2405 194 146 65 2211 173 2038 220 49 77 52 1818 995 89 906 348 304 44
internal_count=97489 29349 11491 233 17858 8882 8976 925 884 418 391 68140 2405 194 146 65 2211 173 2038 220 49 77 52 1818 995 89 906 348 304 44
is_linear=0
shrinkage=0.1


Tree=52
num_leaves=31
num_cat=0
split_feature=80 38 104 88 102 7 22 47 37 73 16 43 85 105 19 83 9 2 6 0 67 27 4 106 103 52 40 77 27 0
split_gain=16.5898 32.4673 16.3227 27.0034 22.6923 31.0894 25.6023 31.8889 30.5164 24.9358 22.3099 20.3559 19.8317 32.6217 24.6753 25.9074 25.7945 24.2124 20.7038 20.2442 19.798 19.7247 26.8696 29.1572 28.0673 28.2544 28.0112 33.7427 35.2273 34.2764
threshold=17.250000000000004 1.4142857142857144 102.75000000000001 69.950000000000017 1.5000000000000002 4.5934607341221891 8.3166666666666682 1.2685007700556021 2.8679227679621428 7.5000000000000009 11.125000000000002 1.5543320308680684 12.500000000000002 0.77500000000000013 2.2912618684212727 145.50000000000003 7.6724614413784549 18.272500000000004 9.1000000000000014 29.640000000000004 7.5000000000000009 1.1066011075714932 39.082500000000003 780.50000000000011 0.29250000000000004 22.500000000000004 4.2250000000000005 4.5000000000000009 0.67080761218860996 47.330000000000013
decision_type=8 10 2 10 10 8 10 10 8 10 10 10 8 10 10 10 10 10 10 10 10 10 10 2 2 10 10 8 10 10
left_child=1 -1 3 4 9 10 8 -8 12 -2 -6 -11 17 18 15 -15 -17 -7 -14 -20 21 22 23 -4 25 -24 -26 -28 -29 -30
right_child=2 -3 20 -5 5 6 7 -9 -10 11 -12 -13 13 14 -16 16 -18 -19 19 -21 -22 -23 24 -25 26 -27 27 28 29 -31
leaf_value=-0.0053849138368643121 0.00014547586662410107 -0.054273465717992478 0.00013766392334079521 -0.086794118086496994 -0.0052936362775553971 -0.0059258337013934764 0.019772331789135934 -0.14555555973201992 0.14481714672985532 -0.082070041298866275 0.09070425879955292 0.030185418930791675 0.093362084581028848 -0.025110552754751811 -0.084952349142859818 0.14036498027430341 -0.014579597541264125 0.048160181729497438 -0.017015918164588181 0.030984378414275718 0.0079072999081015709 -0.0030294773864593056 -0.0083448882910838445 -0.011946650172693331 0.0089347076963639579 -0.12854439556598662 -0.099010338998855432 -0.11897082459181547 0.044269848598734195 -0.027785203189048313
leaf_weight=1099 579 155 58664 30 765 102 28 20 21 70 25 21 42 127 46 22 21 439 113 395 3004 21005 881 2067 7385 20 47 26 115 155
leaf_count=1099 579 155 58664 30 765 102 28 20 21 70 25 21 42 127 46 22 21 439 113 395 3004 21005 881 2067 7385 20 47 26 115 155
internal_value=-4.69789e-12 -0.0114278 0.000148911 0.00758241 0.00858075 0.0135558 0.0226336 -0.0491143 0.0252269 -0.00750265 -0.00225573 -0.0561649 0.0233054 0.0129533 -0.0199768 -0.00239519 0.0646944 0.0379628 0.0258859 0.0203071 -7.92637e-05 -0.000344761 0.00046828 -0.00027363 0.00568985 -0.011013 0.00763722 -0.0202985 -0.00780039 0.00290491
internal_weight=97489 1254 96235 2866 2836 2166 1376 48 1328 670 790 91 1307 766 216 170 43 541 550 508 93369 90365 69360 60731 8629 901 7728 343 296 270
internal_count=97489 1254 96235 2866 2836 2166 1376 48 1328 670 790 91 1307 766 216 170 43 541 550 508 93369 90365 69360 60731 8629 901 7728 343 296 270
is_linear=0
shrinkage=0.1


Tree=53
num_leaves=31
num_cat=0
split_feature=60 6 96 18 41 86 102 109 37 81 23 62 8 89 30 18 13 83 0 94 17 47 61 27 43 9 103 103 19 38
split_gain=16.1325 19.9807 16.15 19.4561 19.4504 26.9813 17.6338 16.4022 27.2182 28.7319 39.7223 43.4473 37.288 34.2353 36.0999 31.8326 46.2043 38.5743 33.0112 30.7938 28.59 24.0914 24.66 36.0432 20.8488 20.2502 19.4976 20.0609 24.3441 17.8061
threshold=9.5000000000000018 23.100000000000005 287.00000000000006 4.5500000000000007 1.1430124454743453 46.500000000000007 1.5000000000000002 20.431211498973308 1.9746794344808967 457.50000000000006 1.8774983028521295 1.0000000180025095e-35 15.225000000000001 15.500000000000002 1.0000000180025095e-35 3.1000000000000005 2.2912618684212727 169.50000000000003 31.630000000000006 3.5000000000000004 1.9864673473010479 1.0067287259593483 14.500000000000002 1.3197184163705313 1.8437094529227334 8.5521276849332448 0.50300000000000011 0.56500000000000006 2.7461990305844415 2.2928571428571431
decision_type=10 10 2 10 8 10 8 2 10 8 10 10 10 10 10 10 10 10 10 10 10 10 10 10 10 10 2 2 10 10
left_child=2 -2 7 4 5 -4 -6 8 9 -1 24 12 19 -13 -15 -14 18 -18 -17 -12 -10 -16 23 -23 25 -11 -22 28 -28 -29
right_child=1 -3 3 -5 6 -7 -8 -9 20 10 11 13 15 14 21 16 17 -19 -20 -21 26 22 -24 -25 -26 -27 27 29 -30 -31
leaf_value=0.0026661544041555333 0.10740641829137119 -0.011464334204076575 0.023130203550681475 0.078412125459773108 -0.042788331857435913 0.14888549497859047 0.011256542676635471 -0.00048231342388901211 0.016126727302288337 0.0071779720972782075 0.00056200535459951931 0.073668388108767219 0.19130241479123794 0.10555372270553008 -0.084414623090280944 0.11103143859231338 0.064929044796153898 0.25898022452990216 -0.018894322235913329 0.11340508572757245 -0.05566358358392285 -0.012698682701146161 -0.071122667597872877 0.14169723121892838 -0.050461706854403023 0.079071417541765596 0.083100769473239786 0.02763452407521888 -0.052021804498508573 -0.051006531238725242
leaf_weight=4539 31 26 76 47 73 22 349 90236 186 882 99 63 31 23 52 33 20 21 48 32 180 54 35 21 60 41 40 39 20 110
leaf_count=4539 31 26 76 47 73 22 349 90236 186 882 99 63 31 23 52 33 20 21 48 32 180 54 35 21 60 41 40 39 20 110
internal_value=-5.20502e-12 0.0531847 -3.11143e-05 0.0167967 0.0112276 0.051361 0.00190755 -0.000129616 0.00467141 0.00664619 0.0185705 0.0405811 0.0672861 0.00999961 -0.0116822 0.100815 0.0778219 0.164321 0.0340384 0.0281267 -0.0161204 -0.0283268 -0.00181255 0.0305322 0.00665839 0.0103715 -0.0315394 -0.0107626 0.0380599 -0.0304226
internal_weight=97489 57 97432 567 520 98 422 96865 6629 6054 1515 532 284 248 185 153 122 41 81 131 575 162 110 75 983 923 389 209 60 149
internal_count=97489 57 97432 567 520 98 422 96865 6629 6054 1515 532 284 248 185 153 122 41 81 131 575 162 110 75 983 923 389 209 60 149
is_linear=0
shrinkage=0.1


Tree=54
num_leaves=31
num_cat=0
split_feature=103 103 85 105 20 29 88 46 87 3 3 19 63 11 29 19 40 5 20 30 104 87 81 11 22 44 34 82 110 1
split_gain=15.2754 18.2127 25.7664 29.9187 31.2644 25.4412 31.2513 32.1543 27.7356 24.6291 24.2194 27.6098 23.8598 40.0661 34.5374 22.5928 22.6498 24.3775 22.0928 21.9331 21.4471 22.8445 26.3142 32.8774 30.9271 25.3671 27.2554 29.4176 24.0809 23.8723
threshold=0.79900000000000015 0.58700000000000008 58.500000000000007 0.45000000000000007 11.250000000000002 1.605500361579342 32.45000000000001 3.8250000000000006 89.500000000000014 4.7012468764000932 16.447846855800957 2.6925663951105041 23.500000000000004 6.6261046745350152 1.0960414380584826 2.2041230063145054 2.9187500000000006 11.204826849585332 11.450000000000001 2.5500000000000003 108.95000000000002 117.50000000000001 859.50000000000011 9.5360120758643028 9.2750000000000021 1.0000000180025095e-35 0.19375000000000003 206.50000000000003 75.500000000000014 6.7165467317662584
decision_type=2 2 10 10 10 10 8 10 10 8 10 10 10 10 10 10 10 10 10 10 2 8 10 10 10 10 10 10 2 8
left_child=1 -1 3 4 5 6 7 8 -3 -8 19 -12 18 14 -14 16 -4 -18 20 -11 -5 22 24 25 -22 -24 27 -27 -23 -30
right_child=-2 2 15 12 -6 -7 9 -9 -10 10 11 -13 13 -15 -16 -17 17 -19 -20 -21 21 28 23 -25 -26 26 -28 -29 29 -31
leaf_value=0.00075369478046705769 0.012810538492437984 0.0013011105638629961 -0.012803007909306064 0.00040828736110749061 0.12293612184849652 -0.036017870566801828 0.11867262805727395 0.096423788193394158 -0.02545723839613763 0.011825132643894634 0.12229071216923851 0.0020315006907497134 0.033325392509309146 -0.011222518483797711 0.20356763282960114 -0.041471707711155104 0.096950856852345169 -0.0031801173823975751 -0.080053805991222984 -0.066810089701579686 -0.0058956030923412797 0.0052948379905820965 0.085778041871694424 0.090441448395498669 -0.075647863344056543 0.15296318208177884 -0.004026796761818891 -0.0020346896573901177 0.0027833741148286326 -0.037810482434395408
leaf_weight=68639 922 4173 1335 7510 22 159 22 34 427 2411 42 35 26 60 22 258 40 62 38 36 9366 279 39 52 64 24 537 25 187 643
leaf_count=68639 922 4173 1335 7510 22 159 22 34 427 2411 42 35 26 60 22 258 40 62 38 36 9366 279 39 52 64 24 537 25 187 643
internal_value=-1.76889e-11 -0.000122312 -0.00227529 -0.0015032 0.0039042 0.00354738 0.00442354 -0.000466616 -0.00118276 0.0133242 0.0124059 0.0676274 -0.00361234 0.0432555 0.111353 -0.0142247 -0.00933274 0.0360869 -0.0038821 0.0106683 -0.00372753 -0.00649678 -0.00500183 0.0140416 -0.006369 0.00768512 0.00248781 0.0738826 -0.0201212 -0.0286646
internal_weight=97489 96567 27928 26233 7361 7339 7180 4634 4600 2546 2524 77 18872 108 48 1695 1437 102 18764 2447 18726 11216 10107 677 9430 625 586 49 1109 830
internal_count=97489 96567 27928 26233 7361 7339 7180 4634 4600 2546 2524 77 18872 108 48 1695 1437 102 18764 2447 18726 11216 10107 677 9430 625 586 49 1109 830
is_linear=0
shrinkage=0.1


Tree=55
num_leaves=31
num_cat=0
split_feature=18 46 91 38 2 7 56 103 27 88 103 48 4 39 94 8 42 9 21 80 41 27 103 29 36 1 109 25 48 63
split_gain=15.151 16.5328 21.9982 31.2079 30.3852 32.845 26.4829 27.4287 32.7981 21.5161 20.0092 28.3364 33.5716 32.2884 31.4794 22.2645 28.0668 29.9544 23.2145 26.114 23.1593 23.0043 29.0509 28.7089 27.8003 27.6072 36.5178 28.9197 26.2066 24.5427
threshold=0.55000000000000016 0.40588235294117653 8.5000000000000018 2.9500000000000006 44.765000000000008 8.2006091667825789 10.500000000000002 0.37650000000000006 1.3354134215912965 59.95000000000001 0.21350000000000002 28.750000000000004 38.885357142857153 2.1245889496801307 3.5000000000000004 20.950000000000003 3.3666666666666671 8.8144449387422643 2.234825026599959 1521.2000000000003 1.4667358244594364 1.1622332768749206 0.46050000000000008 1.0264444940950479 5.7000000000000002 5.1984613099213286 29.504449007529093 1.1897227048854206 2.1500000000000008 19.500000000000004
decision_type=8 8 10 10 10 8 10 2 8 10 2 10 10 8 8 10 10 10 10 10 10 10 2 10 10 10 2 10 8 10
left_child=-1 2 3 -2 9 -6 7 8 -5 -4 11 13 -13 -3 -15 16 -12 20 19 -19 -18 -17 25 -24 28 26 27 -23 -25 -30
right_child=1 10 4 6 5 -7 -8 -9 -10 -11 15 12 -14 14 -16 21 17 18 -20 -21 -22 22 23 24 -26 -27 -28 -29 29 -31
leaf_value=-0.0045422563649195622 0.0034650957238357887 -0.010303676194012209 0.017911632890614232 -0.014261958545121628 0.042780034440128428 0.17916974269825481 0.07132401985581964 -0.032653666573051895 0.084639899515883729 -0.087215065849678863 -0.00056706091801254671 0.041629655043716018 -0.097147311135712608 0.11576904977058494 -0.011454578987448602 0.0058133217936342102 -0.012364690471236667 0.010534667606648907 0.050903049917958146 -0.068402388289570806 -0.041851431445470023 0.058384124726495325 -0.032545922273743498 0.088110256161636272 -0.059406104731158572 -0.014226538728572527 0.12986286995311577 -0.047100853273328747 0.0039538175422495787 0.046111191668832263
leaf_weight=6829 16445 1794 267 117 76 23 32 536 47 21 51929 23 72 41 37 11045 1456 259 112 50 326 51 211 39 65 1992 30 53 3367 144
leaf_count=6829 16445 1794 267 117 76 23 32 536 47 21 51929 23 72 41 37 11045 1456 259 112 50 326 51 211 39 65 1992 30 53 3367 144
internal_value=1.30896e-11 0.000342147 0.00309702 0.00256581 0.0266746 0.0744665 -0.0176374 -0.0217042 0.0140819 0.0102461 -0.000319811 -0.010269 -0.0635487 -0.00756522 0.0554194 -4.46755e-05 -0.00103606 -0.0120913 0.0118991 -0.00223832 -0.017759 0.00311268 -0.00189884 0.003309 0.00540178 -0.011271 0.0326652 0.00462736 0.0065884 0.00568286
internal_weight=97489 90660 17564 17177 387 99 732 700 164 288 73096 1967 95 1872 78 71129 54132 2203 421 309 1782 16997 5952 3826 3615 2126 134 104 3550 3511
internal_count=97489 90660 17564 17177 387 99 732 700 164 288 73096 1967 95 1872 78 71129 54132 2203 421 309 1782 16997 5952 3826 3615 2126 134 104 3550 3511
is_linear=0
shrinkage=0.1


Tree=56
num_leaves=31
num_cat=0
split_feature=9 97 25 81 40 21 14 13 94 15 75 49 0 17 29 45 9 96 23 22 26 90 21 47 90 86 20 24 106 45
split_gain=14.1367 22.2891 21.7093 26.8289 21.9628 22.3771 20.7642 23.3675 19.7345 32.8565 29.5782 30.7844 29.5245 26.7149 31.1892 30.5438 29.2144 26.3674 24.3841 24.2638 23.7776 39.9895 36.1696 22.262 30.2033 24.5519 23.7873 26.2598 24.5321 21.2712
threshold=5.5782314776903164 13.500000000000002 2.2912618684212727 674.50000000000011 4.7250000000000005 3.538673814184969 16.450000000000003 2.70493200938329 4.5000000000000009 1.1995347124462643 8.5000000000000018 89.800000000000026 55.570000000000014 1.7618022672756111 1.3019168404345407 0.92237834162261667 5.4543558433359278 191.50000000000003 1.9278035981708748 9.8250000000000011 1.2928571428571431 5.5000000000000009 2.7172287883558992 1.5765687837017284 6.5000000000000009 173.50000000000003 4.1125000000000007 0.90000000000000013 436.50000000000006 1.077545574753892
decision_type=10 2 10 10 10 10 10 10 10 8 10 10 10 10 10 10 10 2 8 10 10 10 10 8 10 10 10 10 2 10
left_child=1 6 4 -4 -3 -6 8 -8 10 -10 19 13 17 -12 15 16 -15 18 -11 -1 -17 22 -22 25 -25 26 -19 -28 -29 -20
right_child=-2 2 3 -5 5 -7 7 -9 9 12 11 -13 -14 14 -16 20 -18 23 29 -21 21 -23 -24 24 -26 -27 27 28 -30 -31
leaf_value=-0.00065961059075649291 0.0011524975046739857 -0.0081551957160366957 -0.0021953410372651857 0.14835641622543336 0.11519881188869477 -0.022295973971486093 0.14340082861128309 0.012561115393271814 0.090513866467818879 -0.13484426742153507 -0.026251988575361804 0.12818550486117603 -0.1187003085622564 0.010130322194477022 -0.016917142786402651 0.028653362568115223 -0.10293532740324736 0.01202254234468692 0.0081656970398719698 -0.11083347488194704 0.076269442005308746 0.022937956182286143 0.24415064567611333 -0.0096727266140720428 -0.12194347693710715 0.078367424741583439 0.012877396277782291 -0.084620641154469933 -0.0046921194996684791 -0.067479355712761965
leaf_weight=38116 50882 5756 29 20 29 20 21 39 29 28 166 23 28 478 235 515 24 365 68 20 33 60 21 68 37 38 99 96 64 82
leaf_count=38116 50882 5756 29 20 29 20 21 39 29 28 166 23 28 478 235 515 24 365 68 20 33 60 21 68 37 38 99 96 64 82
internal_value=-1.2683e-11 -0.00125821 -0.00702819 0.0592544 -0.00758768 0.0590785 -0.000429377 0.058355 -0.000516051 -0.0143761 -0.000166154 0.0133528 -0.0175023 0.0116288 0.0162322 0.0231199 0.00472479 -0.0145039 -0.049178 -0.00071739 0.037801 0.0791257 0.141557 -0.00645695 -0.0492348 0.000328059 -0.00442434 -0.0276024 -0.0526492 -0.0331869
internal_weight=97489 46607 5854 49 5805 49 40753 60 40693 1002 39691 1555 973 1532 1366 1131 502 945 178 38136 629 114 54 767 105 662 624 259 160 150
internal_count=97489 46607 5854 49 5805 49 40753 60 40693 1002 39691 1555 973 1532 1366 1131 502 945 178 38136 629 114 54 767 105 662 624 259 160 150
is_linear=0
shrinkage=0.1


Tree=57
num_leaves=31
num_cat=0
split_feature=42 91 47 21 5 60 89 79 36 1 2 17 5 109 114 24 47 40 0 33 87 6 27 9 86 104 86 19 95 104
split_gain=14.1293 24.1692 26.0611 22.6458 30.4147 25.6771 22.3224 34.6564 42.4126 44.4983 38.746 33.904 33.6375 28.4633 28.211 31.074 24.9802 24.5079 39.8134 24.3326 24.0556 33.1756 28.5784 26.698 23.5049 23.135 23.1303 22.2873 21.6578 21.5225
threshold=2.3666666666666671 2.5000000000000004 1.1186221183122134 4.41965236336726 11.175814464609196 2.5000000000000004 18.500000000000004 6.5000000000000009 4.9000000000000012 15.627075861900771 61.435000000000002 4.322371422457258 9.1755496034136073 28.299794661190969 1.0000000180025095e-35 2.3666666666666671 0.76280251157727752 3.1055555555555561 50.770000000000017 1.5105443741965727 141.50000000000003 20.300000000000001 1.060005038625601 11.831455191788683 144.50000000000003 115.55000000000001 263.50000000000006 3.0413701570080014 2.5000000000000004 108.95000000000002
decision_type=8 8 8 10 10 8 10 10 10 10 10 10 10 2 2 10 10 10 10 10 8 10 10 10 10 2 10 8 10 2
left_child=6 27 -3 -4 -5 -6 -1 13 10 12 11 14 -10 19 16 20 -9 18 -17 -8 23 29 -23 -16 -12 -15 -18 -2 -14 -22
right_child=1 2 3 4 5 -7 7 8 9 -11 24 -13 28 25 15 17 26 -19 -20 -21 21 22 -24 -25 -26 -27 -28 -29 -30 -31
leaf_value=-0.00032606565520423814 -0.005991319106779529 -0.028680608952661453 0.00047316495962872516 0.13448678144607051 0.063664484485274273 -0.057466241891185446 0.0039171543934160237 0.10109394768154936 0.031193246151364984 0.093065774738788618 -0.016108260616179437 0.08890689222893694 -0.050539512777080145 -0.0060753849902836499 0.0056089970026030455 -0.036230129470364962 0.017717556323238345 -0.06808834595548123 0.099087363183498381 -0.014941767976758672 0.065071277492321458 0.040364965154131988 0.14774510596807186 0.093404932713934352 -0.14953150120766268 -0.036763561690094496 0.092704814619251674 -0.032842547196035209 -0.14154412030722158 -0.048318171707239559
leaf_weight=60227 6327 306 12204 29 42 30 9377 38 42 25 31 57 126 1421 3332 79 1996 97 30 738 26 68 39 35 23 297 42 325 33 47
leaf_count=60227 6327 306 12204 29 42 30 9377 38 42 25 31 57 126 1421 3332 79 1996 97 30 738 26 68 39 35 23 297 42 325 33 47
internal_value=-6.93094e-12 -0.00242603 0.000146561 0.000863433 0.0480202 0.0131933 0.000597405 0.00368746 0.00976619 -0.032753 0.0113839 0.0121575 -0.0484021 0.000519922 0.011407 0.00623288 0.0207608 -0.0315249 0.00101322 0.00254119 0.00842575 0.0440432 0.0795035 0.00652164 -0.0729367 -0.0113806 0.0192629 -0.0073032 -0.0694273 -0.00793289
internal_weight=97489 19263 12611 12305 101 72 78226 17999 6166 226 5940 5886 201 11833 5829 3753 2076 206 109 10115 3547 180 107 3367 54 1718 2038 6652 159 73
internal_count=97489 19263 12611 12305 101 72 78226 17999 6166 226 5940 5886 201 11833 5829 3753 2076 206 109 10115 3547 180 107 3367 54 1718 2038 6652 159 73
is_linear=0
shrinkage=0.1


Tree=58
num_leaves=31
num_cat=0
split_feature=90 3 15 59 81 95 41 18 22 3 3 31 3 48 6 4 12 75 30 104 38 104 7 21 38 88 18 84 39 53
split_gain=13.7392 25.7937 31.882 18.5225 21.9611 16.2401 18.5113 25.2575 18.6067 16.6705 16.2197 15.6573 21.9068 23.323 31.1623 25.3851 22.6864 22.8573 21.4689 20.441 18.8993 21.1241 18.5142 19.6491 17.8415 21.2136 20.3724 19.1003 19.9053 26.916
threshold=17.500000000000004 13.091653405342161 3.6674234602568467 21.500000000000004 596.50000000000011 2.5000000000000004 1.5424059671089354 3.5500000000000003 6.8750000000000009 13.487988479904944 10.001602649112522 1.3779271744364847 10.900387352835077 20.750000000000004 21.300000000000001 48.880000000000003 3.6333333333333337 6.5000000000000009 2.9000000000000004 119.30000000000003 1.5634920634920637 104.75000000000001 7.7942279740800782 1.5965606452621615 3.6458333333333335 57.850000000000001 7.5500000000000007 52.500000000000007 1.8907657559143989 22.500000000000004
decision_type=10 10 10 10 8 10 10 10 10 8 10 10 10 10 10 10 10 10 10 2 10 2 10 10 10 10 10 10 10 8
left_child=11 2 3 -2 -5 6 9 -8 -9 -3 -6 19 22 16 15 18 17 -14 20 -1 -15 -22 -13 -24 25 27 -26 28 29 -21
right_child=1 5 -4 4 10 -7 7 8 -10 -11 -12 12 13 14 -16 -17 -18 -19 -20 24 21 -23 23 -25 26 -27 -28 -29 -30 -31
leaf_value=0.00040047930463097943 -0.015639871742044176 0.095049378621791095 -0.014953899482292879 0.017381754536659289 0.18084415739232845 -0.049238098710775377 0.13047657968709245 -0.045592017695307734 0.086291410871174035 0.010524353380315007 0.056415665131062269 -0.0087650815038725887 0.015307753503614994 0.11300516474230618 -0.0014185409889103393 0.13294302177216327 -0.0060471286683526759 0.12230817176974738 -0.019721048648158712 -0.0031746393592911775 0.12488593875684523 0.019478614176540371 -0.008176646045278714 -0.067699497171857387 -0.13463167632371187 0.077736008663972234 -0.005645247114201387 0.028058828297498374 0.050095543908801943 -0.035018943560023039
leaf_weight=89485 35 28 369 39 22 20 48 20 23 140 20 2863 86 37 370 28 2094 26 60 550 22 140 108 114 25 27 24 109 44 513
leaf_count=89485 35 28 369 39 22 20 48 20 23 140 20 2863 86 37 370 28 2094 26 60 550 22 140 108 114 25 27 24 109 44 513
internal_value=5.98729e-12 0.0133575 -0.00057858 0.0451498 0.071417 0.0375834 0.0442878 0.0806125 0.0249503 0.0246119 0.121592 -0.000105507 -0.00507591 0.00122381 0.0177625 0.0424907 -0.00370182 0.0401471 0.0327121 0.00022017 0.048521 0.0337932 -0.0109223 -0.0387424 -0.0122682 -0.00993506 -0.0714546 -0.0118817 -0.0158144 -0.0185426
internal_weight=97489 764 485 116 81 279 259 91 43 168 42 96725 5948 2863 657 287 2206 112 259 90777 199 162 3085 222 1292 1243 49 1216 1107 1063
internal_count=97489 764 485 116 81 279 259 91 43 168 42 96725 5948 2863 657 287 2206 112 259 90777 199 162 3085 222 1292 1243 49 1216 1107 1063
is_linear=0
shrinkage=0.1


Tree=59
num_leaves=31
num_cat=0
split_feature=96 10 18 5 92 109 37 5 108 17 87 94 31 0 88 28 7 41 17 56 88 12 41 8 42 7 7 11 25 38
split_gain=13.503 15.7413 16.3123 15.5504 17.8368 13.2591 22.3918 24.1245 23.9983 23.4645 22.4717 20.8682 19.6743 24.1758 22.9835 19.981 18.6681 18.6348 24.9743 22.9463 18.5912 20.7969 19.7911 17.9848 19.0571 17.7526 29.088 17.7495 17.5148 17.1802
threshold=287.00000000000006 16.522727272727277 4.5500000000000007 12.906313734388604 1.5000000000000002 20.431211498973308 1.9746794344808967 12.068270708517113 2.5000000000000004 2.0926098937930186 117.50000000000001 5.5000000000000009 0.64222852518808682 26.250000000000004 39.250000000000007 0.84807692307692317 6.264980772231203 1.9057717423562364 2.8084799185791396 2.5000000000000004 4.7500000000000009 6.9000000000000012 1.8318465738520364 23.950000000000003 3.1000000000000005 7.3075271592707454 5.7662796674282903 7.0553264680135257 1.4487266298961141 1.6833333333333336
decision_type=2 10 10 10 10 2 10 10 2 10 10 10 10 10 10 10 8 10 10 10 8 10 10 10 10 10 10 10 10 10
left_child=5 2 3 -2 -5 6 7 8 11 -8 12 20 13 -9 15 -15 -13 18 25 -20 29 23 -23 24 -22 26 -11 -26 -16 -1
right_child=1 -3 -4 4 -6 -7 9 10 -10 17 -12 16 -14 14 28 -17 -18 -19 19 -21 21 22 -24 -25 27 -27 -28 -29 -30 -31
leaf_value=-0.0092591150932506555 0.023069145200678556 -0.059127990321980586 0.07675721138612264 0.0015417223728102884 -0.098109289291112331 -0.00040693053246422945 0.010841299473572322 0.011273280010317211 0.087622351780095531 -0.059715250006743839 0.12888466797769069 -0.0053355971574783334 0.0075791077599596012 0.052655726205557585 -0.014608809869792877 0.172573568988027 -0.13322949409484863 -0.066447167494560339 0.052825346625306538 -0.050077693862993093 0.0088255004786031883 -0.014234567037971027 0.074819660724069065 0.072223565735938883 -0.12399889074265957 -0.10019077914408768 0.048959376212013399 -0.011156933374055055 0.10058144186200067 -0.095626355707645425
leaf_weight=571 390 27 45 82 23 90293 222 108 34 70 20 25 387 24 33 33 21 103 72 31 3995 621 26 44 20 39 38 46 22 24
leaf_count=571 390 27 45 82 23 90293 222 108 34 70 20 25 387 24 33 33 21 103 72 31 3995 621 26 44 20 39 38 46 22 24
internal_value=1.03599e-11 0.0153871 0.0191129 0.0138725 -0.0202866 -9.00156e-05 0.00422665 0.00601781 0.00387214 -0.0146319 0.0245896 0.00334414 0.0211532 0.0450313 0.0775836 0.122082 -0.0637219 -0.0306518 -0.0159041 0.0218545 0.00392111 0.00600761 -0.0106559 0.00863399 0.00794501 -0.0423609 -0.0214779 -0.0453515 0.0314673 -0.0127428
internal_weight=97489 567 540 495 105 96922 6629 6054 5427 575 627 5393 607 220 112 57 46 353 250 103 5347 4752 647 4105 4061 147 108 66 55 595
internal_count=97489 567 540 495 105 96922 6629 6054 5427 575 627 5393 607 220 112 57 46 353 250 103 5347 4752 647 4105 4061 147 108 66 55 595
is_linear=0
shrinkage=0.1


Tree=60
num_leaves=31
num_cat=0
split_feature=90 4 84 49 40 23 89 89 109 103 89 81 37 27 23 104 103 41 5 5 52 2 107 3 103 7 23 73 7 10
split_gain=12.9969 25.6391 16.9143 20.458 36.7999 20.2206 21.4096 25.0188 19.4857 23.5248 27.5172 24.1014 30.3694 23.8545 21.7927 35.2321 21.2276 26.2803 19.9169 19.145 22.6681 20.4459 27.5243 17.6155 24.8962 23.6018 33.3179 25.893 23.4593 29.6857
threshold=1.0000000180025095e-35 44.752500000000019 14.500000000000002 21.650000000000002 1.5941176470588239 1.5856085917213403 42.500000000000007 40.500000000000007 20.343600273785082 0.61050000000000015 25.500000000000004 457.50000000000006 1.9746794344808967 1.1622332768749206 1.7573145395232175 111.25000000000001 0.50900000000000012 1.60979494525198 8.4467207896955347 9.9693741723963996 2.5000000000000004 28.685000000000002 2020.5000000000002 9.0780473916041213 0.82300000000000006 8.0197671778512145 2.5614378137121334 8.5000000000000018 5.0744433909673754 25.175000000000001
decision_type=8 10 8 10 10 10 10 10 2 2 10 8 10 10 10 2 2 10 10 10 10 10 2 8 2 10 8 10 10 10
left_child=1 -1 3 4 -2 6 7 -4 9 11 19 14 -13 -12 15 18 17 -14 -7 20 -11 -21 -23 25 -25 27 -27 28 29 -5
right_child=2 -3 5 23 -6 8 -8 -9 -10 10 13 12 16 -15 -16 -17 -18 -19 -20 21 -22 22 -24 24 -26 26 -28 -29 -30 -31
leaf_value=-0.0042661817687646283 -0.0014268131002674999 -0.10195640060636733 -0.0028025679325247941 -0.00092860297202667697 -0.035552854017657835 0.17130073173479601 -0.072495888927104804 0.077352577309386855 0.00036272103694736388 0.0031591641206789433 -0.019582676599648866 0.043525560837179185 -0.13303332205699839 -0.15224822416253714 -0.0079172204548924943 -0.0063463995627199236 0.038340028120135823 -0.0063967935218099958 0.051741374705575022 0.073792092911288396 -0.068190986506881254 -0.047334855511784554 0.079515918625447046 0.0055313062568458681 0.058022211246693933 -0.0110063801698093 -0.089629308787769965 0.10121681335597084 0.007897782453392125 -0.047714996370959328
leaf_weight=5409 3536 27 25582 7848 347 22 44 39 35781 158 33 498 23 23 414 78 54 57 38 61 62 50 26 12803 91 463 61 26 3697 138
leaf_count=5409 3536 27 25582 7848 347 22 44 39 35781 158 33 498 23 23 414 78 54 57 38 61 62 50 26 12803 91 463 61 26 3697 138
internal_value=2.8166e-12 -0.0047514 0.000280584 0.00227885 -0.00447645 -0.000638941 -0.00280025 -0.00268056 0.000845086 0.0116525 -0.00889744 0.0188207 0.0321546 -0.0740703 0.00355442 0.0379693 -0.0101046 -0.0428048 0.0955798 0.00132576 -0.0169486 0.0306715 -0.00393854 0.00332278 0.00590176 0.000604435 -0.020159 0.00153364 0.0013118 -0.00173708
internal_weight=97489 5436 92053 29010 3883 63043 25665 25621 37378 1597 413 1184 632 56 552 138 134 80 60 357 220 137 76 25127 12894 12233 524 11709 11683 7986
internal_count=97489 5436 92053 29010 3883 63043 25665 25621 37378 1597 413 1184 632 56 552 138 134 80 60 357 220 137 76 25127 12894 12233 524 11709 11683 7986
is_linear=0
shrinkage=0.1


Tree=61
num_leaves=31
num_cat=0
split_feature=60 93 104 88 102 7 22 63 37 57 48 41 7 26 40 28 20 39 90 81 89 8 55 17 5 0 6 37 11 40
split_gain=12.5999 18.0985 12.3061 20.406 18.2733 24.9628 21.3672 23.7179 19.9778 18.3994 23.9103 18.0283 26.3152 24.9695 23.0044 28.543 19.2718 23.2243 17.7071 16.4827 22.6406 23.1325 21.3743 31.5826 25.6654 24.254 20.225 19.8527 18.6612 18.5712
threshold=9.5000000000000018 1.0000000180025095e-35 102.75000000000001 69.950000000000017 1.5000000000000002 4.0926718273621754 8.3166666666666682 15.500000000000002 2.0615171442623468 16.500000000000004 7.2500000000000009 2.0088612780485842 5.6767063647223592 1.6833333333333336 3.3038461538461541 1.5857142857142861 6.0500000000000007 1.714318016993259 5.5000000000000009 479.50000000000006 25.500000000000004 19.535714285714288 34.500000000000007 2.641823048434337 10.162236595629119 24.190000000000008 19.700000000000006 1.5082875444051556 7.6842285431766291 1.7573529411764708
decision_type=10 10 2 10 10 8 10 10 10 10 10 8 8 10 10 10 10 10 10 10 10 10 10 10 10 10 10 10 10 10
left_child=2 -2 3 4 8 9 11 -8 -1 -6 -11 14 -13 -14 16 -16 19 -18 -17 22 21 -21 24 25 -7 -24 -23 -27 -25 -26
right_child=1 -3 -4 -5 5 6 7 -9 -10 10 -12 12 13 -15 15 18 17 -19 -20 20 -22 26 23 28 29 27 -28 -29 -30 -31
leaf_value=-0.0010990864129853436 0.0023275463708809447 0.1180756235156547 -0.00022416511548556864 -0.075650963413839534 -0.011794716189572551 -0.00091836232297599733 0.03622938451312837 -0.10233544796705246 -0.056168706936610718 -0.050558685617787508 0.074563426271613151 -0.038305481201545762 0.038600938372752247 0.14651063789387006 0.024859646427166926 -0.11244454617198144 0.029763785533999144 0.12636956475876474 -0.017877340799366887 0.003123500049625319 -0.038795008205991126 0.13547565295146063 0.02566973955503532 0.065538766284783681 0.027841778518632055 0.18271351847294215 0.028442284275184977 0.059052945338189604 -0.043435012391119299 0.096586218105523661
leaf_weight=600 35 22 94537 30 543 281 21 30 74 21 56 22 51 37 77 36 76 37 44 328 97 26 28 30 152 37 55 20 33 53
leaf_count=600 35 22 94537 30 543 281 21 30 74 21 56 22 51 37 77 36 76 37 44 328 97 26 28 30 152 37 55 20 33 53
internal_value=3.59351e-12 0.0470022 -2.74974e-05 0.00639474 0.00725386 0.0116834 0.0183889 -0.0452793 -0.00714531 -0.0053076 0.0404392 0.0205251 0.0595166 0.0839721 0.0174832 -0.0186014 0.0220046 0.0613958 -0.0604326 0.0181001 0.00464048 0.0149418 0.0288422 0.062115 0.0187098 0.101885 0.0627987 0.139324 0.00845726 0.0456147
internal_weight=97489 57 97432 2895 2865 2191 1571 51 674 620 77 1520 110 88 1410 157 1253 113 80 1140 506 409 634 148 486 85 81 57 63 205
internal_count=97489 57 97432 2895 2865 2191 1571 51 674 620 77 1520 110 88 1410 157 1253 113 80 1140 506 409 634 148 486 85 81 57 63 205
is_linear=0
shrinkage=0.1


Tree=62
num_leaves=31
num_cat=0
split_feature=84 84 94 37 96 27 3 22 12 44 36 3 27 41 23 53 53 25 57 6 47 23 43 19 15 8 4 1 36 25
split_gain=12.0616 12.8308 12.2205 29.4764 28.2673 28.6303 30.8757 27.1322 51.5108 26.1225 31.8225 23.8246 35.3757 28.2245 29.7165 30.5067 40.146 31.4584 26.5243 25.5832 24.4325 24.4056 30.6618 38.4989 30.2485 25.4118 28.3335 37.1248 23.7052 28.9454
threshold=162.50000000000003 153.50000000000003 4.5000000000000009 2.7202320023735456 191.50000000000003 2.0013879257199876 10.797659210643587 10.725000000000001 8.5500000000000025 2.4365079365079372 3.3666666666666671 12.587438623498967 0.9689585494434233 1.9630558976602781 3.6833551595325877 54.500000000000007 46.500000000000007 1.3779271744364847 4.5000000000000009 36.70000000000001 2.1752189507618374 2.1776372064216236 1.658243862791825 4.1533075696413162 2.9488025501278221 30.250000000000004 38.692500000000017 16.895280378701244 5.1000000000000005 1.7604525947843548
decision_type=10 10 10 10 2 10 8 10 10 10 10 10 8 10 10 10 10 10 10 10 10 10 10 10 10 10 10 10 10 10
left_child=1 2 -1 4 9 6 7 -6 -9 10 -4 12 20 18 15 16 17 -15 -13 21 -8 -20 23 -23 -25 26 -24 -28 29 -11
right_child=-2 -3 3 -5 5 -7 11 8 -10 28 -12 13 -14 14 -16 -17 -18 -19 19 -21 -22 22 25 24 -26 -27 27 -29 -30 -31
leaf_value=0.00028440163103010083 -0.077650220729410649 0.064340479167238368 -0.013083415711639729 0.018789509351890867 0.0023776528238264659 0.060672343240888875 -0.0081294584015675891 0.19517023343415488 -0.019286704746385417 -0.0013072670856631415 -0.062063913533640963 0.099435645727248029 -0.040565475752181585 -0.074060518872796841 0.048653111493747153 -0.12886288574763707 0.04334329806412731 0.032011657506227496 0.021001507169184894 0.098192853853106499 0.10234859607049399 -0.03779211441705109 -0.034739447503604672 0.14014626948729805 -0.018759221971035005 -0.0773985841870308 0.034139578000758779 0.17997994475687545 -0.072113040817732163 0.12257645130157471
leaf_weight=91357 20 31 273 505 2268 69 428 21 24 331 258 29 565 139 42 35 58 35 329 27 21 371 33 23 25 20 64 24 44 20
leaf_count=91357 20 31 273 505 2268 69 428 21 24 331 258 29 565 139 42 35 58 35 329 27 21 371 33 23 25 20 64 24 44 20
internal_value=1.86942e-11 1.59333e-05 -4.53159e-06 -0.00434528 -0.00644052 -0.00326321 -0.00422622 0.00390325 0.0807932 -0.0223957 -0.0368818 -0.012517 -0.0239148 -0.00330059 -0.0295368 -0.0418363 -0.0287073 -0.0527242 0.00527823 0.00229726 -0.00296233 -0.000615204 -0.013315 -0.026889 0.057383 0.0270218 0.0442814 0.0739142 -0.0029219 0.00575163
internal_weight=97489 97469 97438 6081 5576 4650 4581 2313 45 926 531 2268 1014 1254 309 267 232 174 945 916 449 889 560 419 48 141 121 88 395 351
internal_count=97489 97469 97438 6081 5576 4650 4581 2313 45 926 531 2268 1014 1254 309 267 232 174 945 916 449 889 560 419 48 141 121 88 395 351
is_linear=0
shrinkage=0.1


Tree=63
num_leaves=31
num_cat=0
split_feature=36 45 9 57 18 42 91 0 60 19 21 104 105 41 27 88 10 7 18 8 105 35 21 86 105 27 38 36 46 1
split_gain=12.0131 45.853 24.219 21.0378 21.9194 23.0423 20.0516 20.3854 18.3192 24.7472 31.8656 30.7438 30.158 35.3492 31.9589 31.0803 29.7648 26.9827 24.9905 24.9021 22.0935 27.3339 24.7666 23.2624 44.7214 21.8693 21.5553 20.8195 20.1127 22.398
threshold=5.7000000000000002 1.4925730515485933 11.161690297554662 9.5000000000000018 8.2666666666666675 3.1000000000000005 6.5000000000000009 54.710000000000001 4.5000000000000009 3.7282462554876425 3.969325852054634 111.75000000000001 inf 1.6314144373576036 1.4239885991903292 48.350000000000001 24.975000000000005 4.2130707077691634 11.300000000000002 33.45000000000001 0.77500000000000013 0.60557219071006607 3.1349285466579873 73.500000000000014 0.36666666666666675 1.2494423429796102 3.7250000000000005 4.366666666666668 3.3750000000000004 14.14987632295948
decision_type=10 10 10 10 10 10 10 10 10 10 10 2 8 10 10 10 10 8 10 10 10 10 10 10 10 10 10 10 10 10
left_child=8 6 3 -3 -5 -6 -2 -8 -1 10 12 -11 15 -14 26 17 25 -10 28 20 22 -22 23 -17 -25 -13 -15 -24 29 -19
right_child=1 2 -4 4 5 -7 7 -9 9 11 -12 16 13 14 -16 19 -18 18 -20 -21 21 -23 27 24 -26 -27 -28 -29 -30 -31
leaf_value=-0.00011566867933519592 8.1370957195758828e-05 0.12032639868557454 -0.063572863466106355 -0.066681412480771543 0.085501848790380697 -0.032747571036004675 -0.13547651031072819 -0.026675525938089081 0.035020706619081257 -0.056583666951129478 0.11012349605560304 0.11359700302992548 0.14117712573827923 0.12554895416382822 -0.061710406171864476 0.038877742897487633 -0.059420796204358341 -0.013738275824724065 -0.10500580632481082 -0.067912141323089606 0.052322854613885285 -0.065171899788335638 0.045898605042191988 0.23321723759174351 0.063387652284101301 -0.0088615217041224242 0.015046768969424616 -0.066482372069731357 -0.073693972296184962 0.04218592999353149
leaf_weight=95719 28 23 32 25 45 26 51 26 136 112 35 35 37 31 29 177 30 405 29 25 36 44 34 20 69 25 41 32 45 87
leaf_count=95719 28 23 32 25 45 26 51 26 136 112 35 35 37 31 29 177 30 405 29 25 36 44 34 20 69 25 41 32 45 87
internal_value=-5.23816e-12 -0.021634 0.0136575 0.0344254 0.0138449 0.0421992 -0.0723865 -0.0987385 5.69591e-05 0.0109709 0.0159875 -0.0216121 0.0134074 0.0575572 0.0269241 0.00805831 0.0219081 -0.00497494 -0.0145852 0.028995 0.0348753 -0.0122993 0.0462427 0.0598476 0.101552 0.0625726 0.0626241 -0.00858914 -0.00970215 -0.00384924
internal_weight=97489 256 151 119 96 71 105 77 97233 1514 1312 202 1277 138 101 1139 90 702 566 437 412 80 332 266 89 60 72 66 537 492
internal_count=97489 256 151 119 96 71 105 77 97233 1514 1312 202 1277 138 101 1139 90 702 566 437 412 80 332 266 89 60 72 66 537 492
is_linear=0
shrinkage=0.1


Tree=64
num_leaves=31
num_cat=0
split_feature=103 104 84 10 82 50 103 44 35 45 46 36 105 44 15 41 9 7 86 49 0 22 0 104 48 48 88 7 17 83
split_gain=11.8428 24.5667 25.9531 36.4397 31.1367 30.6986 23.6119 28.8687 22.4966 22.4199 28.5089 34.2979 34.4407 24.4184 24.2187 23.2158 22.2972 34.7277 23.1093 25.6022 22.3036 35.0469 27.7604 21.9837 33.8924 28.8628 27.6663 30.1114 29.0755 30.3101
threshold=0.58700000000000008 107.45000000000002 54.500000000000007 29.025000000000002 158.50000000000003 2.9500000000000006 0.70200000000000007 2.2678571428571432 0.86008240010958248 2.0657351921300431 1.341666666666667 2.9000000000000004 0.63333333333333341 1.2928571428571431 2.4071649533871362 1.9584257358838435 7.2972592731644541 6.8264153369004434 238.50000000000003 63.650000000000013 45.690000000000012 6.7250000000000005 40.430000000000014 106.45000000000002 41.95000000000001 38.100000000000009 31.250000000000004 4.6636864457561762 2.3260740100744308 42.500000000000007
decision_type=2 2 10 10 8 10 2 10 10 10 10 10 8 10 10 10 10 10 10 10 10 10 10 2 10 10 8 10 10 8
left_child=-1 2 3 23 -5 -4 -3 -8 -6 10 11 15 -13 -12 -11 -7 17 18 19 -15 22 -22 -18 24 25 -2 -25 28 -28 -30
right_child=1 6 5 4 8 9 7 -9 -10 14 13 12 -14 16 -16 -17 20 -19 -20 -21 21 -23 -24 26 -26 -27 27 -29 29 -31
leaf_value=0.00071455664065102863 0.00053470847439242774 -0.002496977388495596 -0.017226730625566147 0.004801258809712469 0.044908746217305846 0.0065071340186160899 -0.0074691420502547463 -0.034974710808141317 0.17104163333292932 -0.13830370647566659 0.11445528329350055 0.040953465519206866 -0.072937630771405318 -0.023232366995561231 0.0017163273119755709 0.11628159687600353 0.04725919860330495 -0.08475163790397347 -0.068611851075421212 0.079804211890917617 0.14850966261699797 0.035416379433938827 -0.086441962110499537 0.0039604429438251255 -0.10066033795927509 0.12090730726718904 0.10840853379197318 0.014719867413094657 0.089868703058569643 0.0022609010139214144
leaf_weight=68639 4963 16830 1267 49 26 155 1776 486 31 21 32 35 110 38 30 22 44 40 23 66 40 87 24 1668 33 20 73 688 61 112
leaf_count=68639 4963 16830 1267 49 26 155 1776 486 31 21 32 35 110 38 30 22 44 40 23 66 40 87 24 1668 33 20 73 688 61 112
internal_value=-1.4458e-11 -0.00170005 0.0023817 0.00502817 0.0632564 -0.00766816 -0.00378625 -0.0133788 0.113507 0.00812156 0.0126845 -0.0093881 -0.0454467 0.0307236 -0.055939 0.0201514 0.0233219 -0.00349635 0.0220959 0.0421562 0.0462893 0.0710363 7.05536e-05 0.00421796 0.000348906 0.00101784 0.0116765 0.0254564 0.0554839 0.0331515
internal_weight=97489 28850 9758 7724 106 2034 19092 2262 57 767 716 322 145 394 51 177 362 167 127 104 195 127 68 7618 5016 4983 2602 934 246 173
internal_count=97489 28850 9758 7724 106 2034 19092 2262 57 767 716 322 145 394 51 177 362 167 127 104 195 127 68 7618 5016 4983 2602 934 246 173
is_linear=0
shrinkage=0.1


Tree=65
num_leaves=31
num_cat=0
split_feature=104 103 103 41 48 23 82 63 39 17 32 15 40 13 0 5 15 95 45 50 44 82 15 45 111 3 75 89 9 29
split_gain=11.9664 17.9926 21.7783 34.2604 22.1537 19.9439 32.3114 22.4345 27.3104 31.2252 25.9496 22.1569 19.6759 18.121 20.4858 24.8975 25.4716 26.8828 25.1959 29.3351 26.0457 24.3806 20.8353 28.469 18.7815 17.5185 19.9184 19.6157 30.1949 28.1154
threshold=113.35000000000001 0.36000000000000004 0.34400000000000003 1.7452940591010304 18.050000000000004 2.8232266931302719 557.50000000000011 17.500000000000004 1.6346924281699651 3.2173459161449043 0.68333333333333346 3.8557305873716903 2.7029411764705888 4.5670879725336517 40.210000000000015 9.8161433899328312 3.4391535478095423 2.5000000000000004 1.0865149352258221 0.3000000000000001 4.0500000000000007 14.500000000000002 2.1328400765181796 1.7013059038951182 7.5000000000000009 9.3325118686040831 11.500000000000002 28.500000000000004 8.0294595798908102 0.78659665406324641
decision_type=2 2 2 10 10 8 10 10 10 10 10 10 10 10 8 8 10 10 8 8 10 10 8 8 2 8 10 10 10 10
left_child=-1 2 5 4 -4 7 13 -2 9 12 -10 -8 -9 14 21 -16 18 -18 -17 -20 22 -7 -21 -24 -25 27 -27 28 -3 -29
right_child=1 25 3 -5 -6 6 11 8 10 -11 -12 -13 -14 -15 15 16 17 -19 19 20 -22 -23 23 24 -26 26 -28 29 -30 -31
leaf_value=0.00072710947487822158 0.0015354489340578667 -0.0066366033869260993 0.033479245489010705 0.15041357390582563 -0.054653657030190941 -0.046317763978175906 -0.032657345936685393 0.097751333398951423 0.046656312582393493 -0.11030505761504172 0.1758148127723308 -0.15520316910743714 -0.014521421051609355 0.066113743651658299 -0.096008558377148001 0.054780289645899427 -0.12416594716061542 0.012860515286129984 -0.067470186291372067 0.058231821935623887 0.10140156568959356 0.01062155723994233 -0.11218304433859885 0.061270218143860501 -0.045203076705739309 -0.0010584240465074768 0.041569714714680711 0.026521958511854921 0.038773850601435261 -0.04441097088070714
leaf_weight=68140 10021 8480 177 22 34 89 36 27 60 20 21 25 37 32 47 55 41 22 85 32 24 485 32 30 37 8771 111 70 149 277
leaf_count=68140 10021 8480 177 22 34 89 36 27 60 20 21 25 37 32 47 55 41 22 85 32 24 485 32 30 37 8771 111 70 149 277
internal_value=-6.93715e-12 -0.00168814 0.00139852 0.0316597 0.0192777 0.00077222 -0.0122019 0.00213765 0.0387114 -0.00123938 0.0801418 -0.082881 0.0328436 -0.00793741 -0.0103579 -0.0275791 -0.0185953 -0.0763154 -0.00626867 -0.0202591 0.00563091 0.00179299 -0.0119149 -0.0345885 0.00247153 -0.0036743 -0.000525692 -0.00678993 -0.00585248 -0.0301017
internal_weight=97489 29349 11491 233 211 11258 1072 10186 165 84 81 61 64 1011 979 405 358 63 295 240 155 574 131 99 67 17858 8882 8976 8629 347
internal_count=97489 29349 11491 233 211 11258 1072 10186 165 84 81 61 64 1011 979 405 358 63 295 240 155 574 131 99 67 17858 8882 8976 8629 347
is_linear=0
shrinkage=0.1


Tree=66
num_leaves=31
num_cat=0
split_feature=89 95 55 27 8 46 1 16 107 40 29 37 34 33 33 27 33 111 9 81 1 9 56 16 51 92 82 91 1 18
split_gain=11.2557 22.722 28.2991 26.4958 19.7485 19.4878 35.0442 19.4832 18.1026 24.4196 35.6022 39.8687 36.5107 20.0872 23.6034 18.1735 18.0611 19.4886 30.3495 32.0389 32.4515 43.2614 38.7928 31.477 30.6168 28.6734 35.9555 32.2956 28.9689 28.5739
threshold=3.5000000000000004 1.0000000180025095e-35 67.000000000000014 0.78780321510802953 33.95000000000001 3.4250000000000003 9.6159242924066497 4.3038461538461545 2008.5000000000002 3.2565789473684217 1.234772230460971 1.8027222972291639 0.8377192982456142 0.99721446300587679 1.106601107571493 1.4952303005917591 1.5057429613629389 6.5000000000000009 7.9526373016952592 538.50000000000011 16.895280378701244 8.4577379722635957 3.5000000000000004 8.3625000000000025 51.050000000000004 1.0000000180025095e-35 110.50000000000001 13.500000000000002 22.385519860841285 3.7750000000000004
decision_type=10 10 10 10 10 10 10 10 2 10 8 8 10 10 10 10 10 2 10 8 10 10 10 10 10 10 8 10 10 10
left_child=-1 2 4 -4 5 -2 -7 -8 9 10 -3 -12 -13 15 -15 -11 17 18 -10 20 21 22 24 -23 -20 27 -27 -21 -28 -22
right_child=1 8 3 -5 -6 6 7 -9 16 13 11 12 -14 14 -16 -17 -18 -19 19 25 29 23 -24 -25 -26 26 28 -29 -30 -31
leaf_value=-0.0028564339931160562 0.0023300921415552868 -0.030912906797262687 0.14924018156528474 0.018623422013550269 0.088026459984205385 -0.027334719079156078 0.043247749798354655 0.17790926356207243 0.00014198931768867105 -0.046251734696581205 -0.010717861770422429 0.029798330029691844 0.18721822697955828 0.083064181001290038 -0.044070421634241942 -0.12922918549327947 -0.011832721680830533 -0.001414477530732264 0.11391577591436403 0.016384799791564552 -0.0048860422928224912 0.010539358696071076 0.11848245441913606 -0.05020822910687972 0.017674261491056383 -0.08730898335576058 0.00082365322521861604 0.13685491969404015 -0.093870956789363524 0.078156573332810134
leaf_weight=12085 28585 178 25 41 27 31 21 22 10485 118 77 34 26 23 40 34 1392 40539 38 685 55 707 60 97 254 50 1536 23 33 168
leaf_count=12085 28585 178 25 41 27 31 21 22 10485 118 77 34 26 23 40 34 1392 40539 38 685 55 707 60 97 254 50 1536 23 33 168
internal_value=1.21428e-11 0.000404197 0.00269379 0.0680995 0.0025433 0.00246277 0.0537139 0.112144 -0.000757816 -0.0191524 -0.00141891 0.0369018 0.0980136 -0.0451341 0.0023438 -0.0648125 -0.000584102 -0.000298006 0.00289139 0.01067 0.0227482 0.0160105 0.0452472 0.00321036 0.0301988 0.00351233 -0.00382833 0.0202984 -0.00116801 0.0576752
internal_weight=97489 85404 28752 66 28686 28659 74 43 56652 530 315 137 60 215 63 152 56122 54730 14191 3706 1379 1156 352 804 292 2327 1619 708 1569 223
internal_count=97489 85404 28752 66 28686 28659 74 43 56652 530 315 137 60 215 63 152 56122 54730 14191 3706 1379 1156 352 804 292 2327 1619 708 1569 223
is_linear=0
shrinkage=0.1


Tree=67
num_leaves=31
num_cat=0
split_feature=109 55 40 39 15 15 48 41 41 14 21 37 9 3 88 88 28 91 17 21 36 40 86 104 87 7 9 80 17 2
split_gain=11.3497 24.4188 26.3658 43.3201 32.4729 70.1163 47.6279 26.7668 27.3207 31.6953 26.6511 44.0567 26.5466 23.2019 22.5273 24.0926 21.264 20.3983 20.1809 19.6379 19.2104 18.2081 18.2773 23.0616 21.2646 23.9957 24.5284 18.1625 18.1511 17.6639
threshold=33.093771389459285 53.500000000000007 3.757352941176471 1.5703064107056541 3.6047806938353966 3.0114859227258779 16.650000000000002 2.0387689528826463 1.9436129924374039 6.5277777777777786 2.2141320338430748 1.4487266298961141 6.2734005747533486 12.255157644378148 37.850000000000001 32.050000000000004 0.94868421052631591 4.5000000000000009 1.7911847914609349 1.6482305137328706 2.3666666666666671 2.6961538461538468 57.500000000000007 115.85000000000001 160.50000000000003 5.3291567786619067 6.0041652030871528 2605.1499999999996 3.4471574812325971 29.720000000000006
decision_type=2 10 10 10 10 10 10 10 10 10 10 10 10 10 10 10 10 10 10 10 10 10 10 2 10 10 10 10 10 10
left_child=-1 21 3 18 5 6 -4 8 10 -10 11 -5 -13 -8 15 -9 -16 -12 19 -3 -19 22 -2 24 25 26 29 28 -20 -24
right_child=1 2 4 7 -6 -7 13 14 9 -11 17 12 -14 -15 16 -17 -18 20 27 -21 -22 -23 23 -25 -26 -27 -28 -29 -30 -31
leaf_value=0.00021005788577802407 -0.016381330290244727 -0.0071567128302858166 0.088215853950781076 0.1844912397173735 0.067674735955455728 -0.13461576197296382 -0.010830669658912702 -0.015524816642636838 0.16766075330121177 0.035764312587286295 -0.053645093191880738 -0.044257919570165026 0.070273578799750699 -0.10484561476324286 -0.088740075014433595 0.13085216673260386 0.0019295933391944864 0.10857105107667547 -0.014450052086093863 0.10384689424186946 0.012667362419714841 -0.06537763131634583 0.060989598412902996 -0.031341580175436465 0.11050401197179505 -0.0076359979461520042 0.11317985473494781 0.068638803094625486 -0.10355410762131215 -0.023920718610894925
leaf_weight=93929 1514 34 41 26 34 56 105 23 35 38 40 28 73 35 38 22 81 24 482 30 161 63 49 130 23 239 38 25 24 49
leaf_count=93929 1514 34 41 26 34 56 105 23 35 38 40 28 73 35 38 22 81 24 482 30 161 63 49 130 23 239 38 25 24 49
internal_value=1.73509e-11 -0.00554228 0.00441939 0.0108596 -0.0237177 -0.0368289 -0.0065744 0.0300847 0.0433272 0.0990023 0.0317809 0.0684057 0.0385223 -0.0343344 -0.00423262 0.0560373 -0.0270237 0.0111082 -0.00817172 0.0448762 0.0251089 -0.0124279 -0.0107943 0.00522612 0.0171703 0.0114459 0.0449795 -0.0145654 -0.0186763 0.0185344
internal_weight=97489 3560 1455 1184 271 237 181 589 425 73 352 127 101 140 164 45 119 225 595 64 185 2105 2042 528 398 375 136 531 506 98
internal_count=97489 3560 1455 1184 271 237 181 589 425 73 352 127 101 140 164 45 119 225 595 64 185 2105 2042 528 398 375 136 531 506 98
is_linear=0
shrinkage=0.1


Tree=68
num_leaves=31
num_cat=0
split_feature=42 13 0 80 3 90 95 56 1 86 86 3 4 15 30 24 104 83 88 87 53 53 44 36 81 12 48 86 44 87
split_gain=11.6111 18.7766 24.1486 46.7019 27.6812 27.1121 25.6551 34.9259 23.3595 22.6706 45.8235 33.2324 24.2454 32.6937 26.0873 25.8603 27.2902 23.5333 24.8285 22.4839 22.1321 21.9698 21.9168 21.758 21.4284 21.3415 21.1324 24.9357 24.5347 34.4196
threshold=2.3666666666666671 4.7696931271769847 48.530000000000008 2191.0500000000006 6.4890249206406727 10.500000000000002 1.0000000180025095e-35 1.5000000000000002 3.3327166096144456 153.50000000000003 75.500000000000014 13.660114282817617 44.427500000000002 2.0193433343653777 1.1000000000000003 2.6333333333333337 108.35000000000001 21.500000000000004 61.750000000000007 17.500000000000004 32.500000000000007 44.500000000000007 2.5277777777777781 5.2666666666666675 528.50000000000011 10.900000000000002 28.250000000000004 236.50000000000003 4.0500000000000007 160.50000000000003
decision_type=8 10 10 10 10 10 10 8 10 8 10 10 10 10 10 10 2 10 10 10 8 10 10 10 10 10 8 10 10 10
left_child=-1 2 3 25 -4 -5 7 -6 -8 10 17 24 13 -11 15 16 21 -10 19 -19 -3 -14 -20 -21 -12 -2 28 -28 29 -18
right_child=1 20 4 5 6 -7 8 -9 9 12 11 -13 14 -15 -16 -17 26 18 22 23 -22 -23 -24 -25 -26 -27 27 -29 -30 -31
leaf_value=0.00054155920288341032 -0.0014804216495124783 0.025791965817863291 0.085831628491481154 -0.026173702727905375 0.15529663361333035 0.045800388631495569 0.098675559690365428 0.008099570982158185 -0.043685574930603224 0.17882080943811507 0.09115744166076184 -0.063442898219118249 -0.097188660829532439 0.026005183260921123 0.056652777596469542 0.091283370602515443 0.032682452900123525 0.11251229652587105 -0.078880095467544528 0.033933117629393293 -0.04641551319159247 -0.014703142935544939 0.013130874152887951 -0.064537747576832769 -0.014301401708352986 -0.064454287607912664 0.016333461158154979 0.13951016098122906 0.072744073532521727 -0.052293380747477594
leaf_weight=78226 15723 55 45 1081 27 55 26 40 59 21 20 151 41 42 108 31 88 34 39 345 186 152 77 24 526 54 42 27 40 104
leaf_count=78226 15723 55 45 1081 27 55 26 40 59 21 20 151 41 42 108 31 88 34 39 345 186 152 77 24 526 54 42 27 40 104
internal_value=-2.04058e-12 -0.00219924 -0.00184782 -0.00310601 0.00824214 -0.022689 0.00655051 0.0674178 0.00450839 0.0032662 -0.00465767 -0.0219215 0.0177819 0.0769437 0.0118938 0.00268621 -0.00287353 0.0161605 0.0229638 0.0346984 -0.0299366 -0.032226 -0.0178038 0.0275285 -0.0104384 -0.00169596 0.0159471 0.064533 0.00149701 -0.0133461
internal_weight=97489 19263 19022 16913 2109 1136 2064 67 1997 1971 1275 697 696 63 633 525 494 578 519 403 241 193 116 369 546 15777 301 69 232 192
internal_count=97489 19263 19022 16913 2109 1136 2064 67 1997 1971 1275 697 696 63 633 525 494 578 519 403 241 193 116 369 546 15777 301 69 232 192
is_linear=0
shrinkage=0.1


Tree=69
num_leaves=31
num_cat=0
split_feature=94 37 49 86 3 13 6 22 52 47 11 22 91 10 19 1 40 35 27 5 24 85 3 18 105 25 8 17 5 3
split_gain=11.9751 22.9504 21.6854 24.576 26.1635 49.0862 31.3342 29.1706 27.5864 25.0451 25.2566 24.5102 33.4155 27.8942 23.5703 23.2525 23.13 23.0391 22.899 21.0222 20.9007 20.6676 19.9448 37.8268 25.2012 26.9082 23.1017 24.2464 23.818 25.6514
threshold=4.5000000000000009 2.7202320023735456 65.550000000000011 35.500000000000007 8.9436414408215814 3.3540936844653131 31.100000000000005 10.725000000000001 4.5000000000000009 1.538539918334185 7.1021679122097616 4.1539473684210533 4.5000000000000009 26.075000000000006 3.687792859419559 11.524408878549911 1.5941176470588239 0.97414489135340243 2.0193433343653777 8.7219045179568244 2.9000000000000004 56.500000000000007 15.344311287154307 6.6333333333333337 1.0000000180025095e-35 1.0477225575051665 15.612500000000002 4.5112432053461076 11.938083135361678 10.833789733854465
decision_type=10 10 10 10 10 10 10 10 10 10 10 10 10 10 10 10 10 10 10 10 10 8 8 10 10 10 10 8 10 10
left_child=-1 2 11 14 5 6 7 8 -5 10 -7 12 13 16 15 -4 -2 -10 19 -6 -13 -18 26 24 -24 -26 -21 28 29 -28
right_child=1 -3 3 4 18 9 -8 -9 17 -11 -12 20 -14 -15 -16 -17 21 -19 -20 22 -22 -23 23 -25 25 -27 27 -29 -30 -31
leaf_value=0.00028621351740618106 0.016403989939929239 0.016102129344187914 -0.04154246112642189 -0.045075283115429271 -0.083505643873165059 -0.017753478847444059 -0.034790349894381588 0.15442971595777916 0.037828444410415912 0.024386517359660225 -0.17140717652180923 -0.019124042438185104 0.02578739357387266 0.065555718763077517 0.12278182690342268 0.063425855601535117 -0.016226333562562978 0.11841938722392786 0.074980941338135917 0.094111533224582683 0.076744889565136129 -0.075450318213552248 -0.093492715309063598 -0.067833329525089622 0.076681869508077705 -0.021411678040849754 0.011270465226443465 -0.077673349564983729 0.01315272512898745 -0.031054114180473172
leaf_weight=91394 209 506 36 31 36 20 47 26 155 26 23 2018 352 47 30 51 743 46 34 25 23 64 21 137 54 58 234 42 632 369
leaf_count=91394 209 506 36 31 36 20 47 26 155 26 23 2018 352 47 30 51 743 46 34 25 23 64 21 137 54 58 234 42 632 369
internal_value=2.24201e-11 -0.00429175 -0.00613811 0.00179071 -0.00079517 0.0230749 0.0403062 0.0539866 0.04273 -0.0530925 -0.0999403 -0.0110317 -0.000917506 -0.00976052 0.0463474 0.0199907 -0.0132446 0.0562721 -0.00623208 -0.00794927 -0.0180437 -0.0209232 -0.00621897 -0.030954 0.00703456 0.0258834 -0.00108959 -0.00295336 -0.000412273 -0.0146297
internal_weight=97489 6095 5589 2133 2016 374 305 258 232 69 43 3456 1415 1063 117 87 1016 201 1642 1608 2041 807 1572 270 133 112 1302 1277 1235 603
internal_count=97489 6095 5589 2133 2016 374 305 258 232 69 43 3456 1415 1063 117 87 1016 201 1642 1608 2041 807 1572 270 133 112 1302 1277 1235 603
is_linear=0
shrinkage=0.1


Tree=70
num_leaves=31
num_cat=0
split_feature=20 40 109 94 24 86 39 7 6 80 82 97 2 47 45 9 7 21 21 8 38 5 87 86 16 14 85 41 17 1
split_gain=11.0153 15.522 12.9601 28.8381 17.4737 18.5384 22.4021 16.6275 18.5135 14.9205 15.9535 14.0613 20.9861 19.9359 24.5075 30.9514 22.6363 20.3196 27.3176 25.9043 27.919 36.2885 32.3373 40.5942 27.3419 39.8212 42.9394 26.392 26.2545 29.575
threshold=0.61250000000000016 2.1937500000000005 19.724845995893229 5.5000000000000009 0.22500000000000003 6.5000000000000009 0.51697347450054409 11.353412729444718 23.900000000000002 97.250000000000028 21.500000000000004 17.500000000000004 61.435000000000002 2.1881859620109654 2.0615488497893764 10.095378296869619 9.4021259148901013 3.2821062606093134 2.6760250435333437 23.750000000000004 3.5857142857142863 12.906313734388604 107.50000000000001 240.50000000000003 7.9750000000000005 8.9500000000000011 36.500000000000007 1.7559250841325662 2.6085266051151836 5.8555529199365273
decision_type=8 10 2 10 8 8 10 10 10 8 8 2 8 8 10 10 10 10 10 10 10 10 10 10 10 10 10 10 10 10
left_child=1 -1 3 4 -2 6 -6 8 9 -7 -11 -4 13 14 15 17 -17 18 19 -13 21 24 28 -24 -21 -26 -27 -23 29 -22
right_child=2 -3 11 -5 5 7 -8 -9 -10 10 -12 12 -14 -15 -16 16 -18 -19 -20 20 22 27 23 -25 25 26 -28 -29 -30 -31
leaf_value=-0.0033850449355984956 -0.014468596708891085 -0.083931950056770205 0.00045001557359519956 -0.081896487086573072 0.12331330326922013 -0.070293599570339371 0.026235737311927711 -0.074269431084394461 0.084089375266598335 0.097181035781448544 0.01119476273313902 -0.010433261230178402 -0.085850670095533141 0.06660644670900627 -0.039892681588729224 -0.0084532215749716453 0.070988117550757332 0.01909926502744641 -0.023906744730303051 0.038498088223022531 0.085801297506770569 -0.069973145130400857 0.093501776321367788 -0.06993425372721894 -0.035568878228797486 -0.041087318176314946 0.14535416533549628 0.035885784668581826 -0.045181043417819179 -0.01503456510082983
leaf_weight=7648 227 24 83459 34 33 22 85 22 36 22 1123 1935 32 39 195 58 94 318 784 534 37 72 55 21 131 21 30 35 227 136
leaf_count=7648 227 24 83459 34 33 22 85 22 36 22 1123 1935 32 39 195 58 94 318 784 534 37 72 55 21 131 21 30 35 227 136
internal_value=-6.71686e-12 -0.00363702 0.000310667 0.00921886 0.0111921 0.0155293 0.0533845 0.0118829 0.0134584 0.0112796 0.0128469 0.000148687 -0.0051413 -0.00459434 -0.0051873 -0.00367938 0.040675 -0.00523424 -0.00716009 -0.00310029 0.00782295 0.0189723 -0.0114541 0.0483418 0.0270897 -0.00638314 0.0685841 -0.0353464 -0.0228154 0.00653149
internal_weight=97489 7672 89817 1604 1570 1343 118 1225 1203 1167 1145 88213 4754 4722 4683 4488 152 4336 4018 3234 1299 823 476 76 716 182 51 107 400 173
internal_count=97489 7672 89817 1604 1570 1343 118 1225 1203 1167 1145 88213 4754 4722 4683 4488 152 4336 4018 3234 1299 823 476 76 716 182 51 107 400 173
is_linear=0
shrinkage=0.1


Tree=71
num_leaves=31
num_cat=0
split_feature=90 35 3 1 56 5 3 17 103 80 81 90 80 10 29 26 13 82 47 41 12 31 3 18 102 3 2 51 41 82
split_gain=10.9324 21.2646 17.9837 27.2518 26.6622 23.1323 17.6854 19.4114 16.6769 14.7621 29.8894 17.3366 27.5834 21.1529 18.4711 14.0493 18.0937 20.7105 19.3323 14.6575 13.5154 12.9285 18.339 18.6794 30.64 31.1868 27.2898 25.1282 21.029 24.7511
threshold=17.500000000000004 0.58750524035482787 13.091653405342161 10.012816786219023 6.5000000000000009 8.5245712964653375 8.8337012498497938 3.6318924820273053 0.44500000000000006 842.0500000000003 223.50000000000003 19.500000000000004 1723.0000000000005 14.422222222222224 1.0067287259593483 0.68333333333333346 3.9242626900637485 695.50000000000011 1.0559754579686718 1.260796825072459 14.900000000000002 1.3779271744364847 9.7617308346837763 6.3000000000000016 2.5000000000000004 13.846523830783859 38.225000000000016 81.850000000000009 1.7010058503844265 23.500000000000004
decision_type=10 10 10 10 10 10 10 10 2 8 10 10 8 10 10 10 10 8 10 10 10 10 10 10 10 10 10 10 10 10
left_child=21 -2 3 5 9 -3 7 -7 20 10 -5 12 -11 -13 -15 19 -17 18 -18 -4 -8 -1 -23 28 26 -26 -25 -28 -24 -30
right_child=1 2 15 4 -6 6 8 -9 -10 11 -12 13 -14 14 -16 16 17 -19 -20 -21 -22 22 23 24 25 -27 27 -29 29 -31
leaf_value=0.00020182404190718443 -0.070606672738989198 -0.045017902357229855 0.026021225880021637 -0.028732389219753119 -0.086562586155660606 0.16636114870419816 0.023556025117635729 0.047632868872024121 0.053486133157981168 -0.048722950954522407 0.13842043000622653 0.022997057748337588 0.060235726546782713 -0.034921179081384951 -0.15942109091715381 0.091051606855222164 0.010700478717006294 -0.056650773763124433 0.099135992027098135 0.1356129182296662 -0.086734023839235314 -0.011988048697682434 0.00052183145444718144 -0.080626966491822272 0.033915095317155815 0.17817949294720009 0.066793560105520233 -0.011164001113913878 0.0662001530286567 -0.029450438278327148
leaf_weight=90777 30 34 23 23 47 21 25 40 66 42 20 24 52 26 22 35 122 35 31 26 20 2151 3098 31 43 23 71 99 29 403
leaf_count=90777 30 34 23 23 47 21 25 40 66 42 20 24 52 26 22 35 122 35 31 26 20 2151 3098 31 43 23 71 99 29 403
internal_value=1.12923e-11 0.0119153 0.0152881 0.00327776 -0.0185089 0.0303524 0.0452512 0.0885065 0.0214802 -0.00320492 0.0490131 -0.0167313 0.0115521 -0.0536567 -0.0919836 0.035688 0.0250345 0.0127441 0.0286188 0.0841719 -0.0254618 -9.41148e-05 -0.00461066 -0.000431377 0.0250717 0.0841891 0.00566005 0.0213947 -0.00236036 -0.0230294
internal_weight=97489 764 734 462 256 206 172 61 111 209 43 166 94 72 48 272 223 188 153 49 45 96725 5948 3797 267 66 201 170 3530 432
internal_count=97489 764 734 462 256 206 172 61 111 209 43 166 94 72 48 272 223 188 153 49 45 96725 5948 3797 267 66 201 170 3530 432
is_linear=0
shrinkage=0.1


Tree=72
num_leaves=31
num_cat=0
split_feature=36 45 37 81 7 41 6 37 60 19 104 18 88 80 88 39 39 40 39 47 43 46 16 29 24 92 44 105 25 109
split_gain=11.0613 36.663 19.7149 26.7677 22.3879 17.1411 20.1851 16.3758 14.1318 21.1837 26.1133 25.1215 20.8822 18.7631 17.5934 27.6622 32.2508 29.5942 28.2164 25.0632 29.3178 29.5279 22.8566 25.9785 27.0784 36.5347 22.5995 22.4803 21.6751 37.5501
threshold=5.7000000000000002 1.4925730515485933 2.3057869817013859 1225.5000000000002 7.4899903495722056 2.0998119982874299 25.100000000000005 1.5082875444051556 4.5000000000000009 4.3301231699118468 116.7 11.300000000000002 34.45000000000001 167.45000000000005 48.350000000000001 1.3395671481745666 1.4925730515485935 3.6583333333333337 1.060005038625601 2.0897619874156743 1.8027222972291639 3.1750000000000003 10.458333333333334 1.268421171653102 1.7750000000000001 1.5000000000000002 3.6333333333333337 0.36666666666666675 0.64222852518808682 23.155373032169752
decision_type=10 10 10 10 10 10 10 10 10 10 2 10 10 10 10 8 10 10 10 10 10 10 10 10 10 10 10 10 8 2
left_child=8 5 3 7 -4 -2 -7 -3 -1 10 14 -11 -12 -14 22 18 17 -17 -16 20 21 -18 23 24 28 -26 -21 -25 29 -10
right_child=1 2 4 -5 -6 6 -8 -9 9 11 12 -13 13 -15 15 16 19 -19 -20 26 -22 -23 -24 27 25 -27 -28 -29 -30 -31
leaf_value=-9.6963478728597928e-05 -0.14694970477195013 0.078666724650455377 0.14293625108897687 -0.089511604674837819 0.010307170567767962 -0.10254351115889021 -0.0034868555453916395 -0.023935983890135376 0.14301857918617317 -0.080548462457954884 0.047785583172332162 0.027295564011567172 -0.12416414541502795 -0.021603398863226177 0.05737448530444117 0.04629254501174998 0.024461110729834666 0.20253829915415156 -0.06948690438084304 0.15636892368617869 -0.030754173772566652 0.12288731807044576 -0.066785927414894114 0.01875347831211556 0.15660761907470949 0.016002253689137953 0.019135841292639576 -0.048368366648498765 0.0011934005348755883 0.015927738003323182
leaf_weight=95719 21 28 20 33 35 36 48 35 32 54 22 36 30 44 27 27 236 22 50 28 83 35 40 87 33 42 21 117 363 85
leaf_count=95719 21 28 20 33 35 36 48 35 32 54 22 36 30 44 27 27 236 22 50 28 83 35 40 87 33 42 21 117 363 85
internal_value=-1.47065e-11 -0.0207593 0.010798 -0.0165518 0.0585359 -0.0661417 -0.0459397 0.0216652 5.46561e-05 0.00964044 0.0126142 -0.0374109 -0.037752 -0.0631821 0.0162551 0.0304007 0.039839 0.116444 -0.025003 0.0305247 0.0212466 0.037173 0.00688964 0.0107724 0.0219888 0.0778686 0.0975547 -0.0197429 0.0132576 0.0506876
internal_weight=97489 256 151 96 55 105 84 63 97233 1514 1424 90 96 74 1328 529 452 49 77 403 354 271 799 759 555 75 49 204 480 117
internal_count=97489 256 151 96 55 105 84 63 97233 1514 1424 90 96 74 1328 529 452 49 77 403 354 271 799 759 555 75 49 204 480 117
is_linear=0
shrinkage=0.1


Tree=73
num_leaves=31
num_cat=0
split_feature=75 51 86 59 6 88 7 0 51 42 15 104 109 40 17 107 18 22 47 4 38 111 1 102 48 89 11 24 6 5
split_gain=10.6036 23.3288 23.9335 20.0247 24.9797 20.4477 31.1927 37.2091 26.2462 24.6639 24.4887 24.6264 23.397 20.2828 19.938 27.1898 23.2748 29.0299 19.6776 18.8224 18.4493 22.0043 25.0858 24.0543 18.6832 18.0461 16.6322 16.488 19.0933 16.4277
threshold=4.5000000000000009 51.250000000000007 100.50000000000001 9.5000000000000018 25.700000000000006 40.850000000000001 3.2054617129463341 39.810000000000009 60.850000000000001 3.1000000000000005 2.300965664032824 105.75000000000001 21.22518822724162 1.5941176470588239 1.6711231563243534 2016.5000000000002 3.7750000000000004 3.8062500000000004 1.6320525746812935 32.157500000000013 2.2111111111111117 7.5000000000000009 12.953860428444779 3.5000000000000004 21.150000000000002 18.500000000000004 8.0376580269230384 1.1000000000000003 22.225000000000005 9.9021947325554631
decision_type=10 10 10 10 10 10 10 10 10 10 10 2 2 10 10 2 10 10 10 10 10 2 8 8 10 10 10 10 10 10
left_child=1 2 18 4 5 9 -7 8 10 -2 11 -8 -11 -12 -13 -16 29 -18 20 -6 21 22 -1 24 25 -23 -27 28 -14 -17
right_child=3 -3 -4 -5 19 6 7 -9 -10 12 13 14 27 -15 15 16 17 -19 -20 -21 -22 23 -24 -25 -26 26 -28 -29 -30 -31
leaf_value=0.0067331589646377685 0.0049516085569504967 -0.0076656000772558925 0.07902859841522418 9.824008240943005e-05 0.13168925136327744 0.1479673095420003 0.13222028572232492 -0.11296621382236481 -0.058587206900119787 -0.099503914810515737 0.063709070501120194 -0.0059175738133490086 -0.010129318026415373 -0.048122866126624024 0.15250443409383296 -0.078162314040078368 0.14804602723452262 0.032267547409925892 -0.01216663969223352 0.029802913868545812 -0.030623255578157399 0.00016651326561344809 0.042887620144972098 -0.0080960039251042355 0.035957809377863421 0.014265487230897501 0.10687880396842958 -0.046034007819042995 0.083089142982606543 0.031520772994392453
leaf_weight=1721 6187 5218 38 61968 25 20 31 20 33 37 23 74 118 55 25 22 32 67 1339 66 191 15621 216 3372 153 637 20 97 27 36
leaf_count=1721 6187 5218 38 61968 25 20 31 20 33 37 23 74 118 55 25 22 32 67 1339 66 191 15621 216 3372 153 637 20 97 27 36
internal_value=1.18004e-11 -0.00162158 -0.000268491 0.000670752 0.00574258 0.00505651 0.0259665 0.0201291 0.0268173 0.00364009 0.0345388 0.0480422 -0.0254437 -0.0151468 0.0378488 0.0556439 0.0402202 0.0696909 -0.000397983 0.0577937 0.000320554 0.000592415 0.0107648 -0.000402585 0.00117627 0.000849355 0.0170848 -0.0141205 0.0072286 -0.0100832
internal_weight=97489 28526 23308 68963 6995 6904 438 418 398 6466 365 287 279 78 256 182 157 99 23270 91 21931 21740 1937 19803 16431 16278 657 242 145 58
internal_count=97489 28526 23308 68963 6995 6904 438 418 398 6466 365 287 279 78 256 182 157 99 23270 91 21931 21740 1937 19803 16431 16278 657 242 145 58
is_linear=0
shrinkage=0.1


Tree=74
num_leaves=31
num_cat=0
split_feature=94 23 8 21 8 89 63 20 38 16 12 96 55 43 49 50 81 48 40 9 111 37 89 81 102 23 9 9 37 80
split_gain=10.6187 19.7041 30.6877 25.4702 26.6758 30.3975 32.2914 26.0641 22.9534 25.4829 23.6577 22.2252 22.0421 23.9487 21.3407 26.873 25.6209 21.2889 20.939 34.9331 23.9906 25.8282 27.2333 26.8172 24.3622 23.661 24.6018 24.2852 20.1843 19.8061
threshold=4.5000000000000009 3.6192103991251217 19.844444444444449 3.538673814184969 18.121428571428577 17.500000000000004 19.500000000000004 8.9500000000000011 4.1500000000000012 10.862500000000002 10.550000000000002 191.50000000000003 57.500000000000007 1.297417464888168 65.15000000000002 13.950000000000001 674.50000000000011 18.750000000000004 3.2565789473684217 9.8570335817474088 2.5000000000000004 2.8838617020628585 34.500000000000007 1225.5000000000002 2.5000000000000004 2.3330358214956437 5.1402546191566136 9.179990312122408 2.5980583915950088 850.0500000000003
decision_type=10 10 10 8 10 10 10 10 10 10 10 2 10 10 8 10 10 10 10 10 2 10 10 10 10 10 10 8 10 10
left_child=-1 3 -3 11 17 7 14 -6 -4 10 12 18 -10 -14 16 29 -7 -5 25 20 -20 22 23 24 -22 26 -2 -28 -27 -16
right_child=1 2 8 4 5 6 -8 -9 9 -11 -12 -13 13 -15 15 -17 -18 -19 19 -21 21 -23 -24 -25 -26 28 27 -29 -30 -31
leaf_value=0.00026951703649698825 -0.087690656246810134 -0.040775889210717786 0.071738752790472732 -0.011337908919332392 0.10191886210426067 -0.16170636007319328 0.030429398672921316 -0.052651938050985336 0.047483239695429807 -0.077490277533177984 0.12645507775956677 -0.0009016314141487219 -0.10945758071417611 0.014725904471494937 0.0073026705943048005 0.040417907505224532 -0.028401464365777521 0.10392305681651288 -0.12330881939377897 0.029607848899128538 -0.07717779006318827 0.066763976942747827 0.031491955916862935 -0.15844883085893735 0.019422937119897041 0.0028041731365216972 0.0068302320288633235 -0.088937657066818443 0.090222767868946341 -0.092844507322111663
leaf_weight=91394 58 71 99 59 24 46 35 20 84 27 21 4489 24 44 25 26 21 22 43 60 95 20 32 28 36 296 134 33 29 94
leaf_count=91394 58 71 99 59 24 46 35 20 84 27 21 4489 24 44 25 26 21 22 43 60 95 20 32 28 36 296 134 33 29 94
internal_value=1.14087e-11 -0.00404138 0.0183241 -0.00548684 -0.0307889 -0.0449169 -0.0585581 0.0316594 0.0323579 0.0128643 0.0269659 -0.00372851 0.0132207 -0.0291036 -0.0732494 -0.0516824 -0.119924 0.0199675 -0.0184158 -0.0390192 -0.0552303 -0.0413564 -0.052678 -0.0696178 -0.050631 -0.00665319 -0.0315811 -0.012094 0.0106046 -0.0718052
internal_weight=97489 6095 370 5725 372 291 247 44 299 200 173 5353 152 68 212 145 67 81 864 314 254 211 191 159 131 550 225 167 325 119
internal_count=97489 6095 370 5725 372 291 247 44 299 200 173 5353 152 68 212 145 67 81 864 314 254 211 191 159 131 550 225 167 325 119
is_linear=0
shrinkage=0.1


Tree=75
num_leaves=31
num_cat=0
split_feature=96 41 90 13 91 14 7 15 9 7 53 15 19 36 84 86 86 94 28 67 9 94 109 47 48 88 13 24 92 11
split_gain=10.4153 15.1576 29.8884 15.109 26.3867 15.9007 14.9824 11.2467 11.4954 11.9773 14.7144 16.4919 11.0602 11.2162 10.6723 21.5923 20.7665 29.4869 35.9228 22.5406 23.4897 26.0483 20.3647 20.1463 24.7778 27.0321 24.1602 22.896 33.6403 22.1953
threshold=287.00000000000006 1.1430124454743453 5.5000000000000009 4.9749346475555827 3.5000000000000004 9.7500000000000018 9.1323584042661228 4.8768158678488556 7.5428405994574765 4.8062346774148201 22.500000000000004 3.0853593989503953 2.3540578465190101 2.9000000000000004 34.500000000000007 41.500000000000007 109.50000000000001 5.5000000000000009 0.64852941176470602 7.5000000000000009 9.7550556651424127 3.5000000000000004 33.093771389459285 1.5939390995512388 2.9500000000000006 27.850000000000005 2.6645164420321699 0.55000000000000016 1.5000000000000002 7.358757756410907
decision_type=2 8 10 10 10 10 10 10 10 10 10 10 10 10 10 10 10 10 10 10 10 10 2 10 10 10 10 10 10 10
left_child=14 2 -2 6 5 -5 7 8 9 10 -3 -12 13 -11 16 -16 22 19 -19 20 23 -22 -1 24 25 -18 27 -25 -29 -26
right_child=1 3 -4 4 -6 -7 -8 -9 -10 12 11 -13 -14 -15 15 -17 17 18 -20 -21 21 -23 -24 26 29 -27 -28 28 -30 -31
leaf_value=0.00077082783260068151 0.12501692878191961 -0.0094074937422567659 0.009607772229973114 0.071657981425523751 0.12383974079233927 -0.043453085003420711 -0.073966797213587496 -0.062893830682151028 0.064978267287369815 -0.012920638451636849 -0.012535479461604899 0.093504362434826127 0.039345299116065428 -0.083321608749351336 -0.010294029833104776 -0.00079744203845888862 -0.025886625533278747 0.08049168473198301 -0.066276930341566051 0.12063935341482812 0.023629727408765479 0.14171804518949602 -0.009172886699194558 0.0029556356444954872 0.0089219789237303792 0.10026287964108038 -0.010398409117220177 0.11673564194555741 -0.0083768512925197335 -0.036963017503608413
leaf_weight=61460 34 63 66 20 28 30 27 24 32 118 22 44 31 28 2604 29720 26 21 81 22 47 31 2131 50 344 49 72 83 29 152
leaf_count=61460 34 63 66 20 28 30 27 24 32 118 22 44 31 28 2604 29720 26 21 81 22 47 31 2131 50 344 49 72 83 29 152
internal_value=-1.61386e-12 0.0135138 0.0488469 0.00594782 0.0461164 0.00259134 -0.00210655 0.00325319 0.00795002 0.00198628 0.0251608 0.0581577 -0.0149036 -0.0264222 -7.90566e-05 -0.00156248 0.00066323 0.0149113 -0.0360599 0.0206561 0.018165 0.0705623 0.000437604 0.013088 0.00296079 0.0565311 0.0378001 0.0592217 0.0843404 -0.00513955
internal_weight=97489 567 100 467 78 50 389 362 338 306 129 66 177 146 96922 32324 64598 1007 102 905 883 78 63591 805 571 75 234 162 112 496
internal_count=97489 567 100 467 78 50 389 362 338 306 129 66 177 146 96922 32324 64598 1007 102 905 883 78 63591 805 571 75 234 162 112 496
is_linear=0
shrinkage=0.1


Tree=76
num_leaves=31
num_cat=0
split_feature=103 89 29 19 23 16 24 29 47 24 103 85 105 49 29 23 20 40 0 60 36 104 33 22 9 82 81 95 29 5
split_gain=10.4116 17.4312 19.0284 26.3586 23.7618 19.7735 18.8708 18.7889 15.2695 15.0356 14.0396 20.005 23.6823 22.0102 18.9944 21.0071 24.3961 32.9717 21.0314 20.2931 24.0437 22.7432 28.8339 23.6954 34.5813 26.2441 31.4877 22.4324 21.453 23.1766
threshold=0.78650000000000009 23.500000000000004 1.1876953730592723 2.8982240028001192 2.3905882426841516 5.5131578947368434 1.9000000000000001 0.51086388904947722 1.8320968365291226 0.90000000000000013 0.58700000000000008 58.500000000000007 0.45000000000000007 88.500000000000014 1.605500361579342 3.9121941615792459 5.4142857142857155 3.215384615384616 29.09 4.5000000000000009 4.366666666666668 113.75000000000001 0.48549796400695738 6.7250000000000005 9.5673053669552193 122.50000000000001 1549.5000000000002 2.5000000000000004 1.1925034998819941 9.9474904266686757
decision_type=2 8 10 10 10 10 10 8 10 10 2 10 10 10 10 10 8 10 10 10 10 2 8 8 10 8 10 10 10 10
left_child=10 7 3 4 5 -3 -4 -2 -9 -10 -1 12 13 14 15 16 17 -12 -19 21 27 23 -23 24 28 -25 -27 -21 -18 -30
right_child=1 2 6 -5 -6 -7 -8 8 9 -11 11 -13 -14 -15 -16 -17 19 18 -20 20 -22 22 -24 25 -26 26 -28 -29 29 -31
leaf_value=0.00065541177563392336 0.058736987033132786 0.11132199642768897 -0.049454922814113206 -0.03510973276975362 0.17027980387210848 0.006986541024003274 0.064752704245240794 0.0034946312538037699 -0.12092295683920384 -0.0045955845713615421 0.0028896458882199283 -0.012607563965246772 -0.0032152873381279101 0.074826558410774832 -0.031334838114239892 -0.075771661909917992 0.0018647171559622415 -0.11865179627363026 -0.025623333089053631 0.14222656461410224 -0.012445967411622405 -0.0037091110339936093 0.11890303683043882 -0.046791324900781237 0.1074921307630009 0.018057778331361983 -0.076341022774577147 0.021474623620510103 0.098066465396966257 0.018404900222307161
leaf_weight=68639 59 34 39 23 24 39 23 840 20 25 5722 1674 18728 43 157 33 343 29 150 40 30 34 44 123 45 303 40 25 56 105
leaf_count=68639 59 34 39 23 24 39 23 840 20 25 5722 1674 18728 43 157 33 343 29 150 40 30 34 44 123 45 303 40 25 56 105
internal_value=-4.11257e-12 0.00956022 0.0378966 0.0611385 0.0839602 0.0555811 -0.00708758 0.00409706 0.000454397 -0.0562966 -0.000111711 -0.00201095 -0.00133 0.00349213 0.00307072 0.00382917 0.00419972 0.00156756 -0.040695 0.0172741 0.0616058 0.013421 0.0654567 0.00942218 0.0234991 -0.00716195 0.00704917 0.0957835 0.0159997 0.0461133
internal_weight=97489 1126 182 120 97 73 62 944 885 45 96363 27724 26050 7322 7279 7122 7089 5901 179 1188 95 1093 78 1015 549 466 343 65 504 161
internal_count=97489 1126 182 120 97 73 62 944 885 45 96363 27724 26050 7322 7279 7122 7089 5901 179 1188 95 1093 78 1015 549 466 343 65 504 161
is_linear=0
shrinkage=0.1


Tree=77
num_leaves=31
num_cat=0
split_feature=80 38 84 39 13 38 41 105 92 88 5 1 16 102 22 15 109 100 37 37 45 15 104 8 33 33 35 34 4 35
split_gain=10.2727 23.9628 10.9182 20.0663 23.4793 28.9882 23.1915 42.1498 26.89 34.6501 23.4047 23.1117 20.9549 20.176 31.6622 20.8537 19.5328 18.1583 25.3619 22.9307 17.5397 16.5625 21.2299 20.3495 27.9291 26.5479 20.3385 26.2765 18.815 17.3776
threshold=17.250000000000004 1.4142857142857144 14.500000000000002 2.7537836109275404 2.8106375667499899 3.5857142857142863 2.1868539568580014 0.22500000000000003 1.5000000000000002 47.750000000000007 11.204826849585332 9.8908796365150646 4.4058823529411777 1.5000000000000002 9.4750000000000014 4.139913626758907 19.251197809719375 1.0000000180025095e-35 2.3057869817013859 2.0246950765959606 2.8635615838089197 4.3211366339176811 116.45000000000002 15.225000000000001 1.1377339247471159 1.6482305137328706 1.3878497917710195 1.0250000000000001 42.052500000000016 0.5986938655656987
decision_type=8 10 10 10 10 10 10 8 10 10 10 10 10 8 10 10 2 2 10 10 10 10 2 10 10 10 10 10 10 10
left_child=1 -1 3 6 5 -5 13 10 17 11 -8 -10 -7 14 16 20 -2 18 -9 -19 -15 22 28 -23 29 26 27 -26 -17 -25
right_child=2 -3 -4 4 -6 12 7 8 9 -11 -12 -13 -14 15 -16 21 -18 19 -20 -21 -22 23 -24 24 25 -27 -28 -29 -30 -31
leaf_value=-0.0038010894493992232 0.077385955750942231 -0.045801421473321002 -0.00064302388590680153 0.09304797995835544 -0.10772406462993887 -0.12774691045284273 0.0093663692829154804 -0.029064925932990655 0.045702821287241853 -0.0018752770744404703 0.13594077912857758 0.19065314052118498 0.010848329650859039 -0.00037649738241832785 -0.11244383210485631 0.014040688907881075 0.007227184078687679 0.040965533453541314 0.085318400545252693 -0.067650716277686027 0.057760180409352935 0.016276502308703908 0.10106252604432836 0.019104683115368799 0.096356849128810262 -0.042959338808035916 0.11244634393263947 -0.030989882332641022 0.096345318877889274 -0.053313411256167925
leaf_weight=1099 40 155 63758 20 36 20 21 42 22 53 48 22 24 25558 22 267 5001 26 36 77 52 672 39 42 26 47 33 43 31 157
leaf_count=1099 40 155 63758 20 36 20 21 42 22 53 48 22 24 25558 22 267 5001 26 36 77 52 672 39 42 26 47 33 43 31 157
internal_value=-3.4987e-12 -0.00899252 0.000117178 0.00160959 -0.0431169 -0.00677529 0.00174773 0.0274612 0.0100978 0.0525819 0.0974181 0.118178 -0.0521495 0.00146916 0.00726147 0.000381665 0.00778389 -0.01267 0.0237274 -0.040233 -0.000258453 0.0124623 0.0316825 0.00611211 -0.0135157 0.0192238 0.0478769 0.0169958 0.0226026 -0.0380292
internal_weight=97489 1254 96235 32477 100 64 32377 347 278 97 69 44 44 32030 5063 26967 5041 181 78 103 25610 1357 337 1020 348 149 102 69 298 199
internal_count=97489 1254 96235 32477 100 64 32377 347 278 97 69 44 44 32030 5063 26967 5041 181 78 103 25610 1357 337 1020 348 149 102 69 298 199
is_linear=0
shrinkage=0.1


Tree=78
num_leaves=31
num_cat=0
split_feature=104 30 86 38 20 23 43 32 81 102 88 4 6 29 9 9 8 22 105 43 10 27 6 13 23 25 93 47 16 25
split_gain=10.0307 19.599 19.0451 15.1138 23.5095 20.1527 17.4655 15.1001 13.2409 12.5914 16.5389 13.9788 11.8908 20.5404 11.8408 19.0207 28.901 36.8541 24.7262 21.5409 20.7073 20.3212 19.2635 18.1378 14.5251 19.7663 22.0967 18.5722 24.9659 17.404
threshold=119.30000000000003 1.5500000000000003 63.500000000000007 3.5277777777777781 6.8500000000000005 2.8076493160534111 1.3227406337702019 0.47222222222222227 210.50000000000003 2.5000000000000004 36.650000000000013 35.922500000000014 40.100000000000009 1.2399033844939589 12.390407308574341 11.831455191788683 30.050000000000004 6.1125000000000007 1.0000000180025095e-35 1.3227406337702019 19.605555555555558 1.1995347124462643 21.700000000000006 5.024935347594087 2.6023771485489262 1.2746500939737988 1.5000000000000002 2.0348923461697965 5.1055555555555561 0.97871355387816916
decision_type=2 10 8 10 10 10 10 10 10 10 10 10 10 10 10 10 10 10 10 8 10 10 10 10 10 10 10 10 10 10
left_child=12 3 8 4 9 -6 -5 -7 -3 -2 11 -11 14 -14 15 -1 17 18 -17 -18 -20 -19 -22 24 25 26 29 28 -27 -16
right_child=1 2 -4 6 5 7 -8 -9 -10 10 -12 -13 13 -15 23 16 19 21 20 -21 22 -23 -24 -25 -26 27 -28 -29 -30 -31
leaf_value=0.00010030591032678397 -0.0051620206698326093 0.063610137516463355 0.11245229846239091 -0.12883603913790506 0.11759276430194195 -0.056938041318207983 -0.017867017143745782 0.065944508439861244 -0.040059984954340121 -0.024784899577869727 -0.080965427901595832 0.057788664576682185 -0.0024773865736819603 0.11630799236396949 0.0073782258029831092 -0.070661297481920987 0.043763055421877653 0.17001709938049317 -0.01855088491754776 -0.085047986345818727 0.10913449439198473 0.052489104266128232 0.025381560058725119 0.060756399676263818 -0.036529238721238901 0.15056544772603297 -0.09514098431576383 -0.037499422051012518 0.019591591186648192 -0.061912835405572603
leaf_weight=95133 792 22 25 23 26 20 37 20 28 301 50 22 37 24 171 27 20 28 55 37 43 31 76 31 241 22 33 25 43 46
leaf_count=95133 792 22 25 23 26 20 37 20 28 301 50 22 37 24 171 27 20 28 55 37 43 31 76 31 241 22 33 25 43 46
internal_value=1.4148e-11 -0.00850894 0.0411873 -0.011396 -0.00900727 0.0490537 -0.0604051 0.00450323 0.00555487 -0.0122966 -0.0274455 -0.0191607 0.00012092 0.0442578 9.2893e-05 0.000181793 0.0246365 0.0387741 0.0183763 -0.0398511 0.0321924 0.108265 0.0556452 -0.0137723 -0.0177489 -0.00443698 -0.0189039 0.0357488 0.0639212 -0.0073102
internal_weight=97489 1366 75 1291 1231 66 60 40 50 1165 373 323 96123 61 96062 95450 317 260 201 57 174 59 119 612 581 340 250 90 65 217
internal_count=97489 1366 75 1291 1231 66 60 40 50 1165 373 323 96123 61 96062 95450 317 260 201 57 174 59 119 612 581 340 250 90 65 217
is_linear=0
shrinkage=0.1


Tree=79
num_leaves=31
num_cat=0
split_feature=42 32 0 15 80 44 46 1 21 109 95 89 90 103 60 3 48 48 29 88 87 39 47 105 80 90 11 41 47 75
split_gain=9.69301 17.4895 27.3306 30.771 28.2432 34.8721 56.4504 28.9775 35.6394 34.202 26.317 23.6936 23.5025 28.913 25.3172 28.9583 35.4552 30.924 24.8163 22.2084 21.4095 20.4923 20.4842 27.8676 20.3506 20.3239 18.762 17.7727 16.9937 16.861
threshold=2.3666666666666671 0.89444444444444449 51.290000000000013 4.5466715132023046 2484.0500000000006 3.9500000000000006 3.6583333333333337 15.97477698325442 2.8372520229060441 26.071184120465436 1.0000000180025095e-35 22.500000000000004 4.5000000000000009 0.71600000000000008 1.0000000180025095e-35 14.794700620068022 20.750000000000004 15.050000000000002 1.268421171653102 67.15000000000002 154.50000000000003 2.3734597990784567 1.6265340057008615 1.0000000180025095e-35 1110.2 7.5000000000000009 9.2683671857062446 1.8318465738520364 1.6320525746812935 8.5000000000000018
decision_type=8 10 10 10 10 10 10 10 10 2 10 10 10 2 10 10 10 10 10 10 10 10 10 10 10 10 10 10 10 10
left_child=29 2 4 10 -2 7 -7 8 -6 -9 -4 -8 21 14 25 16 17 -16 -15 -3 -19 22 -12 -24 -17 -14 -25 28 -10 -1
right_child=1 19 3 -5 5 6 11 9 27 -11 12 -13 13 18 15 24 -18 20 -20 -21 -22 -23 23 26 -26 -27 -28 -29 -30 -31
leaf_value=-3.5615753821772104e-05 -0.0010962105233479522 -0.008069217591903868 0.10430503912708339 -0.076264145390854951 -0.026338234461938882 0.16274888255478193 0.06533554335092677 -0.023624759511305736 -0.13708429223015195 0.13721906274557114 0.023302168405868792 -0.043894045569357422 -0.085554583554433017 0.032838277316962677 0.030972262687187214 0.05275452424372945 0.021114045798058308 0.18661877440119334 0.18366350296884776 -0.05601831796754262 0.071822568913921719 0.06925750342197716 -0.15813213333487511 -0.074824265184967473 -0.046141917148122082 0.0032372641442891432 0.0107327938079834 -0.14220309866548972 -0.030499855536394394 0.0045583871084266406
leaf_weight=69194 15277 2215 34 36 314 24 29 39 21 20 55 63 37 24 61 28 391 33 20 101 32 25 20 48 81 85 55 43 52 9032
leaf_count=69194 15277 2215 34 36 314 24 29 39 21 20 55 63 37 24 61 28 391 33 20 101 32 25 20 48 81 85 55 43 52 9032
internal_value=-1.30724e-11 -0.00200939 -0.000895485 0.0146125 -0.00193541 -0.0231261 0.0261671 -0.0348194 -0.0438365 0.0308986 0.0177919 -0.00946298 0.0148356 0.0226166 0.0179825 0.0261043 0.03598 0.0821115 0.101395 -0.0101603 0.130104 -0.0155214 -0.0274286 -0.050113 -0.0207373 -0.0236914 -0.0291385 -0.0912026 -0.0611611 0.000494809
internal_weight=97489 19263 16947 1065 15882 605 116 489 430 59 1029 92 995 792 748 626 517 126 44 2316 65 203 178 123 109 122 103 116 73 78226
internal_count=97489 19263 16947 1065 15882 605 116 489 430 59 1029 92 995 792 748 626 517 126 44 2316 65 203 178 123 109 122 103 116 73 78226
is_linear=0
shrinkage=0.1


Tree=80
num_leaves=31
num_cat=0
split_feature=36 45 45 1 6 90 34 105 7 13 91 85 43 44 49 31 86 106 4 40 14 13 88 86 19 89 77 3 31 33
split_gain=9.60489 29.8356 16.5532 15.1773 14.4829 13.9644 24.7491 13.5571 12.7188 11.1216 11.0582 24.8426 33.3501 19.7923 11.1704 15.1291 10.4245 27.6615 34.7909 25.7424 26.128 22.3243 28.1224 34.4539 32.3189 30.0145 38.1114 34.1759 24.0355 24.4055
threshold=5.7000000000000002 1.4818885965154671 1.8870900731964169 11.807836380676511 27.300000000000001 4.5000000000000009 0.44722222222222224 0.36666666666666675 7.7588658965083308 2.9580278177943957 15.500000000000002 8.5000000000000018 1.3227406337702019 1.0500000000000003 64.65000000000002 0.82657830373090091 154.50000000000003 64.500000000000014 31.342500000000001 3.9045454545454548 8.6333333333333346 3.4496072113006448 51.050000000000004 218.50000000000003 4.0280256168244497 28.500000000000004 6.5000000000000009 9.3325118686040831 1.5082875444051553 1.2549856481231825
decision_type=10 8 8 10 10 10 10 10 10 10 10 8 10 10 10 10 10 2 10 10 10 10 10 10 10 10 10 10 10 10
left_child=10 3 7 4 -2 -4 -7 -3 -9 -5 16 12 -12 -13 -15 -16 -1 18 -18 20 -20 -19 23 24 28 26 27 -24 29 -23
right_child=1 2 5 9 -6 6 -8 8 -10 -11 11 13 -14 14 15 -17 17 21 19 -21 -22 22 25 -25 -26 -27 -28 -29 -30 -31
leaf_value=-0.00023861555461736399 -0.13980697821243668 -0.016138249813494359 0.049899412759325724 0.033458859507333148 -0.03932685158573665 0.021637787157669664 -0.10003900747214045 0.13848063115961851 0.02829572598486927 -0.06599340477715368 0.17334025962197264 0.084856164590878927 0.0080315218235437694 0.042449244643960687 -0.07897678773577621 0.018536731958962407 0.15787494351034581 0.0062872213566751538 0.022383082336322829 -0.074125609614632354 0.13958069397055584 -0.0032208338838426651 -0.079897363655842268 -0.072820935515733834 -0.11836798731927518 -0.011565023038822871 0.1598353234274934 0.048042995728912574 0.09388654841029126 -0.087473756484197168
leaf_weight=91880 32 22 22 22 26 32 35 20 22 23 23 22 26 21 41 26 23 4032 110 22 23 361 26 119 27 260 24 106 23 38
leaf_count=91880 32 22 22 22 26 32 35 20 22 23 23 22 26 21 41 26 23 4032 110 22 23 361 26 119 27 260 24 106 23 38
internal_value=-2.39184e-11 -0.0193444 0.00866607 -0.0609522 -0.0947642 -0.0192266 -0.0419247 0.0474543 0.0807647 -0.0173723 5.09309e-05 0.0264014 0.0856254 1.97863e-05 -0.0211893 -0.0411357 7.7708e-06 0.00436626 0.0431059 0.0260757 0.0426503 0.00299152 -0.0105128 -0.0249806 -0.0123013 0.00924127 0.0439184 0.0228426 -0.00551501 -0.0112449
internal_weight=97489 256 153 103 58 89 67 64 42 45 97233 159 49 110 88 67 97074 5194 178 155 133 5016 984 568 449 416 156 132 422 399
internal_count=97489 256 153 103 58 89 67 64 42 45 97233 159 49 110 88 67 97074 5194 178 155 133 5016 984 568 449 416 156 132 422 399
is_linear=0
shrinkage=0.1


Tree=81
num_leaves=31
num_cat=0
split_feature=94 4 72 56 72 43 41 59 14 86 85 67 1 82 14 40 84 23 84 21 26 91 77 38 9 9 15 104 104 40
split_gain=9.74155 17.2122 25.1826 29.6195 23.7128 38.6965 26.3484 25.1465 23.2805 22.5261 22.2938 21.4855 21.3665 33.8882 34.9384 23.8756 23.0824 21.5273 37.6552 24.7646 21.9108 32.4828 26.3568 21.2553 20.4307 20.132 19.2821 25.0784 22.1711 19.0966
threshold=4.5000000000000009 38.492500000000014 2.5000000000000004 9.5000000000000018 1.5000000000000002 1.3227406337702019 1.5085524631031704 6.5000000000000009 2.5277777777777781 143.50000000000003 25.500000000000004 5.5000000000000009 5.8989405826982093 118.50000000000001 9.4500000000000011 3.3038461538461541 33.500000000000007 3.6192103991251217 17.500000000000004 3.538673814184969 1.4722222222222225 12.500000000000002 6.5000000000000009 4.0500000000000007 7.2709465911543019 7.006346150021761 3.2136858948350251 106.75000000000001 111.75000000000001 3.6125000000000003
decision_type=8 8 10 10 10 10 10 10 8 10 10 10 8 10 10 10 10 10 10 10 10 10 8 10 10 8 10 2 2 10
left_child=-1 4 3 8 6 25 7 -2 -3 -8 -11 -7 13 15 16 -10 -15 19 24 -14 22 -22 -21 -16 -19 -6 27 -4 -29 -17
right_child=1 2 26 -5 5 11 9 -9 12 10 -12 -13 17 14 23 29 -18 18 -20 20 21 -23 -24 -25 -26 -27 -28 28 -30 -31
leaf_value=0.00026450236808644133 0.1014857800366978 0.087804447739355029 0.040310578942298891 0.099691374263455798 0.018148003475204722 0.043669942021369937 -0.02661939944368015 -0.0022676958787357583 0.034807088422692485 0.028350347801222933 -0.038403410551278563 0.15696370947090063 -0.0017647755500929483 0.12388427326117049 0.016693714067626458 -0.14794365294277667 0.042951597290713406 0.17911588206887247 0.0060599625602157578 -0.099241066938619837 -0.030450228091191363 0.11185790362767876 -0.00042415163139017625 -0.10809266638188136 0.053058049822640091 -0.064715656181987449 0.003866035238790669 -0.13039840544321732 -0.032695280545287662 -0.026660700751518881
leaf_weight=91110 24 31 20 31 73 70 1233 876 36 159 73 22 2682 44 39 20 177 20 216 79 81 20 41 21 36 49 76 48 45 37
leaf_count=91110 24 31 20 31 73 70 1233 876 36 159 73 22 2682 44 39 20 177 20 216 79 81 20 41 21 36 49 76 48 45 37
internal_value=1.24871e-11 -0.00377784 0.00050149 0.0023639 -0.0100832 0.0217936 -0.0129676 0.000499063 0.00152112 -0.0212406 0.00734593 0.0707619 0.000767448 0.0233748 0.040692 -0.0289491 0.0590649 -0.00189559 0.025005 -0.00441608 -0.0365916 -0.0022704 -0.0654786 -0.0269815 0.0980787 -0.0151333 -0.0350814 -0.0612761 -0.0831227 -0.0692161
internal_weight=97489 6379 3800 3611 2579 214 2365 900 3580 1465 232 92 3549 374 281 93 221 3175 272 2903 221 101 120 60 56 122 189 113 93 57
internal_count=97489 6379 3800 3611 2579 214 2365 900 3580 1465 232 92 3549 374 281 93 221 3175 272 2903 221 101 120 60 56 122 189 113 93 57
is_linear=0
shrinkage=0.1


Tree=82
num_leaves=31
num_cat=0
split_feature=104 80 41 86 28 13 19 41 105 34 43 5 27 3 9 5 29 16 21 95 45 89 11 19 39 7 29 32 83 80
split_gain=9.46255 15.8722 23.0709 17.0942 15.4435 20.8918 29.0754 25.1418 28.0825 27.5578 20.6212 20.6146 27.7766 24.9202 26.6848 20.4768 20.3433 19.8769 21.854 19.3462 18.8315 18.7002 41.8028 18.4565 31.7037 24.9543 23.7968 19.489 18.8452 21.8899
threshold=113.35000000000001 3587.4000000000001 1.6946651265431087 246.50000000000003 1.925 1.760452594784355 3.7947103165848817 1.8726638949827541 0.22500000000000003 0.8377192982456142 1.0477225575051665 10.500924771281952 2.0013879257199876 9.3585759837821616 7.6394440002341719 10.758457505355453 1.5200405647689308 6.3568181818181824 3.3631979121742339 1.5000000000000002 0.6324555320336761 28.500000000000004 6.6450416806492933 2.6925663951105041 2.2779080526330842 9.0332701367076176 1.7152559311451718 0.5277777777777779 284.50000000000006 1090.9000000000003
decision_type=2 10 10 10 8 8 10 10 8 10 10 8 10 8 10 10 10 10 10 10 10 10 10 10 10 10 10 8 10 8
left_child=4 3 -3 -2 -1 6 7 8 10 20 -6 12 17 14 15 -13 19 21 -19 -17 -10 -7 -23 24 -15 -26 28 -28 29 -25
right_child=1 2 -4 -5 5 11 -8 -9 9 -11 -12 13 -14 23 -16 16 -18 18 -20 -21 -22 22 -24 26 25 -27 27 -29 -30 -31
leaf_value=0.00094750773805958263 -0.0015090563480999904 0.12839089029509088 -0.0079014180400042312 -0.067758458365614602 0.13208442529042561 -0.017347143067250392 -0.095968138951808224 -0.055953394720194095 0.059434084995434837 -0.10036539114354288 0.0035410592941424023 0.14977912351489067 0.076812871936708702 0.0028694755019838454 -0.067387644052505496 0.027513344146502323 -0.0049529226158152931 -0.067338036309670793 0.012434176666041215 0.13071507149759462 -0.014081134859597831 -0.055099149183793508 0.12910401759935278 -0.01430798677149518 0.031936668800680267 0.16993691124022009 -0.018012747625189444 0.094119038000222185 -0.00069743483685530145 -0.083736261176435567
leaf_weight=65522 29260 23 27 39 24 348 50 126 39 34 26 20 30 774 20 39 55 145 45 34 327 22 28 87 38 20 31 31 130 95
leaf_count=65522 29260 23 27 39 24 348 50 126 39 34 26 20 30 774 20 39 55 145 45 34 327 22 28 87 38 20 31 31 130 95
internal_value=1.90311e-13 -0.00150117 0.054793 -0.00159724 0.000646579 -0.00688491 -0.0228202 -0.0164706 -0.0054154 -0.0142476 0.0652419 -0.00187712 -0.0170456 0.00494538 0.0410283 0.0556791 0.040976 -0.0218343 -0.0484446 0.0755799 -0.00624755 -0.00913084 0.0480546 -8.10991e-05 0.00821311 0.079523 -0.0185324 0.0380531 -0.0297769 -0.050548
internal_weight=97489 29349 50 29299 68140 2618 626 576 450 400 50 1992 618 1374 168 148 128 588 190 73 366 398 50 1206 832 58 374 62 312 182
internal_count=97489 29349 50 29299 68140 2618 626 576 450 400 50 1992 618 1374 168 148 128 588 190 73 366 398 50 1206 832 58 374 62 312 182
is_linear=0
shrinkage=0.1


Tree=83
num_leaves=31
num_cat=0
split_feature=103 104 104 40 61 88 107 103 9 96 61 18 48 104 19 96 26 12 71 40 109 12 40 19 2 37 29 27 71 96
split_gain=9.41213 26.5861 32.4424 30.7779 36.6941 29.6197 26.1093 25.46 35.0849 23.4321 23.126 28.1884 23.1099 24.1195 42.6986 26.9703 25.9133 24.6123 22.1981 22.1203 30.6351 34.8197 55.3408 41.7522 28.1004 23.2797 24.4399 32.2162 27.7989 24.1436
threshold=0.54700000000000015 111.15000000000002 110.95000000000002 2.4522727272727276 8.5000000000000018 48.95000000000001 2023.5000000000002 0.48700000000000004 6.4100613011313365 224.50000000000003 22.500000000000004 12.700000000000001 16.850000000000005 114.75000000000001 2.7461990305844415 202.50000000000003 1.2928571428571431 14.300000000000002 4.5000000000000009 3.1055555555555561 25.534565366187547 6.9000000000000012 3.6583333333333337 2.9580278177943957 41.935000000000009 0.86554360876699599 1.1915269771356505 1.3197184163705313 2.5000000000000004 203.50000000000003
decision_type=2 2 2 10 10 10 2 2 10 2 10 10 10 2 10 2 10 10 10 10 2 10 10 10 10 10 10 10 10 2
left_child=7 2 -2 -4 -5 6 9 10 -9 -6 11 -1 -10 17 15 -15 -16 19 -7 25 -21 22 24 -24 -22 -14 27 28 29 -27
right_child=1 -3 3 4 5 18 -8 8 12 -11 -12 -13 13 14 16 -17 -18 -19 -20 20 21 -23 23 -25 -26 26 -28 -29 -30 -31
leaf_value=-0.00041250929927553472 -0.00018480137419383212 -0.0045004375151052141 0.0076408394895623516 0.10095472127859351 -0.012359477189936859 0.11767467752746914 -0.082160506153013568 0.00075700351051143273 0.0066549950557878296 0.075269852671772247 -0.082838933432803435 0.085755791470996656 -0.013909065786469728 0.11177960413775651 0.061204101466997111 -0.006016144347558549 0.2114572435617447 0.11762758656404913 0.0034504761781405519 -0.029031387371644721 0.10592978926036845 -0.0040152728346834797 0.24051160550055406 0.044877183064818388 -0.028147371860190847 0.13442634085156754 0.00082864331400670703 0.16815021134912969 0.028575419116980184 0.022523209777089857
leaf_weight=40406 26117 15017 1510 79 87 46 32 8931 3540 47 34 38 125 26 22 77 24 24 27 219 22 232 24 20 54 51 178 20 429 31
leaf_count=40406 26117 15017 1510 79 87 46 32 8931 3540 47 34 38 125 26 22 77 24 24 27 219 22 232 24 20 54 51 178 20 429 31
internal_value=2.13232e-11 -0.00110695 0.000716626 0.0135955 0.0418707 0.0223409 -0.00100438 0.000872173 0.00454001 0.0183762 -0.000400851 -0.000331548 0.0111414 0.021206 0.0594932 0.0237187 0.139597 0.0172139 0.0754274 0.0154986 0.00033433 0.0186045 0.062336 0.151587 0.0106644 0.0258809 0.0328961 0.0436456 0.0387726 0.0921215
internal_weight=97489 42962 27945 1828 318 239 166 54527 14049 134 40478 40444 5118 1578 149 103 46 1429 73 1405 571 352 120 44 76 834 709 531 511 82
internal_count=97489 42962 27945 1828 318 239 166 54527 14049 134 40478 40444 5118 1578 149 103 46 1429 73 1405 571 352 120 44 76 834 709 531 511 82
is_linear=0
shrinkage=0.1


Tree=84
num_leaves=31
num_cat=0
split_feature=103 21 39 55 55 37 2 17 90 46 11 96 36 33 3 26 103 82 0 87 42 39 17 94 37 83 39 39 20 40
split_gain=9.28089 25.9187 21.1305 18.7372 17.6785 15.8065 12.7609 13.0123 12.9266 11.332 18.5269 14.5997 17.1102 15.3804 14.5568 14.5419 10.2133 19.3118 21.6818 32.6923 43.1486 25.1436 23.9892 22.9773 22.5353 22.3048 18.3293 17.8548 22.3917 25.6238
threshold=0.82300000000000006 2.906888213684518 1.9450787371846461 43.500000000000007 41.500000000000007 1.297417464888168 38.425000000000011 2.97857179406452 8.5000000000000018 1.8480769230769234 4.9149342751913725 199.50000000000003 1.1000000000000003 0.52229772310074785 10.148587750683634 0.38750000000000007 0.58700000000000008 530.50000000000011 57.620000000000005 31.500000000000004 1.3666666666666669 1.854423534450824 4.1718037761484412 4.5000000000000009 1.658243862791825 121.50000000000001 0.70315633998332439 1.9134024677363375 7.3500000000000005 4.7250000000000005
decision_type=2 8 10 10 10 10 10 10 10 10 10 2 10 10 10 10 2 10 10 10 10 10 10 10 10 8 10 8 10 10
left_child=16 2 3 4 6 -5 7 9 -9 10 15 -12 -13 -14 -11 -2 27 18 -18 22 -21 23 25 -22 -23 -20 -19 28 29 -1
right_child=1 -3 -4 5 -6 -7 -8 8 -10 14 11 12 13 -15 -16 -17 17 26 19 20 21 24 -24 -25 -26 -27 -28 -29 -30 -31
leaf_value=0.00075135465686167755 0.067542731466478309 -0.072177108941656173 0.11754413569079979 -0.077648069145711707 0.11033104766498913 0.02193718416882413 0.095685537736862905 0.0099821572683544621 -0.083620004981756216 0.022728478333779747 0.0039888646453619002 0.036360596575670777 0.19339780971407891 0.069380145967006687 -0.081077987209639768 -0.013667373218492646 -0.0014500061927538224 0.064800903467195373 0.054186847525521775 0.17887311623148297 0.023506208016322208 0.15885710912671958 -0.10714903492480517 -0.099064684808254255 0.040538899740204221 -0.053653380581561265 -0.017214938513145144 -0.0046481048492837719 0.010515299963147415 -0.094933523849717205
leaf_weight=60244 29 33 21 37 22 28 20 36 25 35 30 36 20 20 22 92 27008 28 44 23 65 22 24 20 60 34 1016 5946 2421 28
leaf_count=60244 29 33 21 37 22 28 20 36 25 35 30 36 20 20 22 92 27008 28 44 23 65 22 24 20 60 34 1016 5946 2421 28
internal_value=-2.47209e-11 0.013508 0.019486 0.0149302 0.0232744 -0.0347498 0.0180271 0.0135252 -0.0283794 0.0225258 0.0325355 0.0630586 0.0863755 0.131389 -0.0173372 0.00579621 -7.04765e-05 -0.00166742 -0.00115698 0.0259463 0.0504625 0.0327772 -0.0197213 -0.005334 0.0722828 0.00717957 -0.0150153 0.000588971 0.00108567 0.000706903
internal_weight=97489 506 473 452 387 65 365 345 61 284 227 106 76 40 57 121 96983 28344 27300 292 190 167 102 85 82 78 1044 68639 62693 60272
internal_count=97489 506 473 452 387 65 365 345 61 284 227 106 76 40 57 121 96983 28344 27300 292 190 167 102 85 82 78 1044 68639 62693 60272
is_linear=0
shrinkage=0.1


Tree=85
num_leaves=31
num_cat=0
split_feature=104 73 37 39 13 23 89 106 9 90 39 69 105 19 56 13 6 90 102 13 45 48 26 84 88 25 43 34 43 89
split_gain=9.16506 18.1267 15.9206 39.2231 61.1776 32.1533 23.4173 28.8211 24.9804 20.3384 19.2625 23.6592 19.9861 24.187 17.6386 20.7274 17.0697 16.9746 15.6432 27.8036 25.8188 27.433 18.7613 20.1679 23.8993 17.7068 16.3975 15.2396 14.7857 14.2466
threshold=102.75000000000001 7.5000000000000009 2.3540578465190101 1.8272620441316241 1.9746794344808967 2.7422137633813093 29.500000000000004 212.50000000000003 7.1631772772329905 5.5000000000000009 1.4414292762296912 6.5000000000000009 0.63333333333333341 2.3978930965105625 4.5000000000000009 2.70493200938329 13.225000000000001 5.5000000000000009 1.5000000000000002 3.8209722277340594 2.1666632529072034 13.850000000000003 1.0500000000000003 106.50000000000001 52.350000000000001 1.1897227048854206 0.97871355387816916 2.6076923076923082 1.5543320308680684 20.500000000000004
decision_type=2 10 10 10 10 10 10 2 10 10 10 10 8 10 10 8 10 10 10 10 10 10 10 10 10 10 10 10 10 10
left_child=1 2 3 6 5 -5 8 -8 10 -9 11 14 16 -14 -1 -16 -12 -6 28 20 21 25 -23 -24 -25 26 -20 -13 -3 -10
right_child=-2 18 -4 4 17 -7 7 9 29 -11 12 27 13 -15 15 -17 -18 -19 19 -21 -22 22 23 24 -26 -27 -28 -29 -30 -31
leaf_value=0.0046232109548620583 -0.0001696220369537026 -0.072351318592471736 -0.039203291894292891 0.085248926889151339 -0.044341042483361758 0.23527335852384568 0.044305328029607023 -0.12122817209197417 0.019124771554821306 -0.027005775580330502 -0.035009445353514621 0.13024164406725994 -0.020581696538259739 -0.11246626068125753 -0.010768989778377792 0.11614747169998385 0.051823108730318604 0.04460988544755512 -0.070477652837606999 -0.085345420900832969 -0.10344046890735625 0.11515529537573457 0.0029249516078110401 0.14239009028443925 -0.0010417207365944273 -0.11438359225338156 0.045826107539512495 0.015706453153065274 0.021632748232646423 0.06052835978898069
leaf_weight=1313 94594 70 67 50 41 20 35 36 252 63 36 26 182 34 22 31 61 45 22 37 20 24 145 26 21 22 27 21 22 124
leaf_count=1313 94594 70 67 50 41 20 35 36 252 63 36 26 182 34 22 31 61 45 22 37 20 24 145 26 21 22 27 21 22 124
internal_value=-1.40392e-11 0.00554239 0.00887435 0.010221 0.0587011 0.128113 0.00683867 -0.0336932 0.00942253 -0.0612685 0.00433441 0.00930647 -0.0181113 -0.035045 0.00690624 0.0634652 0.0195966 0.00220305 -0.0132495 -0.00345384 0.00641583 0.0140713 0.0317968 0.021377 0.0783035 -0.0398541 -0.00639191 0.0790663 -0.0498769 0.0327791
internal_weight=97489 2895 2459 2392 156 70 2236 134 2102 99 1726 1413 313 216 1366 53 97 86 436 344 307 287 216 192 47 71 49 47 92 376
internal_count=97489 2895 2459 2392 156 70 2236 134 2102 99 1726 1413 313 216 1366 53 97 86 436 344 307 287 216 192 47 71 49 47 92 376
is_linear=0
shrinkage=0.1


Tree=86
num_leaves=31
num_cat=0
split_feature=18 42 29 9 11 27 89 37 5 3 7 32 13 41 56 27 6 48 91 1 35 1 88 39 60 52 100 5 90 102
split_gain=9.06335 12.6188 30.44 21.0371 24.8215 32.9059 24.7837 24.2557 22.1719 21.9303 21.0806 20.7386 25.1576 20.3169 32.333 25.4248 23.5606 29.9548 27.5963 25.6003 30.6046 32.7251 30.8299 30.7276 26.3727 25.6982 24.2479 24.9605 24.1068 23.7464
threshold=0.55000000000000016 1.2250000000000003 1.9207997832131747 9.2523270297488249 9.7666861151773734 1.6683250231923858 23.500000000000004 2.6925663951105041 11.82214135898843 8.3107360282784004 2.6925663951105041 0.47222222222222227 2.1407836215144651 1.6635834376466676 11.500000000000002 0.43129778659994128 32.100000000000009 43.45000000000001 3.5000000000000004 12.796386208598832 0.5524099002227052 13.63435000253385 26.250000000000004 2.0803307417005787 1.5000000000000002 2.5000000000000004 1.0000000180025095e-35 7.2003060972638666 3.5000000000000004 3.5000000000000004
decision_type=8 8 10 10 10 10 10 10 10 10 10 10 10 10 8 10 10 10 10 10 10 10 10 10 10 10 2 10 10 10
left_child=-1 13 3 -3 5 9 -7 8 11 -5 -11 12 -6 -2 15 -15 17 19 -18 26 28 22 -22 25 -25 -24 27 -17 -21 -29
right_child=1 2 -4 4 7 6 -8 -9 -10 10 -12 -13 -14 14 -16 16 18 -19 -20 20 21 -23 23 24 -26 -27 -28 29 -30 -31
leaf_value=-0.0035131438873967505 0.0021966809069964037 -0.0016142203068633461 -0.079710168132976614 0.082996382965491375 -0.046574379865227167 0.12904697465590942 0.026648611190418406 -0.049070321943546685 0.0032673571064850415 0.10989838663488627 0.0069104242439075583 -0.080291868206704906 0.0442169653799604 -0.060741782314484807 0.044426942639108888 -0.053272350256641711 -0.071285826322578252 -0.076601327280119313 0.05253370401582548 -0.068315068359541542 0.13263616526597424 0.0061299044302467152 0.16219730582975209 -0.11076047695039407 0.033756743624274221 0.038216764902378006 -0.016796752086694091 -0.0016430482431892151 0.0012909491422275704 0.042238918618348081
leaf_weight=6829 40613 39593 49 39 76 39 60 116 1257 20 3183 63 51 82 133 87 21 59 126 85 38 825 21 23 28 82 1944 1694 120 133
leaf_count=6829 40613 39593 49 39 76 39 60 116 1257 20 3183 63 51 82 133 87 21 59 126 85 38 825 21 23 28 82 1944 1694 120 133
internal_value=-1.5253e-12 0.000264629 -0.000935735 -0.000848988 0.0053292 0.0101953 0.0669874 -0.00507234 -0.0015452 0.00846104 0.0075535 -0.0333841 -0.0101149 0.00142418 -0.0042791 -0.00548586 -0.00462869 -0.00575783 0.0348452 -0.00493505 0.00767847 0.0147836 0.0519677 0.0320624 -0.0314177 0.0634944 -0.00893031 -0.000940565 -0.0275701 0.00155142
internal_weight=97489 90660 44546 44497 4904 3341 99 1563 1447 3242 3203 190 127 46114 5501 5368 5286 5139 147 5080 1222 1017 192 154 51 103 3858 1914 205 1827
internal_count=97489 90660 44546 44497 4904 3341 99 1563 1447 3242 3203 190 127 46114 5501 5368 5286 5139 147 5080 1222 1017 192 154 51 103 3858 1914 205 1827
is_linear=0
shrinkage=0.1


Tree=87
num_leaves=31
num_cat=0
split_feature=75 26 46 86 18 38 50 96 61 3 89 94 19 36 105 9 59 48 104 104 85 13 49 40 3 2 0 38 102 13
split_gain=8.88874 19.3601 17.4212 22.0619 21.6924 21.5065 21.1515 21.3564 19.4721 17.9971 16.8284 22.8998 21.2899 17.8164 18.7681 21.3503 16.5461 20.7908 24.5266 23.5848 26.3839 29.8115 30.1705 24.3655 28.2182 22.5173 19.6569 20.2887 22.5389 24.3777
threshold=4.5000000000000009 1.7750000000000001 1.6055555555555558 66.500000000000014 4.7083333333333348 2.1055555555555561 6.1000000000000005 192.50000000000003 3.5000000000000004 12.105278921918357 15.500000000000002 2.5000000000000004 0.86554360876699576 1.1000000000000003 0.77500000000000013 4.3845867316520009 9.5000000000000018 12.250000000000002 112.65000000000002 116.05000000000001 5.5000000000000009 1.1474379817391951 40.250000000000007 2.6076923076923082 9.1344646499258761 32.225000000000016 41.610000000000014 3.8166666666666669 2.5000000000000004 1.8818990709935315
decision_type=10 10 10 10 10 10 10 2 8 8 10 10 10 10 10 10 10 8 2 2 10 10 8 10 10 10 10 10 10 10
left_child=1 2 3 5 10 6 -1 -8 -7 -10 13 12 -12 14 15 -5 17 26 25 20 21 22 -20 24 -21 -19 27 -2 29 -29
right_child=16 -3 -4 4 -6 8 7 -9 9 -11 11 -13 -14 -15 -16 -17 -18 18 19 23 -22 -23 -24 -25 -26 -27 -28 28 -30 -31
leaf_value=-0.0010406586985943871 0.0017929262952909885 -0.018806044742298838 -0.0068137252953999168 0.0049465507982180473 0.10355070670721707 -0.094347893943389272 0.052400863373546096 0.0082192617749615709 -0.035394722120346209 0.050536605905395965 -0.008407455527534087 -0.023390909797615475 0.080289011245268757 -0.004891670452908785 -0.019984367501887462 0.081957163838004443 9.3706973326914482e-05 0.019709817307307663 0.037910078852264967 -0.020628327284103784 0.12432258822347807 0.019461750051100988 0.19566988376053898 -0.081211646965571815 0.11902917416199395 -0.019209645090255596 0.073718480538958922 0.038726582921041947 -0.035188117623329164 0.17339138343930247
leaf_weight=21214 5841 631 4470 63 27 42 123 990 114 31 36 45 109 493 54 84 61968 472 27 39 46 158 22 28 23 217 39 41 22 20
leaf_count=21214 5841 631 4470 63 27 42 123 990 114 31 36 45 109 493 54 84 61968 472 27 39 46 158 22 28 23 217 39 41 22 20
internal_value=-6.4699e-12 -0.00148467 -0.00109285 -1.18405e-06 0.0152551 -0.00061851 -0.000335655 0.0131019 -0.0343902 -0.0170232 0.0125583 0.0389276 0.0582678 0.00533903 0.0304322 0.0489526 0.000614122 0.00522443 0.0183293 0.0401788 0.0558186 0.0405955 0.108741 -0.00378622 0.0311801 0.00745216 0.00295639 0.00249054 0.0515841 0.082879
internal_weight=97489 28526 27895 23425 911 22514 22327 1113 187 145 884 190 145 694 201 147 68963 6995 1032 343 253 207 49 90 62 689 5963 5924 83 61
internal_count=97489 28526 27895 23425 911 22514 22327 1113 187 145 884 190 145 694 201 147 68963 6995 1032 343 253 207 49 90 62 689 5963 5924 83 61
is_linear=0
shrinkage=0.1


Tree=88
num_leaves=31
num_cat=0
split_feature=97 35 27 29 27 12 103 83 86 19 88 40 16 103 37 111 44 103 38 107 87 91 9 36 50 15 12 37 107 51
split_gain=8.75505 20.2405 21.3567 43.0202 27.0607 30.5717 22.6648 20.0962 23.9828 27.6146 19.5441 18.956 21.3706 20.0605 18.0526 17.7735 22.2947 22.5825 20.0404 27.9869 31.5038 26.1349 22.8921 22.6562 21.9624 19.5613 24.3206 31.0943 31.3922 26.9724
threshold=17.500000000000004 1.0415875230986351 1.1345929217113879 1.1371504998787871 0.99721446300587679 8.1000000000000014 0.39800000000000008 444.50000000000006 161.50000000000003 1.2415253053016908 64.950000000000017 4.4250000000000016 8.7638888888888911 0.7400000000000001 1.6905725903640423 6.5000000000000009 5.5500000000000007 0.46050000000000008 4.0500000000000007 2019.5000000000002 133.50000000000003 6.5000000000000009 10.241798883540156 4.9000000000000012 -1.0000000180025095e-35 1.9720245820893705 4.366666666666668 2.3839717100551412 2011.5000000000002 69.15000000000002
decision_type=2 10 10 10 8 10 2 10 8 10 10 10 10 2 8 2 8 2 8 2 10 10 10 10 10 8 10 10 2 10
left_child=15 2 4 10 -2 6 14 8 -3 -10 -4 12 13 -5 -6 16 25 -18 23 20 -20 22 -21 -17 -25 26 -1 28 -28 -29
right_child=1 7 3 11 5 -7 -8 -9 9 -11 -12 -13 -14 -15 -16 18 17 -19 19 21 -22 -23 -24 24 -26 -27 27 29 -30 -31
leaf_value=0.0034593175997881713 0.00053147525765262959 -0.01738352242490887 -0.048479863049569055 -0.0079731387762058438 0.091796922021811569 0.078372456773649901 0.00074927958631818004 -0.077799087235083192 0.10538300769403577 0.0038282605649040246 0.051343749747389845 0.093966718097882609 0.062563695500091637 0.061037360893731768 -0.018882705569267272 -0.00033464219661220158 0.11917158806640092 0.010762981697916986 0.0068754840327608507 -0.031046534409480436 -0.11870397414479937 -0.085526332118931944 0.071289967993895212 0.14897484149783852 0.0041848196563395584 0.00075179468318097931 -0.074835123357019931 0.01898241137775282 0.017278180156133444 0.12342363749174219
leaf_weight=3449 1642 1172 297 987 56 96 266 48 32 164 21 21 49 44 20 73769 33 46 410 245 21 85 24 20 22 12910 38 48 1403 51
leaf_count=3449 1642 1172 297 987 56 96 266 48 32 164 21 21 49 44 20 73769 33 46 410 245 21 85 24 20 22 12910 38 48 1403 51
internal_value=5.07037e-12 -0.00411277 -3.0438e-05 -0.00948923 0.00642246 0.0285069 0.0145096 -0.0142004 -0.0119689 0.0204086 -0.0418877 -0.000131628 -0.00196132 -0.00502798 0.0626707 0.000218358 0.00304082 0.0560476 -0.00046187 -0.0163554 0.000756763 -0.0371898 -0.0219161 -0.000292838 0.0731324 0.00280687 0.00812477 0.0185736 0.0148491 0.0727855
internal_weight=97489 4915 3499 1419 2080 438 342 1416 1368 196 318 1101 1080 1031 76 92574 17978 79 74596 785 431 354 269 73811 42 17899 4989 1540 1441 99
internal_count=97489 4915 3499 1419 2080 438 342 1416 1368 196 318 1101 1080 1031 76 92574 17978 79 74596 785 431 354 269 73811 42 17899 4989 1540 1441 99
is_linear=0
shrinkage=0.1


Tree=89
num_leaves=31
num_cat=0
split_feature=94 37 2 13 29 84 13 13 23 52 24 2 40 38 1 56 63 20 29 31 0 63 32 1 20 62 49 38 12 7
split_gain=8.87355 16.3638 18.2048 26.0303 24.0519 21.8355 20.6873 17.6313 30.3875 32.6078 27.9365 21.6668 20.3077 17.398 17.0537 16.5107 20.7974 16.0242 24.7529 30.0992 26.2063 25.9849 25.6051 33.0671 26.313 25.3924 21.5287 20.5335 20.047 24.3202
threshold=4.5000000000000009 2.7202320023735456 52.525000000000006 1.5220501602311287 0.98925866802005491 93.500000000000014 2.783867696928056 2.8106375667499899 3.1653964562812003 4.5000000000000009 0.55000000000000016 46.07500000000001 3.3535714285714291 3.0500000000000003 12.164353661259552 10.500000000000002 9.5000000000000018 4.4142857142857155 1.2778038643646477 2.1446343412137621 17.310000000000006 21.500000000000004 0.89444444444444449 8.8075251915163051 4.9500000000000011 1.5000000000000002 81.700000000000003 2.183333333333334 7.7750000000000012 11.49999979452617
decision_type=10 10 10 10 8 8 10 10 10 10 10 10 10 8 10 10 10 10 10 10 10 10 10 8 10 10 8 10 10 10
left_child=17 15 3 4 -3 6 -4 10 9 -9 -5 -12 13 -11 -6 -2 -17 -1 20 21 -19 22 28 26 -25 -22 -24 -26 -20 -30
right_child=1 2 5 7 14 -7 -8 8 -10 12 11 -13 -14 -15 -16 16 -18 18 19 -21 25 -23 23 24 27 -27 -28 -29 29 -31
leaf_value=-0.00043377861986618654 -0.00579030510785793 -0.089662596057443061 0.00010723826556426027 -0.045313732681626626 -0.021629617040658869 0.066015176898376507 -0.098224171390756967 -0.12807558678090572 0.1040963196328708 -0.0058381399538900173 0.098485764073671461 0.0097117380830585159 -0.048994514007459994 0.10563902210976397 0.09100391663610935 0.11915833571304878 -0.0057337371259927753 -0.035851875796527037 -0.0021962004032178169 0.09955664251797966 0.0047269368965384183 -0.052894720217833917 -0.056337789295866969 -0.058164127493420474 0.058166656180495213 0.040343590014673809 0.023418937575442195 -0.0035506865539594798 0.029044265474254888 -0.054911622228591063
leaf_weight=72314 5535 34 46 22 41 22 40 20 28 28 107 37 33 28 20 24 30 157 2966 28 14357 108 256 78 62 203 39 413 375 38
leaf_count=72314 5535 34 46 22 41 22 40 20 28 28 107 37 33 28 20 24 30 157 2966 28 14357 108 256 78 62 203 39 413 375 38
internal_value=4.4139e-12 -0.00369439 0.0135262 0.0234069 -0.0222659 -0.0228861 -0.0456283 0.0377267 0.0111737 -0.0126964 0.059641 0.0756758 0.0132315 0.0499004 0.0152994 -0.00525345 0.0497739 0.000246376 0.00282419 -0.00379098 0.00478533 -0.00445851 -0.00322096 -0.0187571 -0.00433436 0.00522352 -0.0457937 0.00450505 0.000678019 0.0213195
internal_weight=97489 6095 506 398 95 108 86 303 137 109 166 144 89 56 61 5589 54 91394 19080 4363 14717 4335 4227 848 553 14560 295 475 3379 413
internal_count=97489 6095 506 398 95 108 86 303 137 109 166 144 89 56 61 5589 54 91394 19080 4363 14717 4335 4227 848 553 14560 295 475 3379 413
is_linear=0
shrinkage=0.1


Tree=90
num_leaves=31
num_cat=0
split_feature=84 26 83 95 11 90 4 94 21 35 17 21 22 24 11 109 35 89 88 80 19 81 102 6 22 42 9 33 90 84
split_gain=8.87745 43.8802 23.2844 24.4069 27.4 43.3392 30.6981 31.5371 36.4576 21.6882 23.8681 21.2998 21.1453 27.4614 21.8544 30.6982 25.7774 23.3471 22.7738 32.0443 28.1738 24.7809 32.1897 29.5613 40.8805 31.9587 25.4852 21.1118 20.8162 20.7682
threshold=44.500000000000007 2.9500000000000006 213.50000000000003 1.0000000180025095e-35 6.6845265148068282 3.5000000000000004 46.487500000000004 4.5000000000000009 3.4286360339865181 0.747214234817975 2.2601298007138091 2.1845412803045217 5.8166666666666673 1.3666666666666669 5.8093617719764508 24.346338124572217 0.5986938655656987 10.500000000000002 41.850000000000001 1140.9500000000005 1.4916198487095669 793.50000000000011 2.5000000000000004 27.300000000000001 9.7250000000000014 3.6333333333333337 7.3579128769814668 0.97386269437804185 7.5000000000000009 33.500000000000007
decision_type=10 10 10 10 10 10 10 10 10 10 10 10 10 10 10 2 10 10 10 10 10 10 10 10 10 10 10 10 10 10
left_child=1 2 -1 4 -4 11 7 8 9 10 -7 -6 13 -5 15 16 -14 -16 20 -20 -19 22 -21 24 29 27 -24 -25 -22 -23
right_child=-2 -3 3 12 5 6 -8 -9 -10 -11 -12 -13 14 -15 17 -17 -18 18 19 21 28 23 26 25 -26 -27 -28 -29 -30 -31
leaf_value=0.00015815457331557021 -0.0017760989416509801 0.11409152233425308 0.0072125635262042399 0.015004755209795346 -0.084467035617368916 0.13808972273021936 0.013793130442500115 0.011385424247011543 0.029011971195754799 0.10229022508630387 0.28746006398097329 0.027547709698636281 0.14732041202951224 0.10531126298527752 0.071202079877257352 -0.0030195865829565887 0.023968019918538631 0.045095393203553706 0.079525041389972614 -0.057874619398190053 -0.05123243447940623 0.096951036373602931 0.11923631883802868 -0.062271239145500756 0.17500999603420497 0.054769051180813801 -0.031610208361720044 0.047478017352876212 0.030582000655787336 0.0015444623167130435
leaf_weight=73421 21838 34 257 521 24 20 45 25 23 26 23 58 32 36 35 113 36 42 47 147 279 29 21 106 20 44 24 21 35 107
leaf_count=73421 21838 34 257 521 24 20 45 25 23 26 23 58 32 36 35 113 36 42 47 147 279 29 21 106 20 44 24 21 35 107
internal_value=7.05061e-12 0.000512702 0.000461633 0.0106081 0.0299994 0.0540003 0.0839847 0.110981 0.138046 0.17439 0.217985 -0.00523709 0.00487655 0.0208414 -0.00293754 0.0289276 0.0820162 -0.00896428 -0.0120075 0.00045687 -0.0318244 -0.00670345 -0.0352201 0.0100403 0.0415195 -0.0186776 0.0387848 -0.0441237 -0.042113 0.0218885
internal_weight=97489 75651 75617 2196 501 244 162 117 92 69 43 82 1695 557 1138 181 68 957 922 566 356 519 192 327 156 171 45 127 314 136
internal_count=97489 75651 75617 2196 501 244 162 117 92 69 43 82 1695 557 1138 181 68 957 922 566 356 519 192 327 156 171 45 127 314 136
is_linear=0
shrinkage=0.1


Tree=91
num_leaves=31
num_cat=0
split_feature=43 1 64 38 44 33 33 87 44 104 91 97 5 11 34 88 88 106 9 90 82 89 2 9 13 21 103 104 45 24
split_gain=8.80512 19.3729 25.3417 24.2905 35.8642 26.9431 33.3808 23.8163 23.4312 22.0065 30.1893 21.6849 20.6895 26.0041 28.2492 33.602 20.3382 22.2016 19.8422 22.5467 19.3887 19.0474 19.55 19.0099 24.8843 23.7818 21.5264 28.3485 26.4437 26.0264
threshold=1.607065995969821 7.2387153553119452 1.0000000180025095e-35 2.683333333333334 3.6333333333333337 0.9457461698162889 1.2549856481231825 54.500000000000007 1.0500000000000003 105.55000000000001 4.5000000000000009 9.5000000000000018 9.7275646056713523 6.3036121632677284 0.14642857142857144 32.850000000000001 51.050000000000004 372.50000000000006 7.057305021128415 7.5000000000000009 158.50000000000003 27.500000000000004 40.515000000000008 8.6490202046994522 4.7010516777896649 3.50317307501088 0.57950000000000002 109.45000000000002 2.2141320338430748 1.1000000000000003
decision_type=8 8 10 10 10 10 10 8 10 2 10 2 10 10 10 10 10 2 10 10 10 10 10 10 10 10 2 2 10 10
left_child=-1 3 23 8 5 12 11 -6 -2 10 -4 -7 13 -5 -15 -16 -14 -18 -9 -20 -13 22 -17 -3 25 -25 27 -27 29 -28
right_child=1 2 9 4 7 6 -8 18 -10 -11 -12 20 16 14 15 21 17 -19 19 -21 -22 -23 -24 24 -26 26 28 -29 -30 -31
leaf_value=0.00046847295310745016 0.042887429288420521 -0.0064732806452898585 0.011180704174672857 0.0017151289728579223 -0.10172365417083105 0.024754456039518119 -0.020875978887081148 0.041644543704801591 -0.0019644760823627834 0.010376271542595962 0.1528154760029995 0.21858563599261371 0.016424276511948388 0.16923497447913344 -0.035364772142792072 0.05629176305941283 -0.12909425497055055 -0.0034585745336535648 -0.060462401082207053 0.057679510542324612 0.094989817794412387 0.02745377065061971 0.15848468342899449 0.00082750107862745092 -0.043398105235149469 -0.063450886184970537 0.031093836895057132 0.034113142435394588 -0.020264973167491998 0.15815367287907162
leaf_weight=78431 122 10755 34 111 30 20 25 58 2572 519 27 22 222 22 37 39 22 39 70 21 30 54 36 3797 120 39 28 126 23 38
leaf_count=78431 122 10755 34 111 30 20 25 58 2572 519 27 22 222 22 37 39 22 39 70 21 30 54 36 3797 120 39 28 126 23 38
internal_value=7.11818e-12 -0.00192795 -0.00345391 0.00473356 0.0193869 0.0298842 0.078678 -0.0204325 6.66792e-05 0.0170542 0.0738715 0.113245 0.0217519 0.0400949 0.0627553 0.0486436 0.00237184 -0.0487698 -0.0040652 -0.0331989 0.14728 0.072739 0.105344 -0.00425083 0.00147981 0.0028092 0.0324332 0.0110526 0.0720716 0.10425
internal_weight=97489 19058 15506 3552 858 679 97 179 2694 580 61 72 582 299 188 166 283 61 149 91 52 129 75 14926 4171 4051 254 165 89 66
internal_count=97489 19058 15506 3552 858 679 97 179 2694 580 61 72 582 299 188 166 283 61 149 91 52 129 75 14926 4171 4051 254 165 89 66
is_linear=0
shrinkage=0.1


Tree=92
num_leaves=31
num_cat=0
split_feature=39 26 104 104 89 10 32 82 39 11 23 41 10 3 104 90 32 6 94 63 40 33 13 87 88 87 46 104 27 60
split_gain=8.44944 18.5484 20.1951 20.2299 18.8546 16.2533 15.4027 14.5479 11.8286 52.1385 32.349 30.6549 26.683 29.8661 25.7594 25.3848 19.4406 18.8483 18.6576 16.5272 25.6307 13.6087 12.4152 15.7628 10.9632 10.2776 22.1848 24.0629 22.1633 18.8862
threshold=2.7898624234857583 0.89444444444444449 108.95000000000002 105.25000000000001 16.500000000000004 28.225000000000005 0.23611111111111113 46.500000000000007 2.5657895279979122 9.9164270833861927 2.7130730307759361 2.1395400170118561 27.725000000000005 12.828780577343162 106.55000000000001 3.5000000000000004 0.81666666666666676 25.900000000000002 2.5000000000000004 19.500000000000004 3.3535714285714291 0.68250705852645377 2.4949899597988741 42.500000000000007 44.45000000000001 167.50000000000003 3.3750000000000004 108.05000000000001 1.3752257190455035 2.5000000000000004
decision_type=10 10 2 2 10 10 10 8 10 10 10 10 10 10 2 10 8 10 10 10 10 10 10 10 10 10 10 2 10 10
left_child=8 6 3 -3 -4 24 -2 -6 25 10 11 18 14 -14 -12 -16 22 19 -10 20 -17 -11 23 -13 -5 -1 29 28 -28 -27
right_child=1 2 4 5 7 -7 -8 -9 9 21 12 16 13 -15 15 17 -18 -19 -20 -21 -22 -23 -24 -25 -26 26 27 -29 -30 -31
leaf_value=0.00013441085618736377 0.095737511354188121 -0.050328647682354566 0.03905776757746935 0.045690767675638205 -0.13216445719679962 0.10210720470547677 -0.00608185405532519 -0.04869126856177694 0.13449422035898481 -0.022678613662719727 -0.049119537616414688 0.026156956749036911 0.20175384524918627 0.042287702080996144 0.14496000902010844 0.062963128959139192 0.033037354433608633 0.11602063966407017 0.0027167216959324749 0.087376154639891221 -0.072010535374283799 -0.1187457373429989 -0.11531247579302915 -0.091029771349646835 -0.053641520217061048 -0.019213713121501039 -0.040971103526578199 0.013237053339281516 0.032216841851671535 0.048380404502846475
leaf_weight=94693 24 42 20 25 26 25 39 106 21 30 28 24 24 23 26 24 31 22 22 21 34 29 27 22 20 1068 177 719 54 43
leaf_count=94693 24 42 20 25 26 25 39 106 21 30 28 24 24 23 26 24 31 22 22 21 34 29 27 22 20 1068 177 719 54 43
internal_value=8.2889e-12 -0.0160476 -0.0276821 0.00453853 -0.0514237 0.0374588 0.0327065 -0.065133 5.40085e-05 0.0170452 0.0317433 -0.00394572 0.057715 0.123717 0.0377014 0.0568431 -0.0333093 0.0341595 0.0670732 0.0113627 -0.0161594 -0.069898 -0.0614839 -0.0298889 0.00154308 -1.76412e-05 -0.0070037 0.00421607 -0.0238622 -0.0165976
internal_weight=97489 327 264 112 152 70 63 132 97162 408 349 147 202 47 155 127 104 101 43 79 58 59 73 46 45 96754 2061 950 231 1111
internal_count=97489 327 264 112 152 70 63 132 97162 408 349 147 202 47 155 127 104 101 43 79 58 59 73 46 45 96754 2061 950 231 1111
is_linear=0
shrinkage=0.1


Tree=93
num_leaves=31
num_cat=0
split_feature=96 10 13 91 104 41 100 57 8 9 82 9 10 32 47 42 41 37 4 7 30 95 87 37 30 81 47 103 44 44
split_gain=8.39967 12.0378 11.7118 17.007 26.4767 11.6156 16.961 17.5625 12.5893 20.322 11.4454 11.4297 11.1461 9.05438 16.6765 18.391 19.8282 20.6309 19.7743 21.6214 34.4136 18.4873 18.3781 28.5028 19.8077 20.9795 18.1008 17.8601 22.4994 16.0215
threshold=287.00000000000006 16.522727272727277 4.9749346475555827 3.5000000000000004 110.05000000000001 1.1643289280352542 1.0000000180025095e-35 10.500000000000002 15.225000000000001 6.9797325527759631 486.50000000000006 4.6800819695001072 9.1026315789473689 0.88194444444444453 2.024512172868798 2.3666666666666671 1.3420501978246822 3.0165750888103111 38.492500000000014 7.4899903495722056 0.90000000000000013 2.5000000000000004 88.500000000000014 2.3978930965105625 1.3666666666666669 1072.5000000000002 1.8998691388744784 0.45500000000000007 2.9500000000000006 2.3166666666666669
decision_type=2 10 10 10 2 8 2 10 10 10 10 10 10 10 8 8 10 10 10 10 10 10 8 10 10 8 10 2 10 10
left_child=13 2 5 4 -4 6 7 -2 11 10 -10 12 -7 -1 15 29 18 22 -17 -20 -21 -22 23 26 27 -26 -18 28 -24 -15
right_child=1 -3 3 -5 -6 8 -8 -9 9 -11 -12 -13 -14 14 -16 16 17 -19 19 20 21 -23 24 -25 25 -27 -28 -29 -30 -31
leaf_value=0.00044577469798189263 0.0078024713745848701 -0.053026361156392976 0.10518314957618713 0.11550973604122799 -0.044376972022241563 -0.0053893500963520065 -0.0034630643278360366 0.12314937710762025 -0.045644436189188412 0.11087007868289947 0.049119717478752135 -0.019581644815863747 0.080585042905062437 -0.0016982896908212669 0.017710229187797726 -0.006949662176784637 -0.022283186824723897 0.069360926702618605 -0.003384006164873703 -0.038518277676776055 0.17301861396473317 0.05239455308765173 -0.02351565693539602 -0.10535461127758027 -0.024178672196188321 0.05120010658671769 -0.091051532119149126 -0.042174048789114842 0.085685893790475254 0.020142457951459358
leaf_weight=75375 22 27 20 27 29 38 50 33 26 25 25 220 25 18730 426 802 576 25 79 20 27 24 54 50 60 96 41 166 29 342
leaf_count=75375 22 27 20 27 29 38 50 33 26 25 25 220 25 18730 426 802 576 25 79 20 27 24 54 50 60 96 41 166 29 342
internal_value=-6.48264e-12 0.0121359 0.015394 0.0517828 0.016668 0.00943381 0.0386898 0.0770106 0.000877043 0.037013 0.00080858 -0.00882732 0.0287275 -7.0996e-05 -0.00187875 -0.00227385 -0.0112766 -0.0204406 -0.000716764 0.0326085 0.0726564 0.116254 -0.0225348 -0.0327376 -0.00573175 0.0222083 -0.0268529 -0.0232363 0.0146391 -0.00130664
internal_weight=97489 567 540 76 49 464 105 55 359 76 51 283 63 96922 21547 21121 2049 1097 952 150 71 51 1072 667 405 156 617 249 83 19072
internal_count=97489 567 540 76 49 464 105 55 359 76 51 283 63 96922 21547 21121 2049 1097 952 150 71 51 1072 667 405 156 617 249 83 19072
is_linear=0
shrinkage=0.1


Tree=94
num_leaves=31
num_cat=0
split_feature=110 6 41 41 23 49 40 8 48 96 55 82 26 5 76 6 29 6 40 38 21 47 14 89 33 82 8 25 37 84
split_gain=8.48647 13.4627 16.6096 15.832 12.2895 9.29041 17.2112 12.1349 11.7742 11.686 10.1968 10.0776 20.8303 14.3515 21.1058 27.8062 20.0466 29.148 30.6359 27.577 25.4167 25.2681 41.063 35.1985 25.1926 24.3728 23.818 23.422 23.3074 22.3795
threshold=72.500000000000014 16.900000000000002 1.6314144373576036 1.4365340937103039 1.8994843864037187 13.65 1.1026315789473686 16.31666666666667 4.2500000000000009 200.50000000000003 25.500000000000004 83.500000000000014 2.9500000000000006 10.917102709893607 1.5000000000000002 29.300000000000001 1.2513924109402628 40.100000000000009 4.6583333333333341 5.3166666666666673 2.285737181760255 2.0133525424698759 4.6125000000000007 22.500000000000004 1.4785476554822545 612.50000000000011 31.850000000000005 2.2041230063145054 1.0477225575051665 84.500000000000014
decision_type=2 10 8 10 10 8 8 10 10 2 10 10 10 10 10 10 10 10 10 10 10 10 10 10 10 10 10 10 10 10
left_child=1 2 3 4 -1 6 8 -8 10 -10 -2 12 -7 14 -13 -16 24 18 20 -20 25 26 -23 -24 -15 -18 27 -22 -29 -27
right_child=5 -3 -4 -5 -6 11 7 -9 9 -11 -12 13 -14 16 15 -17 17 -19 19 -21 21 22 23 -25 -26 29 -28 28 -30 -31
leaf_value=0.0038999070831311823 -0.0096959550313337559 0.074189879968762404 -0.068244518629378748 0.069297421916767396 -0.015046166823994296 0.0016168932856573913 -0.039966210541201808 0.041638842802494767 0.044341106816298437 0.002205387077161244 0.023437349483370784 -0.0014664437001125283 0.079930818519171554 0.0047788178939550102 -0.11370947388176983 0.032640524581074713 -0.012591932876264519 0.11639985125511886 -0.086103234422557504 0.0087100472999736677 0.0011701996256508411 -0.013891783982147405 0.14780848883816766 0.031622953943517662 -0.0082662346985281146 0.10951020059593281 -0.048815151441117956 -0.037016465563489045 0.077876505500171334 0.0096220936221682075
leaf_weight=546 1305 20 45 27 918 32034 205 20 90 245 100 41490 34 14033 37 20 2279 20 85 48 1728 81 45 62 1655 29 90 23 76 99
leaf_count=546 1305 20 45 27 918 32034 205 20 90 245 100 41490 34 14033 37 20 2279 20 85 48 1728 81 45 62 1655 29 90 23 76 99
internal_value=9.40431e-12 -0.00732597 -0.00838737 -0.00658082 -0.00798021 0.000118825 -0.00668639 -0.0327124 -0.00332096 0.0135254 -0.00733771 0.000261131 0.00169993 -0.000484253 -0.00154998 -0.0623586 0.00169125 -0.004064 -0.00458269 -0.0518849 -0.00318836 0.00483741 0.0398232 0.080486 0.00340263 -0.0102072 0.00140635 0.00388032 0.0511842 0.032253
internal_weight=97489 1556 1536 1491 1464 95933 1965 225 1740 335 1405 93968 32068 61900 41547 57 20353 4665 4645 133 4512 2105 188 107 15688 2407 1917 1827 99 128
internal_count=97489 1556 1536 1491 1464 95933 1965 225 1740 335 1405 93968 32068 61900 41547 57 20353 4665 4645 133 4512 2105 188 107 15688 2407 1917 1827 99 128
is_linear=0
shrinkage=0.1


Tree=95
num_leaves=31
num_cat=0
split_feature=36 45 91 9 18 37 41 9 109 18 60 46 67 11 9 54 89 90 37 45 46 8 8 82 22 4 109 3 19 15
split_gain=8.36869 21.5932 15.2265 20.9164 22.0837 14.0586 13.5588 12.614 16.4786 12.269 10.2198 18.6571 9.42965 16.1723 26.6 24.7109 21.2417 28.7852 20.7162 23.6113 27.0029 23.0335 19.7998 17.7701 20.032 16.7519 16.582 23.091 20.3725 36.4749
threshold=5.7000000000000002 1.4925730515485933 10.500000000000002 11.161690297554662 8.4500000000000011 2.0615171442623468 2.4812454286235979 6.8621342355791173 26.355920602327178 10.500000000000002 9.5000000000000018 1.341666666666667 7.5000000000000009 4.3790548658136847 5.9409127434953204 1.0000000180025095e-35 15.500000000000002 12.500000000000002 1.4487266298961141 0.84327404271156814 0.97500000000000009 20.633333333333336 23.050000000000004 695.50000000000011 11.625000000000002 24.497500000000006 35.056810403832998 11.00845382209768 3.687792859419559 2.1298139082549414
decision_type=10 10 10 10 10 10 8 10 2 10 10 10 10 10 10 10 10 10 10 10 10 10 10 10 10 10 2 10 10 10
left_child=10 6 3 4 -3 -6 7 -2 -9 -4 12 -12 -1 25 15 16 17 -15 21 20 -20 -18 -23 24 26 -14 28 -28 -16 -30
right_child=1 2 9 -5 5 -7 -8 8 -10 -11 11 -13 13 14 23 -17 18 -19 19 -21 -22 22 -24 -25 -26 -27 27 -29 29 -31
leaf_value=-0.00015038131598628081 -0.030467002485927781 -0.054024571971967819 0.10474451734967855 -0.097900977653140819 -0.0013705026443031703 0.11168069886890325 0.013131469827688612 -0.049060945212841038 -0.17290450919951714 0.0061742586532740722 0.11184075165378012 -0.006235939549515024 0.081683501458610419 -0.0053960810956682585 0.013510518646588391 0.078402051089271424 -0.032380770002641987 0.10856530013615671 -0.057840021976241565 -0.072188972832495965 0.078425924702046013 0.10356512323021889 -0.021334229477427222 -0.063837745713610811 0.083390759848631354 0.017286985392097897 -0.017019367017425024 0.10135509309462376 0.083057821703453869 -0.035550661208546913
leaf_weight=94253 38 32 23 24 22 22 24 22 21 28 23 32 48 610 1238 31 93 23 33 154 26 30 22 31 39 255 26 45 30 191
leaf_count=94253 38 32 23 24 22 22 24 22 21 28 23 32 48 610 1238 31 93 23 33 154 26 30 22 31 39 255 26 45 30 191
internal_value=-5.85924e-13 -0.0180567 0.00616171 -0.0165159 0.00918471 0.0551551 -0.052885 -0.0724455 -0.109543 0.0506275 4.75405e-05 0.0431416 2.31505e-05 0.00561491 0.00308719 -0.00951537 -0.0122656 -0.0012553 -0.0317334 -0.051581 0.00220938 -0.00257801 0.0507231 0.0111371 0.0126184 0.0274884 0.0108144 0.0580067 0.00851788 -0.01945
internal_weight=97489 256 151 100 76 44 105 81 43 51 97233 55 97178 2925 2622 1022 991 633 358 213 59 145 52 1600 1569 303 1530 71 1459 221
internal_count=97489 256 151 100 76 44 105 81 43 51 97233 55 97178 2925 2622 1022 991 633 358 213 59 145 52 1600 1569 303 1530 71 1459 221
is_linear=0
shrinkage=0.1


Tree=96
num_leaves=31
num_cat=0
split_feature=94 60 49 81 89 3 13 49 105 47 88 14 85 20 83 80 7 7 25 80 11 43 91 55 41 4 94 47 84 12
split_gain=8.44914 14.26 14.2225 23.4844 24.1394 21.2224 26.2152 19.2602 19.0913 20.6171 18.5026 38.4238 20.6048 20.0095 18.1762 24.475 19.6724 24.1505 18.0505 18.0189 38.6808 22.4201 27.1592 18.0066 22.2288 28.4057 27.1325 24.8729 24.0074 22.0315
threshold=4.5000000000000009 10.500000000000002 65.550000000000011 655.50000000000011 10.500000000000002 8.9436414408215814 4.2719978643909 66.750000000000014 0.22500000000000003 0.94520927215762518 55.550000000000004 8.9500000000000011 22.500000000000004 7.8444444444444459 223.50000000000003 794.80000000000007 5.2265346190823143 5.8580427314104231 0.82657830373090091 690.35000000000025 8.0376580269230384 1.881899070993531 7.5000000000000009 49.500000000000007 1.7746665729216118 41.777500000000011 5.5000000000000009 1.8687163511802154 54.500000000000007 7.1000000000000005
decision_type=10 10 10 10 10 10 10 10 8 10 10 10 10 10 10 10 8 10 10 10 10 10 10 10 8 10 10 10 10 10
left_child=1 -1 23 4 -4 6 8 -6 -5 -10 11 13 -12 18 15 19 -17 -18 -11 21 -21 -9 -23 24 -2 -26 28 29 -27 -28
right_child=2 -3 3 5 7 -7 -8 14 9 10 12 -13 -14 -15 -16 16 17 -19 -20 20 -22 22 -24 -25 25 26 27 -29 -30 -31
leaf_value=0.00022147558769407532 0.0023379499359396103 0.082635428791954402 0.10155755155014271 -0.030993170093516917 0.060476162695349792 -0.0093543700857475574 -0.08431063561659792 -0.0058981793752887791 -0.034468164827142447 -0.0028091791479919969 0.078409093581140052 0.17361519307725959 -0.048828726240566805 -0.010825317944197553 0.063843710176073584 0.031778844126633239 -0.13955714624375104 -0.02359404192591848 0.094050256576785521 0.16824970667560896 -0.011288557667285204 -0.00082060310523957014 0.15300222994251686 -0.020327494314828644 -0.026893865562005792 -0.00025484610306120468 0.11558011528663337 -0.034814192752043407 -0.11938330818499839 0.020218452747831954
leaf_weight=91373 1949 21 33 49 78 1372 23 171 35 26 20 27 35 46 52 56 20 176 74 24 24 24 22 843 681 87 50 30 21 47
leaf_count=91373 1949 21 33 49 78 1372 23 171 35 26 20 27 35 46 52 56 20 176 74 24 24 24 22 843 681 87 50 30 21 47
internal_value=1.52987e-11 0.000240412 -0.00360496 0.0024157 0.0181311 -0.00384469 0.0187203 0.013876 0.0263155 0.0369928 0.0479627 0.064025 -0.00256043 0.0437583 0.00748792 0.00181964 -0.0204924 -0.035427 0.0688668 0.0230371 0.0784806 0.0107731 0.0727468 -0.00748072 -0.00370067 -0.0165492 0.0134282 0.0447626 -0.0234187 0.0693739
internal_weight=97489 91394 6095 2387 680 1707 335 647 312 263 228 173 55 146 569 517 252 196 100 265 48 217 46 3708 2865 916 235 127 108 97
internal_count=97489 91394 6095 2387 680 1707 335 647 312 263 228 173 55 146 569 517 252 196 100 265 48 217 46 3708 2865 916 235 127 108 97
is_linear=0
shrinkage=0.1


Tree=97
num_leaves=31
num_cat=0
split_feature=100 29 26 17 109 106 28 82 11 0 19 89 43 106 16 42 0 89 47 73 47 31 13 3 47 80 18 3 17 69
split_gain=7.99207 24.5468 19.7898 31.2544 23.9819 18.1525 28.7018 23.9261 22.1523 22.1389 27.4371 23.6971 22.1665 20.778 18.2207 17.6419 33.7609 29.7925 24.3513 24.0014 29.9725 23.1031 29.6888 23.0306 22.2444 22.0659 21.7915 18.436 29.782 23.6901
threshold=1.0000000180025095e-35 1.983482665739553 2.2250000000000005 3.9883802446514216 28.299794661190969 246.50000000000003 2.4750000000000005 291.50000000000006 9.1161366468045468 33.977500000000013 2.8982240028001192 17.500000000000004 0.86554360876699599 66.500000000000014 5.8583333333333334 3.2250000000000005 38.010000000000012 16.500000000000004 1.8687163511802154 10.500000000000002 1.7258718475384376 0.64222852518808682 1.8818990709935315 12.155611415644094 1.3338588977052661 1070.7500000000002 3.1000000000000005 13.950467932110824 2.8816570434904629 1.0000000180025095e-35
decision_type=2 10 10 10 2 2 10 8 10 10 10 10 10 2 10 10 10 10 10 10 10 10 10 10 10 10 10 10 10 8
left_child=1 2 15 4 5 13 7 9 -9 -7 12 -12 -11 -4 -14 19 18 21 26 -1 -21 22 -18 -22 -19 -24 -17 29 -29 -26
right_child=-2 -3 3 -5 -6 6 -8 8 -10 10 11 -13 14 -15 -16 16 17 24 -20 20 23 -23 25 -25 27 -27 -28 28 -30 -31
leaf_value=0.0011109803933850367 -0.00090342925605943882 -0.056257733340375128 0.094565429103677157 0.1302769232230882 -0.024072356338662504 -0.013658198521093089 -0.026757740242672818 -0.036238223760544017 0.083120413254136633 0.20192495205750072 0.1169210782274604 -0.0056567164542882346 0.12323387434669571 -0.013581647398243161 0.012557697016745806 -0.015848505820230216 -0.0035959669228257801 -0.083183914376422766 -0.0046470428219484577 0.011362736768089236 0.033157932509978609 -0.0098992326635528698 0.049459197930060331 0.17655603567060707 -0.065903423665914437 0.17401045551805785 -0.05156478473931371 -0.0037362001980371894 -0.085548219943450673 0.0098578504606409781
leaf_weight=44917 48852 75 20 24 131 27 56 48 23 24 24 46 51 159 21 395 29 32 676 100 21 44 25 24 43 33 301 181 59 1028
leaf_count=44917 48852 75 20 24 131 27 56 48 23 24 24 46 51 159 21 395 29 32 676 100 21 44 25 24 43 33 301 181 59 1028
internal_value=-1.71588e-12 0.000907423 0.00099571 0.0182735 0.0140067 0.0240034 0.0382683 0.0520617 0.00242725 0.0703211 0.0839803 0.03637 0.118696 -0.00149818 0.0909533 0.000759848 -0.00687598 0.00363196 -0.0181651 0.00124211 0.0418616 0.0491525 0.0790177 0.109637 -0.000808235 0.120325 -0.0312948 0.00120246 -0.0238483 0.00681608
internal_weight=97489 48637 48562 654 630 499 320 264 71 193 166 70 96 179 72 47908 2846 1474 1372 45062 145 131 87 45 1343 58 696 1311 240 1071
internal_count=97489 48637 48562 654 630 499 320 264 71 193 166 70 96 179 72 47908 2846 1474 1372 45062 145 131 87 45 1343 58 696 1311 240 1071
is_linear=0
shrinkage=0.1


Tree=98
num_leaves=31
num_cat=0
split_feature=88 40 37 111 25 95 51 27 77 39 9 103 107 25 91 38 15 29 24 15 84 87 89 85 100 104 60 10 17 49
split_gain=7.9259 20.0998 11.941 12.4586 15.1345 11.0694 19.9409 40.7304 39.8443 34.9567 26.4631 32.3898 29.1812 25.8662 31.8283 24.1186 32.2813 23.9445 23.2026 22.8492 22.4409 21.9327 25.3567 31.8234 21.8125 21.3723 21.3323 23.8783 26.7923 27.7671
threshold=3.0500000000000003 1.0513157894736844 2.2041230063145054 6.5000000000000009 0.82657830373090091 1.0000000180025095e-35 80.200000000000003 0.78780321510802953 7.5000000000000009 1.5965606452621615 7.8382962921351664 0.36000000000000004 2019.5000000000002 0.82657830373090091 6.5000000000000009 3.0500000000000003 2.617401799439194 0.71849006744393462 1.1000000000000003 3.2350997624624118 19.500000000000004 40.500000000000007 22.500000000000004 44.500000000000007 1.0000000180025095e-35 112.55000000000001 5.5000000000000009 26.375000000000004 2.8816570434904629 72.050000000000011
decision_type=8 10 10 2 10 8 10 10 8 10 10 2 2 10 10 10 10 10 10 10 10 10 10 10 2 2 10 10 10 10
left_child=1 -1 3 4 -3 6 -2 9 10 17 18 19 -13 15 25 24 -17 -8 21 -12 -21 -9 -23 -24 -11 -15 27 -20 29 -29
right_child=5 2 -4 -5 -6 -7 7 8 -10 13 11 12 -14 14 -16 16 -18 -19 26 20 -22 22 23 -25 -26 -27 -28 28 -30 -31
leaf_value=-0.0016321006767960934 0.00084078097529973654 -0.029138149600476029 -0.09897647015750409 -0.026591704701138776 0.066678756864412755 -0.00066580737501322537 -0.059066777767088165 0.0027554627860104856 0.068080602492156791 0.021485511484471236 -0.083867561468674301 0.020075781289192421 -0.023071455013660643 0.14249988712370396 0.21549167710801831 0.1167295267432928 -0.03127433364944799 0.025893273585708879 0.013049632232763919 0.069064401555806398 -0.040726767053984737 -0.082766668721508813 0.088398664552718401 -0.080838145054876812 0.15353226219785626 -0.0019420101085589046 -0.084447031393647204 0.04798517218894429 0.025061978758428218 0.1821388449933794
leaf_weight=3168 32235 32 20 410 34 58503 39 496 95 22 93 315 312 20 23 20 56 222 897 24 83 71 25 20 29 21 20 36 121 27
leaf_count=3168 32235 32 20 410 34 58503 39 496 95 22 93 315 312 20 23 20 56 222 897 24 83 71 25 20 29 21 20 36 121 27
internal_value=-4.09212e-12 -0.00456276 -0.0232812 -0.0201007 0.0202221 0.000178182 0.00157606 0.00925401 0.0044966 0.036988 0.00211846 -0.0125718 -0.00139461 0.0694967 0.121336 0.0433728 0.00767405 0.0131981 0.00921061 -0.0476123 -0.0161007 -0.00639954 -0.0455451 0.0131823 0.0965709 0.0685175 0.0178876 0.019781 0.0525963 0.10548
internal_weight=97489 3664 496 476 66 93825 35322 3087 2635 452 2540 827 627 191 64 127 76 261 1713 200 107 612 116 45 51 41 1101 1081 184 63
internal_count=97489 3664 496 476 66 93825 35322 3087 2635 452 2540 827 627 191 64 127 76 261 1713 200 107 612 116 45 51 41 1101 1081 184 63
is_linear=0
shrinkage=0.1


Tree=99
num_leaves=31
num_cat=0
split_feature=40 63 97 0 4 67 33 88 40 86 7 17 88 41 33 41 3 27 22 7 91 1 23 72 104 50 25 88 103 37
split_gain=8.23436 25.5243 31.5741 23.3876 24.9578 22.1759 30.7276 28.731 26.2967 24.9034 24.7956 24.368 54.2726 30.9869 31.8044 33.9289 28.0966 28.121 29.0377 26.9765 27.1486 32.4667 24.6384 24.5102 24.5098 25.0274 25.9576 23.7054 24.8505 22.9956
threshold=1.9045454545454548 9.5000000000000018 16.500000000000004 16.790000000000006 17.721111111111117 4.5000000000000009 1.4785476554822545 14.850000000000003 4.2250000000000005 244.50000000000003 2.3057869817013859 2.360068793602093 26.250000000000004 1.5526172418969886 1.2494423429796102 1.7316708885316061 6.5705614501270704 0.85793099469161826 3.8062500000000004 8.5673780084713638 8.5000000000000018 12.096921095440878 3.017274816929747 1.5000000000000002 116.45000000000002 1.1000000000000003 1.6121532512998444 26.850000000000005 0.5335000000000002 1.0477225575051665
decision_type=8 8 2 8 8 8 10 10 10 10 10 8 8 10 10 10 10 10 10 10 10 10 10 8 2 10 10 8 2 10
left_child=-1 2 -2 -3 -5 6 7 -6 9 10 -9 16 13 -13 24 -16 -7 18 -18 -19 23 22 -22 -21 25 -15 -27 28 -14 -23
right_child=1 3 -4 4 5 11 -8 8 -10 -11 -12 12 27 14 15 -17 17 19 -20 20 21 29 -24 -25 -26 26 -28 -29 -30 -31
leaf_value=0.00066500752585203077 -0.0085973141614600606 -0.035695850567685233 0.012268411644460322 0.10240433672443033 -0.024970515049400108 0.016515543991381113 -0.059199376983775032 -0.02939208794104041 -0.043002537613490016 -0.077612047145764029 0.01068472143165802 0.0064095937874868439 -0.09348514188419689 0.0083361829098846235 0.2118024067509742 0.032043543041107202 -0.061389299043954973 -0.0082450352645793267 -0.014692932856038655 0.0058343098522019134 0.025745298269958722 -0.020927081569548575 -0.077960260564254397 -0.042526496097477329 0.10592993050813676 0.039876334578585554 0.14939939576387404 -0.00031372050435852865 0.017348422179929913 0.072854125523147836
leaf_weight=63987 6785 180 812 24 276 526 72 159 99 33 5312 655 55 315 21 21 146 3810 1515 1005 63 31 36 117 41 161 25 11008 32 167
leaf_count=63987 6785 180 812 24 276 526 72 159 99 33 5312 655 55 315 21 21 146 3810 1515 1005 63 31 36 117 41 161 25 11008 32 167
internal_value=-7.8176e-12 -0.00127013 -0.0063671 0.000224628 0.000475967 0.000380784 0.00573202 0.00652723 0.00807879 0.00899758 0.00952 -0.00123163 0.00149207 0.0213423 0.0380905 0.121923 -0.00576158 -0.00746227 -0.0187975 -0.00386162 0.0079078 0.0347922 -0.0119658 0.000791338 0.0315943 0.0255109 0.0545972 -0.000724648 -0.0527188 0.0581712
internal_weight=97489 33502 7597 25905 25725 25701 5951 5879 5603 5504 5471 19750 12334 1239 584 42 7416 6890 1661 5229 1419 297 99 1122 542 501 186 11095 87 198
internal_count=97489 33502 7597 25905 25725 25701 5951 5879 5603 5504 5471 19750 12334 1239 584 42 7416 6890 1661 5229 1419 297 99 1122 542 501 186 11095 87 198
is_linear=0
shrinkage=0.1


end of trees

feature_importances:
tov_rolling_20g_avg=142
opponent_def_rating=107
age_at_game=83
fantasy_pts_lag_1=77
opponent_win_pct=77
fantasy_pts_rolling_5g_avg=75
ast_rolling_5g_avg=67
pts_rolling_5g_avg=64
ast_rolling_10g_avg=52
fantasy_pts_rolling_10g_std=50
pts_rolling_10g_std=49
tov_season_cumulative_total=49
fantasy_pts_season_min=48
ast_lag_1=48
tov_rolling_5g_std=47
pts_lag_1=47
pts_rolling_5g_std=46
pts_rolling_10g_avg=46
ast_rolling_20g_avg=46
tov_rolling_20g_std=46
fantasy_pts_rolling_10g_avg=44
tov_rolling_10g_avg=43
stl_rolling_10g_std=41
fantasy_pts_rolling_20g_std=40
stl_rolling_20g_std=40
ast_rolling_5g_std=38
fantasy_pts_rolling_5g_std=36
ast_rolling_10g_std=35
ast_season_min=35
pts_rolling_20g_std=34
reb_rolling_20g_std=34
ast_rolling_20g_std=34
tov_rolling_5g_avg=34
reb_rolling_5g_std=33
tov_rolling_10g_std=33
reb_season_cumulative_total=33
3pm_rolling_20g_std=32
tov_career_max=32
reb_rolling_10g_std=31
fantasy_pts_season_cumulative_total=31
stl_season_cumulative_total=31
reb_lag_1=31
fantasy_pts_rolling_20g_avg=30
draft_pick_numeric=30
3pm_season_cumulative_total=28
pts_rolling_20g_avg=27
3pm_rolling_5g_std=27
career_games_played=26
3pm_rolling_10g_std=25
fantasy_pts_season_max=25
tov_lag_1=25
stl_rolling_10g_avg=24
fantasy_pts_career_min=24
WEIGHT=24
season_start_year=24
stl_rolling_5g_std=23
pts_season_cumulative_total=23
blk_season_cumulative_total=23
opponent_recent_form=23
reb_rolling_10g_avg=22
stl_rolling_5g_avg=21
blk_rolling_10g_std=21
3pm_rolling_5g_avg=21
reb_rolling_5g_avg=20
3pm_rolling_10g_avg=20
stl_career_max=20
days_rest=20
3pm_rolling_20g_avg=19
pts_season_min=19
ast_season_cumulative_total=19
reb_rolling_20g_avg=18
stl_rolling_20g_avg=17
fantasy_pts_career_max=17
reb_season_min=17
ast_career_max=17
blk_rolling_20g_std=16
3pm_lag_1=16
pts_career_max=14
blk_rolling_20g_avg=12
SEASON_EXP=12
home_game=12
blk_rolling_5g_std=11
blk_rolling_10g_avg=10
blk_rolling_5g_avg=9
pts_season_max=9
reb_career_max=9
tov_season_min=9
tov_season_max=8
stl_lag_1=8
reb_season_max=7
ast_season_max=7
blk_season_max=7
height_inches=7
3pm_season_max=6
3pm_career_max=6
ast_career_min=5
pts_career_min=4
blk_lag_1=4
blk_career_max=3
stl_season_min=2
stl_season_max=2
3pm_season_min=2
season_number=1
position_Forward=1
position_Guard=1

parameters:
[boosting: gbdt]
[objective: regression]
[metric: l2]
[tree_learner: serial]
[device_type: cpu]
[data_sample_strategy: bagging]
[data: ]
[valid: ]
[num_iterations: 100]
[learning_rate: 0.1]
[num_leaves: 31]
[num_threads: 10]
[seed: 42]
[deterministic: 0]
[force_col_wise: 0]
[force_row_wise: 0]
[histogram_pool_size: -1]
[max_depth: -1]
[min_data_in_leaf: 20]
[min_sum_hessian_in_leaf: 0.001]
[bagging_fraction: 1]
[pos_bagging_fraction: 1]
[neg_bagging_fraction: 1]
[bagging_freq: 0]
[bagging_seed: 400]
[bagging_by_query: 0]
[feature_fraction: 1]
[feature_fraction_bynode: 1]
[feature_fraction_seed: 30056]
[extra_trees: 0]
[extra_seed: 12879]
[early_stopping_round: 0]
[early_stopping_min_delta: 0]
[first_metric_only: 0]
[max_delta_step: 0]
[lambda_l1: 0]
[lambda_l2: 0]
[linear_lambda: 0]
[min_gain_to_split: 0]
[drop_rate: 0.1]
[max_drop: 50]
[skip_drop: 0.5]
[xgboost_dart_mode: 0]
[uniform_drop: 0]
[drop_seed: 17869]
[top_rate: 0.2]
[other_rate: 0.1]
[min_data_per_group: 100]
[max_cat_threshold: 32]
[cat_l2: 10]
[cat_smooth: 10]
[max_cat_to_onehot: 4]
[top_k: 20]
[monotone_constraints: ]
[monotone_constraints_method: basic]
[monotone_penalty: 0]
[feature_contri: ]
[forcedsplits_filename: ]
[refit_decay_rate: 0.9]
[cegb_tradeoff: 1]
[cegb_penalty_split: 0]
[cegb_penalty_feature_lazy: ]
[cegb_penalty_feature_coupled: ]
[path_smooth: 0]
[interaction_constraints: ]
[verbosity: -1]
[saved_feature_importance_type: 0]
[use_quantized_grad: 0]
[num_grad_quant_bins: 4]
[quant_train_renew_leaf: 0]
[stochastic_rounding: 1]
[linear_tree: 0]
[max_bin: 255]
[max_bin_by_feature: ]
[min_data_in_bin: 3]
[bin_construct_sample_cnt: 200000]
[data_random_seed: 175]
[is_enable_sparse: 1]
[enable_bundle: 1]
[use_missing: 1]
[zero_as_missing: 0]
[feature_pre_filter: 1]
[pre_partition: 0]
[two_round: 0]
[header: 0]
[label_column: ]
[weight_column: ]
[group_column: ]
[ignore_column: ]
[categorical_feature: ]
[forcedbins_filename: ]
[precise_float_parser: 0]
[parser_config_file: ]
[objective_seed: 16083]
[num_class: 1]
[is_unbalance: 0]
[scale_pos_weight: 1]
[sigmoid: 1]
[boost_from_average: 1]
[reg_sqrt: 0]
[alpha: 0.9]
[fair_c: 1]
[poisson_max_delta_step: 0.7]
[tweedie_variance_power: 1.5]
[lambdarank_truncation_level: 30]
[lambdarank_norm: 1]
[label_gain: ]
[lambdarank_position_bias_regularization: 0]
[eval_at: ]
[multi_error_top_k: 1]
[auc_mu_weights: ]
[num_machines: 1]
[local_listen_port: 12400]
[time_out: 120]
[machine_list_filename: ]
[machines: ]
[gpu_platform_id: -1]
[gpu_device_id: -1]
[gpu_use_dp: 0]
[num_gpu: 1]

end of parameters

pandas_categorical:[]
