tree
version=v4
num_class=1
num_tree_per_iteration=1
label_index=0
max_feature_idx=115
objective=regression
feature_names=fantasy_pts_rolling_5g_avg fantasy_pts_rolling_5g_std fantasy_pts_rolling_10g_avg fantasy_pts_rolling_10g_std fantasy_pts_rolling_20g_avg fantasy_pts_rolling_20g_std pts_rolling_5g_avg pts_rolling_5g_std pts_rolling_10g_avg pts_rolling_10g_std pts_rolling_20g_avg pts_rolling_20g_std reb_rolling_5g_avg reb_rolling_5g_std reb_rolling_10g_avg reb_rolling_10g_std reb_rolling_20g_avg reb_rolling_20g_std ast_rolling_5g_avg ast_rolling_5g_std ast_rolling_10g_avg ast_rolling_10g_std ast_rolling_20g_avg ast_rolling_20g_std stl_rolling_5g_avg stl_rolling_5g_std stl_rolling_10g_avg stl_rolling_10g_std stl_rolling_20g_avg stl_rolling_20g_std blk_rolling_5g_avg blk_rolling_5g_std blk_rolling_10g_avg blk_rolling_10g_std blk_rolling_20g_avg blk_rolling_20g_std tov_rolling_5g_avg tov_rolling_5g_std tov_rolling_10g_avg tov_rolling_10g_std tov_rolling_20g_avg tov_rolling_20g_std 3pm_rolling_5g_avg 3pm_rolling_5g_std 3pm_rolling_10g_avg 3pm_rolling_10g_std 3pm_rolling_20g_avg 3pm_rolling_20g_std fantasy_pts_season_min fantasy_pts_season_max fantasy_pts_career_min fantasy_pts_career_max pts_season_min pts_season_max pts_career_min pts_career_max reb_season_min reb_season_max reb_career_min reb_career_max ast_season_min ast_season_max ast_career_min ast_career_max stl_season_min stl_season_max stl_career_min stl_career_max blk_season_min blk_season_max blk_career_min blk_career_max tov_season_min tov_season_max tov_career_min tov_career_max 3pm_season_min 3pm_season_max 3pm_career_min 3pm_career_max fantasy_pts_season_cumulative_total pts_season_cumulative_total reb_season_cumulative_total ast_season_cumulative_total stl_season_cumulative_total blk_season_cumulative_total tov_season_cumulative_total 3pm_season_cumulative_total fantasy_pts_lag_1 pts_lag_1 reb_lag_1 ast_lag_1 stl_lag_1 blk_lag_1 tov_lag_1 3pm_lag_1 WEIGHT SEASON_EXP FROM_YEAR TO_YEAR home_game away_game days_rest opponent_win_pct opponent_def_rating opponent_recent_form career_games_played season_start_year season_number age_at_game height_inches draft_pick_numeric is_undrafted position_Center position_Forward position_Guard
feature_infos=[-1:80.739999999999995] [0:33.644568655282235] [-1:71.920000000000016] [0:27.550241983208302] [-1:69.315000000000012] [0:27.550241983208302] [0:52.200000000000003] [0:24.785076154815421] [0:45.899999999999999] [0:19.406757127923825] [0:42.950000000000003] [0:15.874839410708679] [0:21.600000000000001] [0:10.329569206893384] [0:19.300000000000001] [0:8.2219219164377861] [0:17.649999999999999] [0:7.7781745930520225] [0:18.800000000000001] [0:7.334848328356899] [0:16] [0:6.7330032922413849] [0:14.1] [0:5.6568542494923806] [0:5.7999999999999998] [0:4.2190046219457971] [0:4] [0:3.0550504633038935] [0:4] [0:3.0550504633038935] [0:6.5999999999999996] [0:4.9497474683058327] [0:5.2000000000000002] [0:4.9497474683058327] [0:5] [0:4.9497474683058327] [0:8.1999999999999993] [0:4.6151923036857303] [0:6.9000000000000004] [0:3.5355339059327378] [0:6.6500000000000004] [0:3.5355339059327378] [0:9.1999999999999993] [0:5.9413803110051786] [0:7.2000000000000002] [0:4.3153472887152686] [0:7] [0:4.2426406871192848] [-3.5:99.5] [-2:105.2] [-3.5:55.700000000000003] [-1:105.2] [0:50] [0:73] [0:27] [0:73] [0:23] [0:31] [0:12] [0:31] [0:17] [0:24] [0:9] [0:24] [0:7] [0:10] [0:4] [0:10] [0:9] [0:10] [0:5] [0:10] [0:9] [0:12] [0:6] [0:12] [0:8] [0:14] [0:7] [0:14] [-2:4882.8000000000011] [0:2779] [0:1229] [0:895] [0:177] [0:252] [0:460] [0:392] [-3.5:105.2] [0:73] [0:31] [0:24] [0:10] [0:10] [0:12] [0:14] [164:290] [1:22] [2003:2024] none [0:1] [0:1] [1:2024] [0.106:0.89000000000000001] [93.099999999999994:119.59999999999999] [0:1] [0:1541] [2003:2024] [1:22] [18.828199863107461:40.142368240930871] [72:88] [1:61] [0:1] [0:1] [0:1] [0:1]
tree_sizes=2819 2930 2924 2913 2916 2919 2916 2911 2922 2926 2915 2930 2926 2913 2942 2926 2914 2932 2916 2941 2914 2926 2918 2935 2943 2904 2936 2878 2916 2965 2931 2917 2887 2911 2877 2925 2880 2893 2875 2911 2878 2888 2856 2906 2896 2863 2876 2862 2871 2909 2874 2879 2871 2877 2848 2860 2811 2840 2849 2828 2808 2837 2802 2881 2905 2854 2824 2837 2828 2826 2803 2824 2837 2837 2801 2789 2746 2856 2795 2873 2814 2817 2856 2809 2798 2831 2854 2830 2752 2849 2857 2843 2826 2838 2799 2800 2830 2855 2870 2843

Tree=0
num_leaves=31
num_cat=0
split_feature=10 8 10 8 10 10 10 10 10 8 10 10 10 10 10 10 6 6 6 6 88 6 49 8 51 88 53 49 2 49
split_gain=3.1174e+06 495279 430995 78513.6 73197.6 70506.7 42802.6 11346.7 11118.7 10816.7 10099.5 9287.28 9241.31 7064.09 6081.46 4385.95 3789.22 3396.97 3359.54 3244.98 3170.72 3017.97 2999.44 2729.47 2587.5 2572.61 2426.07 2322.76 2280.38 1940.08
threshold=15.612500000000002 9.2111111111111121 22.81666666666667 5.7071428571428582 12.225000000000001 19.303846153846155 27.575000000000006 10.707142857142857 7.5131578947368434 3.6125000000000003 14.105555555555556 17.414285714285715 25.175000000000001 34.875000000000007 21.225000000000005 29.025000000000002 10.450000000000001 16.450000000000003 15.633333333333335 13.450000000000001 16.850000000000005 7.6333333333333337 42.750000000000007 25.550000000000004 92.100000000000009 9.6500000000000004 27.500000000000004 52.050000000000004 39.025000000000013 19.050000000000004
decision_type=10 10 10 10 10 10 10 10 10 8 10 10 10 10 10 10 10 10 10 10 10 10 10 10 10 10 10 8 10 8
left_child=1 3 5 9 7 11 12 16 21 -1 19 17 24 15 26 -8 -3 -2 -12 -6 -10 -5 -13 -14 28 -11 -7 -16 -4 -9
right_child=2 4 6 8 10 14 13 29 20 25 18 22 23 -15 27 -17 -18 -19 -20 -21 -22 -23 -24 -25 -26 -27 -28 -29 -30 -31
leaf_value=13.126106866307126 14.338815107708463 13.698588685982754 15.00400866811545 13.429680388454328 14.027755434326339 14.586126750258639 15.469624940122813 13.48427295570659 13.577888275807972 13.249281541997854 14.185327071751868 14.400667021619753 15.232625435326243 16.314746527863829 14.771866009468969 15.682221537729561 13.831328769919191 14.477840305341349 14.329267029976938 14.147601785329368 13.697519749043986 13.560357029518832 14.602030982791737 15.401897498735462 15.324608116358718 13.36883864989627 14.796032725688374 14.967227136093914 15.160381755158904 13.943872162674094
leaf_weight=5145 3459 3992 1389 4600 4992 616 1651 93 3952 3249 4015 852 1491 141 741 2354 4662 3573 2720 4127 5042 2870 5614 2638 641 4035 5188 3406 2838 7403
leaf_count=5145 3459 3992 1389 4600 4992 616 1651 93 3952 3249 4015 852 1491 141 741 2354 4662 3573 2720 4127 5042 2870 5614 2638 641 4035 5188 3406 2838 7403
internal_value=14.1653 13.727 14.8948 13.4268 13.9979 14.6379 15.3532 13.8481 13.5701 13.2371 14.1506 14.489 15.2307 15.6191 14.8398 15.5946 13.7701 14.4095 14.2435 14.082 13.645 13.4799 14.5755 15.3408 15.1374 13.3155 14.7738 14.9323 15.109 13.9382
internal_weight=97489 60897 36592 28893 32004 23449 13143 16150 16464 12429 15854 13498 8997 4146 9951 4005 8654 7032 6735 9119 8994 7470 6466 4129 4868 7284 5804 4147 4227 7496
internal_count=97489 60897 36592 28893 32004 23449 13143 16150 16464 12429 15854 13498 8997 4146 9951 4005 8654 7032 6735 9119 8994 7470 6466 4129 4868 7284 5804 4147 4227 7496
is_linear=0
shrinkage=1


Tree=1
num_leaves=31
num_cat=0
split_feature=10 8 10 10 8 10 10 10 8 0 10 10 10 6 10 10 89 81 53 6 88 8 6 51 8 103 73 36 49 89
split_gain=2.5251e+06 401238 349106 62313.5 60918.8 57579.3 34670.1 9742.52 8888.15 8780.17 8218.51 7494.16 7250.09 5762.13 5721.91 3552.62 3410.63 3397.3 3203.12 2942.05 2602.57 2360.42 2359.66 2342.84 2182.34 2148.41 2126.71 1972.05 1964.9 1919.63
threshold=15.612500000000002 9.1055555555555561 22.81666666666667 12.225000000000001 5.7071428571428582 18.821052631578951 27.575000000000006 10.707142857142857 7.2111111111111121 8.6225000000000023 13.607692307692309 24.975000000000005 21.225000000000005 16.225000000000005 34.875000000000007 29.025000000000002 13.500000000000002 372.50000000000006 27.500000000000004 15.450000000000001 11.450000000000001 4.2111111111111121 13.450000000000001 75.950000000000017 25.550000000000004 0.48100000000000004 3.5000000000000004 2.3666666666666671 23.850000000000005 14.500000000000002
decision_type=10 10 10 10 10 10 10 10 10 8 10 10 10 10 10 10 10 10 10 10 10 10 10 10 10 2 10 10 8 10
left_child=1 4 5 7 9 13 11 16 -6 -1 22 23 18 -2 15 -8 28 20 -7 26 -10 -11 -5 -4 -13 -14 -12 -15 -3 -9
right_child=2 3 6 10 8 12 14 29 17 21 19 24 25 27 -16 -17 -18 -19 -20 -21 -22 -23 -24 -25 -26 -27 -28 -29 -30 -31
leaf_value=-0.9354819377439263 0.18253386849070602 -0.66470906054705725 0.80477043688037375 -0.14658978530150338 -0.63128995392973086 0.34463737273271189 1.1738733628567315 -0.23862511538823408 -0.62768996155269674 -0.83587409591385997 -0.10804466949811337 0.96116860220780165 0.7768682339756714 0.28590989293021124 1.934482765366845 1.3652102811061031 -0.26508571498911543 -0.37478798416458958 0.54911169030773388 0.11963148082912588 -0.48146190135061273 -0.71924194832544452 -0.026389757906971269 0.95190872541449412 1.1035852338758489 0.63045493722748969 0.037631019915847726 0.39304052053704785 -0.38760708395987553 -0.12823603237289155
leaf_weight=5140 4548 267 2580 3947 6388 868 1651 5320 1553 2848 1311 1744 1695 4625 141 2354 2695 2360 6527 3569 5628 4441 2786 1864 2809 2452 4254 2734 6152 2238
leaf_count=5140 4548 267 2580 3947 6388 868 1651 5320 1553 2848 1311 1744 1695 4625 141 2354 2695 2360 6527 3569 5628 4441 2786 1864 2809 2452 4254 2734 6152 2238
internal_value=-1.67292e-09 -0.394508 0.656547 -0.15488 -0.669467 0.425303 1.06912 -0.289882 -0.539999 -0.835393 -0.0130277 0.958866 0.584462 0.271023 1.30838 1.28633 -0.359496 -0.478877 0.525111 0.0487629 -0.513086 -0.764813 -0.0968531 0.866486 1.04903 0.690298 0.00331281 0.325711 -0.399133 -0.205938
internal_weight=97489 60897 36592 32539 28358 23449 13143 16672 15929 12429 15867 8997 11542 11907 4146 4005 9114 9541 7395 9134 7181 7289 6733 4444 4553 4147 5565 7359 6419 7558
internal_count=97489 60897 36592 32539 28358 23449 13143 16672 15929 12429 15867 8997 11542 11907 4146 4005 9114 9541 7395 9134 7181 7289 6733 4444 4553 4147 5565 7359 6419 7558
is_linear=0
shrinkage=0.1


Tree=2
num_leaves=31
num_cat=0
split_feature=10 10 10 8 10 10 10 8 10 6 8 6 8 10 6 10 49 53 51 55 10 88 75 0 83 49 10 103 8 10
split_gain=2.04623e+06 324839 287113 46695.7 46395.9 41029.3 38500.5 9526.15 9480.36 8424.96 6474.48 6439.39 6252.31 4969.53 4443.69 3492.05 2675.39 2630.59 2487.6 2379.69 2256.26 2177.91 2151.97 2136.63 2132.73 2057.9 1994.89 1949.73 1888.16 1799.46
threshold=15.025000000000002 21.975000000000005 9.0250000000000021 6.1055555555555561 18.31666666666667 25.925000000000001 12.225000000000001 4.0500000000000007 29.025000000000002 10.450000000000001 16.633333333333336 8.9000000000000021 19.31666666666667 23.522727272727277 13.450000000000001 34.875000000000007 25.750000000000004 13.500000000000002 76.90000000000002 47.500000000000007 10.707142857142857 13.250000000000002 7.5000000000000009 5.830000000000001 97.500000000000014 35.45000000000001 7.0250000000000012 0.32400000000000007 11.105555555555556 10.707142857142857
decision_type=10 10 10 10 10 10 10 8 10 10 10 10 10 10 10 10 8 10 10 10 10 10 10 10 10 10 10 2 10 10
left_child=2 4 3 7 10 13 9 23 18 16 24 26 -6 27 28 -10 -4 -11 -7 -14 -18 -9 -15 -1 -2 -12 -5 -3 -8 -19
right_child=1 5 6 11 12 8 14 21 15 17 25 -13 19 22 -16 -17 20 29 -20 -21 -22 -23 -24 -25 -26 -27 -28 -29 -30 -31
leaf_value=-0.90105560163302523 0.081680357203757881 0.84982387131218473 -0.54377080464910754 -0.58669964548541687 0.37739305596625511 0.89410403913905945 -0.21778289822075722 -0.71029299898922138 1.2286892636091202 -0.46568317583568419 0.0057112295682548633 -0.38653570856096714 0.50059692901633723 0.75087035673162483 0.018910197399562002 1.7410345047078235 -0.36220634857816614 -0.24066247025730375 1.0613764501837391 0.63306679057939008 -0.2466205498147799 -0.60299902767051905 0.88967454000030388 -0.78160347998611579 0.20070301531089171 0.28194788500296625 -0.49024045264164551 0.65137965982278034 -0.072252935676573593 -0.14857087549441722
leaf_weight=2467 3895 592 585 3569 3948 1254 1069 4234 2354 351 282 4945 5372 1760 6945 141 4812 3607 3055 1814 2602 3420 3057 3810 2454 6177 5370 3025 5370 5153
leaf_count=2467 3895 592 585 3569 3948 1254 1069 4234 2354 351 282 4945 5372 1760 6945 141 4812 3607 3055 1814 2602 3420 3057 3810 2454 6177 5370 3025 5370 5153
internal_value=4.82544e-10 0.558901 -0.375546 -0.607888 0.329188 0.919827 -0.163617 -0.737237 1.10252 -0.262996 0.199397 -0.4781 0.478493 0.772443 -0.0365718 1.25764 -0.337886 -0.197246 1.0127 0.534037 -0.321641 -0.662351 0.838959 -0.828551 0.127685 0.269887 -0.528753 0.683859 -0.0964138 -0.18649
internal_weight=97489 39180 58309 27815 23942 15238 30494 13931 6804 17110 12808 13884 11134 8434 13384 2495 7999 9111 4309 7186 7414 7654 4817 6277 6349 6459 8939 3617 6439 8760
internal_count=97489 39180 58309 27815 23942 15238 30494 13931 6804 17110 12808 13884 11134 8434 13384 2495 7999 9111 4309 7186 7414 7654 4817 6277 6349 6459 8939 3617 6439 8760
is_linear=0
shrinkage=0.1


Tree=3
num_leaves=31
num_cat=0
split_feature=10 8 10 8 10 10 10 8 10 6 10 10 8 10 49 88 103 53 6 88 49 88 0 59 88 88 51 31 10 49
split_gain=1.65977e+06 286595 208843 51204.9 35862 33676.2 21727.2 11185.9 7131.09 5187.1 4945.86 4617.6 4361.94 3537.64 3381.04 2591.93 2558.2 2528.53 2475.65 2355.2 2260.84 2252.12 2137.55 2131.53 2102.3 2004.8 1999.39 1898.09 1887.33 1856.6
threshold=16.025000000000002 9.7250000000000014 22.975000000000005 6.7071428571428582 13.025000000000002 19.605555555555558 27.875000000000004 4.2111111111111121 10.707142857142857 19.700000000000006 25.175000000000001 8.3038461538461572 16.633333333333336 34.875000000000007 43.750000000000007 9.6500000000000004 0.45500000000000007 22.500000000000004 15.225000000000001 25.250000000000004 79.65000000000002 11.450000000000001 42.845000000000006 22.500000000000004 21.050000000000004 21.250000000000004 92.100000000000009 0.64222852518808682 22.158333333333335 27.650000000000002
decision_type=10 10 10 10 10 10 10 8 10 10 10 10 10 10 8 10 2 10 10 10 10 10 10 10 10 10 10 10 10 8
left_child=1 3 5 7 8 9 10 21 19 18 26 -5 17 20 -7 -9 28 -6 29 -3 27 -1 -12 -22 -10 -13 -4 -8 -16 -2
right_child=2 4 6 11 12 14 13 15 24 -11 22 25 -14 -15 16 -17 -18 -19 -20 -21 23 -23 -24 -25 -26 -27 -28 -29 -30 -31
leaf_value=-0.77515345552614789 -0.28626998501772788 -0.32200946273540748 0.68912356344868297 -0.44420296495603973 -0.088176610129688332 0.29010094250194157 0.91212282792697863 -0.64228352801434874 -0.19917933450614622 0.36571935067684569 0.76249222455306132 -0.37681424529233526 0.17752715678991338 1.5669310869358428 0.55884791224857666 -0.53467624346471299 0.48622686742438265 0.029636480918285597 0.2546157924452529 -0.20050754312842012 1.2037131407157236 -0.64628164410096289 0.91020102178077156 0.72457087635993966 -0.10614441421591497 -0.27407093254406473 0.88253689212167874 1.0915937880736051 0.74944632213675622 0.15714195927426031
leaf_weight=4955 98 3753 3914 7213 2245 650 1221 3476 3691 3431 1435 4463 1726 141 2441 6287 5608 9662 6680 2775 1150 1867 3088 101 7103 3306 619 1139 660 2591
leaf_count=4955 98 3753 3914 7213 2245 650 1221 3476 3691 3431 1435 4463 1726 141 2441 6287 5608 9662 6680 2775 1150 1867 3088 101 7103 3306 619 1139 660 2591
internal_value=2.3751e-09 -0.308574 0.551738 -0.520588 -0.092367 0.365938 0.87319 -0.641639 -0.187855 0.260525 0.789355 -0.386586 0.0289594 1.07554 0.510109 -0.572989 0.526529 0.00742346 0.222002 -0.27036 1.05635 -0.739885 0.863338 1.16503 -0.137958 -0.333093 0.715535 0.99874 0.599414 0.140982
internal_weight=97489 62522 34967 31567 30955 22159 12808 16585 17322 12800 9056 14982 13633 3752 9359 9763 8709 11907 9369 6528 3611 6822 4523 1251 10794 7769 4533 2360 3101 2689
internal_count=97489 62522 34967 31567 30955 22159 12808 16585 17322 12800 9056 14982 13633 3752 9359 9763 8709 11907 9369 6528 3611 6822 4523 1251 10794 7769 4533 2360 3101 2689
is_linear=0
shrinkage=0.1


Tree=4
num_leaves=31
num_cat=0
split_feature=10 10 10 6 10 10 10 10 10 6 10 10 8 88 6 89 6 10 53 53 49 89 51 55 102 6 86 51 6 91
split_gain=1.34552e+06 207041 194048 32483.3 30959.5 27045 25563.9 6710.76 6417.76 5846.97 4644.84 4321.56 4290.63 3223.85 3204.24 2561.44 2330.22 2209.45 2077.67 2061.37 2050.23 1846.39 1835.06 1829.63 1744.26 1723.59 1646.41 1578.82 1578.04 1535.49
threshold=15.425000000000002 9.0250000000000021 21.975000000000005 5.9000000000000012 12.225000000000001 25.925000000000001 18.31666666666667 4.2565789473684221 29.025000000000002 10.450000000000001 6.7029411764705893 14.105555555555556 19.31666666666667 44.650000000000013 16.450000000000003 10.500000000000002 35.300000000000004 23.975000000000005 13.500000000000002 21.500000000000004 43.150000000000013 12.500000000000002 76.90000000000002 53.500000000000007 3.5000000000000004 15.633333333333335 10.500000000000002 98.40000000000002 24.500000000000004 3.5000000000000004
decision_type=10 10 10 10 10 10 10 8 10 10 10 10 10 10 10 10 10 10 10 10 8 10 10 10 10 10 10 10 10 10
left_child=1 3 6 7 9 13 14 24 22 19 -5 21 26 17 29 -12 -10 -4 -11 -3 -14 -6 -7 -22 -1 -13 -8 -18 -16 -2
right_child=2 4 5 10 11 8 12 -9 16 18 15 25 20 -15 28 -17 27 -19 -20 -21 23 -23 -24 -25 -26 -27 -28 -29 -30 -31
leaf_value=-0.64942385264898972 0.072060797602180357 -0.32639635288408952 0.51898532907159589 -0.46651104919239361 -0.1062288313451733 0.7182185205265188 0.11283966992422939 -0.54218234577984992 0.98166984772595489 -0.3967587220745209 -0.38543802795654419 0.0064761682834149018 0.21492591696791352 0.70135364760160268 0.21584203311924446 -0.2758683675462727 1.1102972910624966 0.65314067433401068 -0.14863655632531345 -0.22486588875361269 0.43451200129827844 -0.016696630191298013 0.86188631061982801 0.64928863638082868 -0.76843161600433707 0.11677972476156254 0.32685079368176795 1.5542738448922373 0.59807921799746422 0.18769079847780712
leaf_weight=4163 3139 3978 2926 5003 4420 1254 400 7506 2131 351 6118 3609 400 3393 5961 3276 245 2115 8760 4021 6363 4810 3055 423 1749 2332 3548 119 110 1811
leaf_count=4163 3139 3978 2926 5003 4420 1254 400 7506 2131 351 6118 3609 400 3393 5961 3276 245 2115 8760 4021 6363 4810 3055 423 1749 2332 3548 119 110 1811
internal_value=-2.10033e-10 -0.293048 0.470971 -0.493006 -0.120754 0.745653 0.282047 -0.604946 0.893978 -0.21297 -0.388679 -0.0167517 0.388919 0.625994 0.174079 -0.347227 1.02161 0.575271 -0.158195 -0.275358 0.434932 -0.0595712 0.820076 0.4479 -0.684631 0.0497732 0.305168 1.25544 0.222768 0.114365
internal_weight=97489 60096 37393 27815 32281 15238 22155 13418 6804 17110 14397 15171 11134 8434 11021 9394 2495 5041 9111 7999 7186 9230 4309 6786 5912 5941 3948 364 6071 4950
internal_count=97489 60096 37393 27815 32281 15238 22155 13418 6804 17110 14397 15171 11134 8434 11021 9394 2495 5041 9111 7999 7186 9230 4309 6786 5912 5941 3948 364 6071 4950
is_linear=0
shrinkage=0.1


Tree=5
num_leaves=31
num_cat=0
split_feature=10 10 10 8 10 10 10 6 89 8 10 10 53 49 51 10 49 8 111 6 6 6 41 49 104 4 81 41 111 49
split_gain=1.09076e+06 190118 137535 38391.9 22306.3 19525.7 14372.3 7765.1 4600.02 4471.32 4255.88 3496.3 2753.66 2708.83 2681.21 2249.52 2168.58 2128.86 1999.57 1937.04 1909.71 1885.61 1777.99 1699.26 1661.54 1636.25 1489.56 1548.32 1482.95 1478.65
threshold=16.025000000000002 10.025000000000002 22.975000000000005 6.7071428571428582 19.908333333333335 13.513157894736844 26.975000000000005 3.4500000000000006 10.500000000000002 11.316666666666668 18.025000000000002 29.875000000000004 22.500000000000004 43.150000000000013 76.90000000000002 5.0250000000000012 24.850000000000005 16.633333333333336 15.500000000000002 7.9000000000000012 11.633333333333335 35.100000000000009 1.0408037621993127 29.750000000000004 114.05000000000003 36.632500000000014 150.50000000000003 1.6946651265431087 2.5000000000000004 18.450000000000003
decision_type=10 10 10 10 10 8 10 8 10 10 10 10 10 8 10 10 8 10 2 10 10 10 10 10 2 10 8 10 2 8
left_child=1 3 4 7 10 9 14 -1 19 16 23 26 -7 -6 25 28 -3 -14 -15 -5 -10 -13 -12 -2 -20 -4 -8 -28 -9 -11
right_child=2 5 6 8 13 12 11 15 20 29 22 21 17 18 -16 -17 -18 -19 24 -21 -22 -23 -24 -25 -26 -27 27 -29 -30 -31
leaf_value=-0.61870538930417762 -0.080580183844455297 -0.44929261368169665 0.40171791467696605 -0.39366677558577529 0.19901351993884966 -0.074064277098076781 0.54078295462669768 0.29125452664765444 -0.26824088266071511 -0.51407969248147667 0.11508918685130338 0.90074113838590686 0.039392460545056344 0.46963634122571929 0.68234583021592288 -0.43577466677113402 -0.17848504069030152 0.16694851763940602 0.30976819879348977 -0.30807548902036647 -0.13537240019535429 1.1579245980284856 0.29663922704643386 0.17629656016482972 0.51490955176790365 0.59030049522016115 0.72464421820583991 0.86807229101868233 -0.5317774184747085 -0.085219012403262975
leaf_weight=5522 267 309 532 4777 502 1810 245 22 4593 81 597 1431 7878 5740 3829 6504 6871 1569 1692 5922 1415 356 5594 7252 515 3404 1488 1523 4476 10773
leaf_count=5522 267 309 532 4777 502 1810 245 22 4593 81 597 1431 7878 5740 3829 6504 6871 1569 1692 5922 1415 356 5594 7252 515 3404 1488 1523 4476 10773
internal_value=7.86415e-10 -0.250149 0.447274 -0.413865 0.296494 -0.0644118 0.708137 -0.521944 -0.30697 -0.128918 0.217731 0.839583 0.0389286 0.424302 0.622769 -0.473378 -0.19014 0.0605775 0.438533 -0.346291 -0.236948 0.951976 0.279132 0.167175 0.357638 0.564811 0.777898 0.797192 -0.527752 -0.0884195
internal_weight=97489 62522 34967 33231 22159 29291 12808 16524 16707 18034 13710 5043 11257 8449 7765 11002 7180 9447 7947 10699 6008 1787 6191 7519 2207 3936 3256 3011 4498 10854
internal_count=97489 62522 34967 33231 22159 29291 12808 16524 16707 18034 13710 5043 11257 8449 7765 11002 7180 9447 7947 10699 6008 1787 6191 7519 2207 3936 3256 3011 4498 10854
is_linear=0
shrinkage=0.1


Tree=6
num_leaves=31
num_cat=0
split_feature=10 10 8 10 10 10 6 6 10 10 10 53 6 75 49 10 4 103 53 55 36 89 88 107 0 6 46 23 104 55
split_gain=884517 140557 126129 21675.3 19323.7 18468.9 16517 4761.39 4198.85 3718.48 3386.39 3213.29 3121.42 2865.54 2799.97 2333.08 2059.41 1978.66 1934.73 1909.1 1576.75 1518.5 1449.65 1431.11 1424.07 1403.76 1374.65 1929.44 1360.58 1354.3
threshold=15.025000000000002 21.763888888888893 8.5277777777777803 11.205263157894739 25.925000000000001 18.31666666666667 5.1000000000000005 12.900000000000002 29.225000000000005 6.7029411764705893 4.552777777777778 21.500000000000004 16.450000000000003 8.5000000000000018 43.150000000000013 19.908333333333335 52.487500000000004 0.49400000000000005 11.500000000000002 31.500000000000004 1.3666666666666669 13.500000000000002 22.250000000000004 2021.5000000000002 19.963333333333338 24.500000000000004 4.2250000000000005 2.4156638207103382 114.35000000000001 43.500000000000007
decision_type=10 10 10 10 10 10 10 10 10 10 8 10 10 10 10 10 10 2 10 10 10 10 10 2 10 10 10 10 2 10
left_child=2 5 6 11 13 12 10 19 -6 -8 -1 18 20 17 -7 -16 -10 -3 -4 23 -2 -13 -9 -5 -20 -14 -18 -28 -17 -15
right_child=1 4 3 7 8 14 9 22 16 -11 -12 21 25 29 15 28 26 -19 24 -21 -22 -23 -24 -25 -26 -27 27 -29 -30 -31
leaf_value=-0.55839911984964818 -0.0013084333759850919 0.52442148026687796 -0.41726453535679914 -0.10386445943024643 0.66893269714151982 0.15682420008882844 -0.4011091353028915 -0.068644396079268227 0.72660019493814731 -0.2986610894736606 -0.44589367794522383 -0.19087712871000379 0.17252096599387376 0.39696043045725676 0.27415597513622525 0.34706977602647926 0.88142301131320133 0.40138991916311184 -0.30012782145705907 -0.050899603623750005 0.1115506125606528 -0.086092145765719053 0.021321603521008346 -0.21885952439332904 -0.20699062781093144 0.523447366546968 0.50193294505278263 1.4066695062138819 0.47552590649781962 0.59205200215946119
leaf_weight=6070 1723 2322 659 3085 4476 1077 6490 2350 1005 7802 4784 4448 6572 400 4466 4055 1183 2991 2477 4072 4397 2007 7530 1667 4868 116 30 110 1035 3222
leaf_count=6070 1723 2322 659 3085 4476 1077 6490 2350 1005 7802 4784 4448 6572 400 4466 4055 1183 2991 2477 4072 4397 2007 7530 1667 4868 116 30 110 1035 3222
internal_value=8.30925e-10 0.367461 -0.246911 -0.118841 0.59861 0.21226 -0.415811 -0.0477591 0.725587 -0.345183 -0.508811 -0.210791 0.131384 0.501918 0.309679 0.326906 0.834514 0.45516 -0.253126 -0.101147 0.0797767 -0.158297 -7.71919e-05 -0.144205 -0.2384 0.178608 0.916489 1.2128 0.37319 0.570507
internal_weight=97489 39180 58309 33163 15739 23441 25146 18704 6804 14292 10854 14459 12808 8935 10633 9556 2328 5313 8004 8824 6120 6455 9880 4752 7345 6688 1323 140 5090 3622
internal_count=97489 39180 58309 33163 15739 23441 25146 18704 6804 14292 10854 14459 12808 8935 10633 9556 2328 5313 8004 8824 6120 6455 9880 4752 7345 6688 1323 140 5090 3622
is_linear=0
shrinkage=0.1


Tree=7
num_leaves=31
num_cat=0
split_feature=10 8 10 10 10 8 10 88 53 88 55 2 8 88 20 53 53 83 61 10 6 103 111 10 104 8 38 47 49 31
split_gain=717801 132908 84177 22554 17509 12455 9496.07 4863.55 3668.37 3455.1 2965.4 2699 2561.1 2370.07 2288.6 1952.9 1931.48 1870.65 1830.29 1749.75 1732.17 1726.51 1695.99 1556.89 1546.83 1516.38 1513.77 1433.69 1350.82 1347.88
threshold=16.303846153846155 9.7250000000000014 22.975000000000005 6.2052631578947377 13.102631578947369 19.31666666666667 27.875000000000004 7.1500000000000012 23.500000000000004 19.450000000000003 40.500000000000007 39.863333333333337 16.527777777777782 22.650000000000002 2.1055555555555561 26.500000000000004 11.500000000000002 27.500000000000004 10.500000000000002 31.075000000000006 5.1000000000000005 0.45150000000000007 27.500000000000004 8.3038461538461572 113.85000000000001 21.550000000000004 1.9500000000000002 1.839542416804089 35.250000000000007 1.1178102700547354
decision_type=10 10 10 10 10 10 10 8 10 10 10 10 10 10 10 10 8 10 10 10 10 2 2 10 2 10 8 8 8 10
left_child=1 3 5 7 8 14 11 -1 22 16 -7 -4 21 -10 27 -11 -5 -13 29 -20 -9 -6 -3 -18 -16 -12 -23 -2 -14 -8
right_child=2 4 6 9 12 10 18 20 13 15 25 17 28 -15 24 -17 23 -19 19 -21 -22 26 -24 -25 -26 -27 -28 -29 -30 -31
leaf_value=-0.5138614413064363 0.11815208948886864 -0.13510825161075499 0.42291543083811772 -0.44586452824902301 0.060496398222918982 0.26258283013880795 0.55359165934686583 -0.43504974257608692 -0.13344178434652751 -0.23267124624918087 0.32252412841189654 0.38016212593776677 -0.30189478662732533 -0.024852426135466652 0.17342866430459494 -0.053964740235858892 -0.32952447653964956 0.566274302296779 0.70467337438401756 0.88958967169012526 -0.34667245774246447 -0.04788586567106299 -0.22685998964333001 -0.24515852008671768 0.27803923664409863 0.42140826716495705 0.049080955792405706 -0.10489852757044026 0.1349220515296779 0.79397906437394872
leaf_weight=5226 2227 6743 2199 905 4191 4383 971 4582 3523 7004 3230 591 73 4680 5949 670 4986 6266 1751 723 4298 5444 2873 3897 1854 2983 2286 331 2343 307
leaf_count=5226 2227 6743 2199 905 4191 4383 971 4582 3523 7004 3230 591 73 4680 5949 670 4986 6266 1751 723 4298 5444 2873 3897 1854 2983 2286 331 2343 307
internal_value=1.34955e-10 -0.197518 0.372771 -0.343276 -0.0544252 0.249336 0.574741 -0.43732 -0.120614 -0.267305 0.325568 0.519318 0.0278394 -0.0714891 0.171375 -0.217069 -0.306692 0.550233 0.708514 0.758713 -0.392274 0.00881208 -0.162521 -0.292513 0.198284 0.370001 -0.0192098 0.0892898 0.121724 0.611337
internal_weight=97489 63724 33765 31568 32156 20957 12808 14106 17819 17462 10596 9056 14337 8203 10361 7674 9788 6857 3752 2474 8880 11921 9616 8883 7803 6213 7730 2558 2416 1278
internal_count=97489 63724 33765 31568 32156 20957 12808 14106 17819 17462 10596 9056 14337 8203 10361 7674 9788 6857 3752 2474 8880 11921 9616 8883 7803 6213 7730 2558 2416 1278
is_linear=0
shrinkage=0.1


Tree=8
num_leaves=31
num_cat=0
split_feature=10 10 10 8 8 6 10 10 88 6 53 51 36 49 61 8 22 104 53 53 103 49 89 28 55 102 107 6 55 97
split_gain=581484 92725.4 84132.7 16376.2 16301.7 10281.6 9791.2 4217.24 3221.48 2994.81 2532.11 2511.35 2389.85 2271.71 2243.24 1792.84 1771.33 1764.82 1674.5 1667.32 1524.63 1590.88 1502.6 1466.72 1427.03 1346.58 1343.2 1327.66 1327.17 1273.21
threshold=15.025000000000002 21.225000000000005 8.3038461538461572 11.950000000000001 24.950000000000003 5.9000000000000012 18.025000000000002 29.025000000000002 16.450000000000003 2.4500000000000006 25.500000000000004 77.40000000000002 1.7750000000000001 35.45000000000001 5.5000000000000009 16.527777777777782 5.5562500000000012 114.25000000000001 17.500000000000004 17.500000000000004 0.27900000000000008 46.850000000000001 25.500000000000004 1.1937500000000003 32.500000000000007 1.5000000000000002 2014.5000000000002 36.300000000000004 42.500000000000007 17.500000000000004
decision_type=10 10 10 10 10 10 10 10 10 8 10 10 10 10 10 10 10 2 10 10 2 8 10 10 10 8 2 10 10 2
left_child=2 6 5 8 11 9 13 16 18 -1 -10 20 24 -2 -8 -15 29 28 -4 -7 -3 -22 -18 -9 -5 -11 -13 -25 -16 -6
right_child=1 4 3 12 7 19 14 23 10 25 -12 26 -14 15 17 -17 22 -19 -20 -21 21 -23 -24 27 -26 -27 -28 -29 -30 -31
leaf_value=-0.48792897562613247 -0.067744137819323702 0.49023957084966541 -0.31983185761453303 -0.090632870335449867 0.44869250115807491 -0.30943539390961328 0.14853161403899226 0.57086546511143099 -0.15916932331327602 -0.28969693564608701 -0.05533535152276179 0.71303651147832481 0.025163669166065456 0.069744643694916952 0.19727492727012114 0.15060951571614212 0.49236418351131139 0.34948520558342733 -0.194146830496084 -0.23123353022037782 0.135682424439105 0.33210450525399726 0.6349930450888509 0.69768414784167088 -0.012338984111593808 -0.39245220552092336 0.43026663206856636 0.97248491332009079 0.29354365164635371 0.62450499820472316
leaf_weight=3211 764 547 1377 5155 2979 5787 2397 870 9798 1507 3089 180 6084 5427 3752 5541 1239 1693 4605 5155 453 4594 1829 1403 4245 8296 2517 201 2316 478
leaf_count=3211 764 547 1377 5155 2979 5787 2397 870 9798 1507 3089 180 6084 5427 3752 5541 1239 1693 4605 5155 453 4594 1829 1403 4245 8296 2517 201 2316 478
internal_value=2.71897e-10 0.297939 -0.200196 -0.0998871 0.471037 -0.344039 0.161215 0.564239 -0.162432 -0.404111 -0.13428 0.369876 -0.0236693 0.0989835 0.23309 0.110597 0.522086 0.259206 -0.223078 -0.272593 0.331661 0.314474 0.577393 0.675414 -0.0552757 -0.376656 0.449139 0.73212 0.234018 0.473002
internal_weight=97489 39180 58309 34353 17290 23956 21890 8999 18869 13014 12887 8291 15484 11732 10158 10968 6525 7761 5982 10942 5594 5047 3068 2474 9400 9803 2697 1604 6068 3457
internal_count=97489 39180 58309 34353 17290 23956 21890 8999 18869 13014 12887 8291 15484 11732 10158 10968 6525 7761 5982 10942 5594 5047 3068 2474 9400 9803 2697 1604 6068 3457
is_linear=0
shrinkage=0.1


Tree=9
num_leaves=31
num_cat=0
split_feature=10 10 10 6 8 10 8 53 10 89 0 81 36 89 88 103 49 75 38 46 55 6 49 52 81 53 6 49 40 36
split_gain=471939 89133.4 55489 17504.4 10034.4 8571.99 6573.04 3195.27 3194.04 2414.48 2270.28 2179.43 2115.74 1878.33 1760.68 1758.9 1722.29 1700.92 1556.67 1546.83 1503.55 1463.35 1460.51 1412.42 1563.49 1376.67 1367.7 1291.12 1243.89 1229.68
threshold=16.303846153846155 10.025000000000002 22.975000000000005 6.1000000000000005 13.050000000000002 19.908333333333335 27.650000000000002 17.500000000000004 3.5131578947368425 13.500000000000002 42.610000000000014 756.50000000000011 1.5500000000000003 10.500000000000002 3.4500000000000006 0.48100000000000004 24.850000000000005 8.5000000000000018 3.6458333333333335 3.3166666666666669 44.500000000000007 16.450000000000003 50.150000000000013 9.5000000000000018 239.50000000000003 8.5000000000000018 28.100000000000005 16.250000000000004 1.0954545454545457 2.1000000000000005
decision_type=10 10 10 10 10 10 10 10 8 10 10 10 10 10 8 2 8 10 10 10 10 10 8 10 10 8 10 8 10 10
left_child=1 3 5 8 11 12 17 27 -1 18 -8 16 -2 -9 -10 26 -3 19 25 -4 -14 28 -17 -12 -25 -6 -7 -5 -11 -18
right_child=2 4 6 7 9 15 10 13 14 21 23 -13 20 -15 -16 22 29 -19 -20 -21 -22 -23 -24 24 -26 -27 -28 -29 -30 -31
leaf_value=-0.42961900046116108 0.083236697945133623 -0.28644839305107056 0.39064102602705869 -0.46200137530926799 -0.47603406461252684 0.32552454493276622 0.34088937305800976 -0.20945628685095979 -0.42285989083245967 -0.085036053064125067 0.49425427647894193 0.044242559117243105 0.15490433911186885 -0.12627396563122312 -0.30842190622016746 0.12050563428036815 -0.11043759670880343 0.45525367680801487 0.49775760697999172 0.21169944280632025 0.2578285959645073 0.10427750470615421 0.26602740461170504 0.41842555183436247 0.64856676902865562 -0.026845540929562567 0.76013117849424083 -0.25189384681411897 0.042862429159474587 -0.027324433056119507
leaf_weight=4183 3480 501 3264 305 69 3370 420 6765 1589 912 1216 1061 7264 4534 8735 826 11595 4408 56 567 1764 3511 4179 333 2600 6110 74 7120 4575 2103
leaf_count=4183 3480 501 3264 305 69 3370 420 6765 1589 912 1216 1061 7264 4534 8735 826 11595 4408 56 567 1764 3511 4179 333 2600 6110 74 7120 4575 2103
internal_value=3.98059e-10 -0.160157 0.302262 -0.273449 -0.0366935 0.202044 0.466243 -0.209565 -0.355903 0.0207223 0.562442 -0.0940076 0.14948 -0.176077 -0.326035 0.27986 -0.104338 0.412895 -0.0271048 0.364157 0.175015 0.0538632 0.242011 0.584869 0.622438 -0.0318616 0.334863 -0.260525 0.0216043 -0.0976776
internal_weight=97489 63724 33765 33231 30493 20957 12808 18724 14507 15233 4569 15260 12508 11299 10324 8449 14199 8239 6235 3831 9028 8998 5005 4149 2933 6179 3444 7425 5487 13698
internal_count=97489 63724 33765 33231 30493 20957 12808 18724 14507 15233 4569 15260 12508 11299 10324 8449 14199 8239 6235 3831 9028 8998 5005 4149 2933 6179 3444 7425 5487 13698
is_linear=0
shrinkage=0.1


Tree=10
num_leaves=31
num_cat=0
split_feature=10 10 6 8 10 10 8 4 88 89 55 51 53 40 102 49 103 40 109 89 49 111 103 104 83 6 40 53 87 8
split_gain=383325 65166.8 52496.5 11074.1 9672.88 7861.68 7539.19 2927.52 2817.89 2181.69 1901.97 1808.43 1714.87 1694.51 1681.93 1596.63 1476.7 1398.47 1586.47 1388.93 1380.66 1378.3 1361.38 1338.97 1536.59 1453.76 1326.66 1241.76 1223.2 1190.73
threshold=14.70294117647059 21.225000000000005 8.2250000000000014 24.950000000000003 11.025000000000002 6.3038461538461545 17.612500000000004 47.792500000000011 4.2500000000000009 14.500000000000002 45.500000000000007 79.950000000000003 20.500000000000004 1.9045454545454548 3.5000000000000004 42.850000000000001 0.56500000000000006 5.1750000000000016 28.225872689938402 26.500000000000004 19.950000000000003 5.5000000000000009 0.62600000000000011 116.45000000000002 84.500000000000014 18.900000000000002 1.5941176470588239 25.500000000000004 247.50000000000003 19.31666666666667
decision_type=10 10 10 10 10 10 10 10 8 10 10 10 10 10 10 10 2 10 2 10 8 2 2 2 10 10 10 10 8 10
left_child=2 6 5 11 12 8 13 19 -1 -6 15 21 -4 16 -10 -8 -2 26 -19 -5 -7 -3 29 24 25 -23 -9 -11 -21 -17
right_child=1 3 4 7 9 20 10 17 14 27 -12 -13 -14 -15 -16 22 -18 18 -20 28 -22 23 -24 -25 -26 -27 -28 -29 -30 -31
leaf_value=-0.40531547645667482 0.071493397198445191 0.3333451034047013 -0.17619315277782177 0.3482464159801742 -0.061582124221693006 -0.3605768658778386 0.036964657074434963 -0.14549127701790102 -0.28391272871550088 -0.036827611652165616 0.26005644325766725 0.37313124902531275 -0.10749695798792139 0.11136745504939792 -0.39796871279812501 0.14839276007155044 -0.027013161988054615 0.55574928083555486 1.1368921252065582 0.467686997268281 -0.20631830201702248 -0.12761709940704433 0.089893788701475005 0.42629916953248054 0.26059364307275751 0.17123077542312404 0.51119754292132613 0.048595776904415862 0.0029354732740541987 0.23052113072133157
leaf_weight=3507 3887 2150 7646 2271 10764 614 940 31 8527 3072 2413 2339 6925 4841 1524 3266 2501 123 76 2400 10545 198 1570 328 2361 915 4040 3815 58 3842
leaf_count=3507 3887 2150 7646 2271 10764 614 940 31 8527 3072 2413 2339 6925 4841 1524 3266 2501 123 76 2400 10545 198 1570 328 2361 915 4040 3815 58 3842
internal_value=3.27443e-10 0.234971 -0.167339 0.382008 -0.0832413 -0.276971 0.125674 0.458826 -0.328136 -0.0334605 0.180676 0.29863 -0.143545 0.0667437 -0.301207 0.16076 0.0329266 0.51885 0.777693 0.404628 -0.214806 0.269353 0.17417 0.233166 0.214931 0.118066 0.506197 0.010492 0.456721 0.192785
internal_weight=97489 40550 56939 17290 32222 24717 23260 8999 13558 17651 12031 8291 14571 11229 10051 9618 6388 4270 199 4729 11159 5952 8678 3802 3474 1113 4071 6887 2458 7108
internal_count=97489 40550 56939 17290 32222 24717 23260 8999 13558 17651 12031 8291 14571 11229 10051 9618 6388 4270 199 4729 11159 5952 8678 3802 3474 1113 4071 6887 2458 7108
is_linear=0
shrinkage=0.1


Tree=11
num_leaves=31
num_cat=0
split_feature=8 10 10 8 10 88 10 88 49 73 53 6 53 111 6 4 87 55 86 21 102 49 10 53 45 44 102 89 47 104
split_gain=311807 48739.7 45852.4 10003.9 8710.05 6209.58 4923.9 2442.35 2060.48 1989.55 1944.99 1821.69 1807.48 1713.08 1697.81 1648.17 1641.92 1490.79 1671.19 1376.84 1397.09 1359.06 1309.08 1205.36 1160.52 1144.82 1131 1126.8 1115.63 1071.05
threshold=15.450000000000001 8.3038461538461572 22.81666666666667 12.316666666666668 18.71842105263158 10.550000000000002 26.375000000000004 16.450000000000003 36.250000000000007 3.5000000000000004 17.500000000000004 29.300000000000001 25.500000000000004 13.500000000000002 19.500000000000004 40.977500000000013 5.5000000000000009 40.500000000000007 226.50000000000003 1.8272620441316241 8.5000000000000018 39.350000000000001 13.806250000000002 11.500000000000002 2.0803307417005787 2.878571428571429 4.5000000000000009 23.500000000000004 1.6832621921807263 114.05000000000003
decision_type=10 10 10 10 10 10 10 10 10 8 10 10 10 2 10 10 8 10 10 10 10 8 8 10 10 10 10 10 8 2
left_child=1 5 4 7 8 16 19 23 24 -5 26 15 -9 17 27 -8 -1 18 -6 -4 25 -15 -11 -3 -2 -21 -7 28 -10 -23
right_child=2 3 6 9 13 10 11 12 14 22 -12 -13 -14 21 -16 -17 -18 -19 -20 20 -22 29 -24 -25 -26 -27 -28 -29 -30 -31
leaf_value=-0.35996370976307235 -0.031858778922860306 -0.30597539688991621 0.24876518497654243 -0.069696480264589716 0.17288889520664333 -0.22903156645455108 0.033981125729699295 -0.11088060997735275 0.080015233272024214 -0.018304068095759275 -0.16308927383176358 0.50218906203866132 -0.030413236581332201 -0.13670636703952765 0.16333690966274522 0.40571541358101071 -0.27786132964239457 0.26842400009638706 1.0284865633301112 0.38497701146504992 0.077523989875310215 0.13610576479453682 0.050439307551099336 -0.15089453800069819 -0.44419452179419372 0.27520184969660477 -0.36423069868783636 0.16507101126865131 -0.017122067285043962 0.26402118632145777
leaf_weight=4295 670 548 1996 3600 3070 7946 124 10804 6546 5572 5417 2743 3764 156 2953 3128 5627 4760 23 3685 186 2953 5509 5867 76 1280 671 1236 1443 841
leaf_count=4295 670 548 1996 3600 3070 7946 124 10804 6546 5572 5417 2743 3764 156 2953 3128 5627 4760 23 3685 186 2953 5509 5867 76 1280 671 1236 1443 841
internal_value=4.46038e-10 -0.142532 0.224398 -0.0684284 0.144178 -0.252851 0.375335 -0.112729 0.0874598 -0.00511051 -0.210043 0.442168 -0.0900899 0.206283 0.0973423 0.391541 -0.313402 0.233302 0.179251 0.319274 0.346596 0.152566 0.0158722 -0.164142 -0.0738662 0.356676 -0.239559 0.0762168 0.06247 0.16446
internal_weight=97489 59620 37869 35664 24727 23956 13142 20983 12924 14681 14034 5995 14568 11803 12178 3252 9922 7853 3093 7147 5151 3950 11081 6415 746 4965 8617 9225 7989 3794
internal_count=97489 59620 37869 35664 24727 23956 13142 20983 12924 14681 14034 5995 14568 11803 12178 3252 9922 7853 3093 7147 5151 3950 11081 6415 746 4965 8617 9225 7989 3794
is_linear=0
shrinkage=0.1


Tree=12
num_leaves=31
num_cat=0
split_feature=10 10 8 6 6 10 0 102 6 10 75 103 88 103 38 53 104 22 84 111 55 102 38 111 6 0 49 110 89 46
split_gain=253612 51408.8 27157.3 10250.7 5918.68 4198.11 3262.04 2186.7 2161.25 2006.48 2005.4 1709.47 1463.43 1418.47 1424.32 1403.05 1394.07 1369.16 1361.35 1293.56 1485.35 1214.69 1179.65 1139.38 1138.61 1125.61 1098.19 1130.27 1066.82 1052.56
threshold=16.716666666666672 10.105555555555556 23.550000000000004 6.1000000000000005 13.450000000000001 20.31666666666667 46.650000000000013 3.5000000000000004 11.633333333333335 29.625000000000004 4.5000000000000009 0.60050000000000014 21.650000000000002 0.61850000000000016 1.8944444444444446 23.500000000000004 115.2 2.8062500000000004 7.5000000000000009 3.5000000000000004 60.500000000000007 4.5000000000000009 1.0500000000000003 2.5000000000000004 19.500000000000004 37.122500000000009 48.050000000000004 75.500000000000014 30.500000000000004 2.6583333333333337
decision_type=10 10 10 10 10 10 10 10 10 10 10 2 10 2 10 10 2 10 10 2 10 10 10 2 10 10 10 2 10 10
left_child=1 3 5 7 10 11 16 12 22 -8 -3 17 23 24 -15 -12 21 -2 -13 -7 26 25 -5 -1 -6 29 -21 -28 -19 -4
right_child=2 4 6 8 13 19 9 -9 -10 -11 15 18 -14 14 -16 -17 -18 28 -20 20 -22 -23 -24 -25 -26 -27 27 -29 -30 -31
leaf_value=0.30545418543946051 0.093985374478873923 -0.12580291185461778 0.28213924074570013 -0.18677023973882251 0.031521746732362299 0.28152686466528681 0.36596140319196568 -0.33994894142365656 -0.060028450363673214 0.49552145581097395 -0.080684718860567384 -0.10578641611479085 -0.14690921274100671 -0.088239427184483299 0.04901837210125861 -0.014097230257130333 0.41635531916722252 0.16498558756161688 0.085045172441304565 0.07309488250572295 0.46555124796263841 0.095284157400251618 -0.13359660138330251 -0.25811623231631442 0.14704387264879784 0.31259157215410155 0.28878771684362187 0.17462119832254966 0.36736913231221868 0.050449295048493638
leaf_weight=36 3346 3830 456 9530 10715 2131 4277 2911 2292 1659 5645 432 1394 1937 1240 7201 844 5271 2776 798 191 341 7421 10187 927 3949 1105 4029 274 344
leaf_count=36 3346 3830 456 9530 10715 2131 4277 2911 2292 1659 5645 432 1394 1937 1240 7201 844 5271 2776 798 191 341 7421 10187 927 3949 1105 4029 274 344
internal_value=2.75809e-10 -0.11333 0.229545 -0.199039 -0.021428 0.159436 0.349757 -0.262446 -0.151168 0.402171 -0.0622934 0.121924 -0.243025 0.0245582 -0.034667 -0.0433582 0.297326 0.144503 0.0593472 0.214422 0.191068 0.277589 -0.163491 -0.256132 0.0407203 0.290679 0.18223 0.199193 0.174986 0.182513
internal_weight=97489 65266 32223 33771 31495 20353 11870 14528 19243 5936 16676 12099 11617 14819 3177 12846 5934 8891 3208 8254 6123 5090 16951 10223 11642 4749 5932 5134 5545 800
internal_count=97489 65266 32223 33771 31495 20353 11870 14528 19243 5936 16676 12099 11617 14819 3177 12846 5934 8891 3208 8254 6123 5090 16951 10223 11642 4749 5932 5134 5545 800
is_linear=0
shrinkage=0.1


Tree=13
num_leaves=31
num_cat=0
split_feature=8 6 8 10 10 8 51 88 55 36 55 111 104 51 10 7 89 36 47 55 89 85 45 53 21 3 87 102 88 107
split_gain=205922 38488.4 24904.3 7261.53 5968.53 4413.1 2873.35 1971.03 1871.46 1771.96 1633.76 1494.1 1484.42 1416.57 1334.12 1325.98 1311.62 1226.03 1397.03 1194.2 1183.92 1120 1144.39 1220.18 1301.05 1167.35 1143.22 1115.86 1159.41 1010.9
threshold=16.31666666666667 9.4500000000000011 23.550000000000004 6.7029411764705893 12.105555555555556 19.31666666666667 76.90000000000002 4.2500000000000009 31.500000000000004 1.7750000000000001 28.500000000000004 29.500000000000004 115.85000000000001 66.350000000000009 34.875000000000007 5.0744433909673754 20.500000000000004 2.3666666666666671 1.7912870293423373 51.500000000000007 14.500000000000002 108.50000000000001 2.2123387778440669 47.500000000000007 4.0034701753629909 17.348898459534997 81.500000000000014 1.5000000000000002 21.250000000000004 2017.5000000000002
decision_type=10 10 10 10 10 10 10 8 10 10 10 2 2 10 10 10 10 10 8 10 10 8 10 10 10 10 10 8 10 2
left_child=1 3 5 7 11 17 12 -1 -6 -7 -5 20 -4 -11 21 -16 -10 18 19 -2 -3 22 23 -8 26 -24 -25 -9 -29 -12
right_child=2 4 6 10 8 9 14 27 16 13 29 -13 -14 -15 15 -17 -18 -19 -20 -21 -22 -23 25 24 -26 -27 -28 28 -30 -31
leaf_value=-0.29866647996397794 0.073950948447963377 -0.079811165435987874 0.23213565332885311 -0.16377754533240901 -0.033217895981442681 0.10698620613868537 0.3403780858013285 -0.14629580415623822 0.018059130669345714 0.15063033538282256 0.028584096547766072 -0.12545849265846071 0.41007245764487754 0.23198261416896143 1.4125736898183823 0.53361241106282586 0.11136505557461632 0.1337031352901964 -0.039190332585061473 0.30231365652591241 -0.0062798278845140124 0.15377686338408011 0.27078202284960445 0.33275741297539591 0.82690476967794135 -0.23952778526581825 0.49370672890153505 -0.2457586964907702 -0.16128785452406519 -0.10993479365382122
leaf_weight=3695 5470 7002 4063 9147 6847 2691 4268 1968 9138 3559 586 4604 530 5370 20 121 1804 3929 1108 239 3186 286 678 819 82 48 957 8016 2038 5220
leaf_count=3695 5470 7002 4063 9147 6847 2691 4268 1968 9138 3559 586 4604 530 5370 20 121 1804 3929 1108 239 3186 286 678 819 82 48 957 8016 2038 5220
internal_value=4.20674e-10 -0.106929 0.197539 -0.187329 -0.0312444 0.135402 0.314601 -0.23479 0.00778481 0.178119 -0.137443 -0.0781812 0.252668 0.199557 0.35368 0.658288 0.0334424 0.089211 0.0635678 0.0835111 -0.0568164 0.347663 0.355756 0.369825 0.437466 0.237043 0.419485 -0.215157 -0.228636 -0.0959541
internal_weight=97489 63251 34238 30670 32581 22366 11872 15717 17789 11620 14953 14792 4593 8929 7279 141 10942 10746 6817 5709 10188 7138 6852 6126 1858 726 1776 12022 10054 5806
internal_count=97489 63251 34238 30670 32581 22366 11872 15717 17789 11620 14953 14792 4593 8929 7279 141 10942 10746 6817 5709 10188 7138 6852 6126 1858 726 1776 12022 10054 5806
is_linear=0
shrinkage=0.1


Tree=14
num_leaves=31
num_cat=0
split_feature=10 8 8 10 53 10 102 89 103 36 49 111 55 102 6 111 48 49 94 89 9 34 103 111 8 28 94 105 95 23
split_gain=167555 31819.6 21165.4 5022.31 4971.22 4267.51 2396.23 1978.21 1731.76 1616.31 1612.75 1521.59 1449.15 1432.11 1424.88 1318.05 1310.03 1224.66 1224.58 1187.41 1179.5 1167.53 1139.37 1119.2 1083.93 1067.73 1066.24 1111.19 1043.26 1206.78
threshold=14.21764705882353 21.550000000000004 7.3166666666666673 25.175000000000001 21.500000000000004 17.414285714285715 3.5000000000000004 13.500000000000002 0.7340000000000001 1.5500000000000003 60.45000000000001 47.500000000000007 53.500000000000007 12.500000000000002 3.4500000000000006 4.5000000000000009 1.4500000000000002 36.050000000000004 4.5000000000000009 24.500000000000004 6.0272529037179927 0.8377192982456142 0.52900000000000014 47.500000000000007 30.050000000000004 2.3416666666666672 1.0000000180025095e-35 0.55000000000000016 1.5000000000000002 3.2783091044126516
decision_type=10 10 10 10 10 10 10 10 2 10 10 2 10 10 10 2 8 10 10 10 8 10 2 2 10 10 10 10 10 10
left_child=2 5 6 8 11 17 14 16 12 -7 -5 -4 19 18 15 -1 -6 -2 24 28 -13 26 -11 -9 -12 -26 27 -19 29 -3
right_child=1 3 4 10 7 9 -8 23 -10 22 13 20 -14 -15 -16 -17 -18 21 -20 -21 -22 -23 -24 -25 25 -27 -28 -29 -30 -31
leaf_value=0.19601440316864424 -0.06359055174240115 0.18335748465205018 -0.099723601990456462 0.21293472461683219 -0.11854384408206015 0.052803139597017962 -0.27619159070121957 0.015323074303784942 -0.034265423008551198 0.1713603737418963 0.28377589654706814 -0.15343360355180388 0.29863920944996852 -0.18194358547528586 -0.16610089632566197 -0.24160879973098198 -0.04263902255140483 0.070207946925673587 0.40962692709170367 0.23751259215318435 -0.33936202928353926 0.0017183842379514631 0.10361968732554031 -0.12464063808444908 0.3714142642370013 0.84717921512771621 0.085401349961995901 -0.10165613746673566 0.095687950724879137 0.52968872926145227
leaf_weight=70 1071 1979 13583 1393 3030 2796 3431 6887 300 5175 3800 1714 1518 54 11674 4092 9110 836 1663 3010 426 3772 4773 623 1264 49 6890 684 1716 106
leaf_count=70 1071 1979 13583 1393 3030 2796 3431 6887 300 5175 3800 1714 1518 54 11674 4092 9110 836 1663 3010 426 3772 4773 623 1264 49 6890 684 1716 106
internal_value=2.79586e-10 0.148042 -0.116096 0.255074 -0.0701623 0.0786613 -0.200427 -0.0366285 0.201782 0.119978 0.310997 -0.112071 0.210284 0.330997 -0.184011 -0.234248 -0.061584 0.038931 0.335085 0.190592 -0.190446 0.0479444 0.138859 0.00371224 0.310841 0.389169 0.0686773 -0.00713089 0.153436 0.200965
internal_weight=97489 42849 54640 16852 35373 25997 19267 19650 8629 12744 8223 15723 8329 6830 15836 4162 12140 13253 6776 6811 2140 12182 9948 7510 5113 1313 8410 1520 3801 2085
internal_count=97489 42849 54640 16852 35373 25997 19267 19650 8629 12744 8223 15723 8329 6830 15836 4162 12140 13253 6776 6811 2140 12182 9948 7510 5113 1313 8410 1520 3801 2085
is_linear=0
shrinkage=0.1


Tree=15
num_leaves=31
num_cat=0
split_feature=10 6 10 10 10 49 55 67 111 55 103 107 89 88 104 47 54 89 46 20 17 52 6 104 36 7 41 43 18 49
split_gain=135782 28396.7 14558 5819.01 3799.81 3066.51 2069.25 2020.08 1717.84 1707.71 1409.43 1419.47 1391.4 1387.82 1367.38 1294.31 1229.51 1308.96 1278.75 1350.58 1172.82 1124.47 1117.16 1105.25 1094.79 1032.12 1382.17 1064.07 1064.63 1022.73
threshold=16.716666666666672 10.100000000000001 23.975000000000005 6.2052631578947377 13.607692307692309 53.150000000000013 40.500000000000007 4.5000000000000009 47.500000000000007 28.500000000000004 0.7340000000000001 2016.5000000000002 1.0000000180025095e-35 21.250000000000004 114.65000000000002 1.8017244562445176 1.0000000180025095e-35 22.500000000000004 4.2250000000000005 7.3500000000000005 1.8994843864037187 15.500000000000002 13.633333333333335 114.05000000000003 0.70833333333333337 13.549907246303988 1.538539918334185 0.82657830373090102 3.9000000000000004 19.050000000000004
decision_type=10 10 10 10 10 10 10 10 2 10 2 2 8 10 2 8 10 10 10 10 10 10 10 2 10 10 10 10 10 8
left_child=1 3 5 12 8 15 -7 -4 22 13 11 21 -1 24 16 20 17 -9 -18 -20 -2 -8 -3 -13 -5 27 -27 -19 -29 -6
right_child=2 4 7 9 29 6 10 14 -10 -11 -12 23 -14 -15 -16 -17 18 25 19 -21 -22 -23 -24 -25 -26 26 -28 28 -30 -31
leaf_value=-0.25376287010411269 0.1633582845699893 -0.050260641906847252 0.14716292591312452 -0.21159365496771376 -0.33431314547092489 0.10010103697662727 0.27905941957824326 0.14374150207403388 -0.13596196864932528 -0.074043317768336586 -0.033646423437151338 0.14561406073609123 -0.17901930316507819 -0.089608752556069177 0.36494965869451035 -0.01577546093731131 0.29681125909259853 0.39402170531502034 0.24009729230403903 0.92689681146571878 0.06494315393924277 0.9213820366987161 0.0065028468552490786 0.23177957251708148 -0.13327262008507398 -0.4162053474024231 0.22459591192880063 0.10892352418326166 0.27778957265611987 0.028885905127627006
leaf_weight=3256 1620 11952 1313 2686 78 5286 1024 1298 1824 7393 298 4928 10595 4394 1564 1418 3203 606 50 67 4795 28 4884 2133 5319 51 99 460 1982 12885
leaf_count=3256 1620 11952 1313 2686 78 5286 1024 1298 1824 7393 298 4928 10595 4394 1564 1418 3203 606 50 67 4795 28 4884 2133 5319 51 99 460 1982 12885
internal_value=4.34601e-10 -0.0829245 0.167959 -0.146875 -0.0148889 0.12059 0.14913 0.263335 -0.0437808 -0.112084 0.179943 0.187788 -0.19659 -0.134766 0.279597 0.0706847 0.262518 0.228435 0.308673 0.633393 0.0897962 0.296155 -0.033794 0.171643 -0.159552 0.262811 0.00672348 0.275414 0.24598 0.0267005
internal_weight=97489 65266 32223 33643 31623 21530 13697 10693 18660 19792 8411 8113 13851 12399 9380 7833 7816 4496 3320 117 6415 1052 16836 7061 8005 3198 150 3048 2442 12963
internal_count=97489 65266 32223 33643 31623 21530 13697 10693 18660 19792 8411 8113 13851 12399 9380 7833 7816 4496 3320 117 6415 1052 16836 7061 8005 3198 150 3048 2442 12963
is_linear=0
shrinkage=0.1


Tree=16
num_leaves=31
num_cat=0
split_feature=6 6 6 10 55 10 10 103 42 110 100 103 88 22 82 111 49 81 14 6 111 89 53 38 89 55 17 81 40 49
split_gain=110873 18564.7 16102.8 4251.65 4024.46 2930 2452.03 1714.48 1699.62 1735.05 1591.39 1524.62 1425.99 1390.86 1364.26 1233 1164.6 1084.46 1067.94 1026.8 1005.84 999.358 992.56 976.753 1153.43 992.465 973.908 957.701 948.2 1057.19
threshold=15.633333333333335 8.2250000000000014 23.266666666666669 12.514705882352944 42.500000000000007 5.0250000000000012 26.375000000000004 0.57100000000000006 1.3666666666666669 74.500000000000014 1.0000000180025095e-35 0.44500000000000006 16.050000000000004 1.8535714285714289 291.50000000000006 15.500000000000002 26.650000000000002 573.50000000000011 4.0500000000000007 19.700000000000006 2.5000000000000004 26.500000000000004 8.5000000000000018 0.89444444444444449 10.500000000000002 31.500000000000004 1.7566046562418507 120.50000000000001 1.5131578947368423 36.850000000000001
decision_type=10 10 10 10 10 10 10 2 10 2 2 2 8 10 10 2 8 10 10 10 2 10 8 10 10 10 8 10 10 8
left_child=1 5 4 12 10 20 15 23 -6 14 11 13 -3 -2 -10 21 -11 -14 26 -12 -1 -4 -7 -5 -25 -26 -8 -17 -9 -30
right_child=2 3 6 7 8 22 18 28 9 16 19 -13 17 -15 -16 27 -18 -19 -20 -21 -22 -23 -24 24 25 -27 -28 -29 29 -31
leaf_value=0.45030422881247134 -0.043847695781447579 -0.113084942122835 0.16859582644235316 -0.075808594196480686 0.21621832969396948 -0.23031326494756621 0.39942429747122032 -0.088055533130386068 0.24680288096448702 -0.46890610133608179 0.065257380964103648 -0.0047302726949949737 -0.06205269220170976 0.12818413219902158 1.0164637220402559 -0.25940491476676603 0.1017346890842529 0.013426582138846448 0.28781130360872381 0.14287614815225488 -0.19794503897036242 0.24997836811580948 -0.11867165284377011 -0.01012596949005347 0.010158949821543754 0.1018170978519202 0.035736833991117399 0.12249765333133876 -0.18111624514823629 0.013723222551029549
leaf_weight=24 612 4949 3167 763 2313 841 96 2294 570 36 5503 5321 13883 2025 24 69 5464 2206 5137 2469 8915 2882 15000 2723 1805 3419 316 1358 307 2998
leaf_count=24 612 4949 3167 763 2313 841 96 2294 570 36 5503 5321 13883 2025 24 69 5464 2206 5137 2469 8915 2882 15000 2723 1805 3419 316 1358 307 2998
internal_value=1.3127e-10 -0.0840651 0.135287 -0.0375404 0.0872591 -0.150429 0.225026 0.00451288 0.143236 0.115535 0.0577176 0.026083 -0.066143 0.0882587 0.2779 0.187645 0.0979996 -0.0517036 0.275387 0.0892966 -0.196205 0.20737 -0.124599 0.0322657 0.0426421 0.0701473 0.12048 0.104031 -0.0386604 -0.00437533
internal_weight=97489 60127 37362 35347 24337 24780 13025 14309 8407 6094 15930 7958 21038 2637 594 7476 5500 16089 5549 7972 8939 6049 15841 8710 7947 5224 412 1427 5599 3305
internal_count=97489 60127 37362 35347 24337 24780 13025 14309 8407 6094 15930 7958 21038 2637 594 7476 5500 16089 5549 7972 8939 6049 15841 8710 7947 5224 412 1427 5599 3305
is_linear=0
shrinkage=0.1


Tree=17
num_leaves=31
num_cat=0
split_feature=8 10 8 88 36 55 10 61 63 102 111 89 103 97 89 103 55 8 86 23 102 44 96 7 53 0 37 15 109 6
split_gain=90086.8 17185.9 10893.4 5460.11 2335.79 1883.8 1768.18 1603.45 1603.28 1398.77 1324.9 1321.42 1220.99 1300.55 1219.93 1213.16 1194.14 1068.11 1035.54 1005.25 1010.69 1000.27 992.667 991.839 977.046 1087.36 963.917 913.547 908.932 899.053
threshold=16.31666666666667 10.707142857142857 23.550000000000004 12.050000000000002 2.3666666666666671 32.500000000000007 7.0250000000000012 2.5000000000000004 13.500000000000002 2.5000000000000004 4.5000000000000009 25.500000000000004 0.49400000000000005 16.500000000000004 21.500000000000004 0.60050000000000014 43.500000000000007 19.725000000000005 2.5000000000000004 3.5649973920793605 6.5000000000000009 1.8944444444444446 205.50000000000003 13.549907246303988 48.500000000000007 50.310000000000009 2.5689727889526757 3.905121663585859 26.821355236139635 11.633333333333335
decision_type=10 10 10 10 10 10 10 10 10 10 2 10 2 2 10 2 10 10 8 10 10 10 2 8 8 10 10 10 2 10
left_child=1 3 4 9 7 10 -5 -2 12 -1 -3 -10 -4 23 21 17 -6 -9 -12 20 26 -7 -18 -14 -21 -26 -13 -28 -20 -23
right_child=2 5 8 6 16 14 -8 15 11 -11 18 19 13 -15 -16 -17 22 -19 28 24 -22 29 -24 -25 25 -27 27 -29 -30 -31
leaf_value=-0.14163782836889013 -0.10506365482063368 0.040460204730888294 0.22202662219986197 -0.12292840613972444 0.098610183043606955 0.028440246174418201 -0.065043380232819817 0.059262658735462527 0.18503177931098949 -0.20883494465729346 -0.23466689570365099 0.25244483355430636 0.11347892008688498 0.29881617654823361 0.10233356873963657 0.013563089537743739 0.10983386232589927 0.13125074146717838 -0.034222281729544009 0.28695293716955028 0.0058071749260028213 -0.11073898810082781 0.21362079740832418 -0.17969103734998018 1.2571340984918855 0.50732373509381434 0.37037481196256689 0.89345841117807334 -0.12789011778293066 -0.005159622562977099
leaf_weight=8909 560 1935 2284 8119 6323 7536 15076 5324 2577 4749 293 3083 2493 376 1502 3021 1598 3363 9760 227 150 1087 2177 121 22 160 342 37 1159 3126
leaf_count=8909 560 1935 2284 8119 6323 7536 15076 5324 2577 4749 293 3083 2493 376 1502 3021 1598 3363 9760 227 150 1087 2177 121 22 160 342 37 1159 3126
internal_value=2.57693e-10 -0.0707251 0.130657 -0.114842 0.0895613 -0.00913602 -0.085305 0.060242 0.208078 -0.165003 -0.035955 0.240933 0.166975 0.124921 0.0174725 0.0681487 0.125181 0.0871314 -0.049143 0.27676 0.259935 0.00662383 0.169687 0.0999083 0.425347 0.59796 0.270946 0.421441 -0.0441647 -0.0324003
internal_weight=97489 63251 34238 36853 22366 26398 23195 12268 11872 13658 13147 6598 5274 2990 13251 11708 10098 8687 11212 4021 3612 11749 3775 2614 409 182 3462 379 10919 4213
internal_count=97489 63251 34238 36853 22366 26398 23195 12268 11872 13658 13147 6598 5274 2990 13251 11708 10098 8687 11212 4021 3612 11749 3775 2614 409 182 3462 379 10919 4213
is_linear=0
shrinkage=0.1


Tree=18
num_leaves=31
num_cat=0
split_feature=6 10 8 88 51 75 61 103 55 111 103 104 111 83 87 96 5 53 23 45 26 53 36 81 6 103 111 59 107 104
split_gain=73392 12424.4 10810 2927 2391.3 2222.75 1644.78 1414.79 1406.72 1398.58 1371.87 1366.47 1271.46 1375.95 1362.69 1104.56 1095.74 1075.82 1291.64 1064.93 1061.97 1055.95 1024.7 1010.37 943.066 1009.83 942.57 928.472 916.504 913.96
threshold=15.633333333333335 9.1026315789473689 21.250000000000004 11.450000000000001 76.90000000000002 4.5000000000000009 3.5000000000000004 0.72700000000000009 34.500000000000007 2.5000000000000004 0.57100000000000006 115.85000000000001 13.500000000000002 171.50000000000003 5.5000000000000009 225.50000000000003 11.537010239272425 46.500000000000007 3.5649973920793605 1.579380052788711 2.6333333333333337 24.500000000000004 1.3666666666666669 596.50000000000011 28.500000000000004 0.7340000000000001 15.500000000000002 22.500000000000004 2022.5000000000002 118.50000000000001
decision_type=10 10 10 10 10 10 10 2 10 2 2 2 2 8 10 2 10 10 10 10 10 8 10 10 10 2 2 10 2 2
left_child=1 3 6 12 11 23 -2 17 -8 -7 21 24 13 -1 -14 -5 -9 -6 27 20 -10 -11 -13 -3 25 26 28 -19 -4 -21
right_child=2 5 4 15 7 9 8 16 19 10 -12 22 14 -15 -16 -17 -18 18 -20 29 -22 -23 -24 -25 -26 -27 -28 -29 -30 -31
leaf_value=-0.10836010156158778 -0.030811612972420174 -0.086866628587783018 0.15105203535466527 -0.068118156558763465 0.18654225106204353 0.11276784615929976 0.029323469258517476 0.19791963151569325 0.10705122569695968 -0.025450090652618957 -0.045821742457633138 0.5765647810484682 -0.21244769178336742 0.21002817483811542 -0.13588784720177774 -0.12036745669926774 -0.15752764423873197 0.25616692478489661 0.4850392646924202 0.035040667179551163 0.66712894755251273 0.028956503158157787 0.2108975977246603 0.026500596605373752 0.20709326471845554 -0.08848467601399701 0.039366446696739235 -0.0042363840392951315 0.043596822142616252 0.27846901663550122
leaf_weight=2124 1843 6570 4213 9762 5619 881 6074 161 7914 6651 9151 84 4343 145 5003 6910 188 2458 238 3671 34 7694 874 893 1003 264 1440 145 978 161
leaf_count=2124 1843 6570 4213 9762 5619 881 6074 161 7914 6651 9151 84 4343 145 5003 6910 188 2458 238 3671 34 7694 874 893 1003 264 1440 145 978 161
internal_value=1.74037e-10 -0.0683954 0.110069 -0.116623 0.166869 -0.0255494 0.0591297 0.203759 0.068414 -0.0109301 -0.0155683 0.130174 -0.155162 -0.0880136 -0.171465 -0.0897738 0.0064466 0.211899 0.26205 0.0885699 0.109447 0.00373111 0.24296 -0.0733014 0.116493 0.103314 0.11095 0.241661 0.130807 0.0452682
internal_weight=97489 60127 37362 28287 17665 31840 19697 8809 17854 24377 23496 8856 11615 2269 9346 16672 349 8460 2841 11780 7948 14345 958 7463 7898 6895 6631 2603 5191 3832
internal_count=97489 60127 37362 28287 17665 31840 19697 8809 17854 24377 23496 8856 11615 2269 9346 16672 349 8460 2841 11780 7948 14345 958 7463 7898 6895 6631 2603 5191 3832
is_linear=0
shrinkage=0.1


Tree=19
num_leaves=31
num_cat=0
split_feature=10 53 6 36 88 88 67 36 103 36 104 55 111 12 102 52 81 48 105 42 53 25 72 37 38 7 82 79 23 84
split_gain=59851.7 12893.3 6537.89 3100.98 2948.52 2093.49 1983.33 1855.3 1654.61 1794.38 1202.58 1178.13 1154.15 1207.37 1148.01 1145.1 1391.37 1021.57 1018.96 1016.47 996.918 955.465 912.287 907.185 866.146 846.001 841.467 838.764 1405.07 825.017
threshold=16.716666666666672 20.500000000000004 24.300000000000001 1.1000000000000003 20.050000000000004 21.450000000000003 4.5000000000000009 1.9000000000000001 0.56500000000000006 2.3666666666666671 114.45000000000002 36.500000000000007 15.500000000000002 3.7750000000000004 3.5000000000000004 27.500000000000004 72.500000000000014 0.85000000000000009 0.77500000000000013 3.9000000000000004 28.500000000000004 1.1897227048854206 3.5000000000000004 2.8838617020628585 0.89444444444444449 9.4021259148901013 612.50000000000011 11.500000000000002 2.6546878231510997 64.500000000000014
decision_type=10 10 10 10 8 10 10 10 2 10 2 10 2 10 10 10 8 10 10 10 10 10 10 8 10 10 8 10 10 10
left_child=1 3 7 5 17 14 23 18 20 -10 12 -9 13 -8 -1 16 -13 -3 24 27 -6 29 25 -4 -2 -5 -26 -18 -29 -14
right_child=2 4 6 22 8 -7 10 11 9 -11 -12 15 21 -15 -16 -17 19 -19 -20 -21 -22 -23 -24 -25 26 -27 -28 28 -30 -31
leaf_value=-0.12936067546862784 -0.11577956541043233 -0.10294965586477074 0.088852647822910052 -0.058037458114978728 0.01007884239798458 -0.066127457125736352 0.046367116034614478 0.04706318972158427 -0.045920978439613749 0.069637099829479618 0.27078778750470039 -0.039431188430360926 0.066417545522563168 0.20104899067999851 -0.19832460707337207 0.71413989211432638 0.12475431726275935 -0.035926324730620733 -0.028344328478824621 -0.052814817742946968 0.06653185088212886 -0.12130799292157231 0.27158560519476976 -0.36605678879552417 0.077041783634074559 -0.30813553884870165 -0.09968460421356648 0.2156036506478603 0.92481375282460998 0.41659627586957959
leaf_weight=12508 269 3172 1697 10613 9154 4644 549 3123 7543 1635 1651 553 338 6242 2991 32 9644 8034 1712 317 4752 219 83 45 5249 137 284 182 33 84
leaf_count=12508 269 3172 1697 10613 9154 4644 549 3123 7543 1635 1651 553 338 6242 2991 32 9644 8034 1712 317 4752 219 83 45 5249 137 284 182 33 84
internal_value=1.72016e-10 -0.0550554 0.111512 -0.101819 -0.0128111 -0.125022 0.174842 0.079474 0.00761981 -0.0253351 0.193587 0.101136 0.176437 0.188544 -0.142669 0.116829 0.115047 -0.0548981 0.0394479 0.123442 0.0293701 0.0481697 -0.0586748 0.0771013 0.0594514 -0.0612248 0.0679707 0.129109 0.324459 0.136121
internal_weight=97489 65266 32223 30976 34290 20143 10825 21398 23084 9178 9083 13884 7432 6791 15499 10761 10729 11206 7514 10176 13906 641 10833 1742 5802 10750 5533 9859 215 422
internal_count=97489 65266 32223 30976 34290 20143 10825 21398 23084 9178 9083 13884 7432 6791 15499 10761 10729 11206 7514 10176 13906 641 10833 1742 5802 10750 5533 9859 215 422
is_linear=0
shrinkage=0.1


Tree=20
num_leaves=31
num_cat=0
split_feature=8 6 53 73 89 55 36 47 6 103 103 103 94 102 111 102 53 52 88 88 81 50 32 53 41 17 82 95 40 45
split_gain=48895.3 9593.18 6868.44 2321.36 1974.82 1820.58 1810.75 1553.25 1404.5 1353.35 1173.49 1165.72 1148.4 1139.5 1092.78 1162.58 1078.93 1015.48 999.379 952.257 921.529 902.262 1071.54 867.409 1019.64 1216.03 851.199 883.006 1266.29 937.559
threshold=14.316666666666668 20.300000000000001 17.500000000000004 5.5000000000000009 6.5000000000000009 42.500000000000007 1.1000000000000003 1.839542416804089 27.900000000000002 0.50300000000000011 0.58400000000000007 0.56500000000000006 1.5000000000000002 4.5000000000000009 15.500000000000002 3.5000000000000004 25.500000000000004 28.500000000000004 36.850000000000001 40.250000000000007 213.50000000000003 -1.0000000180025095e-35 0.78888888888888908 52.500000000000007 1.9278035981708748 1.9864673473010479 390.50000000000006 2.5000000000000004 4.8250000000000002 1.5563326292120554
decision_type=10 10 10 10 10 10 10 8 10 2 2 2 10 10 2 8 10 10 10 8 8 10 10 10 10 10 10 10 10 10
left_child=2 5 6 10 -4 7 14 9 13 -2 17 16 -7 23 19 -16 -6 -3 -9 -1 -14 -20 -23 -5 25 -25 27 -10 -29 -30
right_child=1 3 4 8 11 12 -8 18 26 -11 -12 -13 20 -15 15 -17 -18 -19 21 -21 -22 22 -24 24 -26 -27 -28 28 29 -31
leaf_value=-0.089298923946191835 0.05966223067437039 0.1030388140563846 -0.073021707994213134 0.13281115002075214 -0.022253458088578471 0.02432873988327719 -0.061615312292580729 -0.11381428891158413 0.27553407685604431 -0.001019455790077781 0.020139809437127301 -0.046618244195106032 0.017189994391579966 -0.0109966473345206 -0.12447295858239034 -0.20088304556059566 0.034436020750461968 0.47922375069497386 -0.2362484715672003 0.16197656588864667 0.14653421156469398 0.27269166974188058 -0.19858481907655323 0.66809456442531789 0.49954750289694527 0.044937381466453 0.11814172288429051 0.14658719008455806 -0.071563427221207385 0.68330063592446477
leaf_weight=3318 6911 4216 9740 9408 9325 2011 5974 1324 1649 7850 2240 9676 694 537 8669 2585 5246 73 72 158 2670 206 63 38 142 178 980 1439 21 76
leaf_count=3318 6911 4216 9740 9408 9325 2011 5974 1324 1649 7850 2240 9676 694 537 8669 2585 5246 73 72 158 2670 206 63 38 142 178 980 1439 21 76
internal_value=2.41005e-10 0.0800575 -0.0626484 0.1283 -0.034989 0.0335942 -0.108053 0.0170636 0.150636 0.0273913 0.0788035 -0.0197113 0.0841119 0.130826 -0.126887 -0.142024 -0.00184353 0.109442 -0.0744963 -0.0778773 0.11985 0.0781635 0.162318 0.138625 0.291403 0.154567 0.19964 0.224717 0.170161 0.519876
internal_weight=97489 42798 54691 20997 33987 21801 20704 16426 14468 14761 6529 24247 5375 10303 14730 11254 14571 4289 1665 3476 3364 341 269 9766 358 216 4165 3185 1536 97
internal_count=97489 42798 54691 20997 33987 21801 20704 16426 14468 14761 6529 24247 5375 10303 14730 11254 14571 4289 1665 3476 3364 341 269 9766 358 216 4165 3185 1536 97
is_linear=0
shrinkage=0.1


Tree=21
num_leaves=31
num_cat=0
split_feature=6 6 6 40 36 111 89 49 103 44 55 59 103 40 22 55 42 102 7 63 55 14 81 89 111 21 87 97 86 84
split_gain=39814 7284.12 5969.52 2061 2026.25 1370.06 1271.14 1264.63 1227.13 1111.44 1122.52 1022.69 921.791 917.303 1062.07 914.705 1050.05 918.114 895.459 860.319 858.422 852.739 845.318 835.926 824.684 970.779 824.119 822.129 811.292 792.229
threshold=15.633333333333335 7.9000000000000012 23.266666666666669 1.4058823529411766 2.3666666666666671 30.500000000000004 25.500000000000004 26.150000000000002 0.60050000000000014 3.0500000000000003 43.500000000000007 8.5000000000000018 0.67600000000000016 4.8750000000000009 10.275000000000002 32.500000000000007 2.3666666666666671 7.5000000000000009 1.3227406337702023 22.500000000000004 32.500000000000007 10.316666666666668 7.5000000000000009 28.500000000000004 29.500000000000004 2.4140788002393778 237.50000000000003 8.5000000000000018 7.5000000000000009 33.500000000000007
decision_type=10 10 10 10 10 2 10 10 2 10 10 10 2 10 10 10 10 10 8 10 10 10 10 10 2 8 10 2 10 8
left_child=1 7 4 15 8 -5 12 24 -2 10 -6 -8 -4 18 -15 17 -17 22 -13 23 -7 -10 -3 -12 -1 -26 29 -14 -22 -11
right_child=2 3 6 5 9 20 11 -9 21 26 19 13 27 14 -16 16 -18 -19 -20 -21 28 -23 -24 -25 25 -27 -28 -29 -30 -31
leaf_value=-0.092159221640316799 0.044720258754793893 -0.31718744031367052 0.11192220753339353 0.015673066138800096 0.070640160493139328 -0.10037967766961219 -0.30329082189722267 -0.077654198088346948 -0.006871661152411084 0.056741485408686232 0.1359231168869097 0.79533884457566528 0.1698510143964862 0.53379226553101911 0.11254946565470443 0.0096930900754477745 -0.086220145893660741 -0.18125558286208401 0.15640103390880578 -0.064624356151306947 -0.28148671186123136 -0.17146089201841247 -0.050615647297331007 0.28978361135854386 -0.14370670613976125 -0.32992569161857488 0.49736108878006546 -0.10736657666197252 0.058370796138920003 -0.13093188983763301
leaf_weight=3660 10544 120 4817 13915 5956 1842 47 14841 3298 458 2667 22 150 141 104 4901 1488 581 7371 187 78 348 13692 407 4002 301 30 373 706 442
leaf_count=3660 10544 120 4817 13915 5956 1842 47 14841 3298 458 2667 22 150 141 104 4901 1488 581 7371 187 78 348 13692 407 4002 301 30 373 706 442
internal_value=1.4327e-10 -0.0503756 0.08107 -0.0231693 0.0518278 0.00317062 0.135709 -0.094904 0.0274277 0.0859499 0.0964627 0.161749 0.0982321 0.164611 0.354979 -0.0441339 -0.0126451 -0.0581117 0.158302 0.143626 -0.063079 -0.0225812 -0.0529316 0.156294 -0.127053 -0.156733 -0.0182403 -0.0278587 0.0245584 -0.035427
internal_weight=97489 60127 37362 37323 24337 16541 13025 22804 14190 10147 9217 7685 5340 7638 245 20782 6389 14393 7393 3261 2626 3646 13812 3074 7963 4303 930 523 784 900
internal_count=97489 60127 37362 37323 24337 16541 13025 22804 14190 10147 9217 7685 5340 7638 245 20782 6389 14393 7393 3261 2626 3646 13812 3074 7963 4303 930 523 784 900
is_linear=0
shrinkage=0.1


Tree=22
num_leaves=31
num_cat=0
split_feature=10 10 53 94 81 48 111 103 104 89 111 83 48 91 89 103 50 86 52 44 0 57 88 95 94 107 87 39 6 44
split_gain=32544.4 6374.25 4786.89 1653.21 1715.74 1692.38 1548.49 1577.61 1527.53 1441.8 1324.3 1246.15 1107.2 1107.17 1080.18 1158.54 936.284 923.569 910.497 905.977 900.308 896.339 884.171 869.543 847.382 1229.15 991.837 1034.72 839.019 823.324
threshold=14.21764705882353 20.31666666666667 17.500000000000004 2.5000000000000004 590.50000000000011 10.65 15.500000000000002 0.7340000000000001 114.05000000000003 26.500000000000004 29.500000000000004 1.5000000000000002 11.65 2.5000000000000004 25.500000000000004 0.60050000000000014 -1.3999999999999997 37.500000000000007 15.500000000000002 2.2678571428571432 38.010000000000012 4.5000000000000009 32.250000000000007 1.5000000000000002 3.5000000000000004 2009.5000000000002 108.50000000000001 1.7191698905998378 35.300000000000004 3.8500000000000001
decision_type=10 10 10 10 10 10 2 2 2 10 2 10 8 10 10 2 10 10 10 10 10 10 10 10 10 2 8 10 10 10
left_child=2 13 10 4 5 22 7 9 21 16 12 -12 -1 14 15 -2 -3 -11 -15 -9 -21 -8 -4 24 -18 -26 -27 -28 29 -19
right_child=1 6 3 -5 -6 -7 8 19 -10 17 11 -13 -14 18 -16 -17 23 28 -20 20 -22 -23 -24 -25 25 26 27 -29 -30 -31
leaf_value=-0.081313869467250721 0.014650279820570634 -0.16771171265210097 -0.067802925210967716 0.023463503684723344 0.019915137608518721 0.012457866495673566 -0.34008556024024361 0.067298187953602873 0.15351444634300618 0.08008093786056604 -0.20428987001116164 -0.10159619618570903 -0.0016208167893954949 0.044655106232925262 0.10779407395102801 -0.067250036440288916 0.10269478718182741 0.17969806442034902 0.22730826935780946 -0.46641571600563253 -0.060010931585292797 0.0093601334149588516 -0.0081746232733657231 0.070170773291417091 0.57082144870066354 0.13447688863156859 0.16450568009977756 0.56782733646489802 0.33514576322925738 0.048152456808284949
leaf_weight=8752 6811 130 17634 5246 4400 3901 76 331 873 1220 1379 8256 2177 12509 916 2314 3340 4812 279 78 181 2148 2895 4395 81 1258 138 118 313 528
leaf_count=8752 6811 130 17634 5246 4400 3901 76 331 873 1220 1379 8256 2177 12509 916 2314 3340 4812 279 78 181 2148 2895 4395 81 1258 138 118 313 528
internal_value=2.07171e-10 0.0652447 -0.0511653 -0.028172 -0.0375677 -0.0479208 0.106431 0.118329 0.0414198 0.124132 -0.0892667 -0.116294 -0.0654394 0.0291259 0.00427306 -0.00611874 0.0988068 0.158989 0.0486401 -0.0423164 -0.182403 -0.00258136 -0.0593941 0.10252 0.13133 0.191294 0.170989 0.350412 0.176018 0.166691
internal_weight=97489 42849 54640 34076 28830 24430 20020 16923 3097 16333 20564 9635 10929 22829 10041 9125 9460 6873 12788 590 259 2224 20529 9330 4935 1595 1514 256 5653 5340
internal_count=97489 42849 54640 34076 28830 24430 20020 16923 3097 16333 20564 9635 10929 22829 10041 9125 9460 6873 12788 590 259 2224 20529 9330 4935 1595 1514 256 5653 5340
is_linear=0
shrinkage=0.1


Tree=23
num_leaves=31
num_cat=0
split_feature=6 6 55 36 102 18 8 63 44 103 1 111 94 103 111 102 10 77 1 45 103 40 15 22 104 86 19 12 106 49
split_gain=26625.6 7156.74 3193.85 1803.91 1525.38 1443.33 1365.16 1103.93 1264.84 1013.03 941.922 937.396 911.368 909.756 902.879 893.528 850.709 842.549 793.941 786.274 802.613 758.52 850.464 964.38 805.48 1130.56 1054.03 984.644 966.724 925.383
threshold=12.633333333333335 20.300000000000001 28.500000000000004 0.55000000000000016 6.5000000000000009 2.1000000000000005 24.950000000000003 15.500000000000002 1.8944444444444446 0.49400000000000005 3.8136596574433312 4.5000000000000009 1.5000000000000002 0.58700000000000008 4.5000000000000009 6.5000000000000009 16.923684210526318 8.5000000000000018 9.6159242924066497 1.8318150445912063 0.27300000000000008 5.4250000000000016 3.7386854568698915 10.775000000000002 113.15000000000002 199.50000000000003 3.0523202998496379 4.7750000000000012 487.50000000000006 81.700000000000003
decision_type=10 10 10 10 10 10 10 10 10 2 10 2 10 2 2 10 10 10 10 10 2 10 10 10 2 10 10 10 2 10
left_child=2 5 3 11 6 13 -3 8 -4 16 -6 -1 -11 -2 -5 -16 -7 -14 -19 -18 -21 24 23 -23 26 29 27 -8 -28 -26
right_child=1 4 7 14 10 9 21 -9 -10 12 -12 -13 17 -15 15 -17 19 18 -20 20 -22 22 -24 -25 25 -27 28 -29 -30 -31
leaf_value=0.18546219076429094 0.0077974976548788296 0.077988469204186561 0.0080621818797231778 0.034149421946290857 0.58942253837982816 0.032486399380556495 -0.0049573688695447263 -0.097140298727781904 -0.061804560916052624 -0.021044528776489348 -0.045107665325654626 -0.11512009929242928 0.031000353545154985 -0.056946188093285832 -0.057679085855749879 -0.1505406332159652 0.11524703505802419 0.013192988014391935 0.39557680224180225 0.19538434821146508 -0.086428169465498694 0.4841158247656292 0.88287541052469853 -0.14861889458619632 0.17045941723387797 -0.10001911858646134 0.28220950252848026 0.10901751565461669 0.10370188520789472 0.37123444048687815
leaf_weight=105 7141 11490 10624 1013 24 4761 939 1580 3427 4366 927 8729 6649 3118 19933 1093 3178 96 125 135 402 63 26 39 1961 139 595 3932 619 260
leaf_count=105 7141 11490 10624 1013 24 4761 939 1580 3427 4366 927 8729 6649 3118 19933 1093 3178 96 125 135 402 63 26 39 1961 139 595 3932 619 260
internal_value=9.22113e-11 0.0499109 -0.0547202 -0.0733675 0.0946547 0.0185391 0.10052 -0.0178897 -0.00897812 0.0343704 -0.0290943 -0.111547 0.0146809 -0.0118799 -0.0580636 -0.0625063 0.0604714 0.037385 0.229473 0.0963359 -0.0155814 0.130719 0.372328 0.242188 0.127057 0.176648 0.107824 0.0870462 0.191191 0.193963
internal_weight=97489 50985 46504 30873 21014 29971 20063 15631 14051 19712 951 8834 11236 10259 22039 21026 8476 6870 221 3715 537 8573 128 102 8445 2360 6085 4871 1214 2221
internal_count=97489 50985 46504 30873 21014 29971 20063 15631 14051 19712 951 8834 11236 10259 22039 21026 8476 6870 221 3715 537 8573 128 102 8445 2360 6085 4871 1214 2221
is_linear=0
shrinkage=0.1


Tree=24
num_leaves=31
num_cat=0
split_feature=6 10 55 88 49 111 103 104 38 41 109 89 63 44 16 91 5 55 39 18 76 109 102 57 48 103 89 102 102 59
split_gain=21566.7 5909.87 2587.02 1621.26 1397.17 1390.88 1281.88 1151.64 1014.68 1005.68 1047.85 989.213 894.185 1024.52 891.257 889.356 1105.43 854.458 821.919 806.571 888.213 786.149 841.042 783.865 761.714 747.937 740.252 732.94 729.291 727.776
threshold=12.633333333333335 20.025000000000002 28.500000000000004 21.250000000000004 17.450000000000003 15.500000000000002 0.7340000000000001 114.05000000000003 1.2111111111111115 1.2344014203344911 32.833675564681734 26.500000000000004 15.500000000000002 1.8944444444444446 3.0250000000000004 4.5000000000000009 11.505268244051095 57.500000000000007 1.6884282974400848 4.291666666666667 1.0000000180025095e-35 19.634496919917868 2.5000000000000004 4.5000000000000009 1.9500000000000002 0.47250000000000003 23.500000000000004 1.5000000000000002 7.5000000000000009 9.5000000000000018
decision_type=10 10 10 10 8 2 2 2 10 10 2 10 10 10 10 10 10 10 10 10 8 2 10 10 10 2 10 8 10 10
left_child=2 4 3 8 -2 6 11 23 27 25 17 -3 13 -4 18 -8 -17 21 -9 20 24 22 -11 -7 -13 -6 -15 -1 -5 -26
right_child=1 5 12 28 9 7 15 14 -10 10 -12 19 -14 26 -16 16 -18 -19 -20 -21 -22 -23 -24 -25 29 -27 -28 -29 -30 -31
leaf_value=-0.043883331877555866 -0.34588174255529669 0.081999055029136972 0.0072559637977495086 -0.026399139042330506 0.027728569055967628 -0.30316413941140152 -0.17564578071631015 0.23226754984173636 -0.035849916752731727 0.31162802760729624 -0.10523707883129285 -0.41153716019221714 -0.087426269249242738 -0.061559781391568695 0.093040648619196489 0.21903723556624383 -0.14735959319686387 0.39596378940032495 0.95019334541714717 0.15447791436704916 -0.079736544822367861 0.035328658939695029 -0.20465112136382807 0.0024115050179038173 -0.23809919184760045 -0.019902016299484331 0.30828681061552332 -0.10076035487522871 -0.16739578065486793 0.1246813509703793
leaf_weight=2682 106 9893 10624 9247 5323 87 281 52 3967 186 516 28 1580 3372 863 196 142 67 23 4747 296 15179 38 2392 57 8661 55 14595 382 1852
leaf_count=2682 106 9893 10624 9247 5323 87 281 52 3967 186 516 28 1580 3372 863 196 142 67 23 4747 296 15179 38 2392 57 8661 55 14595 382 1852
internal_value=6.60152e-11 0.0449198 -0.0492482 -0.0660307 0.0165325 0.0857528 0.0971522 0.0273982 -0.0814587 0.0178143 0.0349473 0.102337 -0.0161007 -0.00808031 0.121777 -0.0441845 0.0651072 0.0396231 0.452431 0.131163 0.0816002 0.0380731 0.224045 -0.00831261 0.106255 -0.00177147 -0.0556241 -0.091931 -0.0319927 0.113849
internal_weight=97489 50985 46504 30873 30076 20909 17492 3417 21244 29970 15986 16873 15631 14051 938 619 338 15470 75 6980 2233 15403 224 2479 1937 13984 3427 17277 9629 1909
internal_count=97489 50985 46504 30873 30076 20909 17492 3417 21244 29970 15986 16873 15631 14051 938 619 338 15470 75 6980 2233 15403 224 2479 1937 13984 3427 17277 9629 1909
is_linear=0
shrinkage=0.1


Tree=25
num_leaves=31
num_cat=0
split_feature=55 0 49 109 52 100 47 102 36 103 3 36 111 88 49 11 94 41 84 11 15 88 5 53 59 28 88 77 9 87
split_gain=18050.8 4066.64 3603.48 1878.23 1527.53 1309.4 1283.38 1243 1049.58 999.586 958.767 955.584 828.856 820.735 810.132 1047.54 808.142 810.907 800.385 767.02 1018.16 1029.63 792.515 865.634 764.177 830.148 750.93 927.885 843.433 880.848
threshold=35.500000000000007 20.710000000000008 55.45000000000001 26.92265571526352 11.500000000000002 1.0000000180025095e-35 1.424462552901272 3.5000000000000004 2.2916666666666674 0.22550000000000003 9.3325118686040831 2.5500000000000003 2.5000000000000004 20.850000000000005 23.850000000000005 7.1254731918611602 1.5000000000000002 1.5999002947576504 13.500000000000002 6.4526197904602585 3.0486789949526862 57.350000000000001 11.784738529154417 46.500000000000007 14.500000000000002 1.925 31.250000000000004 7.5000000000000009 8.9842454647606562 130.50000000000003
decision_type=10 10 10 2 10 2 10 8 10 2 10 10 2 10 10 10 10 10 10 10 10 10 10 10 10 10 10 8 10 10
left_child=1 7 6 5 9 8 26 13 -3 19 24 14 -7 -1 15 -8 17 -11 -18 -4 22 -22 -21 -24 -6 -26 27 -2 29 -29
right_child=2 3 4 -5 10 12 11 -9 -10 16 -12 -13 -14 -15 -16 -17 18 -19 -20 20 21 -23 23 -25 25 -27 -28 28 -30 -31
leaf_value=-0.064024794391821571 0.014068587846402815 -0.036604823541733833 -0.045341392135133551 -0.064520373505581444 -0.078704184210166728 0.12293576669090303 0.056603188870857794 -0.11157706892363445 0.033629704304730633 -0.003194907648330371 0.1555288912872525 0.055202405620647425 0.016888593537830669 -0.018569500334508941 -0.015023538765857181 -0.28306428823839219 -0.043030738608508527 0.084493462255050153 0.082355620745968972 0.31856739095279152 0.38074559473997338 1.1709024193510413 0.11584215701429867 -0.52092418725843792 0.11363423615936877 -0.3290231365371834 0.083019102524139632 0.046552791353841293 0.83323437914252274 0.49854861884786372
leaf_weight=17828 5070 10108 98 5312 312 785 141 4463 2695 3128 3661 1988 12059 5111 6865 255 536 1591 10142 154 94 20 102 27 1141 44 3505 177 20 57
leaf_count=17828 5070 10108 98 5312 312 785 141 4463 2695 3128 3661 1988 12059 5111 6865 255 536 1591 10142 154 94 20 102 27 1141 44 3505 177 20 57
internal_value=3.43326e-11 -0.0352333 0.0525519 -0.0103988 0.0806751 0.000810801 0.0198051 -0.0632914 -0.0218206 0.0653283 0.12796 -0.00622711 0.02337 -0.053897 -0.023046 -0.162122 0.0608314 0.026369 0.0760616 0.205202 0.267049 0.51937 0.165408 -0.0174345 0.060537 0.097198 0.0470757 0.0234128 0.209928 0.156654
internal_weight=97489 58361 39128 30959 21050 25647 18078 27402 12803 15892 5158 9249 12844 22939 7261 396 15397 4719 10678 495 397 114 283 129 1497 1185 8829 5324 254 234
internal_count=97489 58361 39128 30959 21050 25647 18078 27402 12803 15892 5158 9249 12844 22939 7261 396 15397 4719 10678 495 397 114 283 129 1497 1185 8829 5324 254 234
is_linear=0
shrinkage=0.1


Tree=26
num_leaves=31
num_cat=0
split_feature=53 55 100 48 53 103 88 82 88 7 9 9 102 7 103 104 44 103 21 47 88 22 41 103 71 35 102 109 1 21
split_gain=14765.2 4635.54 2091.35 2075.85 1595.47 1531.72 1141.13 1095.98 1343.58 1071.96 956.677 934.637 919.384 914.593 892.43 888.52 1239.58 867.484 853.61 990.339 839.123 880.482 818.815 848.929 813.721 969.511 804.49 761.005 755.248 744.446
threshold=25.500000000000004 42.500000000000007 1.0000000180025095e-35 11.65 15.500000000000002 0.37050000000000005 31.850000000000005 521.50000000000011 21.250000000000004 1.3227406337702023 10.727948910028458 5.5545276320376322 8.5000000000000018 9.0332701367076176 0.22550000000000003 105.35000000000001 1.2111111111111115 0.49400000000000005 2.3676051569159156 1.4466638149476216 46.850000000000001 9.8250000000000011 1.4969798664354272 0.66900000000000015 7.5000000000000009 0.43974378074880666 1.5000000000000002 27.034907597535938 12.796386208598832 1.3551045413165992
decision_type=10 10 2 10 8 2 10 10 8 10 8 10 10 10 2 2 8 2 10 10 10 10 10 2 10 10 10 2 10 10
left_child=3 2 5 4 11 -2 -4 8 -7 -3 -5 26 14 -14 24 16 -10 -6 19 -16 -20 22 23 -22 25 -11 -1 -17 -29 -27
right_child=1 9 6 10 17 7 -8 -9 15 12 -12 -13 13 -15 18 27 -18 -19 20 -21 21 -23 -24 -25 -26 29 -28 28 -30 -31
leaf_value=-0.0087951185383633636 0.048225468942127578 0.60021926126418979 0.014657580838778862 0.0099012484931259304 -0.015172870898471481 -0.082972077233647079 0.070201100188489407 -0.14286972471434564 0.0081190377104468133 0.48931864392830104 -0.21135795680154118 -0.1670437620269585 0.025713119628917744 -0.31525676727942797 0.087791289161394157 0.031079896039629008 -0.19326539263371137 -0.051244814772726494 0.069141431151189259 0.026979690667076187 0.098749989906448565 0.017870309490806546 0.18462082178908021 -0.26348319511032769 0.6968970287230708 0.52598124806110458 -0.081720444749670496 -0.079685010731077185 0.0938914207807926 0.080961978431807552
leaf_weight=1797 3221 39 8042 8528 11872 2670 6849 797 706 82 200 1092 249 115 5163 5302 539 15206 4139 5564 638 543 2340 72 31 41 9563 1328 309 452
leaf_count=1797 3221 39 8042 8528 11872 2670 6849 797 706 82 200 1092 249 115 5163 5302 539 15206 4139 5564 638 543 2340 72 31 41 9563 1328 309 452
internal_value=1.13117e-10 0.0385307 0.0137135 -0.0393076 -0.0490531 -0.0128113 0.0402044 -0.0296854 -0.0213743 0.0764717 0.00483115 -0.0786789 0.0754203 -0.0820109 0.0784261 -0.0012783 -0.0790667 -0.0354295 0.074506 0.0562489 0.099835 0.135193 0.15608 0.0620165 0.197835 0.170929 -0.0701846 0.0126785 -0.0469207 0.117972
internal_weight=97489 49231 29763 48258 39530 14872 14891 11651 10854 19468 8728 12452 19429 364 19065 8184 1245 27078 18459 10727 7732 3593 3050 710 606 575 11360 6939 1637 493
internal_count=97489 49231 29763 48258 39530 14872 14891 11651 10854 19468 8728 12452 19429 364 19065 8184 1245 27078 18459 10727 7732 3593 3050 710 606 575 11360 6939 1637 493
is_linear=0
shrinkage=0.1


Tree=27
num_leaves=31
num_cat=0
split_feature=55 111 89 102 36 40 89 107 55 102 104 4 29 104 23 104 11 7 18 106 88 57 19 3 109 40 22 7 109 29
split_gain=12322.2 2893.78 2479.01 1536.47 1522.15 1409.81 1337.75 1044.57 1098.8 961.615 1030.93 987.263 975.698 877.293 830.152 826.532 990.432 968.629 822.581 1043.23 1015.92 1058.32 844.889 962.139 802.434 778.422 1012.26 753.45 873.704 749.231
threshold=35.500000000000007 19.500000000000004 25.500000000000004 6.5000000000000009 1.3666666666666669 1.4522727272727274 13.500000000000002 2016.5000000000002 61.500000000000007 6.5000000000000009 116.7 32.01250000000001 0.72637809822967114 102.05000000000001 3.5649973920793605 114.65000000000002 7.773436542152246 4.0124611797498124 3.9000000000000004 627.50000000000011 37.850000000000001 12.500000000000002 2.3978930965105625 12.202549823514717 29.504449007529093 4.8750000000000009 10.825000000000001 5.6767063647223592 26.402464065708426 1.5661344103611372
decision_type=10 2 10 8 10 8 10 2 10 10 2 10 10 2 10 2 10 10 10 2 10 8 10 10 2 10 10 10 2 10
left_child=1 5 4 6 -2 -1 -3 -6 15 10 13 -11 -12 -4 -13 16 24 -17 -10 20 21 27 -22 -24 -9 -15 -27 -20 -29 -18
right_child=2 3 9 -5 7 -7 -8 8 18 11 12 14 -14 25 -16 17 29 -19 19 -21 22 -23 23 -25 -26 26 -28 28 -30 -31
leaf_value=-0.026805431039003555 -0.010767107616669012 -0.055974666348204111 -0.1003895379133638 -0.13258342045684876 0.092718106506149325 0.017946766154335797 -0.002742736780040579 0.052998227695423207 0.47373556699368025 -0.50002261050369434 0.57551741185598082 -0.045176853918732857 0.16782337861839677 0.081752111673503436 0.60153997352435473 -0.037784533624715629 -0.031817497959556316 0.087051812453903643 0.74944376168915872 0.33911906766054567 -0.54584617442926586 -0.35064245539052147 0.46788153809309008 -0.46266949325799944 -0.016972105128140104 0.37547502660370891 -0.096281829476356509 0.0059558277176891238 0.61815460574242387 0.21765566866003697
leaf_weight=15278 7478 21878 258 2131 3378 13054 6020 6239 79 46 64 362 709 9010 21 752 4128 3583 26 146 49 35 25 20 2223 188 60 94 31 124
leaf_count=15278 7478 21878 258 2131 3378 13054 6020 6239 79 46 64 362 709 9010 21 752 4128 3583 26 146 49 35 25 20 2223 188 60 94 31 124
internal_value=8.21199e-11 -0.0291105 0.0434195 -0.0507396 0.0279592 -0.00618581 -0.044488 0.0417943 0.0319947 0.0843997 0.0905159 -0.0622907 0.201578 0.0814942 -0.00971718 0.0276888 0.014832 0.0653962 0.177365 0.122404 0.00940314 0.144816 -0.258541 0.0543033 0.0346168 0.0865629 0.26134 0.259657 0.157781 -0.0245422
internal_weight=97489 58361 39128 30029 28410 28332 27898 20932 17554 10718 10289 429 773 9516 383 17049 12714 4335 505 426 280 186 94 45 8462 9258 248 151 125 4252
internal_count=97489 58361 39128 30029 28410 28332 27898 20932 17554 10718 10289 429 773 9516 383 17049 12714 4335 505 426 280 186 94 45 8462 9258 248 151 125 4252
is_linear=0
shrinkage=0.1


Tree=28
num_leaves=31
num_cat=0
split_feature=55 89 36 94 89 103 100 88 107 55 87 98 95 44 11 11 51 80 1 51 7 53 44 41 18 63 7 88 56 15
split_gain=10115.7 3509.69 1258.82 1192.24 1167.71 1092.99 959.23 1085.14 949.852 941.427 933.836 1374.56 904.537 873.042 860.374 838.176 807.889 790.768 789.036 784.334 781.613 785.224 832.378 775.07 899.753 893.246 934.324 1054.63 760.667 739.146
threshold=40.500000000000007 7.5000000000000009 2.1000000000000005 1.0000000180025095e-35 25.500000000000004 0.47450000000000003 1.0000000180025095e-35 31.050000000000004 2016.5000000000002 61.500000000000007 139.50000000000003 2018.5000000000002 1.0000000180025095e-35 2.3875000000000006 6.4526197904602585 7.6515392091608971 89.950000000000017 2158.6500000000005 5.9418852221259764 79.100000000000009 11.353412729444718 52.500000000000007 4.2500000000000009 1.5197934837719134 4.291666666666667 15.500000000000002 4.9311929399313721 37.050000000000004 1.5000000000000002 2.4267022165469911
decision_type=10 10 10 10 10 2 2 10 2 10 10 2 10 10 10 10 10 8 10 10 10 10 10 10 10 10 10 10 10 10
left_child=1 3 5 -1 8 10 -7 -8 12 -10 28 -12 -2 -13 16 -9 -14 19 -17 -4 21 22 -6 24 -11 26 -25 -28 -3 -26
right_child=4 2 17 -5 20 6 7 15 9 23 11 13 14 -15 -16 18 -18 -19 -20 -21 -22 -23 -24 25 29 -27 27 -29 -30 -31
leaf_value=-0.072280848263046468 0.19594834227286259 -0.0099575435073733544 0.041486018494038081 -0.028909164611456806 0.089139059884085214 -0.048274660989599649 -0.029755509454860458 0.020837572057043341 0.024039084958088791 0.80866481162169412 0.052311131557885637 1.0791851921450524 0.32524192461860368 0.33890576619993557 0.016105809758506364 -0.43983690261840824 -0.056403323979331899 -0.061264615536525194 0.20429543072516607 -0.077065668448422608 0.0017376343650768883 0.19724333354050239 -0.08657546289797341 0.50125324302352969 0.45044297502666225 0.3479042606738707 0.067540647395807937 -0.38223668454509035 0.043036675985590495 -0.074114092998206621
leaf_weight=12093 674 9204 9473 13318 7252 10444 6705 3420 14877 34 235 21 192 66 1119 20 78 943 387 593 1095 649 280 32 61 96 166 76 3838 48
leaf_count=12093 674 9204 9473 13318 7252 10444 6705 3420 14877 34 235 21 192 66 1119 20 78 943 387 593 1095 649 280 32 61 96 166 76 3838 48
internal_value=1.22411e-10 -0.0197978 -0.00312658 -0.0495496 0.0524109 -0.01256 -0.0268002 -0.00550518 0.0371731 0.0286319 0.00979118 0.178024 0.100891 0.517594 0.0547656 0.036982 0.214989 0.0262989 0.172643 0.034502 0.0810812 0.091701 0.0826069 0.161822 0.35954 0.0854072 -0.00656254 -0.0737117 0.0056376 0.219445
internal_weight=97489 70760 45349 25411 26729 34340 20976 10532 17453 15390 13364 322 2063 87 1389 3827 270 11009 407 10066 9276 8181 7532 513 143 370 274 242 13042 109
internal_count=97489 70760 45349 25411 26729 34340 20976 10532 17453 15390 13364 322 2063 87 1389 3827 270 11009 407 10066 9276 8181 7532 513 143 370 274 242 13042 109
is_linear=0
shrinkage=0.1


Tree=29
num_leaves=31
num_cat=0
split_feature=53 52 55 100 18 103 111 11 81 106 29 63 51 102 96 96 38 22 19 104 1 48 86 13 106 19 41 0 88 103
split_gain=8452.99 2661.35 1606.48 1587.8 1476.52 1122.65 1023.48 1368.52 816.131 813.547 839.192 809.081 1105.6 817.677 826.182 806.384 786.108 756.202 817.66 740.255 734.849 776.123 721.988 716.659 753.379 742.398 748.168 716.013 800.386 715.186
threshold=25.500000000000004 11.500000000000002 42.500000000000007 1.0000000180025095e-35 0.90000000000000013 0.43500000000000005 3.5000000000000004 7.409009450982416 674.50000000000011 376.50000000000006 1.231285774706292 15.500000000000002 59.150000000000013 3.5000000000000004 225.50000000000003 217.50000000000003 1.6833333333333336 9.7750000000000021 3.9051195905225882 103.85000000000001 11.862019221007689 4.9500000000000011 51.500000000000007 1.4487266298961143 120.50000000000001 4.135196948141604 1.3869920211225939 22.110000000000003 23.650000000000002 0.21350000000000002
decision_type=10 10 10 2 10 2 2 8 10 2 10 10 10 10 2 2 10 10 10 2 10 10 10 10 2 10 10 10 10 2
left_child=4 2 3 5 -1 8 -6 11 -2 10 16 12 13 14 -8 -10 -7 18 29 -12 21 -5 -22 -20 -25 -26 -27 28 -11 -4
right_child=1 -3 17 20 6 9 7 -9 15 27 19 -13 -14 -15 -16 -17 -18 -19 23 -21 22 -23 -24 24 25 26 -28 -29 -30 -31
leaf_value=-0.058534422958928994 -0.010094215670685136 0.08613372393321321 0.18843433649075786 -0.026884167281822791 0.053327598095101958 -0.040832036188850424 -0.0029500522002803243 -0.1057275310474257 0.16447612872131237 -0.038335434980854594 -0.28614959400356488 -0.075402313041496694 0.02864513150495699 -0.075691883422886269 -0.045121891330718061 0.023573492808446884 0.031036076872231724 -0.07084612723992624 -0.095726663715699156 -0.063634366769447323 0.010664703904421265 0.033339697574538175 0.10123953434076104 -0.32572705373167993 0.43510858627100446 -0.24910428552673414 0.22070913876022097 -0.10461615760083505 0.32782360709697744 0.043084530923943189
leaf_weight=13009 2686 7027 348 3006 1848 3034 14751 1892 664 227 178 2290 5096 2591 6781 1046 3054 519 85 934 1402 7427 2364 24 145 39 259 2249 81 12433
leaf_count=13009 2686 7027 348 3006 1848 3034 14751 1892 664 227 178 2290 5096 2591 6781 1046 3054 519 85 934 1402 7427 2364 24 145 39 259 2249 81 12433
internal_value=-2.95359e-11 0.0291536 0.0196664 0.0060292 -0.0297414 -0.0176742 -0.0191151 -0.0231232 0.024285 -0.0365788 -0.0193707 -0.0181631 -0.0136771 -0.0226176 -0.0162311 0.0782866 -0.00477993 0.0475788 0.0521886 -0.0992528 0.0296558 0.0159877 0.0675205 0.17135 0.219961 0.249524 0.159223 -0.0850333 0.0579596 0.0470421
internal_weight=97489 49231 42204 28352 48258 14153 35249 33401 4396 9757 7200 31509 29219 24123 21532 1710 6088 13852 13333 1112 14199 10433 3766 552 467 443 298 2557 308 12781
internal_count=97489 49231 42204 28352 48258 14153 35249 33401 4396 9757 7200 31509 29219 24123 21532 1710 6088 13852 13333 1112 14199 10433 3766 552 467 443 298 2557 308 12781
is_linear=0
shrinkage=0.1


Tree=30
num_leaves=31
num_cat=0
split_feature=55 52 36 103 102 89 111 81 87 107 42 47 79 36 104 106 87 38 18 6 48 19 106 63 16 46 60 8 27 104
split_gain=6909.92 2635.13 1556.83 1141.09 1088.33 1083.5 840.329 943.263 888.672 832.557 749.539 714.16 834.312 822.652 691.09 759.612 738.039 1645.96 715.61 676.089 813.801 794.962 736.979 1031.49 927.318 833.971 751.927 814.592 738.869 686.323
threshold=31.500000000000004 5.5000000000000009 1.7083333333333337 0.72700000000000009 17.500000000000004 21.500000000000004 17.500000000000004 613.50000000000011 4.5000000000000009 2007.5000000000002 1.9000000000000001 1.7211272696358351 12.500000000000002 2.7750000000000004 114.05000000000003 507.50000000000006 152.50000000000003 2.4365079365079372 8.9000000000000021 30.700000000000006 56.250000000000007 2.0776550673994527 648.50000000000011 13.500000000000002 11.575000000000001 3.6250000000000004 5.5000000000000009 17.550000000000004 1.1761495463774236 115.85000000000001
decision_type=10 10 10 2 10 10 2 8 10 2 8 10 10 10 2 2 8 10 8 10 10 10 2 10 10 10 10 10 10 2
left_child=2 5 6 4 19 9 7 -1 10 -2 -8 12 -11 -13 15 16 -7 -18 -19 20 22 -22 -3 25 26 -24 -25 -28 -26 -21
right_child=1 3 -4 -5 -6 14 8 -9 -10 11 -12 13 -14 -15 -16 -17 17 18 -20 29 21 -23 23 24 28 -27 27 -29 -30 -31
leaf_value=-0.025945292925854152 0.41351934772856691 0.058561215423801716 0.0074023030479525801 -0.055157026271593183 -0.25955207262526864 0.061658685102727609 -0.068707509325139526 0.061468024771633767 -0.033900734909178477 0.00024115998721859887 -0.24240600614284633 -0.064595667333884998 0.50355141682155213 0.063561100588898842 0.10210275337583474 -0.05194952078644588 -0.25085354939043997 0.035210678221416276 0.48740633860593885 0.093224620822211057 -0.024423966844650834 0.75645513497293004 -0.049901420980307691 0.046848203465326144 0.61466334694623947 -0.45589710344683454 0.3003337064385414 -0.27460893766846567 0.07369190297801706 0.29523093705495101
leaf_weight=11032 47 17001 9880 995 110 3234 8400 1390 15622 16710 256 3414 33 587 1414 1065 252 239 41 1672 22 32 1115 2417 50 53 30 138 51 187
leaf_count=11032 47 17001 9880 995 110 3234 8400 1390 15622 16710 256 3414 33 587 1414 1065 252 239 41 1672 22 32 1115 2417 50 53 30 138 51 187
internal_value=-1.99705e-11 0.025466 -0.0278327 0.0496775 0.0542369 0.00408708 -0.0373184 -0.0161639 -0.0481422 -0.00688456 -0.0738446 -0.00783707 0.00123317 -0.0457934 0.0406141 0.0226168 0.0437037 -0.0654438 0.101425 0.0557529 0.0506147 0.438319 0.0496108 0.0101284 0.0442433 -0.0683242 0.032629 -0.171941 0.3415 0.113545
internal_weight=97489 50909 46580 23873 22878 27036 36700 12422 24278 20791 8656 20744 16743 4001 6245 4831 3766 532 280 22768 20909 54 20855 3854 2686 1168 2585 168 101 1859
internal_count=97489 50909 46580 23873 22878 27036 36700 12422 24278 20791 8656 20744 16743 4001 6245 4831 3766 532 280 22768 20909 54 20855 3854 2686 1168 2585 168 101 1859
is_linear=0
shrinkage=0.1


Tree=31
num_leaves=31
num_cat=0
split_feature=55 111 36 47 53 108 109 111 49 106 2 87 104 89 87 79 40 19 63 20 95 5 52 48 47 43 103 88 109 103
split_gain=5745.57 1612.01 1333.01 1447.3 1043.08 891.49 838.577 824.206 813.175 778.347 942.029 755.484 743.131 1063.45 840.831 794.171 773.227 891.048 785.592 770.405 734.207 721.577 739.525 725.406 915.131 837.075 719.426 718.55 826.778 785.023
threshold=35.500000000000007 19.500000000000004 3.3666666666666671 1.4116133465651359 6.5000000000000009 12.500000000000002 32.469541409993163 2.5000000000000004 13.65 655.50000000000011 20.445000000000007 110.50000000000001 112.15000000000002 25.500000000000004 4.5000000000000009 12.500000000000002 3.5227272727272729 2.9296981180992998 18.500000000000004 6.1125000000000007 5.5000000000000009 14.927947562081838 1.5000000000000002 23.650000000000002 1.1288352132855748 0.64222852518808682 0.39200000000000007 26.650000000000002 27.645448323066397 0.49400000000000005
decision_type=10 2 10 10 10 2 2 2 8 2 10 10 2 10 8 10 10 10 10 10 10 10 8 8 10 10 2 10 2 2
left_child=1 7 3 9 -3 6 21 -1 -5 10 -2 -11 -10 15 -15 -14 -16 18 -18 -17 -7 22 -4 25 -25 -23 -9 29 -29 -6
right_child=2 4 5 8 27 20 -8 26 12 11 -12 -13 13 14 16 19 17 -19 -20 -21 -22 23 -24 24 -26 -27 -28 28 -30 -31
leaf_value=0.063971185931162758 -0.027064131646234869 -0.10114890211526087 -0.10353399784614643 -0.43992282560183887 -0.018574240469593085 0.00080337931174493814 0.5837056170810353 0.02138862202193886 -0.021399329016174612 0.011866642249805926 0.063334970341793514 -0.1774217098036428 -0.0050814905683342088 0.71746367428983959 0.066778718187433805 0.11755264013451686 0.9390921937301755 -0.041055864060763274 0.15195245515732539 0.70182064485549933 -0.38807229922682634 -0.29356192754209043 0.075618664170212124 0.59128702062627547 -0.091860023359382967 0.30539262392478328 -0.016613237659464843 0.012630782077639091 -0.063478356189945948 -0.058635488030348099
leaf_weight=1737 1288 2273 240 42 8789 1011 33 6639 7809 2964 10978 227 6073 21 1750 232 32 32 21 25 51 25 5768 23 133 350 19956 6071 1866 11030
leaf_count=1737 1288 2273 240 42 8789 1011 33 6639 7809 2964 10978 227 6073 21 1750 232 32 32 21 25 51 25 5768 23 133 350 19956 6071 1866 11030
internal_value=-4.4142e-11 -0.0198779 0.0296487 0.0205614 -0.0360211 0.0671383 0.0808754 -0.00276778 -0.000484419 0.042397 0.0538425 -0.00159887 0.000669468 0.0217219 0.0882854 0.00220503 0.081085 0.375625 0.627207 0.174388 -0.0178714 0.0783378 0.0684621 0.190076 0.00886037 0.265462 -0.0071267 -0.0306877 -0.00526258 -0.0408698
internal_weight=97489 58361 39128 31494 30029 7634 6572 28332 16037 15457 12266 3191 15995 8186 1856 6330 1835 85 53 257 1062 6539 6008 531 156 375 26595 27756 7937 19819
internal_count=97489 58361 39128 31494 30029 7634 6572 28332 16037 15457 12266 3191 15995 8186 1856 6330 1835 85 53 257 1062 6539 6008 531 156 375 26595 27756 7937 19819
is_linear=0
shrinkage=0.1


Tree=32
num_leaves=31
num_cat=0
split_feature=53 52 94 94 103 104 107 21 41 13 104 83 87 83 81 5 37 47 13 21 39 27 11 96 33 53 49 48 85 28
split_gain=4811.34 1675.83 996.015 968.862 920.239 863.173 1438.53 882.526 1246.41 844.557 825.501 1058 892.7 970.138 686.394 1055.58 1229.26 806.803 689.417 683.778 658.5 998.421 657.203 1187.63 732.497 655.903 796.647 653.047 649.788 1242.18
threshold=25.500000000000004 11.500000000000002 1.0000000180025095e-35 1.5000000000000002 0.49400000000000005 110.75000000000001 2021.5000000000002 2.7112344568057281 2.3694876570546746 1.658243862791825 115.65000000000002 241.50000000000003 134.50000000000003 205.50000000000003 1243.5000000000002 8.472641730576024 1.5543320308680684 1.6896410188265945 1.0477225575051665 1.2671032908556688 2.2060465313997457 0.94574616981628878 8.7748894126880668 188.00000000000003 1.0232946570191743 52.500000000000007 89.800000000000026 15.15 12.500000000000002 2.0750000000000006
decision_type=10 10 10 10 2 2 2 10 10 10 2 10 10 10 10 10 10 10 10 10 10 10 10 2 10 10 10 10 10 10
left_child=2 3 -1 -2 27 9 20 8 10 14 -8 12 -12 -14 17 16 -16 -5 -17 -20 25 -22 -6 -24 -25 26 -7 -4 29 -3
right_child=1 28 4 5 22 6 7 -9 -10 -11 11 -13 13 -15 15 18 -18 -19 19 -21 21 -23 23 24 -26 -27 -28 -29 -30 -31
leaf_value=-0.040905786716337433 -0.0030200265063647699 0.051406860611888407 -0.0007538161101635838 0.067010275699013119 -0.024220930672606066 0.07023182236965618 -0.019416961766165305 0.086903797383308945 -0.78613338887691508 -0.0076364671224458947 0.071761685248728321 -0.1148926318218482 0.14915260902047159 0.75897738806903359 0.14505906229217846 -0.16892327141961946 1.1926999367418742 -0.068506264343362808 -0.34635530479929666 0.23469797982012525 0.42989943062049757 0.076490553761587338 0.55880450475960974 -0.29622854431139095 0.30834454582496124 0.36592419112148961 0.63632265126705168 0.061859372844595799 0.10176381199336136 -0.24580996066127736
leaf_weight=18194 18098 3814 11226 1894 16615 4426 4305 1528 20 8693 1443 290 75 40 24 67 21 572 22 255 138 190 20 225 22 78 25 1956 3067 146
leaf_count=18194 18098 3814 11226 1894 16615 4426 4305 1528 20 8693 1443 290 75 40 24 67 21 572 22 255 138 190 20 225 22 78 25 1956 3067 146
internal_value=3.54734e-11 0.0219948 -0.0224383 0.0144664 -0.0112622 0.0275947 0.0457406 0.0188618 0.00201946 0.00786166 0.0045813 0.0604864 0.0931307 0.361266 0.0550509 0.178505 0.633958 0.0355766 0.118925 0.188549 0.0883581 0.225181 -0.0267221 -0.182366 -0.24238 0.0784491 0.0734114 0.00853699 0.0672103 0.0404489
internal_weight=97489 49231 48258 42204 30064 24106 12558 7701 6173 11548 6153 1848 1558 115 2855 389 45 2466 344 277 4857 328 16882 267 247 4529 4451 13182 7027 3960
internal_count=97489 49231 48258 42204 30064 24106 12558 7701 6173 11548 6153 1848 1558 115 2855 389 45 2466 344 277 4857 328 16882 267 247 4529 4451 13182 7027 3960
is_linear=0
shrinkage=0.1


Tree=33
num_leaves=31
num_cat=0
split_feature=52 89 103 102 57 86 113 102 102 51 107 104 41 87 15 111 80 10 88 24 20 88 4 55 43 11 11 46 87 33
split_gain=4105.14 1600.63 1179.16 1124.3 1081.52 793.077 792.15 773.591 756.214 743.558 669.819 812.403 958.271 725.266 664.938 656.627 815.669 777.979 814.492 778.821 1028.53 716.54 703.461 758.815 811.735 779.336 1008.8 739.346 773.406 698.435
threshold=4.5000000000000009 14.500000000000002 0.72700000000000009 16.500000000000004 4.5000000000000009 4.5000000000000009 1.0000000180025095e-35 70.000000000000014 200.50000000000003 66.050000000000011 2021.5000000000002 114.35000000000001 1.9436129924374039 125.50000000000001 2.234825026599959 29.500000000000004 37.050000000000004 21.875000000000004 20.450000000000003 0.90000000000000013 6.8500000000000005 21.850000000000005 38.492500000000014 48.500000000000007 1.881899070993531 8.8397278993874071 8.4563118659967689 2.8090909090909095 73.500000000000014 0.73217397231470061
decision_type=10 10 2 10 10 8 2 10 8 10 2 2 8 8 8 2 10 10 10 10 8 10 10 10 10 10 10 10 10 10
left_child=1 5 3 4 14 -1 9 -5 -3 -6 13 12 -12 -7 -2 16 -11 19 -19 20 -18 -20 23 25 -25 26 -21 28 -26 -23
right_child=2 8 -4 7 6 10 -8 -9 -10 15 11 -13 -14 -15 -16 -17 17 18 21 22 -22 29 -24 24 27 -27 -28 -29 -30 -31
leaf_value=-0.064443417320599314 -0.010367451275456102 0.012028685655319322 -0.061748115624096704 -0.31340068888368339 0.02736444648320599 -0.012755807330135718 0.0087029189918751814 0.33716923736390614 -0.20234149861183154 0.50484886113987415 -0.050077775100616201 -0.011770868207134548 -0.33673788988489217 0.067850187431941641 -0.17116976724674474 -0.024922113500054806 0.085991411890437686 0.27168962635538157 -0.32676534886658193 0.3118076877197547 -0.22073536278857364 0.029716637390218251 0.080513862226354455 0.056406197125041801 0.32078453164015497 -0.020550162287858817 0.95482822031928949 0.099001177951045669 1.1349831688404084 0.086702565099195966
leaf_weight=4432 940 18928 1353 141 9714 22326 6612 21 166 43 9934 8751 118 1175 354 775 826 170 50 396 126 5297 665 370 28 65 26 46 20 3621
leaf_count=4432 940 18928 1353 141 9714 22326 6612 21 166 43 9934 8751 118 1175 354 775 826 170 50 396 126 5297 665 370 28 65 26 46 20 3621
internal_value=7.68193e-11 -0.0142306 0.0295903 0.0336681 0.0350801 -0.0241974 0.0390916 -0.229068 0.010165 0.0481271 -0.019981 -0.0340485 -0.0534429 -0.00872568 -0.0543582 0.0642312 0.070112 0.0685151 0.0548488 0.117145 0.0453952 0.0507383 0.159414 0.214586 0.123073 0.301777 0.351425 0.385486 0.660034 0.0528548
internal_weight=97489 65830 31659 30306 30144 46736 28850 162 19094 22238 42304 18803 10052 23501 1294 12524 11749 11706 9138 2568 952 8968 1616 951 464 487 422 94 48 8918
internal_count=97489 65830 31659 30306 30144 46736 28850 162 19094 22238 42304 18803 10052 23501 1294 12524 11749 11706 9138 2568 952 8968 1616 951 464 487 422 94 48 8918
is_linear=0
shrinkage=0.1


Tree=34
num_leaves=31
num_cat=0
split_feature=55 45 111 75 102 53 111 17 108 29 104 1 107 40 48 22 88 109 3 109 72 41 89 83 39 113 38 107 38 48
split_gain=3387.34 1160.53 1118.7 1008.19 892.128 834.844 769.546 759.016 755.56 865.665 820.174 917.336 838.109 827.511 810.762 844.56 734.159 917.916 704.059 687.414 744.207 686.575 845.751 702.659 685.189 680.235 676.473 643.68 636.231 635.205
threshold=35.500000000000007 1.579380052788711 19.500000000000004 7.5000000000000009 6.5000000000000009 15.500000000000002 16.500000000000004 3.4989346474555778 12.500000000000002 0.80154921746165264 114.45000000000002 4.7036156293536644 2019.5000000000002 4.3750000000000009 23.450000000000003 4.2052631578947377 11.750000000000002 29.414099931553732 9.8511279669324434 29.099247091033543 2.5000000000000004 1.8959786168675301 30.500000000000004 187.50000000000003 3.123386447514156 1.0000000180025095e-35 6.1500000000000012 2021.5000000000002 0.78888888888888908 19.050000000000004
decision_type=10 10 2 10 8 10 2 10 2 10 2 10 2 10 10 10 10 2 10 2 8 10 10 10 10 2 10 2 10 8
left_child=2 16 19 5 -4 -3 8 -8 9 25 24 -12 -13 14 15 18 -2 -18 -14 20 28 22 23 -16 26 -5 -11 -22 -1 -17
right_child=1 3 4 6 -6 -7 7 -9 -10 10 11 12 13 -15 21 29 17 -19 -20 -21 27 -23 -24 -25 -26 -27 -28 -29 -30 -31
leaf_value=-0.033510124449644116 -0.044241374945769199 -0.18818617511922889 -0.0239472171690411 -0.018502770634425909 -0.091075514635257565 -0.019607926258506079 -0.11641166040692669 0.4187618045269379 -0.051506307788183249 0.049551030241327398 -0.38833810378765238 0.76626663568119213 0.90740224037851613 -0.33987628384343083 0.25545545920729634 0.1258049484570572 0.049422197973215093 0.0040120432610091924 0.23607104826168937 -0.078991963118468969 0.17049448589920352 0.63325458921369959 -0.060751205228142827 0.86425209687306337 -0.51963944023563746 -0.36789729250747655 0.58236196798582873 -0.031987770467679554 0.0066871105642268627 -0.1716338931880099
leaf_weight=4809 1115 307 27898 644 2131 6815 495 28 793 3343 29 24 21 31 70 304 18877 5825 61 1087 473 61 59 26 21 61 24 235 21728 94
leaf_count=4809 1115 307 27898 644 2131 6815 495 28 793 3343 29 24 21 31 70 304 18877 5825 61 1087 473 61 59 26 21 61 24 235 21728 94
internal_value=7.30201e-11 0.0227651 -0.0152628 -0.00121947 -0.028711 -0.0268746 0.0283033 -0.0877599 0.0390165 0.0537475 0.0710819 0.163533 0.184844 0.16565 0.188166 0.115764 0.0351313 0.038714 0.407997 -0.00100911 0.00210219 0.349059 0.237214 0.420338 0.0497973 -0.0487341 0.0533489 0.103286 -0.000597379 0.0555556
internal_weight=97489 39128 58361 13311 30029 7122 6189 523 5666 4873 4168 780 751 727 696 480 25817 24702 82 28332 27245 216 155 96 3388 705 3367 708 26537 398
internal_count=97489 39128 58361 13311 30029 7122 6189 523 5666 4873 4168 780 751 727 696 480 25817 24702 82 28332 27245 216 155 96 3388 705 3367 708 26537 398
is_linear=0
shrinkage=0.1


Tree=35
num_leaves=31
num_cat=0
split_feature=52 94 103 102 57 45 47 88 100 10 109 102 113 96 18 31 44 10 95 93 109 84 43 77 105 11 49 47 63 19
split_gain=2855.35 1269.59 944.865 900.411 831.751 752.024 865.099 744.537 676.645 870.061 653.192 623.455 618.23 634.846 630.888 615.564 613.744 796.1 720.121 698.169 947.321 869.897 779.673 682.324 732.332 680.63 666.713 639.432 631.817 683.355
threshold=4.5000000000000009 1.5000000000000002 0.72700000000000009 16.500000000000004 4.5000000000000009 1.6482305137328706 0.747214234817975 9.6500000000000004 1.0000000180025095e-35 27.125000000000004 23.596167008898018 70.000000000000014 1.0000000180025095e-35 179.50000000000003 10.500000000000002 2.0554714830003751 1.9500000000000002 31.825000000000006 1.0000000180025095e-35 1.0000000180025095e-35 30.366872005475702 123.50000000000001 2.5689727889526757 3.5000000000000004 0.77500000000000013 7.4906959751660365 62.45000000000001 2.0897619874156743 22.500000000000004 3.0523202998496379
decision_type=10 10 2 10 10 8 10 10 2 10 2 10 2 2 10 8 10 10 10 10 2 10 10 10 10 10 10 10 10 8
left_child=1 7 3 4 -2 6 -3 -1 9 -9 -7 -5 13 14 -6 -4 -15 18 23 21 22 -19 -21 25 27 -18 -26 -25 29 -20
right_child=2 5 15 11 12 10 -8 8 -10 -11 -12 -13 -14 16 -16 -17 17 19 28 20 -22 -23 -24 24 26 -27 -28 -29 -30 -31
leaf_value=-0.04609642058929727 -0.048841408088468985 -0.016606787507936725 -0.048411926279295095 -0.28250509141118707 -0.065025549249588172 0.017621103624030087 0.028099146842535491 -0.03060867984325032 -0.00038953342508267003 0.49135427745059135 -0.06765380829286459 0.30153246323267618 0.0062638681561599345 0.062516833543904318 0.22537715246492046 -0.58172838958826933 0.13098956312124546 0.1224331682028119 0.0076869419280808648 0.30828736630792264 -0.31018235513142178 -0.5202427101631959 0.92939581212898104 0.15552561858809796 0.13122183899735895 -0.59258610987319393 -0.30333638957911924 0.47528081244478626 -0.38511116986091321 0.083012662475937082
leaf_weight=10052 1294 6289 1331 141 853 1471 13885 15779 16015 32 2307 21 6612 10095 82 22 26 172 8657 128 21 24 24 476 82 26 62 72 39 1399
leaf_count=10052 1294 6289 1331 141 853 1471 13885 15779 16015 32 2307 21 6612 10095 82 22 26 172 8657 128 21 24 24 476 82 26 62 72 39 1399
internal_value=8.0592e-11 -0.0118683 0.0246783 0.0283286 0.0295922 0.00649465 0.0141626 -0.0223709 -0.0148774 -0.0295523 -0.0344512 -0.206797 0.0331101 0.0410923 -0.0395571 -0.0570837 0.044632 0.0285233 0.0236058 0.172968 0.319378 0.0437382 0.406357 0.118551 0.144803 -0.230798 -0.0558796 0.197537 0.0166083 0.0181663
internal_weight=97489 65830 31659 30306 30144 23952 20174 41878 31826 15811 3778 162 28850 22238 935 1353 21303 11208 10839 369 173 196 152 744 692 52 144 548 10095 10056
internal_count=97489 65830 31659 30306 30144 23952 20174 41878 31826 15811 3778 162 28850 22238 935 1353 21303 11208 10839 369 173 196 152 744 692 52 144 548 10095 10056
is_linear=0
shrinkage=0.1


Tree=36
num_leaves=31
num_cat=0
split_feature=111 40 102 89 107 104 104 37 6 81 11 10 103 8 83 19 105 104 49 104 7 89 10 4 28 80 49 104 82 3
split_gain=2525.94 1435.51 1249.99 1030.98 704.906 1056.93 975.846 1009.61 964.685 770.759 740.853 863.886 722.959 717.522 707.57 747.01 696.227 707.626 691.583 685.767 842.936 935.26 739.667 676 630.842 625.687 601.909 584.749 741.798 691.035
threshold=15.500000000000002 1.552777777777778 5.5000000000000009 12.500000000000002 2022.5000000000002 111.75000000000001 110.75000000000001 3.3763561271784792 37.300000000000004 328.50000000000006 6.8620811467762151 25.175000000000001 0.82300000000000006 26.450000000000003 327.50000000000006 3.0165750888103111 0.55000000000000016 110.65000000000002 72.450000000000017 114.25000000000001 13.549907246303988 25.500000000000004 25.175000000000001 51.762500000000003 1.3944444444444446 1842.3500000000001 45.95000000000001 105.05000000000001 695.50000000000011 4.1895106948351435
decision_type=2 8 8 10 2 2 2 10 8 8 8 10 2 10 10 10 8 2 8 2 10 10 10 10 10 10 10 2 10 8
left_child=1 23 3 -2 6 10 16 8 9 -8 11 -6 13 25 19 -16 17 -3 -9 20 -11 -22 -21 -1 -24 -12 -19 28 -18 -29
right_child=2 4 -4 -5 5 -7 7 18 -10 14 12 -13 -14 -15 15 -17 27 26 -20 22 21 -23 24 -25 -26 -27 -28 29 -30 -31
leaf_value=-0.0054929306530731832 -0.024178792045889536 -0.0055190293290322059 -0.075222128830910395 0.0074571315601277138 -0.031844128095414315 0.019390619132102719 0.014285375260650504 -0.012446267977356911 0.37612544769535261 0.076704236375307988 -0.12655535047790903 0.40684788619377177 -0.51662861747401101 0.092700037428965931 -0.0729018469202945 0.11385788963025174 0.0052886955005406727 0.14148798415867181 -0.83410111836024703 0.10505424600615901 0.053821256147189578 -0.63883764607565752 0.19217062540473226 -0.44538218293871196 0.47581853456064771 -0.4347645556456165 -0.4168647112126152 0.54630298671711774 -0.36201293282876063 0.04856950183916426
leaf_weight=18789 27039 4554 3383 16641 535 5734 2580 20 98 4134 494 49 49 130 573 342 3032 26 21 1129 44 35 339 35 102 76 75 28 56 7347
leaf_count=18789 27039 4554 3383 16641 535 5734 2580 20 98 4134 494 49 49 130 573 342 3032 26 21 1129 44 35 339 35 102 76 75 28 56 7347
internal_value=6.40996e-11 0.0155506 -0.0166618 -0.0121263 0.0285725 0.000744375 0.036588 0.0618571 0.0640223 0.0607257 -0.0794638 0.00496393 -0.145293 -0.119299 0.078614 -0.00309657 0.020848 -0.0113254 -0.433294 0.0915424 0.0705208 -0.253053 0.147953 -0.00631083 0.257776 -0.16765 -0.27313 0.0351619 -0.00137221 0.0504592
internal_weight=97489 50426 47063 43680 31602 7067 24535 9417 9376 9278 1333 584 749 700 6698 915 15118 4655 41 5783 4213 79 1570 18824 441 570 101 10463 3088 7375
internal_count=97489 50426 47063 43680 31602 7067 24535 9417 9376 9278 1333 584 749 700 6698 915 15118 4655 41 5783 4213 79 1570 18824 441 570 101 10463 3088 7375
is_linear=0
shrinkage=0.1


Tree=37
num_leaves=31
num_cat=0
split_feature=55 106 104 47 22 89 81 4 21 45 42 36 9 18 1 110 18 11 15 60 83 48 38 37 39 49 48 21 12 15
split_gain=2115.96 919.205 949.279 1005.36 986.388 855.269 750.728 969.593 907.067 983.143 688.877 977.264 705.909 751.136 657.405 642.871 742.199 685.314 862.119 641.105 640.714 863.356 689.912 891.74 918.031 791.326 1353.95 688.618 685.331 723.845
threshold=33.500000000000007 802.50000000000011 114.05000000000003 1.4304022957551952 8.2071428571428573 51.500000000000007 558.50000000000011 24.497500000000006 1.6346924281699651 2.0069281343198782 1.7750000000000001 1.7750000000000001 7.5051833848876077 7.5500000000000007 20.716358257621149 73.500000000000014 2.3666666666666671 6.6675766740226221 4.3976003103849202 8.5000000000000018 309.50000000000006 1.4500000000000002 3.2678571428571432 3.3014800676931988 2.6283703734946617 73.450000000000017 29.750000000000004 1.6389339973919144 3.9000000000000004 2.8708299427449977
decision_type=10 2 2 10 10 10 10 10 10 10 10 10 10 10 10 2 10 10 10 10 10 10 10 10 10 10 10 10 10 10
left_child=6 2 3 19 5 14 -1 8 -8 -10 -3 -12 13 -13 -5 -4 17 -17 -19 -2 22 -22 -18 24 25 28 -27 -23 -24 -30
right_child=1 10 15 4 -6 -7 7 -9 9 -11 11 12 -14 -15 -16 16 20 18 -20 -21 21 27 23 -25 -26 26 -28 -29 29 -31
leaf_value=-0.018682791822355393 0.027909627023317885 0.012645410066026342 -0.095092675348163624 -0.013276228085677881 0.088605692011054366 0.48655616329873308 0.029396530322336013 -0.0077854560449432987 0.14811824297162868 0.82818344201553951 -0.15366548972352231 0.11717399429096237 -0.094983522259907749 -0.069829377693963329 -0.22310689541431061 0.0526740535471149 0.068148484256885397 -0.060166627610395866 0.39540116287941163 0.59441846579313284 0.57748123213000924 -0.62371512785553929 0.36253737803352509 -0.43192078520854316 0.74915537780949049 0.18073805267363788 0.86310747251278019 -0.027090696736464245 -0.025884135499066138 0.21865536127258187
leaf_weight=44574 16875 2296 305 13357 999 34 1473 4994 630 22 806 524 678 364 151 1685 5006 1223 43 20 23 20 95 24 28 100 41 591 309 199
leaf_count=44574 16875 2296 305 13357 999 34 1473 4994 630 22 806 524 678 364 151 1685 5006 1223 43 20 23 20 95 24 28 100 41 591 309 199
internal_value=5.81059e-11 0.0156523 0.0204253 0.0119896 -0.00728696 -0.014361 -0.0138667 0.0162881 0.0728638 0.171065 -0.0264006 -0.0641956 -0.0181466 0.0405195 -0.0156218 0.0477864 0.0524288 0.0109028 -0.0446932 0.0285803 0.0714691 -0.0239792 0.081899 0.168375 0.187037 0.165882 0.379158 -0.0466201 0.116012 0.0699099
internal_weight=97489 45796 41128 31436 14541 13542 51693 7119 2125 652 4668 2372 1566 888 13508 9692 9387 2951 1266 16895 6436 634 5802 796 772 744 141 611 603 508
internal_count=97489 45796 41128 31436 14541 13542 51693 7119 2125 652 4668 2372 1566 888 13508 9692 9387 2951 1266 16895 6436 634 5802 796 772 744 141 611 603 508
is_linear=0
shrinkage=0.1


Tree=38
num_leaves=31
num_cat=0
split_feature=111 36 102 104 11 107 53 16 37 35 17 104 83 44 89 29 97 95 52 17 107 90 104 33 8 46 3 59 52 57
split_gain=1921.84 1027.14 993.947 863.762 773.817 696.149 847.692 874.526 875.151 936.103 672.623 659.942 794.862 804.078 890.805 670.008 747.063 692.795 675.019 728.286 654.202 667.62 648.785 624.846 825.502 618.814 609.768 605.46 604.882 597.188
threshold=15.500000000000002 1.1000000000000003 5.5000000000000009 112.85000000000001 9.2683671857062446 2022.5000000000002 61.500000000000007 4.2052631578947377 1.1897227048854206 0.44573762690963875 1.8146931912169795 114.35000000000001 323.50000000000006 2.9500000000000006 17.500000000000004 0.94619501361348168 9.5000000000000018 4.5000000000000009 18.500000000000004 2.8084799185791396 2021.5000000000002 1.5000000000000002 112.45000000000002 0.48549796400695738 30.050000000000004 2.757352941176471 13.233690171487359 13.500000000000002 9.5000000000000018 6.5000000000000009
decision_type=2 8 8 2 8 2 8 8 10 10 8 2 10 10 10 8 2 10 10 10 2 10 2 8 10 8 10 10 10 10
left_child=1 -1 3 4 20 6 11 8 9 -8 -6 -3 13 -13 -15 16 -16 -18 19 26 21 -2 23 -7 25 -25 28 -22 -17 -27
right_child=2 5 -4 -5 10 22 7 -9 -10 -11 -12 12 -14 14 15 18 17 -19 -20 -21 27 -23 -24 24 -26 29 -28 -29 -30 -31
leaf_value=-0.012687749160522861 -0.050834160527524312 0.021288959965848231 -0.066752881572578804 0.0070498297309630076 0.095575657401766101 0.033485706356177862 0.79022918000817299 0.21568952408646311 -0.26470305647315651 -0.092995568513870253 -0.18317663472289369 0.06510483725988829 -0.10663476974775943 -0.071593375805812542 0.3397382030742509 0.93832528340189081 0.1912716072339278 -0.55379521027207379 0.94228377834610333 0.015169304280087007 -0.020222717853919086 -0.0015056039336919795 0.014330207068500082 -0.063585451231241694 0.23377048627596841 -0.59829440100772968 0.12565809113198315 -0.08145890292773772 0.33765321361521883 -0.16795200151780926
leaf_weight=11504 3308 26443 3383 17092 105 740 20 447 87 30 493 2328 231 79 70 38 26 24 23 43 3781 16083 6317 1546 83 37 29 2818 30 251
leaf_count=11504 3308 26443 3383 17092 105 740 20 447 87 30 493 2328 231 79 70 38 26 24 23 43 3781 16083 6317 1546 83 37 29 2818 30 251
internal_value=-6.20984e-12 0.0135642 -0.0145334 -0.0104891 -0.0217639 0.0213233 0.0286442 0.147943 -0.0730982 0.260294 -0.134232 0.0262716 0.0713776 0.0866642 0.225311 0.308193 0.128864 -0.16636 0.440214 0.357731 -0.0191761 -0.00992079 -0.00310783 -0.0445666 -0.0746964 -0.0886565 0.509588 -0.0463727 0.673323 -0.223239
internal_weight=97489 50426 47063 43680 26588 38922 29948 584 137 50 598 29364 2921 2690 362 283 120 50 163 140 25990 19391 8974 2657 1917 1834 97 6599 68 288
internal_count=97489 50426 47063 43680 26588 38922 29948 584 137 50 598 29364 2921 2690 362 283 120 50 163 140 25990 19391 8974 2657 1917 1834 97 6599 68 288
is_linear=0
shrinkage=0.1


Tree=39
num_leaves=31
num_cat=0
split_feature=55 100 53 72 54 51 47 35 87 72 46 89 37 24 45 102 87 87 83 40 5 18 87 103 45 38 43 7 79 73
split_gain=1631.99 962.482 1080.53 845.953 664.166 616.913 623.703 628.248 608.809 594.267 629.045 685.245 668.501 601.045 590.252 645.106 672.616 585.75 599.814 653.593 578.913 581.466 578.495 577.86 605.13 850.381 699.966 656.766 576.14 758.911
threshold=40.500000000000007 1.0000000180025095e-35 16.500000000000004 3.5000000000000004 7.5000000000000009 86.600000000000009 1.7571483119478104 0.61564288735314598 145.50000000000003 1.5000000000000002 2.6125000000000003 23.500000000000004 3.0413701570080014 1.1000000000000003 1.6389339973919144 5.5000000000000009 172.50000000000003 81.500000000000014 156.50000000000003 2.3416666666666672 11.896535873258808 1.3666666666666669 156.50000000000003 0.76750000000000018 1.714318016993259 6.1500000000000012 2.1014931715128884 1.5220501602311289 12.500000000000002 7.5000000000000009
decision_type=10 2 8 10 10 10 10 10 10 10 8 10 10 10 10 10 10 10 10 10 10 10 10 2 10 10 10 10 10 8
left_child=1 3 -3 4 5 6 8 -8 -1 10 12 -12 17 -14 28 23 22 -4 19 20 -19 -22 -17 24 26 27 -16 -26 -2 -30
right_child=14 2 9 -5 -6 -7 7 -9 -10 -11 11 -13 13 -15 15 16 -18 18 -20 -21 21 -23 -24 -25 25 -27 -28 -29 29 -31
leaf_value=-0.015416898489868866 0.029108731808302025 -0.027792896904067301 0.0087922275325991797 0.32521417684275922 -0.19677793036373159 -0.14786357970701322 -0.02837435037729388 -0.13353137788254887 0.13793327685417001 0.13757386765344756 -0.0837195730365633 0.091075215480544355 0.081267537219183783 0.72325290429592137 -0.086734840298843818 -0.12559877475652892 0.29777320819492969 0.069177319552170644 0.0026402007343630427 0.51327548244347176 -0.12986230552196504 0.44065878160297872 -0.664226138875598 -0.16419861981119865 0.54152422721187277 0.67236574217677125 0.16448363747000694 0.017475120759098472 0.13015777342179988 0.77183494970202449
leaf_weight=31997 17938 8327 21981 71 212 369 1571 890 261 380 1216 275 35 25 984 395 36 1717 1294 36 23 80 21 195 24 20 125 6736 235 20
leaf_count=31997 17938 8327 21981 71 212 369 1571 890 261 380 1216 275 35 25 984 395 36 1717 1294 36 23 80 21 195 24 20 125 6736 235 20
internal_value=1.11053e-10 -0.00795205 0.00370778 -0.0196178 -0.0203114 -0.0192452 -0.0178782 -0.0664035 -0.0141761 0.0134006 0.0116321 -0.0514804 0.0153676 0.348761 0.0210515 -0.000643097 -0.116904 0.0145716 0.0549008 0.0913369 0.0829908 0.313261 -0.152789 0.00585737 0.0100608 0.021262 -0.058419 0.0193357 0.0312305 0.180485
internal_weight=97489 70760 35389 35371 35300 35088 34719 2461 32258 27062 26682 1491 25191 60 26729 8536 452 25131 3150 1856 1820 103 416 8084 7889 6780 1109 6760 18193 255
internal_count=97489 70760 35389 35371 35300 35088 34719 2461 32258 27062 26682 1491 25191 60 26729 8536 452 25131 3150 1856 1820 103 416 8084 7889 6780 1109 6760 18193 255
is_linear=0
shrinkage=0.1


Tree=40
num_leaves=31
num_cat=0
split_feature=52 94 103 81 37 86 103 23 48 0 14 95 49 18 95 113 8 103 25 87 87 7 51 61 46 103 49 25 9 19
split_gain=1439.5 949.837 952.929 849.294 772.301 731.289 614.864 680.137 1014.85 653.82 611.893 667.346 688.409 679.276 608.782 649.046 682.058 629.976 602.297 601.263 631.554 615.247 599.931 829.323 698.154 593.186 624.663 654.931 1230.87 904.442
threshold=5.5000000000000009 2.5000000000000004 0.38450000000000006 424.50000000000006 3.2787103958951116 184.50000000000003 0.33100000000000007 2.7919054342256162 1.3 48.090000000000011 5.9500000000000011 2.5000000000000004 82.800000000000011 9.9000000000000021 1.5000000000000002 1.0000000180025095e-35 30.250000000000004 0.60050000000000014 1.6121532512998444 163.50000000000003 149.50000000000003 7.9120136541763069 69.15000000000002 11.500000000000002 1.8480769230769234 0.72700000000000009 80.750000000000014 1.0477225575051665 8.8697363052203428 1.2415253053016908
decision_type=10 10 2 8 8 10 2 8 8 10 10 10 8 10 10 2 10 2 8 10 10 10 10 8 10 2 8 10 10 10
left_child=1 2 3 -1 14 -6 7 -5 -9 19 22 12 -12 18 15 -2 17 -17 -14 20 21 -8 23 -3 -25 26 -16 28 -28 -29
right_child=4 10 -4 6 5 -7 9 8 -10 -11 11 -13 13 -15 25 16 -18 -19 -20 -21 -22 -23 -24 24 -26 -27 27 29 -30 -31
leaf_value=-0.0080865137257081689 0.05176523843619131 0.036735905815208185 -0.020114906184629602 0.040218908268107686 -0.21216423266924889 0.26585426088925956 0.14576870571455244 0.45657881655055904 -0.16229611422247725 0.66993679617132462 -0.0099304761348617439 -0.1202581297910631 0.039539772760672651 0.6821014095907626 0.004197315313714322 0.031160661965973835 -0.40046735762096031 -0.053691343029850493 0.50368071487455657 -0.33466389139493308 0.67612822830677033 -0.083845919089924018 0.089580053765713083 -0.00049564578042022808 -0.16163752497503023 -0.094733974209208593 0.12293683646491099 0.63167051261928131 -0.22249091204807714 0.12560734661422904
leaf_weight=8721 8966 5521 44166 3420 237 37 701 29 307 21 3514 514 183 23 12017 3385 41 1180 33 30 20 140 1538 796 406 559 284 38 162 500
leaf_count=8721 8966 5521 44166 3420 237 37 701 29 307 21 3514 514 183 23 12017 3385 41 1180 33 30 20 140 1538 796 406 559 284 38 162 500
internal_value=-1.44918e-11 -0.00759878 -0.0130303 0.0103397 0.0194317 -0.147614 0.0447646 0.0268809 -0.108881 0.118417 0.017354 -0.0133965 0.00123898 0.165463 0.0211187 0.0360913 0.00558052 0.00922739 0.11045 0.105419 0.120753 0.107545 0.0332373 0.020348 -0.0549246 0.00613278 0.0104697 0.0870708 -0.00253244 0.161352
internal_weight=97489 70083 57555 13389 27406 274 4668 3756 336 912 12528 4267 3753 239 27132 13572 4606 4565 216 891 861 841 8261 6723 1202 13560 13001 984 446 538
internal_count=97489 70083 57555 13389 27406 274 4668 3756 336 912 12528 4267 3753 239 27132 13572 4606 4565 216 891 861 841 8261 6723 1202 13560 13001 984 446 538
is_linear=0
shrinkage=0.1


Tree=41
num_leaves=31
num_cat=0
split_feature=111 86 102 102 104 47 82 40 21 47 89 104 14 89 17 60 34 22 22 103 1 1 109 29 0 89 40 1 14 21
split_gain=1303.64 779.358 834.914 758.737 668.773 729.214 636.619 748.48 814.63 755.719 999.544 719.318 646.133 643.966 586.426 580.543 937.519 873.637 584.256 574.684 770.161 677.222 616.316 578.98 610.65 566.07 562.767 558.186 579.385 624.266
threshold=15.500000000000002 57.500000000000007 15.500000000000002 5.5000000000000009 112.75000000000001 1.4192787776102642 339.50000000000006 4.8750000000000009 4.2661450065202144 1.4466638149476216 24.500000000000004 100.85000000000001 5.2111111111111121 49.500000000000007 3.1140597686170799 2.5000000000000004 0.24264705882352944 7.8694444444444454 7.3750000000000009 0.76250000000000007 10.315013329381346 18.974153454396141 26.501026694045176 0.57814224635573275 34.910000000000011 14.500000000000002 3.8090909090909095 4.1229843542382332 4.6125000000000007 1.7673740285297563
decision_type=2 8 10 8 2 8 10 8 10 10 10 2 10 10 10 10 10 10 10 2 10 8 2 10 10 8 10 10 10 10
left_child=1 2 -1 4 5 -2 7 9 -9 10 15 -12 -13 19 -7 -3 -17 18 -18 21 -21 23 -22 24 -11 -5 -23 -8 29 -29
right_child=3 6 -4 25 -6 14 27 8 -10 13 11 12 -14 -15 -16 16 17 -19 -20 20 22 26 -24 -25 -26 -27 -28 28 -30 -31
leaf_value=0.00064899706719079341 -0.0099874468421897334 0.037646067045745288 -0.20600570231808471 -0.034586960932800226 0.0064118780931349669 -0.040233786626343353 -0.14368649130441108 0.14204100283438997 0.74927432263890914 -0.40487389678676283 -0.27658822114268938 0.1716442272791916 0.065867849409425999 0.41883270191518884 -0.14969853004972361 -0.32874544156310354 0.11845116636681337 -0.14384196063703192 0.72981543351303457 -0.31085521749106221 0.31816861761490939 -0.27354512874422404 -0.29868466889858247 0.018626029837117291 0.21904704308225995 -0.13032275529000978 0.10990761974110053 -0.36972502346424496 0.0089389821618790916 0.0092013651233040887
leaf_weight=25711 20277 6761 197 2570 17902 4958 265 278 24 62 48 1069 1256 38 543 115 54 112 22 126 46 145 25 7164 21 813 52 85 6661 89
leaf_count=25711 20277 6761 197 2570 17902 4958 265 278 24 62 48 1069 1256 38 543 115 54 112 22 126 46 145 25 7164 21 813 52 85 6661 89
internal_value=-5.20617e-11 0.0111715 -0.00092237 -0.0119698 -0.00843625 -0.0187478 0.0239511 0.034239 0.190298 0.0314855 0.0504401 0.106591 0.114502 0.00819148 -0.051039 0.0315772 -0.103841 0.0337341 0.295425 0.00614929 -0.162432 0.0106107 0.100967 0.0155836 -0.247014 -0.0575941 -0.172329 -0.00128761 0.00423334 -0.175906
internal_weight=97489 50426 25908 47063 43680 25778 24518 17418 302 17116 9437 2373 2325 7679 5501 7064 303 188 76 7641 197 7444 71 7247 83 3383 197 7100 6835 174
internal_count=97489 50426 25908 47063 43680 25778 24518 17418 302 17116 9437 2373 2325 7679 5501 7064 303 188 76 7641 197 7444 71 7247 83 3383 197 7100 6835 174
is_linear=0
shrinkage=0.1


Tree=42
num_leaves=31
num_cat=0
split_feature=53 111 9 104 107 104 13 109 107 102 67 111 60 38 103 41 87 83 6 84 9 83 97 71 13 86 35 7 9 10
split_gain=1121.72 766.41 766.227 697.572 900.585 794.746 723.591 779.92 716.96 735.149 731.497 740.198 686.886 674.599 669.561 1075.42 758.83 855.037 770.006 740.376 667.479 944.748 635.814 615.558 611.679 629.872 648.729 608.145 995.501 773.836
threshold=23.500000000000004 2.5000000000000004 10.727948910028458 116.35000000000001 2022.5000000000002 110.75000000000001 4.161329433774676 31.845311430527037 2019.5000000000002 17.500000000000004 7.5000000000000009 15.500000000000002 3.5000000000000004 3.4722222222222228 0.57100000000000006 1.7010058503844265 136.50000000000003 462.50000000000006 34.300000000000004 35.500000000000007 5.8333331584062078 54.500000000000007 5.5000000000000009 6.5000000000000009 2.0554714830003755 279.50000000000006 0.86008240010958248 13.549907246303988 12.390407308574341 26.675000000000001
decision_type=10 2 10 2 2 2 10 2 2 10 10 2 10 10 2 10 10 10 10 10 10 10 2 8 8 10 10 8 10 10
left_child=1 23 -3 4 5 24 14 13 -7 10 11 27 -6 -8 16 19 18 22 -5 20 -16 -22 -18 -1 25 -2 -27 28 -10 -29
right_child=3 2 -4 6 12 8 7 -9 9 -11 -12 -13 -14 -15 15 -17 17 -19 -20 -21 21 -23 -24 -25 -26 26 -28 29 -30 -31
leaf_value=0.06950615360568474 0.018908269085080191 -0.012921697863362669 -0.21525978015765471 0.015642552828692129 -0.024956511544511031 0.066757623611078953 0.17565293318110295 -0.28178125231555018 0.046768500058216547 -0.32561685712106769 -0.12198275363462119 -0.0044501441253686656 0.11375530337814142 0.61863838506814761 -0.10134327103151008 0.68440502725149466 0.44056014234998397 -0.31871400560651508 -0.46950694412896132 -0.095747247561044302 0.012495713596863132 0.72366923274511985 0.1286011228968269 0.43917566513528633 -0.011837113840220724 0.098808391317725189 0.77486985054883095 0.071258150217896804 0.46296599818200906 -0.44772520193031862
leaf_weight=558 9327 41661 188 3784 10154 3992 290 33 6292 62 354 5122 370 39 32 38 84 35 33 97 31 47 294 49 14288 40 22 59 58 56
leaf_count=558 9327 41661 188 3784 10154 3992 290 33 6292 62 354 5122 370 39 32 38 84 35 33 97 31 47 294 49 14288 40 22 59 58 56
internal_value=6.19979e-11 -0.0122125 -0.0138307 0.00942154 0.00592663 0.0128255 0.04569 0.181678 0.0300459 0.0178361 0.0196194 0.0239456 -0.0200797 0.228165 0.0346894 0.195415 0.0253803 0.154142 0.0114482 0.105649 0.283244 0.441023 0.197925 0.0993477 0.00119222 0.02102 0.338701 0.0464425 0.05057 -0.181464
internal_weight=97489 42456 41849 55033 50196 39672 4837 362 15995 12003 11941 11587 10524 329 4475 245 4230 413 3817 207 110 78 378 607 23677 9389 62 6465 6350 115
internal_count=97489 42456 41849 55033 50196 39672 4837 362 15995 12003 11941 11587 10524 329 4475 245 4230 413 3817 207 110 78 378 607 23677 9389 62 6465 6350 115
is_linear=0
shrinkage=0.1


Tree=43
num_leaves=31
num_cat=0
split_feature=94 88 45 79 10 109 87 43 102 46 26 36 102 3 35 4 42 40 3 23 84 7 39 102 51 87 89 25 109 84
split_gain=1031.51 719.09 622.681 761.487 837.167 777.962 695.877 655.822 743.623 655.543 705.391 615.198 614.331 593.45 574.074 815.616 549.221 744.283 899.54 730.866 561.509 696.132 548.053 545.746 755.761 543.382 518.368 657.725 516.792 583.099
threshold=1.5000000000000002 21.450000000000003 1.6482305137328706 2.5000000000000004 19.025000000000002 29.414099931553732 159.50000000000003 2.3273044783351096 5.5000000000000009 2.3568181818181824 2.2678571428571432 3.9000000000000004 216.50000000000003 15.146207809085299 1.7916542755477889 45.417500000000011 3.3666666666666671 4.6250000000000009 6.6871726295767564 2.8925948923809712 12.500000000000002 5.3291567786619067 3.1037590946677125 1.5000000000000002 61.250000000000007 122.50000000000001 36.500000000000007 1.658243862791825 33.093771389459285 83.500000000000014
decision_type=10 10 8 10 10 2 10 10 10 10 10 10 10 10 10 10 10 10 10 8 10 10 10 8 10 10 10 10 2 10
left_child=1 13 3 4 -2 22 7 8 16 -8 -11 -12 28 23 15 -6 -4 18 -18 -19 21 -20 26 -1 -25 -15 -5 -28 29 -3
right_child=2 12 6 5 14 -7 9 -9 -10 10 11 -13 -14 25 -16 -17 17 19 20 -21 -22 -23 -24 24 -26 -27 27 -29 -30 -31
leaf_value=0.014710581813815224 -0.0049592645684058655 0.0086290525696279003 -0.014646293809025754 0.028057353693797776 -0.14467071851703261 -0.013612067140872706 0.42152845649694914 0.026222232337447273 -0.19286454748737333 0.027127090772662898 0.7363134230728503 0.054796109864344966 -0.36705798473623069 -0.16728237090549741 0.20378491760390563 -0.66511876456665275 -0.52306094074249276 0.66600832390785225 0.33999986837928498 -0.041921762398311073 -0.12747035803351112 -0.05172502847879084 0.54148312239419849 -0.030891257506205139 0.03925896499597737 0.27375169207652411 0.085460080496480934 0.42340726055554118 -0.064399192851827866 -0.071141331495002166
leaf_weight=3990 5696 24467 4484 24172 344 4679 49 2086 298 950 27 26 45 406 41 33 50 25 60 35 862 186 21 20074 1663 30 575 64 1099 952
leaf_count=3990 5696 24467 4484 24172 344 4679 49 2086 298 950 27 26 45 406 41 33 50 25 60 35 862 186 21 20074 1663 30 575 64 1099 952
internal_value=-3.88703e-11 -0.00947776 0.0111638 0.0171372 -0.0149834 0.0237918 -0.0121238 -0.0220775 -0.0388697 0.0643829 0.0469351 0.401984 0.00211227 -0.021245 -0.15158 -0.190227 -0.0308215 -0.0903698 -0.108164 0.253049 -0.0894407 0.0438176 0.0308397 -0.0192843 -0.0255244 -0.136936 0.0304075 0.119308 0.00273873 0.00564147
internal_weight=97489 52726 44763 35625 6114 29511 9138 8086 6000 1052 1003 53 26563 26163 418 377 5702 1218 1158 60 1108 246 24832 25727 21737 436 24811 639 26518 25419
internal_count=97489 52726 44763 35625 6114 29511 9138 8086 6000 1052 1003 53 26563 26163 418 377 5702 1218 1158 60 1108 246 24832 25727 21737 436 24811 639 26518 25419
is_linear=0
shrinkage=0.1


Tree=44
num_leaves=31
num_cat=0
split_feature=51 72 63 96 3 109 52 27 42 43 38 4 49 15 41 41 89 50 106 97 84 8 89 0 83 7 40 27 3 77
split_gain=902.363 835.316 786.97 750.989 584.827 556.513 656.152 837.592 916.52 870.315 645.494 584.121 655.567 660.37 864.618 726.366 721.98 607.805 594.853 583.201 558.265 555.056 554.066 723.152 718.373 713.8 692.246 560.17 639.967 787.822
threshold=60.150000000000013 4.5000000000000009 11.500000000000002 225.50000000000003 15.146207809085299 28.669404517453803 14.500000000000002 1.0339469490010884 0.90000000000000013 1.9364486375644641 4.3166666666666673 26.762500000000003 46.250000000000007 2.7218958235968356 1.5595395819079616 1.2344014203344911 22.500000000000004 0.45000000000000007 38.500000000000007 16.500000000000004 1.5000000000000002 37.350000000000001 19.500000000000004 19.670000000000005 272.50000000000006 6.8264153369004434 3.5227272727272729 1.4794846360821885 10.761239602276833 7.5000000000000009
decision_type=10 10 8 2 10 2 10 10 10 10 10 10 8 10 10 10 10 10 2 2 10 10 10 10 8 8 8 8 10 10
left_child=1 2 3 22 -4 11 -7 8 -8 -9 -10 18 13 14 15 -13 20 -18 -2 -11 -17 -14 25 -24 27 26 -1 28 -25 -30
right_child=5 -3 4 -5 -6 6 7 9 10 19 -12 12 21 -15 -16 16 17 -19 -20 -21 -22 -23 23 24 -26 -27 -28 -29 29 -31
leaf_value=0.005222282762599827 -0.22441779788145247 0.53812930945839199 -0.03734089883159248 -0.023285686595018024 -0.32193977524564693 -0.015152951927104412 0.37957033698088849 -0.085123783067382622 0.046760762212325141 0.32247539400747144 0.46111194331471517 -0.019822692085475581 0.020580909909040612 -0.10068063938301518 -0.11020593459932215 0.50931340054823804 -0.32365855625658124 0.18356124095263937 0.075733611028400968 -0.25876339077949523 0.15776345661819677 -0.48195040280168711 0.16665054712640615 0.011223672547987163 -0.22925139753655954 -0.032727949772166025 0.45674338691374833 -0.13536550903062552 0.12015127332764207 -0.11126624860850994
leaf_weight=25691 68 28 6621 14478 73 10226 130 464 453 97 41 597 23184 929 452 52 54 42 2277 21 344 22 380 3114 110 5907 34 198 1235 167
leaf_count=25691 68 28 6621 14478 73 10226 130 464 453 97 41 597 23184 929 452 52 54 42 2277 21 344 22 380 3114 110 5907 34 198 1235 167
internal_value=-3.71582e-11 -0.00793239 -0.00819597 -0.00398909 -0.0404445 0.0116687 -0.00692557 0.0628367 0.143321 -0.0234559 0.0811502 0.0192547 0.0148914 -0.0340861 0.00606081 0.0543184 0.144282 -0.10175 0.0670299 0.219035 0.203927 0.0201045 0.00359523 0.0338323 0.0233698 -0.00137927 0.00581905 0.0292646 0.0364827 0.0925858
internal_weight=97489 58036 58008 51314 6694 39453 11432 1206 624 582 494 28021 25676 2470 1541 1089 492 96 2345 118 396 23206 36836 5204 4824 31632 25725 4714 4516 1402
internal_count=97489 58036 58008 51314 6694 39453 11432 1206 624 582 494 28021 25676 2470 1541 1089 492 96 2345 118 396 23206 36836 5204 4824 31632 25725 4714 4516 1402
is_linear=0
shrinkage=0.1


Tree=45
num_leaves=31
num_cat=0
split_feature=91 94 107 104 87 106 12 3 9 46 111 14 25 45 8 43 73 7 1 46 6 79 103 55 11 104 22 42 2 81
split_gain=831.594 691.209 672.122 646.155 766.606 782.232 703.055 880.688 640.274 690.57 637.992 650.302 631.323 628.86 886.497 718.747 738.049 1003.8 649.504 789.71 631.021 703.865 624.745 741.256 665.94 622.838 746.396 789.485 816.46 622.78
threshold=1.5000000000000002 3.5000000000000004 2022.5000000000002 116.35000000000001 119.50000000000001 927.50000000000011 8.1000000000000014 12.587438623498967 10.943541908376572 4.2250000000000005 3.5000000000000004 13.550000000000002 0.76180168105713697 2.4048559206625697 33.95000000000001 2.2582094138490336 6.5000000000000009 13.137731368681655 8.3660026288372809 2.6583333333333337 24.700000000000006 7.5000000000000009 0.42550000000000004 63.000000000000007 7.0776236072688521 114.25000000000001 4.052777777777778 1.5500000000000003 43.875000000000021 851.50000000000011
decision_type=10 10 2 2 10 2 10 10 8 10 2 10 8 10 10 10 8 10 10 10 10 10 2 10 10 2 10 10 10 8
left_child=2 3 25 8 22 6 7 -6 -2 -10 11 12 -3 14 15 -12 20 18 19 -18 21 -17 23 -5 -24 26 29 28 -28 -1
right_child=1 10 -4 4 5 -7 -8 -9 9 -11 13 -13 -14 -15 -16 16 17 -19 -20 -21 -22 -23 24 -25 -26 -27 27 -29 -30 -31
leaf_value=-0.011801797656225467 0.00011904431898594978 0.14030562180366701 -0.03367066569824486 0.0087140878771537079 0.16085800036459907 -0.29871394766228543 -0.30236007273197174 0.55641522032778656 -0.10255171053459822 0.21659166208685263 0.013913419809754961 -0.44357332330942151 0.043260792381662395 -0.12982517979155153 -0.48307114183902744 0.40860540781057247 -0.17559897490488044 0.70461197033524514 -0.16253603483230747 0.51731690725213608 0.58615959728205647 -0.05682450007880107 0.039238447343073676 -0.39985626247194084 0.21867686199304029 0.037274947344757489 -0.068301328558281263 -0.24702187992715793 0.45507275335716479 0.046291451231269265
leaf_weight=19616 44442 903 10304 3360 352 35 27 67 952 73 7049 25 2602 295 35 66 29 20 137 38 54 64 676 45 298 3279 308 268 33 2037
leaf_count=19616 44442 903 10304 3360 352 35 27 67 952 73 7049 25 2602 295 35 66 29 20 137 38 54 64 676 45 298 3279 308 268 33 2037
internal_value=4.72618e-11 0.00704282 -0.0121118 0.00202143 0.036679 0.156514 0.192238 0.224109 -0.00168314 -0.0798225 0.0293731 0.0646377 0.0682626 0.0133869 0.019026 0.0213826 0.150427 0.0285289 -0.0377537 0.217398 0.298825 0.179471 0.023516 0.00331448 0.0941385 -0.00341432 -0.00940749 -0.11859 -0.0176522 -0.00633669
internal_weight=97489 61644 35845 50327 4860 481 446 419 45467 1025 11317 3530 3505 7787 7492 7457 408 224 204 67 184 130 4379 3405 974 25541 22262 609 341 21653
internal_count=97489 61644 35845 50327 4860 481 446 419 45467 1025 11317 3530 3505 7787 7492 7457 408 224 204 67 184 130 4379 3405 974 25541 22262 609 341 21653
is_linear=0
shrinkage=0.1


Tree=46
num_leaves=31
num_cat=0
split_feature=94 104 107 107 79 45 88 102 37 52 84 2 24 3 103 1 100 25 103 12 55 42 35 10 83 89 86 47 5 60
split_gain=766.398 644.974 1178.3 698.524 615.148 686.311 784.885 614.255 567.976 509.223 749.965 606.868 603.313 623.883 565.437 507.591 492.513 880.525 518.251 706.082 512.536 1129.8 934.027 744.613 726.371 643.656 495.426 625.415 685.364 582.897
threshold=1.0000000180025095e-35 110.85000000000001 2021.5000000000002 2021.5000000000002 12.500000000000002 1.4161750273926363 49.250000000000007 6.5000000000000009 2.4289043292708192 16.500000000000004 26.500000000000004 54.975000000000016 0.45000000000000007 15.146207809085299 0.5335000000000002 18.974153454396141 1.0000000180025095e-35 2.3978930965105625 0.21350000000000002 10.550000000000002 61.500000000000007 3.6333333333333337 0.5524099002227052 24.575000000000006 185.50000000000003 23.500000000000004 99.500000000000014 2.2580264494729492 16.451758809148014 1.0000000180025095e-35
decision_type=10 2 2 2 10 10 10 10 10 10 10 10 10 8 2 10 2 10 2 10 10 10 10 10 10 10 10 10 10 10
left_child=-1 3 4 -2 -3 -6 -7 9 -5 16 12 -12 -11 -14 -13 -9 17 18 19 -4 -20 22 -22 -24 -25 -23 -18 28 29 -28
right_child=1 2 7 8 5 6 -8 15 -10 10 11 14 13 -15 -16 -17 26 -19 20 -21 21 25 23 24 -26 -27 27 -29 -30 -31
leaf_value=-0.01475481508892241 0.00025746005300711074 0.035016317354792242 0.052012892293687954 -0.052226851912337738 0.74242361031827475 0.27176515765932224 -0.13533499800208687 -0.055776351816604945 0.19808074951732671 0.28099364535977139 0.83267070745879956 -0.093735196601067272 -0.024633134006035857 0.31972136234833026 0.59270278268626764 -0.4136525155567542 0.025797304722684294 -0.61754593551158909 -0.019153172884011672 0.49326547663181258 0.88054754460851348 0.31512789076024839 0.64939892304267877 -0.31088203711928253 0.28821130710467696 -0.31315429184644944 -0.092225916090215104 -0.31065020870852783 0.43203485592296631 0.02717193248228484
leaf_weight=25864 29621 13309 517 3592 21 151 69 1188 93 99 22 28 486 59 21 41 9645 24 10626 39 24 22 27 34 50 63 763 77 33 881
leaf_count=25864 29621 13309 517 3592 21 151 69 1188 93 99 22 28 486 59 21 41 9645 24 10626 39 24 22 27 34 50 63 763 77 33 881
internal_value=-1.19758e-11 0.00532801 0.0141749 -0.00485051 0.0378835 0.196221 0.144084 0.00120506 -0.0459097 0.00480332 0.0879037 0.396351 0.0538979 0.0126456 0.200453 -0.0677153 0.00220018 -0.0124718 -0.0111982 0.0829641 -0.0160253 0.135053 0.31487 0.192562 0.0457211 -0.15054 0.0169069 -0.0319799 -0.0191847 -0.028242
internal_weight=97489 71625 38319 33306 13550 241 220 24769 3685 23540 715 71 644 545 49 1229 22825 11426 11402 556 10846 220 135 111 84 85 11399 1754 1677 1644
internal_count=97489 71625 38319 33306 13550 241 220 24769 3685 23540 715 71 644 545 49 1229 22825 11426 11402 556 10846 220 135 111 84 85 11399 1754 1677 1644
is_linear=0
shrinkage=0.1


Tree=47
num_leaves=31
num_cat=0
split_feature=111 87 10 77 111 8 40 104 44 107 111 44 109 103 20 41 106 33 90 48 51 51 13 91 21 25 5 1 61 36
split_gain=698.813 575.137 850.688 635.709 543.19 1108.99 906.374 573.428 703.027 702.365 551.461 641.117 637.409 748.08 689.841 789.717 700.6 674.807 629.581 884.062 601.85 836.831 589.21 587.901 602.068 582.284 580.793 564.918 777.176 563.716
threshold=15.500000000000002 5.5000000000000009 18.121428571428577 1.0000000180025095e-35 12.500000000000002 33.95000000000001 4.3750000000000009 106.85000000000001 4.0500000000000007 2019.5000000000002 3.5000000000000004 5.6500000000000012 25.737166324435321 0.41600000000000004 8.8500000000000032 1.5085524631031704 492.50000000000006 0.9499365146309281 10.500000000000002 30.350000000000005 72.850000000000009 80.200000000000003 3.6605755599684313 1.5000000000000002 1.9479328558579925 1.8027222972291639 9.6180846653640817 16.412495239653456 11.500000000000002 3.9000000000000004
decision_type=2 10 8 8 2 10 10 2 8 2 2 8 2 2 10 10 2 10 10 10 10 10 10 10 10 10 10 10 8 10
left_child=4 2 -2 -4 10 6 7 9 -9 -6 11 12 13 20 16 -16 18 -18 -15 25 27 22 23 -22 -25 -20 -17 -1 -29 -14
right_child=1 -3 3 -5 5 -7 -8 8 -10 -11 -12 -13 29 14 15 26 17 -19 19 -21 21 -23 -24 24 -26 -27 -28 28 -30 -31
leaf_value=0.06378681324262532 -0.020668795778899018 -0.0016838440956999071 -0.49522851496300802 -0.11225289179169351 -0.004441500935675715 -0.53499669222270752 0.67837685129859238 0.053005852853075942 -0.23850961755074207 -0.27625144448486111 -0.0032741991717837766 0.38223571631373193 -0.028154104234470526 0.021713200523034538 0.74580735486486693 -0.38423568785190582 0.64126288329853731 -0.079715288794111647 -0.051709805711302993 -0.37316731964779454 -0.023728169032505582 0.07340012433564129 -0.025468601256000752 0.647739911741401 0.29092086432075115 0.42019414794113907 0.18444357282185758 -0.32893285848103559 0.3707239569723606 0.059640520355180228
leaf_weight=1617 13085 33374 47 557 1005 34 22 5460 84 105 30515 49 3628 4930 23 20 34 21 828 86 35 460 49 74 131 27 176 77 20 916
leaf_count=1617 13085 33374 47 557 1005 34 22 5460 84 105 30515 49 3628 4930 23 20 34 21 828 86 35 460 49 74 131 27 176 77 20 916
internal_value=-2.08301e-12 -0.00876375 -0.0260247 -0.142054 0.00817928 0.0346709 0.0375721 0.0354534 0.048589 -0.0301533 0.00411307 0.0211892 0.0198441 0.035839 0.0171754 0.191465 0.0107344 0.36598 0.00740644 -0.0675482 0.0824031 0.157182 0.290536 0.355054 0.419724 -0.0368076 0.126415 0.0497257 -0.184674 -0.0104561
internal_weight=97489 47063 13689 604 50426 6710 6676 6654 5544 1110 43716 13201 13152 8608 6145 219 5926 55 5871 941 2463 749 289 240 205 855 196 1714 97 4544
internal_count=97489 47063 13689 604 50426 6710 6676 6654 5544 1110 43716 13201 13152 8608 6145 219 5926 55 5871 941 2463 749 289 240 205 855 196 1714 97 4544
is_linear=0
shrinkage=0.1


Tree=48
num_leaves=31
num_cat=0
split_feature=106 107 104 104 44 107 45 87 13 27 79 45 7 88 11 89 104 104 46 39 15 51 11 3 36 91 47 44 60 5
split_gain=666.93 671.648 820.668 803.124 798.706 699.671 1069.94 1094.27 857.123 740.348 676.731 691.23 660.187 619.92 1045.46 748.656 820.867 618.321 776.3 733.206 762.533 670.265 878.802 648.359 615.223 600.213 598.609 692.771 592.785 584.683
threshold=46.500000000000007 2022.5000000000002 112.45000000000002 107.85000000000001 3.8500000000000001 2016.5000000000002 2.0803307417005787 158.50000000000003 1.1178102700547357 1.0339469490010884 12.500000000000002 1.4161750273926363 4.135196948141604 48.650000000000013 8.5031727821110934 23.500000000000004 110.65000000000002 114.25000000000001 2.6125000000000003 2.2655097654788792 1.3743625973076605 90.600000000000009 9.4464557231214759 12.891196388733432 3.3666666666666671 1.5000000000000002 2.1752189507618374 3.4500000000000006 6.5000000000000009 9.8392205094490119
decision_type=2 2 2 2 10 2 10 8 10 10 10 10 10 10 10 10 2 2 10 10 10 10 10 10 10 10 10 10 10 10
left_child=-1 3 -3 -2 25 6 7 26 -8 -10 17 -12 -13 14 15 16 -14 18 19 28 -21 22 23 -22 -15 -4 27 -5 -7 -16
right_child=1 2 4 5 -6 10 8 -9 9 -11 11 12 13 24 29 -17 -18 -19 -20 20 21 -23 -24 -25 -26 -27 -28 -29 -30 -31
leaf_value=-0.021074617364179742 -0.0093664907926412355 -0.039163739155559041 -0.021407307136221326 0.052547331358041162 -0.13640603636689846 0.0078702914481777655 0.46484560117125517 0.32773974688847862 0.012799882021073889 -0.37387066742181779 0.42339325544925838 0.49324055651409759 -0.29815578504520307 0.012204695750887578 0.73248832005521525 -0.33096620948875655 0.30824221675212571 0.03568967740864188 -0.039304599375094347 0.7245734206214548 0.19641120858133249 -0.0783009196369676 0.63418938103649358 -0.088449767787348144 -0.4467964532070382 0.018451592843850045 -0.45565286628578017 0.52691125677477924 -0.24505552136169007 0.20036536389131948
leaf_weight=13012 17199 7184 5803 4479 412 25642 20 150 82 125 65 36 34 91 23 68 65 7451 3712 20 292 160 36 110 43 10826 23 31 93 202
leaf_count=13012 17199 7184 5803 4479 412 25642 20 150 82 125 65 36 34 91 23 68 65 7451 3712 20 292 160 36 110 43 10826 23 31 93 202
internal_value=-1.19366e-11 0.00324613 -0.0108162 0.00890002 0.00113438 0.0161972 0.0517286 0.0620061 -0.160297 -0.220697 0.0116234 0.114656 0.0789481 0.0505935 0.114066 -0.0754925 0.0999843 0.00990142 0.00351032 0.0095411 0.117179 0.096865 0.160853 0.118464 -0.135087 0.00454209 0.0532128 0.0558079 0.00695628 0.25476
internal_weight=97489 84477 24225 60252 17041 43053 4910 4683 227 207 38143 627 562 526 392 167 99 37516 30065 26353 618 598 438 402 134 16629 4533 4510 25735 225
internal_count=97489 84477 24225 60252 17041 43053 4910 4683 227 207 38143 627 562 526 392 167 99 37516 30065 26353 618 598 438 402 134 16629 4533 4510 25735 225
is_linear=0
shrinkage=0.1


Tree=49
num_leaves=31
num_cat=0
split_feature=91 110 100 42 4 55 87 94 48 102 104 9 0 94 111 8 80 53 26 102 103 51 40 45 6 51 83 81 30 81
split_gain=573.893 715.794 611.681 689.258 722.484 945.871 1012.62 687.843 664.229 877.658 638.263 702.688 1018.56 667.407 620.245 1004.06 685.461 631.278 616.969 616.395 604.12 589.353 583.868 556.226 550.445 547.11 508.796 749.022 676.509 614.018
threshold=3.5000000000000004 73.500000000000014 1.0000000180025095e-35 2.1000000000000005 55.215000000000011 54.500000000000007 86.500000000000014 6.5000000000000009 4.6500000000000012 15.500000000000002 115.65000000000002 11.161690297554662 53.910000000000004 6.5000000000000009 6.5000000000000009 23.550000000000004 1321.0500000000004 39.500000000000007 1.3875000000000002 3.5000000000000004 0.50300000000000011 88.350000000000009 2.757352941176471 0.94993651463092799 41.900000000000006 86.600000000000009 160.50000000000003 553.50000000000011 0.55000000000000016 825.50000000000011
decision_type=10 2 2 10 10 10 10 10 10 10 2 8 10 10 2 10 10 10 10 10 2 10 10 10 10 10 10 10 10 10
left_child=1 -1 3 4 5 7 19 21 -4 26 11 12 13 23 -12 17 -17 -16 -6 -7 -9 25 -11 -5 -2 -3 27 -10 -29 -28
right_child=24 2 8 10 18 6 -8 20 9 22 14 -13 -14 -15 15 16 -18 -19 -20 -21 -22 -23 -24 -25 -26 -27 29 28 -30 -31
leaf_value=-0.060128298961108474 0.010892747068234709 -0.0058178446160836381 -0.0095078560963268253 -0.24108370785130029 -0.63236118800499863 0.1485143260891531 0.62149029700529013 -0.75426007204729584 0.01478942824702538 -0.14745639360003304 -0.1394764255779157 -0.28066163112719855 0.45717961727044526 0.40652696759470053 0.070474539255051691 0.19699542820453644 0.86449063066393139 -0.30800931773458923 -0.042268243995872708 -0.31078815577608165 -0.062582466751337051 0.4154305630561077 -0.73324684023857123 -0.052530477298304658 -0.51388002514839171 -0.1432864173296394 -0.1296186014922763 0.11935687402147264 0.032989699923158609 0.0057582662836119366
leaf_weight=2317 33578 24326 14080 162 34 255 42 23 10905 114 159 138 39 31 538 40 25 48 37 33 28 33 20 4569 20 293 449 1473 2360 1320
leaf_count=2317 33578 24326 14080 162 34 255 42 23 10905 114 159 138 39 31 538 40 25 48 37 33 28 33 20 4569 20 293 449 1473 2360 1320
internal_value=5.32813e-11 -0.00556384 -0.0035106 -0.0134562 -0.00630359 -0.00540012 0.162781 -0.0076468 0.00647777 0.0200033 -0.0446895 -0.0581831 -0.0517882 -0.0559565 0.0375879 0.080834 0.453724 0.0394724 -0.324848 0.0958859 -0.374516 -0.00688782 -0.234888 -0.058987 0.0105804 -0.00745391 0.0220724 0.0281549 0.0661801 -0.0286025
internal_weight=97489 63891 61574 30853 25104 25033 330 24703 30721 16641 5749 4939 4801 4762 810 651 65 586 71 288 51 24652 134 4731 33598 24619 16507 14738 3833 1769
internal_count=97489 63891 61574 30853 25104 25033 330 24703 30721 16641 5749 4939 4801 4762 810 651 65 586 71 288 51 24652 134 4731 33598 24619 16507 14738 3833 1769
is_linear=0
shrinkage=0.1


Tree=50
num_leaves=31
num_cat=0
split_feature=107 104 104 53 52 9 5 3 28 49 6 109 97 104 22 13 12 23 8 102 104 11 52 88 37 3 38 25 103 20
split_gain=537.934 947.054 732.08 682.534 650.912 701.631 653.598 644.474 719.437 625.648 594.223 569.068 733.602 941.02 723.301 682.472 977.334 733.81 580.059 561.629 614.204 560.562 546.229 541.914 523.798 660.44 673.828 519.876 509.631 662.121
threshold=2021.5000000000002 108.95000000000002 112.45000000000002 8.5000000000000018 16.500000000000004 7.4132013997958071 9.2620135356749387 10.496732295398536 0.84807692307692317 60.45000000000001 13.900000000000002 29.504449007529093 13.500000000000002 105.05000000000001 9.7750000000000021 2.5132957790129056 3.6333333333333337 2.5319202792361786 31.550000000000004 145.50000000000003 107.25000000000001 5.6100032267259357 19.500000000000004 71.850000000000009 2.5132957790129056 8.7252316110521964 3.3666666666666671 0.64222852518808682 0.51950000000000018 7.0500000000000007
decision_type=2 2 2 8 10 8 8 8 10 10 10 2 2 2 10 10 8 10 10 10 2 10 8 10 10 10 10 10 2 10
left_child=1 11 23 10 -4 24 -7 9 -9 -8 -3 12 19 -14 -13 16 17 -15 22 -1 -21 -22 -18 -2 25 -6 27 -27 -17 -30
right_child=2 3 4 -5 5 6 7 8 -10 -11 -12 14 13 15 -16 28 18 -19 -20 20 21 -23 -24 -25 -26 26 -28 -29 29 -31
leaf_value=-0.018793406016219934 -0.029286912662249621 -0.048791429724352547 -0.0027700952721847472 0.020932426711028927 0.21271892966486622 0.65882293914755197 0.13640746489681047 -0.1132492823568596 0.34427933073291189 -0.59061714112758634 -0.58584369577112649 -0.052967924062099742 -0.015277274871884211 0.055980957135828936 -0.37232854207356775 -0.034876122636033548 0.1242949693770624 -0.15188621288556378 -0.22045007512924519 0.016238561160159561 0.10320623776605052 0.69540045297507092 0.41553927370861399 -0.40756570422335675 -0.41521544103269226 0.29366939361393452 -0.416504723392427 -0.088746054240358557 0.025827013104008829 0.27586077976659057
leaf_weight=15929 11150 1088 28672 29874 138 30 29 44 157 20 21 1303 4071 564 75 1174 1657 243 47 106 31 33 67 38 27 50 44 123 553 131
leaf_count=15929 11150 1088 28672 29874 138 30 29 44 157 20 21 1303 4071 564 75 1174 1657 243 47 106 31 33 67 38 27 50 44 123 553 131
internal_value=3.04017e-11 0.00626499 -0.00880751 0.0180727 -0.000506621 0.0975271 0.217775 0.164849 0.244124 -0.160337 -0.058961 -0.00781441 -0.00431228 0.0194409 -0.0703497 0.0513023 0.0846011 -0.00661102 0.126164 -0.0168639 0.163935 0.408556 0.135614 -0.0305717 0.00938715 0.0416809 -0.0670899 0.0217786 0.00509986 0.0737136
internal_weight=97489 56967 40522 30983 29334 662 280 250 201 49 1109 25984 24606 8507 1378 4436 2578 807 1771 16099 170 64 1724 11188 382 355 217 173 1858 684
internal_count=97489 56967 40522 30983 29334 662 280 250 201 49 1109 25984 24606 8507 1378 4436 2578 807 1771 16099 170 64 1724 11188 382 355 217 173 1858 684
is_linear=0
shrinkage=0.1


Tree=51
num_leaves=31
num_cat=0
split_feature=111 84 25 102 50 19 102 39 96 10 51 33 25 88 11 29 53 35 52 19 10 26 13 6 13 10 49 3 77 97
split_gain=505.993 574.583 770.956 567.891 543.583 534.703 528.231 522.399 518.005 841.822 767.116 651.774 625.616 707.851 618.835 553.58 876.255 803.339 756.931 712.751 718.61 886.805 772.428 659.036 684.927 617.597 925.103 590.057 568.915 536.51
threshold=3.5000000000000004 135.50000000000003 1.2415253053016906 218.50000000000003 10.550000000000002 1.6070659959698212 17.500000000000004 3.0776910674679767 227.00000000000003 32.375000000000007 89.100000000000009 0.73217397231470061 1.0477225575051665 43.250000000000007 9.0489167711696972 1.231285774706292 60.500000000000007 0.60733098379053507 26.500000000000004 5.7532533814466023 28.425000000000001 1.8730158730158732 3.1976530016253442 23.700000000000006 2.5980583915950093 27.575000000000006 77.550000000000011 19.232520194299294 4.5000000000000009 9.5000000000000018
decision_type=2 8 8 10 8 8 10 10 2 10 10 8 10 10 10 10 10 10 10 10 10 10 10 10 10 10 10 10 8 2
left_child=1 6 -3 4 8 -4 7 -1 11 10 14 15 13 -12 -10 16 18 -18 19 20 25 22 23 -22 28 -2 -27 -17 -25 -13
right_child=3 2 5 -5 -6 -7 -8 -9 9 -11 12 29 -14 -15 -16 27 17 -19 -20 -21 21 -23 -24 24 -26 26 -28 -29 -30 -31
leaf_value=0.017596190412830649 0.0020536603918410337 0.027565414972186831 0.79127786581714954 -0.183844767200809 -0.072314657906229096 0.25231906375553032 -0.25678774605334648 -0.44938669378558799 -0.012206032487673997 -0.46545768249325636 0.60094297056635604 0.011571303458932244 -0.0091305353346663384 0.14361307151993971 -0.11955666306571369 -0.027618639856921479 0.5419824843548916 -0.19810631267726422 0.34085184595350065 0.39530778640638231 0.39169382167359196 0.25892505980350755 -0.51039140025774643 0.20761149566749049 0.16081975928302539 0.104478214374481 0.80564592239402588 -0.48777719150696486 -0.25908884587148812 0.060953461042921778
leaf_weight=12842 38036 161 24 173 1100 79 71 24 26725 41 39 7206 258 256 548 5835 55 20 66 46 24 55 57 29 59 181 21 28 263 3167
leaf_count=12842 38036 161 24 173 1100 79 71 24 26725 41 39 7206 258 256 548 5835 55 20 66 46 24 55 57 29 59 181 21 28 263 3167
internal_value=4.5006e-11 0.0182043 0.16425 -0.00285112 -0.00247887 0.377902 0.015224 0.0167251 -0.0015535 -0.0126659 -0.0119988 0.00406175 0.104604 0.204074 -0.014363 -0.00117086 0.00314524 0.344625 0.00248579 0.00190978 0.00144248 -0.119265 -0.167414 -0.115282 -0.149947 0.00297981 0.177372 -0.0298162 -0.212738 0.0266483
internal_weight=97489 13201 264 84288 84115 103 12937 12866 83015 27867 27826 55148 553 295 27273 44775 38912 75 38837 38771 38725 487 432 375 351 38238 202 5863 292 10373
internal_count=97489 13201 264 84288 84115 103 12937 12866 83015 27867 27826 55148 553 295 27273 44775 38912 75 38837 38771 38725 487 432 375 351 38238 202 5863 292 10373
is_linear=0
shrinkage=0.1


Tree=52
num_leaves=31
num_cat=0
split_feature=94 23 51 89 102 15 69 29 50 18 40 22 15 82 48 0 104 107 97 109 104 104 6 89 37 35 12 39 48 105
split_gain=485.062 463.308 615.276 586.357 839.494 721.205 718.35 597.093 593.437 543.336 495.885 471.419 464.642 487.127 460.597 559.001 457.894 751.254 488.582 560.359 543.301 669.506 640.304 783.737 838.607 654.632 560.644 556.264 558.094 546.677
threshold=1.0000000180025095e-35 1.9440112044422027 99.000000000000014 25.500000000000004 6.5000000000000009 2.0561556246288948 2.5000000000000004 1.1747126000054033 9.9500000000000011 3.7750000000000004 2.4058823529411768 1.2565789473684212 3.3540969562935792 41.500000000000007 20.250000000000004 26.750000000000004 110.85000000000001 2021.5000000000002 13.500000000000002 29.414099931553732 105.05000000000001 105.95000000000002 20.700000000000006 20.500000000000004 1.6380804171854755 0.68227130771774525 6.9000000000000012 0.802653609337171 36.050000000000004 0.90000000000000013
decision_type=10 8 10 10 10 10 10 10 10 10 10 10 10 8 10 10 2 2 2 2 2 2 10 10 10 8 10 8 10 8
left_child=1 3 12 10 5 11 7 -7 9 -8 -1 -5 -3 -14 15 -12 18 -18 19 -2 27 22 26 24 25 -24 -22 -20 -29 -25
right_child=16 2 -4 4 -6 6 8 -9 -10 -11 14 -13 13 -15 -16 -17 17 -19 20 -21 21 -23 23 29 -26 -27 -28 28 -30 -31
leaf_value=-0.009490793399129031 -0.0096822236077975295 -0.051287898944249358 0.50079386660030911 0.7436714535951614 -0.41350401851438712 -0.038602815387482808 0.276894714321409 -0.57468245172500609 -0.31767868637107316 -0.17125726498197766 0.5156212764126914 0.22872152357944286 -0.23386454108152904 0.094924737297681958 0.41511183302192123 -0.057964034855700612 0.030623872740469134 0.0013367621990635914 0.14947510303899567 -0.092190729810946864 0.089447661882236573 0.016409822482400936 -0.17103913541763061 -0.01478874090233606 0.68438617607642871 0.46434312269968148 -0.14049891040793488 -0.022045682714387879 -0.31784086121962624 0.24345585658700897
leaf_weight=20188 21437 4466 21 20 31 123 175 25 24 32 21 160 51 387 51 89 13550 24769 187 856 437 6318 31 167 58 34 140 3415 65 161
leaf_count=20188 21437 4466 21 20 31 123 175 25 24 32 21 160 51 387 51 89 13550 24769 187 856 437 6318 31 167 58 34 140 3415 65 161
internal_value=-3.28797e-11 -0.0117383 -0.0393353 -0.00524729 0.093029 0.121119 0.0428413 -0.129157 0.153039 0.207615 -0.00809672 0.285938 -0.0416482 0.0566411 0.166708 0.0515386 0.00423873 0.011693 -0.00433749 -0.0128504 0.0128946 0.0285873 0.103429 0.192697 0.407966 0.161315 0.0336547 -0.0185421 -0.0275706 0.111972
internal_weight=97489 25864 4925 20939 590 559 379 148 231 207 20349 180 4904 438 161 110 71625 38319 33306 22293 11013 7346 1028 451 123 65 577 3667 3480 328
internal_count=97489 25864 4925 20939 590 559 379 148 231 207 20349 180 4904 438 161 110 71625 38319 33306 22293 11013 7346 1028 451 123 65 577 3667 3480 328
is_linear=0
shrinkage=0.1


Tree=53
num_leaves=31
num_cat=0
split_feature=110 11 36 110 44 106 35 21 26 88 47 83 80 21 16 104 55 42 88 104 48 77 106 9 31 105 2 22 4 87
split_gain=452.434 583.684 466.145 463.956 623.825 723.9 694.3 688.671 771.396 879.414 665.552 806.173 673.82 661.275 764.479 617.712 768.897 594.513 588.856 582.408 811.57 836.258 781.948 742.739 703.747 780.786 675.59 568.845 583.547 812.117
threshold=73.500000000000014 8.0376580269230384 0.45000000000000007 74.500000000000014 1.7638888888888891 791.50000000000011 1.0992465288770605 3.1278319239754526 2.4500000000000006 45.850000000000001 1.7211272696358351 362.50000000000006 2539.5999999999995 4.1958974150093331 9.2613636363636385 106.65000000000002 48.500000000000007 2.1000000000000005 26.250000000000004 113.85000000000001 16.950000000000003 3.5000000000000004 733.50000000000011 10.943541908376572 1.0477225575051665 0.77500000000000013 25.825000000000003 1.6055555555555558 47.332500000000003 192.50000000000003
decision_type=2 10 8 2 8 2 10 10 10 10 10 10 10 10 10 2 10 10 10 2 10 8 2 10 10 10 10 8 10 10
left_child=1 -1 -2 27 -5 6 7 19 9 13 11 -11 -13 14 15 16 -9 -12 -15 23 21 -21 26 -6 25 -25 -22 -4 -29 -30
right_child=2 -3 3 4 5 -7 -8 8 -10 10 17 12 -14 18 -16 -17 -18 -19 -20 20 22 -23 -24 24 -26 -27 -28 28 29 -31
leaf_value=-0.020990168194948731 -0.017864579066367261 -0.17927802413869956 -0.096098321374621778 0.0090736486247161678 -0.010952693400244778 -0.070189596391243919 -0.07118699309860399 -0.057163702833155798 -0.55373779991641647 0.17445034713900742 0.4675017476578554 0.96684488433599469 0.32660506216731544 0.19867104008793832 0.62842750251293189 0.047662483267523058 -0.74828448891639709 -0.0025507037492176355 -0.42920958474909859 -0.22681218245817769 0.39986043217922412 0.0097554958895066136 0.5384228378534317 -0.091792271202075948 0.20785518014582538 -0.36940580444936533 0.061312285853693117 0.0629872972794117 -0.16455870839517292 0.22587924618821811
leaf_weight=5149 10806 244 289 50904 15503 1848 1503 60 20 293 30 25 48 20 21 693 22 261 59 155 62 4156 38 447 59 131 1196 3133 246 68
leaf_count=5149 10806 244 289 50904 15503 1848 1503 60 20 293 30 25 48 20 21 693 22 261 59 155 62 4156 38 447 59 131 1196 3133 246 68
internal_value=1.29922e-11 -0.0281517 0.00164852 0.00424243 0.00258429 -0.00981101 -0.00531219 -0.00106266 0.0632936 0.0713489 0.158785 0.24853 0.545865 0.0056972 0.0330842 0.0169523 -0.242586 0.0459083 -0.270252 -0.00565552 0.0221097 0.00124982 0.0914976 -0.0153011 -0.12113 -0.154712 0.0779975 0.038663 0.0499616 -0.0800053
internal_weight=97489 5393 92096 81290 77554 26650 24802 23299 1552 1532 657 366 73 875 796 775 82 291 79 21747 5607 4311 1296 16140 637 578 1258 3736 3447 314
internal_count=97489 5393 92096 81290 77554 26650 24802 23299 1552 1532 657 366 73 875 796 775 82 291 79 21747 5607 4311 1296 16140 637 578 1258 3736 3447 314
is_linear=0
shrinkage=0.1


Tree=54
num_leaves=31
num_cat=0
split_feature=100 55 11 39 37 82 89 1 11 86 83 90 11 22 87 5 73 80 81 110 3 50 110 50 8 22 83 107 39 15
split_gain=433.045 917.96 706.455 894.899 854.968 774.99 856.223 677.129 632.718 862.804 828.37 609.089 769.27 648.616 801.046 648.361 693.91 658.492 730.472 1062.06 998.871 622.574 609.493 587.434 877.445 728.214 635.268 587.515 655.542 700.354
threshold=1.0000000180025095e-35 53.500000000000007 10.441566703220623 1.3551045413165992 2.2912618684212727 599.50000000000011 20.500000000000004 14.14987632295948 11.704137811178059 49.500000000000007 395.50000000000006 4.5000000000000009 7.3838372479734415 10.825000000000001 113.50000000000001 14.534779975870071 9.5000000000000018 2158.6500000000005 1125.5000000000002 76.500000000000014 11.69013116294108 -1.3999999999999997 82.500000000000014 -1.0000000180025095e-35 22.850000000000005 6.9750000000000005 227.50000000000003 2015.5000000000002 2.2620046769720759 2.0013879257199876
decision_type=2 10 10 10 10 10 10 10 10 8 10 10 8 10 8 8 8 8 10 2 10 8 2 10 10 10 10 2 10 10
left_child=1 -1 5 7 8 23 -7 -4 9 -5 -10 12 -2 15 -15 17 -17 18 -13 20 -20 -14 -21 24 -3 -26 -27 -25 -29 -30
right_child=11 2 3 4 -6 6 -8 -9 10 -11 -12 13 21 14 -16 16 -18 -19 19 22 -22 -23 -24 27 25 26 -28 28 29 -31
leaf_value=-0.010471433871407343 0.0045828921196699769 0.64398615017314176 -0.15585965691951284 0.37660463745846895 -0.33135059500796604 0.89856571597712387 0.18292445427760848 -0.73066180963069205 0.12403028505689957 -0.21692493412839739 0.81249760443514052 0.018744363767024159 -0.16857140661147291 -0.096126617465773209 -0.76688440073104136 0.070002413020469251 0.34948664152880715 -0.032606852846425789 0.54990023612245043 0.0078071424471480508 -0.22909985542297365 -0.029608079598491707 0.38422100207582122 0.11595870544558498 0.070909926779618673 0.11179920822381972 0.89929069819904517 -0.018280538962148332 0.58115918259410293 0.089135506343019699
leaf_weight=45194 19703 34 57 33 62 21 82 32 85 95 22 19908 346 117 21 950 98 2512 93 308 20 4726 50 615 369 20 21 1667 34 194
leaf_count=45194 19703 34 57 33 62 21 82 32 85 95 22 19908 346 117 21 950 98 2512 93 308 20 4726 50 615 369 20 21 1667 34 194
internal_value=3.82467e-11 -0.00667954 0.0430942 -0.0843816 -0.00103074 0.0591903 0.328832 -0.36253 0.0861175 -0.0639056 0.265584 0.00665014 -0.00435749 0.0179769 -0.198198 0.0192231 0.0961374 0.0157017 0.0216565 0.144744 0.412024 -0.0390878 0.0603789 0.0497884 0.155816 0.115334 0.515149 0.0310329 0.00347126 0.162507
internal_weight=97489 48637 3443 386 297 3057 103 89 235 128 107 48852 24775 24077 138 23939 1048 22891 20379 471 113 5072 358 2954 444 410 41 2510 1895 228
internal_count=97489 48637 3443 386 297 3057 103 89 235 128 107 48852 24775 24077 138 23939 1048 22891 20379 471 113 5072 358 2954 444 410 41 2510 1895 228
is_linear=0
shrinkage=0.1


Tree=55
num_leaves=31
num_cat=0
split_feature=106 43 82 6 0 80 109 103 96 47 103 13 3 48 13 15 32 5 104 16 57 42 55 69 86 14 17 83 90 13
split_gain=415.546 599.005 510.106 559.133 586.94 535.07 456.222 507.431 504.592 465.574 1235.85 802.188 600.218 756.566 528.081 522.851 469.781 648.609 632.861 532.927 541.411 485.592 572.843 511.62 576.402 616.917 526.928 488.414 558.147 533.363
threshold=46.500000000000007 1.5543320308680684 184.50000000000003 23.100000000000005 32.045000000000009 858.00000000000011 29.414099931553732 0.17700000000000002 217.50000000000003 2.024512172868798 0.72700000000000009 1.9364486375644641 9.7342237035683095 33.95000000000001 2.8106375667499899 2.79934085834934 1.0000000180025095e-35 10.654746903434976 110.85000000000001 6.052777777777778 7.5000000000000009 1.9000000000000001 37.500000000000007 1.0000000180025095e-35 90.500000000000014 12.450000000000001 3.4623919273577952 618.50000000000011 9.5000000000000018 5.1088065352103387
decision_type=2 10 8 10 10 10 2 2 2 10 2 10 10 8 10 10 10 10 2 10 8 10 10 8 10 10 10 10 10 10
left_child=1 -1 3 4 5 -3 -2 8 -8 16 11 15 14 -14 -13 -11 17 19 -19 20 -9 22 -18 -24 25 26 -25 28 -23 -30
right_child=6 2 -4 -5 -6 -7 7 9 -10 10 -12 12 13 -15 -16 -17 21 18 -20 -21 -22 27 23 24 -26 -27 -28 -29 29 -31
leaf_value=-0.0096036309092335324 0.0056956754803017574 -0.071523342703130682 -0.32812884876127302 0.44572331465425946 -0.3514455828608738 0.2734037632439682 0.50324356274472348 0.022531495023545602 0.055767531409150077 -0.061749530917565743 -0.55562948905862874 0.56988912147159387 0.055258768249660639 0.50176583212302173 0.081121568155608004 0.43045503263888157 -0.0418715569750241 -0.65211317495908594 -0.021584572065144015 -0.30534045791625974 0.28082423715637284 -0.063994519865435237 -0.2276718171529992 0.052508556283045106 -0.039145808279698283 0.29622039746853618 -0.068615582837365671 -0.53464766247641471 0.082566149701122887 -0.43430136818261378
leaf_weight=11750 71482 1043 79 21 72 47 36 139 84 350 32 60 323 43 35 23 3296 20 78 25 195 3581 86 2412 1215 93 422 21 405 21
leaf_count=11750 71482 1043 79 21 72 47 36 139 84 350 32 60 323 43 35 23 3296 20 78 25 195 3581 86 2412 1215 93 422 21 405 21
internal_value=4.37844e-11 -0.0166352 -0.0821038 -0.0656744 -0.0749165 -0.0566503 0.00256233 -0.0146734 0.19001 -0.0165811 0.0542322 0.0776322 0.165851 0.107717 0.389817 -0.0313991 -0.0216877 0.0777532 -0.150264 0.139997 0.173331 -0.0256216 -0.0106203 0.0137421 0.0187545 0.042789 0.0344724 -0.0536428 -0.0511219 0.0570868
internal_weight=97489 13012 1262 1183 1162 1090 84477 12995 120 12875 866 834 461 366 95 373 12009 457 98 359 334 11552 7524 4228 4142 2927 2834 4028 4007 426
internal_count=97489 13012 1262 1183 1162 1090 84477 12995 120 12875 866 834 461 366 95 373 12009 457 98 359 334 11552 7524 4228 4142 2927 2834 4028 4007 426
is_linear=0
shrinkage=0.1


Tree=56
num_leaves=31
num_cat=0
split_feature=102 47 97 39 3 89 3 38 87 94 17 2 88 48 57 19 15 25 105 19 82 55 14 41 19 88 87 13 23 23
split_gain=401.336 622.969 465.57 562.46 596.765 487.622 482.003 645.635 440.718 427.764 644.303 1341.11 572.239 636.765 677.576 661.368 657.068 540.92 517.195 448.933 528.665 437.496 436.887 446.76 433.442 426.171 627.78 679.856 1147.94 619.377
threshold=4.5000000000000009 0.98925866802005491 11.500000000000002 1.9726272192421495 14.05580149102118 9.5000000000000018 12.587438623498967 1.8944444444444446 203.50000000000003 3.5000000000000004 4.3828313341701408 59.00500000000001 21.850000000000005 16.850000000000005 9.5000000000000018 1.3227406337702023 2.6624934691584596 2.3057869817013859 0.55000000000000016 2.6645164420321699 128.50000000000003 42.500000000000007 3.4142857142857146 1.605185168213499 3.278710395895112 46.850000000000001 161.50000000000003 1.6070659959698212 2.8076493160534111 2.9549243906141336
decision_type=10 10 2 10 10 10 10 10 10 10 10 10 10 10 10 8 8 10 10 10 10 10 10 10 10 10 10 10 10 10
left_child=9 2 -2 4 6 -6 -4 -8 -3 -1 12 -12 13 16 15 -15 18 25 -11 20 -19 -18 -17 -24 -20 -14 -27 28 -28 -29
right_child=1 8 3 -5 5 -7 7 -9 -10 10 11 -13 17 14 -16 22 21 19 24 -21 -22 -23 23 -25 -26 26 27 29 -30 -31
leaf_value=-0.00089683519318737291 -0.009388498867728981 -0.053471573943742967 0.10416804191662368 -0.28171666157551306 0.068642189651727678 0.59394304364226591 0.15156780676916243 -0.56769302470179706 0.34473579100200108 0.032886851370282702 -0.054361020048715215 -0.77036714958293107 -0.0011609882531730745 0.015720221506697791 0.055849822039933918 0.18914422392845154 -0.016488324479152792 0.83563990182243286 0.20513332119617061 -0.020555139428529986 0.21097587056103206 -0.34050964596681299 1.0823073083704169 0.4930801182985306 -0.16121367835572789 0.030022733808759063 0.92118631040056553 -0.011261961473675487 -0.0066914776961008718 0.36356954771738792
leaf_weight=78371 2669 3767 469 39 30 43 24 26 28 556 398 28 6867 28 94 20 316 20 418 39 42 48 22 31 35 2805 30 137 24 65
leaf_count=78371 2669 3767 469 39 30 43 24 26 28 556 398 28 6867 28 94 20 316 20 418 39 42 48 22 31 35 2805 30 137 24 65
internal_value=-4.81619e-11 -0.0229018 0.00887466 0.0861241 0.110357 0.378066 0.0727022 -0.222448 -0.0505335 0.00179756 0.0193608 -0.101422 0.0237976 0.0799762 0.249073 0.428904 0.0559604 0.0150142 0.0975107 0.245269 0.41248 -0.0592164 0.587385 0.737665 0.176828 0.0126718 0.043704 0.19361 0.508796 0.109352
internal_weight=97489 7095 3300 631 592 73 519 50 3795 90394 12023 426 11597 1568 195 101 1373 10029 1009 101 62 364 73 53 453 9928 3061 256 54 202
internal_count=97489 7095 3300 631 592 73 519 50 3795 90394 12023 426 11597 1568 195 101 1373 10029 1009 101 62 364 73 53 453 9928 3061 256 54 202
is_linear=0
shrinkage=0.1


Tree=57
num_leaves=31
num_cat=0
split_feature=104 107 91 13 84 29 7 13 8 17 4 42 82 47 103 11 7 94 39 0 87 26 28 109 92 16 13 17 14 87
split_gain=367.557 640.585 567.785 565.081 623.625 663.273 562.226 560.809 542.826 538.23 731.47 600.025 575.865 639.192 571.46 650.135 629.42 508.629 617.276 572.8 546.982 727.085 1240.56 582.169 577.059 532.97 568.757 513.903 568.179 493.408
threshold=114.25000000000001 2021.5000000000002 14.500000000000002 4.3301231699118476 55.500000000000007 1.3963788459301327 14.812156784387836 1.8818990709935315 29.450000000000003 3.4989346474555778 55.215000000000011 2.4500000000000006 557.50000000000011 1.9814457952024034 0.43500000000000005 6.2507893804105628 8.2310382561926261 5.5000000000000009 1.7779506939675584 37.310000000000009 111.50000000000001 1.1833333333333336 1.6306818181818186 30.229979466119101 2.5000000000000004 5.8090909090909095 2.3978930965105625 1.7436182593739018 3.4142857142857146 106.50000000000001
decision_type=2 2 10 10 10 10 10 10 10 8 10 8 10 10 2 10 10 10 10 10 10 10 10 2 10 10 10 10 10 8
left_child=1 2 -1 6 5 -5 -2 -8 -4 10 11 -3 13 14 15 -13 -17 20 -19 -20 -16 25 23 24 -23 27 -27 28 -22 -15
right_child=3 9 8 4 -6 -7 7 -9 -10 -11 -12 12 -14 29 17 16 -18 18 19 -21 21 22 -24 -25 -26 26 -28 -29 -30 -31
leaf_value=0.0031712155970190165 0.0065208057614168568 -0.0051459757021046389 -0.088405637359246614 0.090755961183458578 -0.1262865403226314 0.5464509277632742 0.59668731745332482 0.053940945316819436 -0.51818665332264369 -0.061708932490357631 0.22513704873448193 0.060446421285583224 -0.58520045489072803 0.089902322946883731 -0.096026508473021729 -0.5809237543771516 -0.067059141075288931 0.59563672256469724 0.38943622875213624 -0.21787539924063337 0.087491768764124983 -0.24657416011942851 0.45282723422973387 0.05661933911120836 -0.80230473970825023 0.7733129434287549 0.16563923143740023 -0.037402141939196054 0.66819970202834711 -0.062700535234032725
leaf_weight=52991 21320 15456 160 995 131 33 32 47 36 2477 129 44 20 517 1870 67 37 25 25 41 63 124 31 53 22 20 67 274 23 359
leaf_count=52991 21320 15456 160 995 131 33 32 47 36 2477 129 44 20 517 1870 67 37 25 25 41 63 124 31 53 22 20 67 274 23 359
internal_value=8.33109e-11 -0.00336902 0.00254284 0.0111909 0.0791989 0.105384 0.00750749 0.273788 -0.167345 -0.0178298 -0.0121886 -0.0137883 -0.0500663 -0.0471436 -0.0705707 -0.26178 -0.398107 -0.0598433 0.172461 0.0121669 -0.0681431 0.00887599 -0.135598 -0.227262 -0.330314 0.0832136 0.305334 0.0295344 0.242797 0.027363
internal_weight=97489 74931 53187 22558 1159 1028 21399 79 196 21744 19267 19138 3682 3662 2786 148 104 2638 91 66 2547 677 230 199 146 447 87 360 86 876
internal_count=97489 74931 53187 22558 1159 1028 21399 79 196 21744 19267 19138 3682 3662 2786 148 104 2638 91 66 2547 677 230 199 146 447 87 360 86 876
is_linear=0
shrinkage=0.1


Tree=58
num_leaves=31
num_cat=0
split_feature=111 5 104 87 46 10 81 84 18 11 88 81 47 10 22 95 42 104 38 46 109 37 16 84 41 55 52 53 104 46
split_gain=363.601 502.897 781.674 645.586 1370.28 546.976 662.986 542.443 524.174 558.504 488.42 483.296 613.868 525.09 577.232 546.316 467.275 605.731 543.345 554.159 776.621 815.691 585.568 598.047 537.491 515.44 505.464 484.958 484.065 480.048
threshold=15.500000000000002 11.750408167570631 114.65000000000002 139.50000000000003 2.8535714285714291 20.525000000000002 1593.5000000000002 85.500000000000014 9.5000000000000018 6.4345509472106155 14.250000000000002 1190.5000000000002 1.356536515387968 20.025000000000002 5.2583333333333337 1.5000000000000002 2.7750000000000004 115.45000000000002 2.683333333333334 1.9750000000000003 24.765229295003426 1.297417464888168 3.2565789473684217 38.500000000000007 1.4475099487935303 31.500000000000004 10.500000000000002 22.500000000000004 104.75000000000001 2.6125000000000003
decision_type=2 8 2 10 10 8 10 10 10 8 10 8 10 10 10 10 10 2 10 10 2 10 10 10 10 10 8 10 2 10
left_child=-1 16 5 10 -5 8 7 -7 11 -10 -4 13 -13 -3 15 -15 25 18 19 -18 21 26 23 -23 -20 29 27 -21 -27 -2
right_child=1 2 3 4 -6 6 -8 -9 9 -11 -12 12 -14 14 -16 -17 17 -19 24 20 -22 22 -24 -25 -26 28 -28 -29 -30 -31
leaf_value=0.005899938689153071 -0.0054393132116849485 -0.036814930481152579 -0.086356373759985214 0.80372431520372634 -0.1291400632092489 -0.11766107303215434 0.28073085981886836 -0.47374009754922658 -0.038989487154917291 0.6819954738730476 0.048939753747201727 -0.069912527516788378 -0.50050890874862675 0.14427923493479428 -0.14277386493049563 0.75370431368549662 -0.16149157122045488 0.056901545768293239 0.13166128822735376 0.30570476089205062 -0.074131795899059091 0.27136739245000879 0.099842931074437813 0.90194126254036322 -0.30170233913098171 -0.082642439613537344 0.26923780574330264 -0.083124906797699322 0.02387651561123871 -0.18082445407298153
leaf_weight=50426 26139 4211 346 32 31 868 40 45 22 21 1166 98 50 38 32 24 358 528 35 35 1203 53 134 21 157 445 56 384 10334 157
leaf_count=50426 26139 4211 346 32 31 868 40 45 22 21 1166 98 50 38 32 24 358 528 35 35 1203 53 134 21 157 445 56 384 10334 157
internal_value=3.36723e-11 -0.00632153 -0.0310017 0.0310478 0.344696 -0.0489368 -0.117753 -0.135212 -0.03435 0.313119 0.0179791 -0.0377053 -0.215384 -0.031597 0.202157 0.380186 -0.00199191 -0.0401992 -0.0612457 -0.0474311 -0.0257801 0.0593839 0.22453 0.450314 -0.222704 0.00106261 -0.0129326 -0.0506451 0.019479 -0.00648645
internal_weight=97489 47063 7024 1575 63 5449 953 913 4496 43 1512 4453 148 4305 94 62 40039 2964 2436 2244 1886 683 208 74 192 37075 475 419 10779 26296
internal_count=97489 47063 7024 1575 63 5449 953 913 4496 43 1512 4453 148 4305 94 62 40039 2964 2436 2244 1886 683 208 74 192 37075 475 419 10779 26296
is_linear=0
shrinkage=0.1


Tree=59
num_leaves=31
num_cat=0
split_feature=107 28 82 91 83 104 90 83 50 83 89 45 6 103 106 6 40 5 35 48 92 61 11 61 41 32 36 21 27 96
split_gain=356.055 628.028 600.98 652.047 538.812 506.551 632.851 613.603 832.88 795.927 788.659 696.207 938.528 597.258 628.179 741.273 667.35 594.716 741.685 695.312 723.483 653.921 685.175 588.295 627.344 802.227 587.396 540.955 554.104 796.099
threshold=2022.5000000000002 1.7573529411764708 246.50000000000003 8.5000000000000018 362.50000000000006 108.95000000000002 1.5000000000000002 156.50000000000003 6.4500000000000011 113.50000000000001 20.500000000000004 2.027927637145325 27.900000000000002 0.57100000000000006 142.50000000000003 30.900000000000002 3.1055555555555561 14.723221901357627 1.7301502106177848 34.45000000000001 1.5000000000000002 15.500000000000002 9.6512202662115332 13.500000000000002 1.5661344103611374 1.6833333333333336 6.3000000000000016 2.1845412803045217 0.80265360933717089 220.50000000000003
decision_type=2 10 10 10 10 2 8 10 10 8 10 10 10 2 2 10 10 10 10 10 10 10 10 10 10 10 10 10 10 2
left_child=5 -2 3 -3 -4 7 -7 9 17 -1 11 12 -10 -12 16 -16 -15 18 19 26 -21 -19 -23 24 -11 27 -9 28 -26 -30
right_child=1 2 4 -5 -6 6 -8 8 10 23 13 -13 -14 14 15 -17 -18 21 -20 20 -22 22 -24 -25 25 -27 -28 -29 29 -31
leaf_value=-0.0071523728724837716 -0.011787479519966466 0.1068300996635911 -0.30881106769045197 0.5212655001098202 0.22244674029643649 -0.018821093946924841 0.015225205093878725 -0.054614845925314119 0.1761138444140026 0.03026390861136094 -0.083714977856766945 -0.37519164487719536 0.84662352722624079 0.1326583512309121 0.056590002860128878 0.39695072801307196 -0.42507680720753138 0.0052199103234505115 -0.59186707763717727 -0.017964736904416766 -0.70906844933827717 0.84770767007555292 0.14232290230691433 -0.17406544944173413 -0.061587941566748287 0.51578957750820198 0.4313745398521423 0.013427435813937336 0.44441419112826552 0.1120193550623087
leaf_weight=16704 26857 395 60 42 28 6383 37740 4786 226 2153 449 20 23 41 250 86 45 176 26 28 33 21 40 114 70 52 25 320 124 172
leaf_count=16704 26857 395 60 42 28 6383 37740 4786 226 2153 449 20 23 41 250 86 45 176 26 28 33 21 40 114 70 52 25 320 124 172
internal_value=1.28394e-11 -0.00967006 0.0986493 0.146661 -0.139774 0.00377688 0.0102999 -0.00729983 -0.0345341 0.00137109 0.0427877 0.192454 0.238048 -0.00343539 0.0819806 0.143706 -0.15918 -0.0517 -0.059186 -0.0563433 -0.391841 0.10301 0.38516 0.0487508 0.057537 0.137102 -0.0520894 0.108397 0.19143 0.251266
internal_weight=97489 27382 525 437 88 70107 44123 25984 6275 19709 1140 269 249 871 422 336 86 5135 4898 4872 61 237 61 3005 2891 738 4811 686 366 296
internal_count=97489 27382 525 437 88 70107 44123 25984 6275 19709 1140 269 249 871 422 336 86 5135 4898 4872 61 237 61 3005 2891 738 4811 686 366 296
is_linear=0
shrinkage=0.1


Tree=60
num_leaves=31
num_cat=0
split_feature=100 55 7 27 22 27 0 103 92 82 22 20 29 21 15 5 22 90 11 22 8 11 50 102 0 35 7 106 95 85
split_gain=354.283 678.647 653.078 866.436 674.916 764.45 667.334 646.63 686.204 967.26 683.645 992.928 1014.18 717.497 756.135 681.979 878.614 654.814 780.219 844.614 635.759 805.296 649.896 741.528 892.699 753.241 705.048 593.223 791.085 592.494
threshold=1.0000000180025095e-35 53.500000000000007 13.549907246303988 1.4239885991903292 6.6583333333333341 0.97386269437804185 50.770000000000017 0.72100000000000009 1.5000000000000002 588.50000000000011 6.0704545454545462 9.5500000000000025 0.83365907064964151 1.2708567691023445 4.9643166130823442 10.70771979260874 10.375000000000002 13.500000000000002 9.0489167711696972 4.8090909090909095 29.650000000000002 7.0553264680135257 1.0000000180025095e-35 3.5000000000000004 47.710000000000015 1.5786383406945077 7.2330260153880284 662.50000000000011 2.5000000000000004 49.500000000000007
decision_type=2 8 10 10 10 10 10 2 8 10 8 10 8 10 10 10 10 10 10 10 10 10 10 10 10 10 10 2 10 10
left_child=1 -1 7 4 6 -6 -4 8 9 17 13 12 -12 -10 -15 -13 -17 20 19 -19 22 -22 23 24 -3 -26 27 28 -24 -14
right_child=-2 2 3 -5 5 -7 -8 -9 10 -11 11 15 29 14 -16 16 -18 18 -20 -21 21 -23 26 -25 25 -27 -28 -29 -30 -31
leaf_value=-0.0093687884397680461 0.0060150554755611591 0.25440408132510423 -0.031798927778644223 -0.63371219608572227 -0.18539215064048767 0.5633380394180616 -0.63704912485899756 -0.16503349878958296 0.26641974473048163 0.42456824160573714 0.68546406310051688 -0.42775510148175305 0.052852348079046256 -0.18738996701512756 0.40411293043390573 -0.30648850525418919 0.2517444342311661 0.35223738639741331 -0.56920824014779292 -0.32812216033538188 0.61205934762954717 0.15413884242413611 0.31175799771611179 -0.17719432288600553 -0.22845307480739918 0.46127979695796972 -0.089097989767052355 -0.012014624567483459 -0.049349565345507405 0.4379425371455592
leaf_weight=45062 48852 405 56 31 25 30 27 140 46 83 29 62 564 358 23 54 59 37 33 36 45 262 182 62 76 20 394 302 91 43
leaf_count=45062 48852 405 56 31 25 30 27 140 46 83 29 62 564 358 23 54 59 37 33 36 45 262 182 62 76 20 394 302 91 43
internal_value=-4.01369e-11 -0.00604165 0.0358962 -0.155981 -0.0486647 0.223006 -0.228688 0.0454168 0.054438 0.0902513 -0.00422881 0.0496923 0.107734 -0.106641 -0.151682 -0.161247 -0.0150217 0.0759848 -0.165693 0.0167176 0.0899151 0.221261 0.0635946 0.149042 0.189415 -0.0847587 0.0139485 0.0845578 0.191389 0.0801322
internal_weight=97489 48637 3575 169 138 55 83 3406 3266 2028 1238 811 636 427 381 175 113 1945 106 73 1839 307 1532 563 501 96 969 575 273 607
internal_count=97489 48637 3575 169 138 55 83 3406 3266 2028 1238 811 636 427 381 175 113 1945 106 73 1839 307 1532 563 501 96 969 575 273 607
is_linear=0
shrinkage=0.1


Tree=61
num_leaves=31
num_cat=0
split_feature=54 65 44 73 53 3 2 8 4 110 11 81 83 83 34 94 45 45 18 27 18 20 11 21 8 18 46 84 4 18
split_gain=349.36 502.695 369.876 570.127 497.093 489.571 456.641 410.909 371.306 330.36 448.243 446.014 434.464 539.329 427.651 725.789 583.187 653.51 602.246 539.26 533.562 529.823 743.69 546.717 840.811 861.81 495.687 797.877 719.104 791.818
threshold=7.5000000000000009 3.5000000000000004 1.4722222222222225 4.5000000000000009 20.500000000000004 8.475284327982612 23.895000000000007 14.725000000000001 20.927500000000009 73.500000000000014 8.0376580269230384 400.50000000000006 462.50000000000006 347.50000000000006 0.23303167420814483 3.5000000000000004 2.4048559206625697 2.3345207769198186 1.1000000000000003 1.6346924281699649 5.6750000000000007 9.9500000000000011 7.7421437217799243 3.3631979121742339 25.750000000000004 8.4500000000000011 3.7750000000000004 27.500000000000004 47.332500000000003 7.9000000000000012
decision_type=10 10 10 10 10 8 10 10 10 2 10 8 8 10 8 10 10 10 10 10 10 10 10 10 10 10 10 10 10 10
left_child=9 2 3 7 6 -5 -4 8 -2 10 12 -12 13 -1 15 21 17 18 -17 -20 -21 23 -23 26 -25 -26 28 -28 29 -11
right_child=1 -3 4 5 -6 -7 -8 -9 -10 14 11 -13 -14 -15 -16 16 -18 -19 19 20 -22 22 -24 24 25 -27 27 -29 -30 -31
leaf_value=-0.021169463006173506 -0.18977607909370872 -0.35811285620225441 -0.20995919778943062 0.65683491744778377 -0.26480489583793754 0.10009822206837792 0.3895348140486965 -0.31325974631674436 0.25244310406404874 0.0063242813420427814 -0.048142561895285277 -0.32541978802139826 -0.18924684590966134 0.11148546233591511 -0.0018758753120409961 0.46669369146036799 -0.13523601836059243 0.54832699139912922 0.058463882169666609 0.69934858588071969 0.13477789019333555 0.79676188141107562 0.081105420000429418 -0.052598055572995288 -0.83551107247670497 -0.0002529495617463475 0.35306161565176392 0.010951876745733259 -0.42140528720158799 0.21484162306979948
leaf_weight=4672 34 60 24 22 121 56 27 49 43 17759 149 95 143 328 70944 39 128 30 1753 26 47 20 53 302 30 21 109 182 39 184
leaf_count=4672 34 60 24 22 121 56 27 49 43 17759 149 95 143 328 70944 39 128 30 1753 26 47 20 53 302 30 21 109 182 39 184
internal_value=-1.61113e-11 -0.0893141 -0.0464207 0.044651 -0.154436 0.257127 0.10742 -0.0868814 0.0571775 0.000401234 -0.0236657 -0.156099 -0.0173826 -0.0124673 0.00181559 0.0144537 0.0713522 0.0853064 0.0778584 0.0695536 0.335858 0.00829801 0.277176 0.00724421 -0.116021 -0.491581 0.00962545 0.139096 0.00753025 0.00846256
internal_weight=97489 436 376 204 172 78 51 126 77 97053 5387 244 5143 5000 91666 20722 2023 1895 1865 1826 73 18699 73 18626 353 51 18273 291 17982 17943
internal_count=97489 436 376 204 172 78 51 126 77 97053 5387 244 5143 5000 91666 20722 2023 1895 1865 1826 73 18699 73 18626 353 51 18273 291 17982 17943
is_linear=0
shrinkage=0.1


Tree=62
num_leaves=31
num_cat=0
split_feature=102 54 80 81 12 0 57 19 39 40 103 15 85 87 22 19 104 33 103 31 10 24 36 9 13 21 42 6 38 8
split_gain=309.126 344.452 314.53 787.746 681.268 664.897 615.356 557.33 1269.69 629.893 775.862 735.754 723.974 701.8 698.118 733.88 643.004 654.412 878.967 795.543 667.109 704.123 654.159 651.373 612.534 565.309 664.873 553.131 661.981 541.278
threshold=222.50000000000003 1.5000000000000002 2158.6500000000005 1125.5000000000002 4.1000000000000005 57.620000000000005 10.500000000000002 3.2951866393154163 1.2671032908556688 3.6583333333333337 0.31750000000000006 3.9812052972241747 23.500000000000004 130.50000000000003 7.1250000000000009 1.1897227048854206 114.25000000000001 0.83996703462282185 0.44500000000000006 0.97871355387816916 30.325000000000006 1.1000000000000003 5.5000000000000009 10.095378296869619 1.1178102700547357 2.5591028001083811 3.1000000000000005 24.900000000000002 3.3666666666666671 30.550000000000004
decision_type=10 10 10 10 10 10 10 10 10 10 2 10 10 10 10 10 2 10 2 10 10 10 10 10 10 10 10 10 10 10
left_child=2 -2 3 -1 6 -6 27 9 -9 14 12 16 -11 -13 -4 -16 17 20 19 -19 22 -22 23 -12 -17 -20 -27 28 -5 -26
right_child=1 -3 7 4 5 -7 -8 8 -10 10 11 13 -14 -15 15 24 -18 18 25 -21 21 -23 -24 -25 29 26 -28 -29 -30 -31
leaf_value=0.00042011393412026579 -0.18799893921241165 0.21965651263793312 -0.03199805855422206 0.058461458565343544 0.1220444403219892 -0.40965469870716337 -0.16723366856000366 0.32947262968975222 0.0026552465890651066 -0.52372834855733919 -0.036601575985967888 0.18867439586255286 0.015784104218927481 0.86996248563130707 -0.6377714663743973 0.37235916983336215 -0.3448579753056551 1.0607347681408836 -0.052360055714354418 0.21793794774760805 -0.71747594968132355 -0.073684648435849417 0.47633679653917044 0.39138957850816775 -0.11025046698930788 0.097826787473803217 0.75214919174710915 -0.16592337544642244 0.53827046425111835 -0.43836374245584014
leaf_weight=88650 152 24 4334 397 1174 24 188 139 821 43 268 54 59 21 29 24 39 21 91 24 23 65 35 41 492 44 24 102 31 56
leaf_count=88650 152 24 4334 397 1174 24 188 139 821 43 268 54 59 21 29 24 39 21 91 24 23 65 35 41 492 44 24 102 31 56
internal_value=-1.18411e-11 -0.13241 0.000239476 0.00179121 0.0652296 0.111393 -0.0117946 -0.0205897 0.0499757 -0.0322958 0.047106 0.0822979 -0.211657 0.379435 -0.046004 -0.147006 0.0492826 0.0734516 0.221064 0.611243 0.00374558 -0.241948 0.0665975 0.0201869 -0.122124 0.110636 0.328764 0.0433423 0.093214 -0.14378
internal_weight=97489 176 97313 90566 1916 1198 718 6747 960 5787 852 750 102 75 4935 601 675 636 204 45 432 88 344 309 572 159 68 530 428 548
internal_count=97489 176 97313 90566 1916 1198 718 6747 960 5787 852 750 102 75 4935 601 675 636 204 45 432 88 344 309 572 159 68 530 428 548
is_linear=0
shrinkage=0.1


Tree=63
num_leaves=31
num_cat=0
split_feature=91 21 4 107 5 23 40 87 45 9 96 49 82 108 103 38 84 86 80 41 46 8 83 31 19 19 45 55 18 8
split_gain=305.917 664.095 623.23 616.227 575.044 565.324 678.032 548.931 537.725 656.765 580.094 500.208 627.852 528.82 600.893 497.565 470.651 468.665 585.614 686.946 511.438 577.834 467.326 533.493 638.021 648.24 587.882 585.405 588.42 681.827
threshold=4.5000000000000009 1.4414292762296912 28.447500000000005 2021.5000000000002 13.774440001940858 3.1653964562812003 4.3750000000000009 128.50000000000003 1.4925730515485933 8.1120622840470098 188.00000000000003 48.650000000000013 9.5000000000000018 14.500000000000002 0.44500000000000006 4.6333333333333337 79.500000000000014 3.5000000000000004 177.54999999999998 2.1868539568580014 2.4522727272727276 25.550000000000004 156.50000000000003 0.86554360876699588 3.2951866393154163 2.4697348311904634 2.450623241287142 55.500000000000007 7.6333333333333337 21.450000000000003
decision_type=10 10 10 2 10 10 10 10 10 10 2 8 8 2 2 10 8 8 8 10 10 10 10 10 10 10 10 10 10 10
left_child=5 3 7 4 -2 6 -1 16 -7 10 -10 13 -13 -4 -15 -8 -3 -14 19 20 21 -19 23 24 25 27 -26 28 -20 -30
right_child=1 2 11 -5 -6 8 15 -9 9 -11 -12 12 17 14 -16 -17 -18 18 22 -21 -22 -23 -24 -25 26 -27 -28 -29 29 -31
leaf_value=-0.0024352230958135206 0.015297516605839369 0.044896680930802936 -0.030070687173191064 -0.15013685803686527 -0.39450434197982154 -0.027540280269687807 0.046517523186547421 0.22111061136665364 -0.71950247844060267 -0.045172468612397182 -0.23335976631691061 0.32558152803352902 0.39770514429096254 -0.56437366988509896 -0.082152499646356666 0.58364330885164883 -0.094764397113710486 -0.056894231629708129 0.032337164559879443 -0.58731690923372903 0.14166591072531595 -0.45676946003063057 -0.0023625483382320261 0.075651755319905922 0.13465920220125596 -0.068561731138374923 -0.37160130565365157 -0.091956735851187743 0.5368547242207854 0.080108009344273867
leaf_weight=71986 701 4824 1867 482 36 773 35 169 30 179 135 63 31 40 73 34 254 124 1717 30 73 51 9690 1980 518 1075 24 353 51 91
leaf_count=71986 701 4824 1867 482 36 773 35 169 30 179 135 63 31 40 73 34 254 124 1717 30 73 51 9690 1980 518 1075 24 353 51 91
internal_value=8.11042e-11 0.0097172 0.0135136 -0.0622187 -0.00471994 -0.00322928 -0.0021349 0.0438115 -0.0738256 -0.177833 -0.321749 0.00460807 0.0105206 -0.0427849 -0.25285 0.311188 0.0379109 0.00926499 0.00850175 -0.135353 -0.0806795 -0.173429 0.011082 0.0335089 0.0117166 -0.00485922 0.112242 0.0260993 0.0485166 0.244151
internal_weight=97489 24317 23098 1219 737 73172 72055 5247 1117 344 165 17851 15871 1980 113 69 5078 15808 15777 278 248 175 15499 5809 3829 3287 542 2212 1859 142
internal_count=97489 24317 23098 1219 737 73172 72055 5247 1117 344 165 17851 15871 1980 113 69 5078 15808 15777 278 248 175 15499 5809 3829 3287 542 2212 1859 142
is_linear=0
shrinkage=0.1


Tree=64
num_leaves=31
num_cat=0
split_feature=106 43 103 82 6 8 109 88 19 34 85 104 81 83 33 39 44 103 79 8 47 106 108 29 48 45 5 37 35 94
split_gain=299.992 473.6 438.221 414.196 478.614 515.531 405.701 582.77 476.13 632.034 565.996 479.28 422.43 442.509 395.517 471.701 392.562 708.019 584.305 1171.02 605.432 578.331 576.679 591.885 564.799 559.048 725.813 543.152 542.864 535.042
threshold=46.500000000000007 1.5543320308680684 0.67600000000000016 180.50000000000003 23.100000000000005 19.414285714285715 20.297056810403834 60.550000000000004 1.760452594784355 0.14642857142857144 4.5000000000000009 105.75000000000001 1173.5000000000002 225.50000000000003 0.52229772310074785 1.9450787371846461 1.788888888888889 0.82300000000000006 5.5000000000000009 33.95000000000001 2.2230843128164879 791.50000000000011 13.500000000000002 1.5200405647689308 45.050000000000004 1.0865149352258221 12.402554384601951 1.5543320308680684 1.0992465288770605 1.0000000180025095e-35
decision_type=2 10 2 10 10 10 2 10 10 10 10 2 8 10 10 10 10 2 8 10 10 2 2 10 10 10 10 10 10 10
left_child=1 2 -1 4 5 -3 7 8 12 10 -10 14 13 -2 -11 -16 18 21 19 -8 24 28 23 -23 -20 26 -24 -27 -18 -30
right_child=6 3 -4 -5 -6 -7 16 -9 9 11 -12 -13 -14 -15 15 -17 17 -19 20 -21 -22 22 25 -25 -26 27 -28 -29 29 -31
leaf_value=-0.014663905999938207 0.012903432082676228 -0.055135406692832303 0.04711000004783273 -0.29255783669650554 0.42759022891521453 -0.48212427990189916 -0.0010993218462781978 -0.30950245122576869 0.024119540919428289 -0.32701970051974061 0.63870228930961259 0.15380066249750632 0.2962553838888804 -0.4063030390785291 -0.061556897402168756 0.47944408323615789 0.00068762231279743393 -0.21445951458292478 0.022221253223043715 -0.68576057827472692 -0.30243406377989673 -0.11920386808076894 0.066934451319604779 -0.57623554001251864 -0.24570602684317133 -0.088535894441798102 0.70158883780241021 0.030052270812018833 0.081394439108125438 -0.088403020339204608
leaf_weight=10460 799 1133 1290 80 20 29 33334 43 23 40 43 391 51 26 83 20 26056 165 19379 25 58 511 182 30 79 1084 20 600 219 1216
leaf_count=10460 799 1133 1290 80 20 29 33334 43 23 40 43 391 51 26 83 20 26056 165 19379 25 58 511 182 30 79 1084 20 600 219 1216
internal_value=5.66155e-12 -0.0141343 -0.00788192 -0.0723477 -0.0574435 -0.0657918 0.00217711 0.0533906 0.0639626 0.13259 0.42453 0.0965074 0.0169577 -0.000307923 -0.0601478 0.0434918 0.00123936 -0.00788052 0.00642808 -0.00161242 0.0201718 -0.00674122 -0.0535344 -0.144548 0.0211335 -0.0274272 0.129772 -0.0462836 -0.00261016 -0.0624897
internal_weight=97489 13012 11750 1262 1182 1162 84477 1519 1476 600 66 534 876 825 143 103 82958 30083 52875 33359 19516 29918 2427 541 19458 1886 202 1684 27491 1435
internal_count=97489 13012 11750 1262 1182 1162 84477 1519 1476 600 66 534 876 825 143 103 82958 30083 52875 33359 19516 29918 2427 541 19458 1886 202 1684 27491 1435
is_linear=0
shrinkage=0.1


Tree=65
num_leaves=31
num_cat=0
split_feature=100 55 17 102 11 5 39 37 0 82 0 17 95 95 88 29 103 87 86 86 81 90 19 55 83 81 3 56 45 11
split_gain=289.944 588.874 564.289 849.169 729.699 754.36 719.525 569.688 677.669 544.742 752.058 517.83 677.307 818.005 651.033 579.286 577.641 576.265 568.238 541.073 728.232 526.641 465.001 556.051 462.331 966.873 515.97 759.761 629.707 559.237
threshold=1.0000000180025095e-35 53.500000000000007 1.7566046562418507 1.5000000000000002 10.441566703220623 7.4252228389782644 1.3551045413165992 2.1794192844442732 50.770000000000017 599.50000000000011 51.290000000000013 2.6484624869501499 4.5000000000000009 6.5000000000000009 64.950000000000017 1.1052770498456497 0.27300000000000008 141.50000000000003 246.50000000000003 170.50000000000003 1173.5000000000002 6.5000000000000009 1.8818990709935315 45.500000000000007 156.50000000000003 558.50000000000011 11.282240222776609 1.5000000000000002 1.1761495463774236 11.031474074319211
decision_type=2 8 8 10 10 8 10 8 10 10 10 10 10 10 10 10 2 8 10 10 10 10 10 10 10 10 10 10 10 10
left_child=1 11 3 -3 5 -4 -6 -8 -9 -7 -11 18 16 14 15 22 17 19 -1 20 -13 -17 23 -14 25 -2 -27 29 -29 -28
right_child=24 2 4 -5 6 9 7 8 -10 10 -12 12 13 -15 -16 21 -18 -19 -20 -21 -22 -23 -24 -25 -26 26 27 28 -30 -31
leaf_value=-4.7288122544173036e-05 0.0030770097336718688 0.64919959534617044 -0.2522797261992859 0.10452443195805367 -0.37366918075231859 0.039956169070192109 0.049048732260911214 -0.041983992403203794 -0.68592335673478944 0.627504627264448 0.067494430679541376 0.027885969735081423 -0.25648978605993794 0.15981325245868994 -0.65807007526357975 -0.16333162878398544 -0.026033206753674112 0.46661621293713973 -0.30310823552070132 -0.33654322403554737 0.43683547781573406 0.31891541946679358 -0.46512827367509069 0.21984742307855237 -0.013766373881183989 0.026507360405948012 0.12579119521274293 0.0742067435508139 -0.10984768048062815 0.54945234609767801
leaf_weight=29204 32031 34 86 181 81 2814 206 44 26 38 65 1346 117 71 30 54 13920 31 62 39 45 39 73 31 9973 4794 1183 561 278 32
leaf_count=29204 32031 34 86 181 81 2814 206 44 26 38 65 1346 117 71 30 54 13920 31 62 39 45 39 73 31 9973 4794 1183 561 278 32
internal_value=-6.59202e-11 -0.00546559 0.0336 0.190659 0.0235501 0.039618 -0.111609 -0.0347002 -0.281161 0.0482239 0.2741 -0.00856486 -0.0231563 -0.149219 -0.213002 -0.17048 -0.0197549 0.040063 -0.000689323 0.030816 0.0411158 0.038901 -0.25859 -0.156716 0.00544153 0.0103686 0.0444746 0.0864098 0.0132209 0.136949
internal_weight=97489 48637 3575 215 3360 3003 357 276 70 2917 103 45062 15796 415 344 314 15381 1461 29266 1430 1391 93 221 148 48852 38879 6848 2054 839 1215
internal_count=97489 48637 3575 215 3360 3003 357 276 70 2917 103 45062 15796 415 344 314 15381 1461 29266 1430 1391 93 221 148 48852 38879 6848 2054 839 1215
is_linear=0
shrinkage=0.1


Tree=66
num_leaves=31
num_cat=0
split_feature=102 47 87 88 109 37 10 7 10 9 87 52 11 22 14 61 27 1 52 61 106 109 108 106 108 38 80 7 104 111
split_gain=285.721 506.587 416.726 684.143 413.877 405.399 806.994 533.282 508.012 471.334 362.279 370.883 842.069 758.422 606.288 595.664 538.267 533.283 503.474 442.77 462.907 442.408 398.393 392.36 426.278 392.005 1035.93 551.605 428.81 452.574
threshold=4.5000000000000009 0.98925866802005491 12.500000000000002 50.750000000000007 26.30937713894593 2.1446343412137621 26.525000000000002 6.5383472973001355 24.575000000000006 9.1150058967338303 203.50000000000003 9.5000000000000018 7.773436542152246 7.6250000000000009 8.7250000000000014 9.5000000000000018 1.1345929217113879 11.862019221007689 8.5000000000000018 13.500000000000002 164.50000000000003 25.575633127994525 9.5000000000000018 392.50000000000006 12.500000000000002 1.5857142857142861 1321.0500000000004 6.4730163242528542 111.05000000000001 16.500000000000004
decision_type=10 10 8 10 2 10 10 10 10 8 10 10 10 10 10 10 10 10 10 10 2 2 2 2 2 10 10 10 2 2
left_child=-1 2 3 -2 -5 6 8 -7 9 -4 11 13 -13 18 15 -14 17 -15 19 20 -3 -22 -17 -23 25 26 -25 -28 29 -27
right_child=1 10 5 4 -6 7 -8 -9 -10 -11 -12 12 14 16 -16 22 -18 -19 -20 -21 21 23 -24 24 -26 28 27 -29 -30 -31
leaf_value=0.0015166991192152653 -0.028971912028426656 -0.094792642174762187 0.054379506538659556 0.071573301076889043 0.65936325451602107 0.13532365514681891 0.62730159834027299 -0.47024139129754272 -0.40215667821466927 0.5438871812820435 0.31413158039961542 -0.032462725787615727 -0.086805877635876341 0.58020611341963424 0.043811581548183196 -0.79401630085447561 -0.0063172493812064055 0.0085614905357360837 0.23366417071175954 -0.27430453648169839 0.047862334560175607 -0.13256356302111302 -0.30428677811645549 0.025735099537487968 -0.15372820591587508 -0.0091284098376454136 0.21065271046633521 0.89597302623417063 0.060582839314167095 -0.33006822031132788
leaf_weight=90394 1931 1180 1193 25 23 26 25 33 24 20 28 252 30 47 31 46 71 25 63 87 704 402 26 206 167 99 24 23 205 79
leaf_count=90394 1931 1180 1193 25 23 26 25 33 24 20 28 252 30 47 31 46 71 25 63 87 704 402 26 206 167 99 24 23 205 79
internal_value=9.63906e-11 -0.0193235 0.00933141 -0.0197019 0.353223 0.0528264 0.0648045 -0.203382 0.0534363 0.0624505 -0.0442409 -0.0469047 -0.139903 -0.0363179 -0.343475 -0.46118 0.189057 0.381718 -0.046268 -0.0518209 -0.0455547 -0.0151196 -0.61717 -0.0519156 -0.0115414 0.0257938 0.122389 0.546022 -0.0380147 -0.151568
internal_weight=97489 7095 3300 1979 48 1321 1262 59 1237 1213 3795 3767 385 3382 133 102 143 72 3239 3176 3089 1909 72 1205 803 636 253 47 383 178
internal_count=97489 7095 3300 1979 48 1321 1262 59 1237 1213 3795 3767 385 3382 133 102 143 72 3239 3176 3089 1909 72 1205 803 636 253 47 383 178
is_linear=0
shrinkage=0.1


Tree=67
num_leaves=31
num_cat=0
split_feature=43 89 27 22 104 45 107 104 104 39 46 53 44 39 9 71 102 90 17 40 48 83 11 103 88 10 45 48 104 81
split_gain=277.903 575.447 523.328 459.443 413.544 352.842 283.389 632.193 470.295 443.01 692.42 638.867 540.467 474.878 628.873 443.257 436.544 435.417 650.531 1159.23 743.961 729.428 662.211 802.313 624.754 882.941 933.638 701.481 539.323 535.336
threshold=3.570707350120379 23.500000000000004 1.1831231205715003 3.2111111111111117 113.35000000000001 3.1490678843363207 2021.5000000000002 110.65000000000002 110.05000000000001 1.5057429613629392 3.4250000000000003 36.500000000000007 3.5500000000000003 1.2708567691023445 8.7053623262628275 7.5000000000000009 8.5000000000000018 6.5000000000000009 2.9179570993036283 4.8750000000000009 11.65 111.50000000000001 7.5165606020020039 0.57100000000000006 37.850000000000001 12.422222222222224 1.4952303005917591 7.2500000000000009 114.65000000000002 1046.5000000000002
decision_type=10 10 10 10 2 10 2 2 2 8 10 8 10 10 10 10 8 8 10 10 10 8 10 2 10 10 10 10 2 10
left_child=5 2 3 -2 -3 6 7 -1 9 10 11 -8 15 -13 -15 -11 -10 18 19 29 21 -20 -22 28 25 -23 27 -27 -24 -9
right_child=1 4 -4 -5 -6 -7 8 17 16 12 -12 13 -14 14 -16 -17 -18 -19 20 -21 22 24 23 -25 -26 26 -28 -29 -30 -31
leaf_value=-0.0032736165357349339 0.19014833836871037 -0.1911064056570039 -0.060360197517378582 0.7139377146056205 0.22077040640931381 -0.21149493094203595 -0.040824554381216814 0.010800734532691182 -0.001668589983311348 -0.15036041417848425 -0.43134763098898388 0.044464264093930353 0.28576473130120172 0.66184137719018121 -0.011286370099886605 -0.6129639114845884 -0.05493547071793823 0.04094987239436558 -0.037858520320982546 0.74299755477431151 -0.05468885338013664 0.033087438892973359 -0.37787590192212744 0.23035566225167245 -0.17543520307054328 1.0138435841671058 -0.03510498865958183 0.38402533304567138 0.03375950800745111 0.097042402483692225
leaf_weight=36870 34 68 29 33 38 79 1547 11033 36638 354 42 116 27 35 23 22 1606 6153 868 22 540 121 196 31 49 28 31 48 38 770
leaf_count=36870 34 68 29 33 38 79 1547 11033 36638 354 42 116 27 35 23 22 1606 6153 868 22 540 121 196 31 49 28 31 48 38 770
internal_value=-4.1135e-11 0.117171 0.294526 0.448134 -0.0434525 -0.000243286 -7.16041e-05 0.00448266 -0.00647282 -0.0518036 -0.0301812 -0.020391 -0.146395 0.16128 0.394911 -0.177428 -0.00390545 0.018833 0.0089539 0.0177787 -0.0445606 0.00723025 -0.118226 -0.247697 0.148519 0.218141 0.427407 0.616064 -0.311029 0.0164269
internal_weight=97489 202 96 67 106 97287 97208 56798 40410 2166 1763 1721 403 174 58 376 38244 19928 13775 11825 1950 1145 805 265 277 228 107 76 234 11803
internal_count=97489 202 96 67 106 97287 97208 56798 40410 2166 1763 1721 403 174 58 376 38244 19928 13775 11825 1950 1145 805 265 277 228 107 76 234 11803
is_linear=0
shrinkage=0.1


Tree=68
num_leaves=31
num_cat=0
split_feature=82 39 21 23 9 6 1 13 89 19 89 107 103 83 19 86 14 47 85 89 9 8 87 43 47 48 4 28 81 42
split_gain=282.428 433.901 508.217 578.113 453.48 737.021 540.02 724.041 420.422 551.501 623.874 625.959 452.654 479.259 443.766 851.659 474.304 424.016 414.516 391.037 661.778 503.945 494.013 975.529 652.885 528.854 492.852 428.379 385.675 545.345
threshold=398.50000000000006 2.9674084009598611 4.6696415677053551 3.5649973920793605 8.501307082764308 32.100000000000009 10.684451319532164 3.4784757272261762 40.500000000000007 2.2912618684212727 42.500000000000007 2017.5000000000002 0.42550000000000004 618.50000000000011 2.2582094138490336 263.50000000000006 5.8166666666666673 2.107316942904085 106.50000000000001 37.500000000000007 8.6490202046994522 28.850000000000005 159.50000000000003 2.1014931715128884 1.5263758515938963 18.750000000000004 56.362500000000011 0.8973684210526317 404.50000000000006 1.2250000000000003
decision_type=10 10 10 10 10 10 10 10 10 10 10 2 2 10 10 10 10 10 10 10 10 10 10 10 10 10 10 10 8 8
left_child=28 2 3 8 -5 6 -6 -8 12 10 -10 -12 13 17 15 19 -16 -2 -18 21 -21 22 26 24 -24 -26 -14 -23 -1 -30
right_child=1 -3 -4 4 5 -7 7 -9 9 -11 11 -13 14 -15 16 -17 18 -19 -20 20 -22 27 23 -25 25 -27 -28 -29 29 -31
leaf_value=-0.0037979842145140553 0.030047809583778774 0.44738476321101195 -0.39386246331656971 0.029886647965226856 0.051976422841350234 -0.22493744464147661 0.9709049188664981 0.22239306407670179 -0.77104508676207983 0.048913536292429158 -0.56628731814297761 0.14651244139032704 -0.030047118371773398 -0.44543062949722467 -0.33958010371180553 0.42969270916212177 -0.059524023106011251 -0.28012801474995086 -0.36204057992138766 -0.080641274571418772 0.68083351524103264 -0.60319009191640049 0.014243696115556218 -0.39543542712926866 0.29589014094736843 0.91821783130819146 0.27996588630171926 -0.13416705664804604 0.025990243120916742 0.00040342181434832239
leaf_weight=53136 2138 20 36 175 24 21 28 24 26 52 22 28 3709 22 69 42 1248 45 47 25 21 23 42 24 36 22 52 127 12992 23213
leaf_count=53136 2138 20 36 175 24 21 28 24 26 52 22 28 3709 22 69 42 1248 45 47 25 21 23 42 24 36 22 52 127 12992 23213
internal_value=-1.04209e-11 -0.0178228 -0.0189675 -0.0172997 0.126017 0.299449 0.444345 0.625438 -0.0222846 -0.202028 -0.373726 -0.167119 -0.0192935 0.0189737 -0.0346716 -0.0183143 -0.084115 0.0236539 -0.0705034 -0.022925 0.266989 -0.0262301 -0.0192859 0.177102 0.314511 0.531945 -0.0257608 -0.206084 0.00162546 0.00958514
internal_weight=97489 8148 8128 8092 272 97 76 52 7820 128 76 50 7692 2205 5487 4123 1364 2183 1295 4081 46 4035 3885 124 100 58 3761 150 89341 36205
internal_count=97489 8148 8128 8092 272 97 76 52 7820 128 76 50 7692 2205 5487 4123 1364 2183 1295 4081 46 4035 3885 124 100 58 3761 150 89341 36205
is_linear=0
shrinkage=0.1


Tree=69
num_leaves=31
num_cat=0
split_feature=111 53 24 110 10 27 29 7 107 39 41 8 22 8 38 20 0 7 85 37 47 42 3 27 25 7 16 20 2 13
split_gain=277.773 495.455 584.487 458.319 779.012 513.967 674.723 626.73 552.832 455.467 433.216 695.748 528.161 601.293 741.332 605.736 527.17 790.189 565.312 554.578 575.741 516.82 493.705 468.211 737.844 852.036 1006.85 889.227 507.445 868.463
threshold=3.5000000000000004 18.500000000000004 1.4500000000000002 75.500000000000014 12.707142857142857 0.91753098239279307 1.235737308712648 5.7662796674282903 2019.5000000000002 3.0776910674679767 1.251392410940263 12.450000000000001 1.7029411764705884 23.150000000000002 1.788888888888889 2.2111111111111117 37.650000000000013 7.4899903495722056 13.500000000000002 1.4487266298961141 1.2344014203344911 1.7750000000000001 9.3885657406468557 0.52229772310074785 0.56253641334739612 7.952986239053577 4.5192307692307701 3.1055555555555561 35.415000000000013 2.8679227679621433
decision_type=2 10 8 2 10 10 10 10 2 8 10 10 10 10 10 10 10 10 10 10 10 10 10 10 10 10 10 10 10 10
left_child=1 2 -1 4 -3 6 -6 8 -7 10 -5 -12 -13 22 15 -15 17 19 -19 21 -21 -16 -14 -24 25 28 -27 -28 -25 -30
right_child=-2 3 -4 9 5 7 -8 -9 -10 -11 11 12 13 14 16 -17 -18 18 -20 20 -22 -23 23 24 -26 26 27 -29 29 -31
leaf_value=0.057405201969119406 -0.0021124578876772766 0.26326377909098353 0.31538419120230721 -0.021380726313212681 -0.024470652743412286 -0.094401037848707459 0.53670176471705022 -0.075091567559686212 -0.4737928076191909 -0.3958395967880885 0.25707439989273556 -0.10015678175595921 0.010257872351731477 0.74360669922261013 -0.27059446756417554 0.14838680768000853 0.0080724846245185597 -0.16979951924747894 0.24038032533393966 -0.42225585131181609 0.046071019059135798 -0.9006560247877371 -0.086021593808603122 0.26103052462396376 0.069203954772759368 1.0548540206182571 -0.036674619101463482 0.51530469442028315 -0.2050250236433675 0.26348497275263072
leaf_weight=596 84288 70 103 2510 313 67 23 388 90 27 128 339 1256 21 30 92 4762 63 72 45 63 23 142 136 1536 21 47 77 91 70
leaf_count=596 84288 70 103 2510 313 67 23 388 90 27 128 339 1256 21 30 92 4762 63 72 45 63 23 142 136 1536 21 47 77 91 70
internal_value=1.82754e-11 0.013488 0.0954193 0.00890712 -0.0578217 -0.0833336 0.0139429 -0.143306 -0.311887 0.0144009 0.0153621 0.0255934 0.0222589 0.0271143 0.00568295 0.259003 2.35713e-05 -0.129466 0.0489631 -0.279081 -0.149065 -0.544017 0.0599406 0.0893753 0.101967 0.215822 0.414529 0.306087 0.118811 -0.00132503
internal_weight=97489 13201 699 12502 951 881 336 545 157 11551 11524 9014 8886 8547 5171 113 5058 296 135 161 108 53 3376 2120 1978 442 145 124 297 161
internal_count=97489 13201 699 12502 951 881 336 545 157 11551 11524 9014 8886 8547 5171 113 5058 296 135 161 108 53 3376 2120 1978 442 145 124 297 161
is_linear=0
shrinkage=0.1


Tree=70
num_leaves=31
num_cat=0
split_feature=104 13 85 44 49 85 43 44 87 83 15 63 111 107 40 96 2 108 86 19 80 29 50 83 42 88 4 75 1 21
split_gain=274.423 444.215 586.143 560.865 751.51 490.142 471.007 499.932 688.264 657.039 888.455 630.989 611.061 587.731 544.445 627.916 487.702 488.554 486.624 551.248 573.568 548.01 600.925 485.703 686.587 837.639 471.128 466.832 503.083 457.898
threshold=114.25000000000001 4.3301231699118476 38.500000000000007 2.5277777777777781 65.750000000000014 11.500000000000002 3.570707350120379 3.9500000000000006 134.50000000000003 272.50000000000006 3.0853593989503953 13.500000000000002 29.500000000000004 2022.5000000000002 4.4250000000000016 164.50000000000003 46.435000000000016 3.5000000000000004 141.50000000000003 1.4916198487095669 2158.6500000000005 0.97989590668830773 3.9500000000000006 173.50000000000003 4.7000000000000002 36.650000000000013 46.487500000000004 7.5000000000000009 12.096921095440878 2.9448635507403553
decision_type=2 10 10 10 10 10 10 10 10 10 10 10 2 2 10 2 10 2 10 10 10 10 10 8 10 10 10 10 10 10
left_child=-1 6 3 5 -5 -3 7 8 14 11 12 16 18 23 15 29 17 -10 -11 -20 -21 22 -22 24 25 -9 -23 -4 -29 -2
right_child=1 2 27 4 -6 -7 -8 13 9 10 -12 -13 -14 -15 -16 -17 -18 -19 19 20 21 26 -24 -25 -26 -27 -28 28 -30 -31
leaf_value=-0.0029110660764016666 0.7373364856466651 -0.0024377753929625233 0.019575654125818805 0.70454127068320915 0.053795464634895332 0.16008693336016372 0.32958804865678154 0.089255404625183499 0.2794683879133591 0.075378814229652993 0.50327423493067425 0.47545642656358811 0.47061407059431082 -0.20072043927823555 -0.27069848015800946 0.0039679135808295121 0.59346898325851993 0.051535240311221933 -0.53311908334297564 0.33054963874816901 -0.18092807006950562 0.21731650711492054 -0.78586443488796554 -0.23530338973533818 -0.16290478941641356 0.84011872621874017 -0.34339982115704082 -0.55526971871202646 -0.021565776597708464 0.076212660020047979
leaf_weight=74931 20 327 261 36 35 429 45 39 121 105 30 55 20 245 72 19874 21 422 38 25 52 43 24 41 38 24 23 33 38 22
leaf_count=74931 20 327 261 36 35 429 45 39 121 105 30 55 20 245 72 19874 21 422 38 25 52 43 24 41 38 24 23 33 38 22
internal_value=4.3198e-11 0.0096697 0.0699675 0.115026 0.383751 0.0897885 0.00640389 0.00572283 0.00780159 0.0896674 -0.0177558 0.152143 -0.0651222 -0.106901 0.00379185 0.00478418 0.120614 0.102327 -0.0996858 -0.189353 -0.111131 -0.188891 -0.371961 0.0549718 0.172806 0.375299 0.0219154 -0.0422715 -0.269625 0.391034
internal_weight=97489 22558 1159 827 71 756 21399 21354 20967 979 360 619 330 387 19988 19916 564 543 310 205 167 142 76 142 101 63 66 332 71 42
internal_count=97489 22558 1159 827 71 756 21399 21354 20967 979 360 619 330 387 19988 19916 564 543 310 205 167 142 76 142 101 63 66 332 71 42
is_linear=0
shrinkage=0.1


Tree=71
num_leaves=31
num_cat=0
split_feature=42 80 90 16 92 95 20 97 89 11 48 41 6 13 37 17 12 87 57 55 51 95 32 23 106 32 13 84 82 88
split_gain=269.342 516.141 447.736 536.23 466.015 428.453 499.758 412.685 603.826 535.021 415.27 600.878 565.16 561.726 539.663 470.217 509.196 623.837 538.323 700.005 497.681 493.874 482.205 687.452 745.36 463.534 631.421 514.904 1029.87 513.259
threshold=2.5500000000000003 17.250000000000004 1.0000000180025095e-35 3.6055555555555561 1.0000000180025095e-35 3.5000000000000004 2.1055555555555561 16.500000000000004 49.500000000000007 10.249454397954208 25.750000000000004 2.4812454286235979 20.450000000000003 2.9762791030165432 3.2787103958951116 1.605185168213499 5.9000000000000012 4.5000000000000009 9.5000000000000018 49.500000000000007 69.350000000000009 6.5000000000000009 0.18333333333333338 3.017274816929747 567.50000000000011 0.47222222222222227 1.4916198487095669 51.500000000000007 454.50000000000006 44.850000000000001
decision_type=10 8 10 10 10 10 10 2 10 10 10 10 10 8 8 10 10 10 10 10 10 10 10 10 2 10 10 10 10 10
left_child=-1 -2 3 5 -5 -3 -7 8 10 -9 11 -4 13 -12 15 -14 17 -17 19 20 -18 -19 23 24 -20 27 -27 29 -29 -24
right_child=1 2 7 4 -6 6 -8 9 -10 -11 12 -13 14 -15 -16 16 18 21 22 -21 -22 -23 25 -25 -26 26 -28 28 -30 -31
leaf_value=0.0022745204614269634 -0.38519081352530304 -0.12255280491065335 -0.013999093043568939 -0.086158279985189434 -0.50444061065974999 -0.20485366260011995 0.35600619347805673 -0.059163405307656049 0.26796387813893369 -0.49543257273476704 0.30952851473451104 0.30064369088313625 -0.27833169897397364 -0.1095944195276215 -0.35166992941185049 0.52205187956638199 -0.14641411652167638 0.11374663015291241 -0.92732457749545572 0.097893095250640605 -0.76698666012712891 -0.16615958272571296 0.31304870003036095 0.21316235633123493 -0.074322065143358138 -0.50659299670904878 0.010080501552594823 0.73149014890596675 -0.14529887508778347 -0.060016002533612424
leaf_weight=82113 37 185 12125 50 57 24 47 916 81 29 134 61 48 42 38 34 24 562 20 35 28 71 56 21 21 25 439 37 21 108
leaf_count=82113 37 185 12125 50 57 24 47 916 81 29 134 61 48 42 38 34 24 562 20 35 28 71 56 21 21 25 439 37 21 108
internal_value=-6.79046e-11 -0.0121467 -0.0112469 -0.120985 -0.308982 -0.0424081 0.16642 -0.00858695 -0.00427888 -0.0725516 -0.00585964 -0.0124241 0.0394885 0.209511 0.0206448 0.0297725 0.0396187 0.104765 -0.0124201 -0.247854 -0.480569 0.0823511 0.0149633 -0.25211 -0.490421 0.0391011 -0.0177575 0.157941 0.414032 0.0673719
internal_weight=97489 15376 15339 363 107 256 71 14976 14031 945 13950 12186 1764 176 1588 1550 1502 667 835 87 52 633 748 62 41 686 464 222 58 164
internal_count=97489 15376 15339 363 107 256 71 14976 14031 945 13950 12186 1764 176 1588 1550 1502 667 835 87 52 633 748 62 41 686 464 222 58 164
is_linear=0
shrinkage=0.1


Tree=72
num_leaves=31
num_cat=0
split_feature=54 65 88 26 52 95 16 37 9 85 19 9 36 37 104 83 8 0 89 89 34 18 10 0 0 104 96 8 46 87
split_gain=266.847 381.378 350.586 299.305 297.305 694.456 518.893 510.131 519.967 651.29 584.074 508.242 686.402 794.188 728.848 489.407 739.411 483.15 630.558 504.03 551.262 735.078 860.623 625.772 708.322 546.038 825.383 604.179 529.248 670.573
threshold=7.5000000000000009 3.5000000000000004 39.650000000000013 1.4722222222222225 5.5000000000000009 1.5000000000000002 10.80909090909091 2.8838617020628585 10.241798883540156 11.500000000000002 2.0554714830003755 11.831455191788683 3.9000000000000004 1.3227406337702019 114.45000000000002 163.50000000000003 31.850000000000005 58.990000000000002 29.500000000000004 31.500000000000004 1.552777777777778 6.6333333333333337 17.825000000000006 42.845000000000006 50.310000000000009 105.25000000000001 188.00000000000003 23.250000000000004 2.6125000000000003 125.50000000000001
decision_type=10 10 10 10 8 8 10 10 8 10 10 10 10 10 2 10 10 10 10 10 8 10 10 10 10 2 2 10 10 10
left_child=4 2 3 -2 7 6 -6 17 9 10 -9 -7 13 14 -13 -14 -17 19 -19 28 21 22 -21 -22 -25 -24 27 -27 29 -1
right_child=1 -3 -4 -5 5 11 -8 8 -10 -11 -12 12 15 -15 -16 16 -18 18 -20 20 23 -23 25 24 -26 26 -28 -29 -30 -31
leaf_value=-0.0040091119095910848 -0.026800096578384475 -0.31218539511164028 -0.25191267054814559 0.32161412967575925 0.032435072640119515 -0.0037494904465671403 -0.020942866771983482 0.86839113779689958 -0.17641331570722707 0.069145811883651695 0.25753586537451767 -0.15738499095527136 -0.30136208968857925 -0.38245231363558235 0.46916956901550294 0.46164101248091838 -0.18045783618400837 0.029047090298420675 -0.55881004962656233 0.166046736495331 0.74168683228393395 0.19823762056194882 -0.39426420417924724 -0.23101413313831604 0.4528096759635391 0.77414575397968299 -0.083361306040630523 0.048984194712506403 -0.039591252249187185 0.059443926023075661
leaf_weight=61301 284 60 65 27 12192 13956 2141 23 41 115 49 82 24 133 24 47 29 37 36 211 24 234 48 28 33 20 439 27 4047 1712
leaf_count=61301 284 60 65 27 12192 13956 2141 23 41 115 49 82 24 133 24 47 29 37 36 211 24 234 48 28 33 20 439 27 4047 1712
internal_value=5.20701e-11 -0.0780576 -0.0406967 0.00344808 0.000350665 0.00890741 0.0244617 -0.00322935 0.146101 0.216813 0.45267 -0.00668824 -0.127671 -0.219714 -0.0155236 0.0923116 0.21663 -0.0037286 -0.260855 -0.00345307 0.0648341 0.0436248 -0.00493818 0.309115 0.138923 -0.0724996 -0.0407204 0.357564 -0.00453654 -0.00228516
internal_weight=97489 436 376 311 97053 28628 14333 68425 228 187 72 14295 339 239 106 100 76 68197 73 68124 1064 979 745 85 61 534 486 47 67060 63013
internal_count=97489 436 376 311 97053 28628 14333 68425 228 187 72 14295 339 239 106 100 76 68197 73 68124 1064 979 745 85 61 534 486 47 67060 63013
is_linear=0
shrinkage=0.1


Tree=73
num_leaves=31
num_cat=0
split_feature=106 97 104 80 25 49 21 46 42 109 10 32 82 19 81 103 109 13 41 16 109 11 1 15 57 3 26 3 17 47
split_gain=266.704 569.834 808.525 694.477 516.579 573.678 536.033 490.184 489.166 512.82 521.554 484.66 511.919 596.762 680.644 958.329 627.827 471.332 626.245 570.297 469.348 527.983 615.852 525.209 551.712 528.528 512.373 493.119 483.878 470.713
threshold=648.50000000000011 13.500000000000002 105.05000000000001 2225.7500000000005 1.2415253053016906 80.750000000000014 3.2702351522381403 4.0750000000000002 0.90000000000000013 28.299794661190969 15.612500000000002 1.3875000000000002 374.50000000000006 2.4289043292708192 1284.5000000000002 0.35100000000000003 26.501026694045176 2.5132957790129056 1.4905158128705249 6.6076923076923082 27.456536618754281 9.2683671857062446 11.690316504594346 2.5308804836935024 11.500000000000002 14.05580149102118 0.47222222222222227 8.9718510415051913 2.9642608025042541 1.4367527759423022
decision_type=2 2 2 10 10 8 10 10 10 2 10 10 10 10 10 2 2 10 10 10 2 8 10 10 8 10 10 10 10 10
left_child=1 7 4 -4 8 -6 -7 -1 -3 20 -11 12 13 -5 -15 -16 -17 18 19 -14 21 23 -23 26 -25 27 -10 -26 29 -29
right_child=-2 2 3 11 5 6 -8 -9 9 10 -12 -13 17 14 15 16 -18 -19 -20 -21 -22 22 -24 24 25 -27 -28 28 -30 -31
leaf_value=-0.00084114356044919522 -0.015642196423130601 0.0075408983821946291 0.056714813589812119 -0.19527398183633293 0.026273625893936906 0.52475287252002301 -0.087106937737691972 -0.13785753516437671 0.46319443609403532 0.041465612465981398 -0.53149415064365302 -0.26230226398546658 0.74622095096214069 -0.21275672593287062 -0.26234571281820535 0.5653731916789656 0.034824719868208232 -0.021524182256115111 0.04363890269911555 0.18455759237209957 0.18633267501783041 -0.52651416245434024 -0.046675624150150224 -0.2743794098372947 0.098490419884657732 0.34982219358970384 -0.016650200000807754 -0.15963524806278725 -0.052078669109166822 -0.61555687693449168
leaf_weight=76390 9804 1355 5969 246 1068 45 21 262 23 24 47 83 29 70 36 54 38 342 146 48 72 54 53 181 92 29 685 54 130 39
leaf_count=76390 9804 1355 5969 246 1068 45 21 262 23 24 47 83 29 70 36 54 38 342 146 48 72 54 53 181 92 29 685 54 130 39
internal_value=5.39938e-11 0.00174894 0.0229973 0.0433009 -0.0130961 0.0439549 0.33007 -0.00130947 -0.0358924 -0.0755769 -0.337818 -0.0300213 -0.0109139 -0.0912642 0.03796 0.175071 0.346234 0.0522286 0.165338 0.396093 -0.0623906 -0.0757548 -0.288837 -0.0572635 -0.133055 -0.0586956 -0.00106203 -0.0963052 -0.176669 -0.350828
internal_weight=97489 87685 11033 7061 3972 1134 66 76652 2838 1483 71 1092 1009 444 198 128 92 565 223 77 1412 1340 107 1233 525 344 708 315 223 93
internal_count=97489 87685 11033 7061 3972 1134 66 76652 2838 1483 71 1092 1009 444 198 128 92 565 223 77 1412 1340 107 1233 525 344 708 315 223 93
is_linear=0
shrinkage=0.1


Tree=74
num_leaves=31
num_cat=0
split_feature=102 109 87 51 41 10 72 80 5 52 88 42 8 57 8 7 12 1 104 93 88 56 88 7 30 95 31 13 37 13
split_gain=265.545 326.525 275.178 466.47 508.6 471.176 548.799 569.318 508.589 490.499 391.998 391.675 777.493 518.156 542.442 661.866 625.317 763.053 427.39 416.783 408.058 700.616 497.424 549.72 479.88 457.107 444.45 456.941 430.683 427.973
threshold=222.50000000000003 22.711841204654352 3.5000000000000004 96.200000000000003 1.9057717423562364 27.275000000000002 4.5000000000000009 45.250000000000014 10.552983489202195 29.500000000000004 52.350000000000001 1.3666666666666669 33.95000000000001 25.500000000000004 30.050000000000004 3.4784757272261762 13.300000000000002 17.921816312633165 116.2 1.5000000000000002 71.850000000000009 2.5000000000000004 64.15000000000002 3.9549478226703978 3.7000000000000006 1.0000000180025095e-35 0.86554360876699588 2.4289043292708192 1.7199379676144055 3.6400484653395426
decision_type=10 2 8 10 10 10 10 10 10 10 10 8 10 10 10 10 10 10 2 10 10 10 10 10 10 10 10 10 10 10
left_child=2 -2 3 5 -5 6 9 -8 -7 -1 -10 12 13 14 20 -16 17 18 -17 -15 22 -22 24 -24 -4 -23 28 -28 -25 -27
right_child=1 -3 11 4 -6 8 7 -9 10 -11 -12 -13 -14 19 15 16 -18 -19 -20 -21 21 25 23 26 -26 29 27 -29 -30 -31
leaf_value=-0.01288872635613237 0.10625718198716641 -0.20374445794436796 0.0097905203281576317 0.091998363704216199 0.65442539870738992 0.10611540291129667 0.37105237050780232 -0.22261008421579997 -0.22126624484203364 0.3672996240941917 -0.72667450138500767 -0.0035251203464476176 -0.47454939611030356 -0.08280734786277881 -0.29304381588008255 0.13755286332527433 0.60319278666283938 -0.44320315576734998 0.55257610561592241 -0.49705422798340976 -0.56801780222943332 -0.39943867496081764 0.62777400450273002 -0.25217974781990055 0.41674944193198765 0.40362583691703863 -0.11235236973769852 0.31147864786488522 0.1889533167606906 -0.19767543152906
leaf_weight=17599 46 130 34350 82 20 34 70 21 57 34 21 44147 33 92 32 218 32 21 28 33 33 21 22 53 29 29 33 111 38 20
leaf_count=17599 46 130 34350 82 20 34 70 21 57 34 21 44147 33 92 32 218 32 21 28 33 33 21 22 53 29 29 33 111 38 20
internal_value=3.90993e-11 -0.122721 0.000221953 -0.0109641 0.202278 -0.0121836 -0.0108915 0.234053 -0.216647 -0.0121556 -0.357338 0.00274989 0.0106136 0.0110685 0.0117929 0.139203 0.185463 0.135398 0.184791 -0.192169 0.0105789 -0.188167 0.0111699 0.149775 0.0101338 -0.00909388 0.105026 0.214351 -0.0679703 0.158197
internal_weight=97489 176 97313 17938 102 17836 17724 91 112 17633 78 79375 35228 35195 35070 331 299 267 246 125 34739 103 34636 257 34379 70 235 144 91 49
internal_count=97489 176 97313 17938 102 17836 17724 91 112 17633 78 79375 35228 35195 35070 331 299 267 246 125 34739 103 34636 257 34379 70 235 144 91 49
is_linear=0
shrinkage=0.1


Tree=75
num_leaves=31
num_cat=0
split_feature=110 34 94 10 27 10 41 7 85 7 9 16 51 106 6 88 87 72 107 13 8 40 103 29 39 51 18 104 38 37
split_gain=257.605 376.831 601.682 568.976 580.321 578.29 664.53 893.277 747.581 839.535 584.505 505.71 713.8 502.316 952.238 544.24 550.951 493.469 518.171 503.322 473.631 543.951 830.835 473.179 570.018 740.339 472.262 449.78 748.167 630.55
threshold=73.500000000000014 0.23303167420814483 3.5000000000000004 18.618181818181821 1.6261604343604679 19.525000000000002 1.5661344103611374 3.278710395895112 1.5000000000000002 9.1323584042661228 8.6010334326138764 3.3514705882352946 75.950000000000017 303.50000000000006 31.900000000000002 46.850000000000001 188.50000000000003 1.0000000180025095e-35 2020.5000000000002 2.0776550673994532 24.550000000000004 3.4522727272727276 0.59450000000000014 0.87517750516004111 1.7841837120025255 78.350000000000009 6.5000000000000009 110.65000000000002 3.2678571428571432 2.3978930965105625
decision_type=2 8 10 10 8 10 8 8 8 10 10 10 10 2 10 10 10 8 2 10 10 10 2 10 10 10 10 2 10 10
left_child=-1 2 27 4 -4 -5 10 -8 9 -9 -7 -12 -13 14 17 23 -17 20 -19 -20 21 22 -10 -15 26 -26 -25 -2 -29 -30
right_child=1 -3 3 5 -6 6 7 8 13 -11 11 12 -14 15 -16 16 -18 18 19 -21 -22 -23 -24 24 25 -27 -28 28 29 -31
leaf_value=-0.021242436885094796 -0.011818301076956375 -0.0022178665217193793 0.11420022352014568 -0.23432323334784044 0.57764844871791343 0.072111283497025197 0.40559166446328165 -0.45422812119314948 0.13553428125792538 0.060235821989909656 0.74635055300851283 0.03655029171003172 0.73952197670936592 0.10395910642468012 -0.40078732490426666 -0.0010438964423588198 0.52493384542564558 0.65055601547161745 0.56536454586755658 -0.041870048885735187 -0.16534380904430976 -0.11394526100740202 0.85726810964671063 -0.26300461553945775 -0.38089947823215936 0.13732269848386447 -0.81444901156425475 0.015888559741483892 0.11875953393694211 0.54040701729910712
leaf_weight=5393 7364 71233 771 82 28 208 50 79 58 53 26 52 20 52 33 117 24 36 21 39 58 41 22 41 51 60 25 11182 228 42
leaf_count=5393 7364 71233 771 82 28 208 50 79 58 53 26 52 20 52 33 117 24 36 21 39 58 41 22 41 51 60 25 11182 228 42
internal_value=-1.28104e-11 0.00124392 0.0130636 0.0645508 0.130441 0.0223662 0.0404181 -0.00461368 -0.029935 -0.247663 0.166978 0.368328 0.23182 0.0124545 0.106795 -0.0660778 0.0884842 0.167705 0.350622 0.170662 0.0696044 0.182224 0.334011 -0.161245 -0.239158 -0.100779 -0.471885 0.00746228 0.0198603 0.184349
internal_weight=97489 92096 20863 2047 799 1248 1166 860 810 132 306 98 72 678 308 370 141 275 96 60 179 121 80 229 177 111 66 18816 11452 270
internal_count=97489 92096 20863 2047 799 1248 1166 860 810 132 306 98 72 678 308 370 141 275 96 60 179 121 80 229 177 111 66 18816 11452 270
is_linear=0
shrinkage=0.1


Tree=76
num_leaves=31
num_cat=0
split_feature=42 43 89 5 104 104 7 22 8 29 88 102 46 51 83 49 17 17 96 47 104 3 14 14 37 8 17 15 43 49
split_gain=265.95 288.564 400.84 475.953 326.788 253.734 252.387 811.363 821.75 728.267 648.869 633.569 590.811 584.111 543.425 505.509 668.411 753.111 540.933 507.455 442.754 412.148 411.21 399.661 376.367 371.551 362.54 343.197 307.875 298.314
threshold=6.9000000000000012 3.570707350120379 23.500000000000004 13.408805039798972 113.35000000000001 111.95000000000002 13.549907246303988 6.3038461538461545 32.45000000000001 1.0217277780989544 33.850000000000001 1.5000000000000002 2.1519230769230773 55.750000000000007 407.50000000000006 62.650000000000013 1.9180073314131425 2.1377382179127915 217.50000000000003 1.3495544827610997 111.75000000000001 14.285993529013536 6.3166666666666673 7.6125000000000007 1.7604525947843548 18.31666666666667 1.7746665729216118 3.0853593989503953 1.8027222972291639 68.050000000000011
decision_type=10 10 10 10 2 2 10 10 10 8 10 10 10 10 10 8 10 10 2 10 2 10 10 10 10 10 10 10 10 8
left_child=1 6 3 -3 5 -4 -1 8 11 12 -11 20 -9 -13 21 16 25 -18 -19 24 -8 -14 -12 -24 -17 -15 -27 -25 -21 -30
right_child=-2 2 4 -5 -6 -7 7 9 -10 10 22 13 14 15 -16 19 17 18 -20 28 -22 -23 23 27 -26 26 -28 -29 29 -31
leaf_value=0.00031536782761750561 -0.30814744542751993 0.38803807936508106 -0.019574882588146825 -0.15137132235935757 0.22568885236978531 -0.44622023552656176 -0.55814651772379875 0.24882133391996228 -0.74847992658615115 0.71482532272736243 0.39939217783865477 -0.38290245073537033 -0.38428107917308812 0.19061309504508972 -0.66518694547315438 -0.096437096403491115 0.83651298999786372 -0.10799228742718697 0.41887024656722427 -0.54497820859154067 -0.10013186039019882 0.25770672187209132 -0.36165485126631602 0.47077023862373263 0.27877262824393334 0.0082503271244821104 -0.56643594023974042 -0.032957672053261805 -0.41708908062992678 -0.070773622397296496
leaf_weight=96437 28 74 46 21 36 20 46 30 20 24 42 48 20 25 24 62 20 40 38 24 39 20 21 21 47 21 23 38 33 101
leaf_count=96437 28 74 46 21 36 20 46 30 20 24 42 48 20 25 24 62 20 40 38 24 39 20 21 21 47 21 23 38 33 101
internal_value=3.04344e-11 8.85291e-05 0.120995 0.2688 -0.0166672 -0.148861 -0.000156356 -0.0551644 -0.118499 0.0997416 0.239516 -0.0962775 -0.117355 -0.0518868 -0.289 -0.0152768 0.121187 0.289058 0.148684 -0.10063 -0.347999 -0.0632872 0.146012 0.0129879 0.0653506 -0.117238 -0.292154 0.146335 -0.215136 -0.15606
internal_weight=97489 97461 197 95 102 66 97264 827 587 240 146 567 94 482 64 434 167 98 78 267 85 40 122 80 109 69 44 59 158 134
internal_count=97489 97461 197 95 102 66 97264 827 587 240 146 567 94 482 64 434 167 98 78 267 85 40 122 80 109 69 44 59 158 134
is_linear=0
shrinkage=0.1


Tree=77
num_leaves=31
num_cat=0
split_feature=88 9 80 17 86 50 39 82 13 97 103 26 103 4 57 34 15 85 82 5 13 32 51 16 109 36 1 86 107 11
split_gain=247.476 432.441 504.23 388.037 374.946 318.346 282.828 281.758 531.057 423.978 415.886 405.021 604.931 723.513 532.179 524.246 594.941 510.948 652.476 660.381 576.696 561.043 511.2 606.195 468.974 446.521 582.244 638.711 436.072 474.861
threshold=3.0500000000000003 8.4577379722635957 1100.3500000000004 1.8614274250229497 85.500000000000014 1.0000000180025095e-35 1.4210685583158829 333.50000000000006 0.86554360876699576 6.5000000000000009 0.42550000000000004 0.95000000000000007 0.63200000000000012 57.655000000000008 11.500000000000002 0.14642857142857144 2.7218958235968356 86.500000000000014 378.50000000000006 12.660228511104313 3.3540936844653131 0.95000000000000007 74.100000000000009 12.475000000000001 21.307323750855584 3.6333333333333337 5.6804929363568446 118.50000000000001 2019.5000000000002 8.1852723964487684
decision_type=8 10 8 10 10 10 10 10 10 2 2 10 2 10 10 10 10 10 10 8 10 10 10 10 2 10 10 10 2 10
left_child=1 2 3 -1 6 -4 -3 -2 9 -9 -11 12 13 17 -13 16 -16 25 -19 21 -21 -20 -22 -24 -14 -10 -27 -28 -17 -30
right_child=7 4 5 -5 -6 -7 -8 8 11 10 -12 14 24 -15 15 28 -18 18 19 20 22 -23 23 -25 -26 26 27 -29 29 -31
leaf_value=0.0030205779480798577 0.0031273969860920268 -0.17836779984257495 0.10042909670817224 -0.064590118845984937 0.14497707131363097 0.50804959088563917 -0.56586909255673812 0.15261193513870241 -0.00012884107289737733 0.0081136210511128116 -0.39535073289139705 -0.17378797352674508 0.11084748322728777 -0.54022401610146398 0.58168919051686918 -0.0037744688968958094 -0.10295777839015832 0.31363172776074011 0.43721757702529429 -0.0066708971896479209 -0.039890996075194814 -0.0050265564234884645 0.69621047625001875 0.1336790695289771 -0.087049063861215359 -0.28885318554680922 0.72660142444074161 0.1357857014568046 -0.086533508373819484 0.031865680674419687
leaf_weight=1929 81493 48 95 1516 21 24 31 28 4254 36 88 248 137 23 30 3191 22 113 30 62 23 655 53 30 951 29 20 215 1669 425
leaf_count=1929 81493 48 95 1516 21 24 31 28 4254 36 88 248 137 23 30 3191 22 113 30 62 23 655 53 30 951 29 20 215 1669 425
internal_value=-8.58921e-11 -0.0254959 -0.0197413 -0.0267321 -0.230591 0.182638 -0.330425 0.000995652 -0.0130915 -0.198853 -0.278216 -0.0107733 0.00600779 0.0194696 -0.030589 -0.0239348 0.292031 0.0218169 0.0878291 0.0579163 0.235586 0.0143418 0.377283 0.492886 -0.0621301 0.00770277 0.133899 0.186068 -0.0270437 -0.0625031
internal_weight=97489 3664 3564 3445 100 119 79 93825 12332 152 124 12180 6595 5507 5585 5337 52 5484 966 853 168 685 106 83 1088 4518 264 235 5285 2094
internal_count=97489 3664 3564 3445 100 119 79 93825 12332 152 124 12180 6595 5507 5585 5337 52 5484 966 853 168 685 106 83 1088 4518 264 235 5285 2094
is_linear=0
shrinkage=0.1


Tree=78
num_leaves=31
num_cat=0
split_feature=48 104 2 45 29 67 7 42 1 43 105 27 39 64 85 94 35 43 49 87 42 39 9 7 49 0 7 100 26 41
split_gain=240.438 317.518 265.079 282.522 260.13 230.718 527.188 955.251 482.649 713.31 633.39 508.144 537.146 515.271 487.955 570.24 551.121 684.618 968.716 510.996 537.065 645.422 502.471 636.734 575.673 753.244 559.84 465.919 463.367 442.17
threshold=-2.6499999999999995 115.85000000000001 17.055000000000007 0.94993651463092799 0.826010021107764 7.5000000000000009 4.4045284802308435 3.3666666666666671 8.8446311398045943 0.64222852518808682 0.90000000000000013 0.81988459163814553 2.1615319962351998 1.0000000180025095e-35 20.500000000000004 5.5000000000000009 0.68227130771774525 0.97871355387816916 70.300000000000026 161.50000000000003 3.4500000000000006 1.7841837120025255 8.3652720226869643 9.7672910161693309 74.850000000000009 55.570000000000014 8.703447118767027 1.0000000180025095e-35 1.7750000000000001 1.7316708885316061
decision_type=8 2 10 10 10 10 10 10 10 10 10 10 10 10 10 10 10 10 8 10 10 10 10 10 10 10 10 2 10 10
left_child=1 2 3 -1 -3 -2 7 28 9 -8 -11 12 -10 14 15 22 17 18 -17 -16 -21 -22 23 26 -24 -26 29 -15 -7 -13
right_child=5 4 -4 -5 -6 6 8 -9 11 10 -12 13 -14 27 19 16 -18 -19 -20 20 21 -23 24 -25 25 -27 -28 -29 -30 -31
leaf_value=-0.16699422084170731 0.0011279677490523667 0.33273529120617445 -0.39723563045263294 0.1913060102749754 -0.12491600254307622 -0.024527673674627951 0.09488550304908247 0.49994227908724964 -0.11755195812081859 -0.1901215761365832 0.32451547467708591 0.0049748107394639481 -0.65371919734911488 -0.041805393631969182 -0.14542362594233235 0.018212631837065733 0.50182111251354222 -0.091042251601605353 0.92943622108548896 0.363064286834065 0.20443208267291391 -0.36837707496172678 -0.24425585173715758 0.61118939973059161 0.4531591503059163 -0.18344135008207182 -0.3145559360392583 -0.45149604789912701 0.15798854683031582 0.2122770082159543
leaf_weight=119 94151 27 38 27 23 624 126 43 124 551 25 282 22 70 293 28 50 71 20 47 42 37 127 21 34 41 39 46 179 162
leaf_count=119 94151 27 38 27 23 624 126 43 124 551 25 282 22 70 293 28 50 71 20 47 42 37 127 21 34 41 39 46 179 162
internal_value=1.92617e-11 -0.101245 -0.161967 -0.100733 0.122216 0.000243599 -0.0265812 0.0407473 -0.051807 -0.120639 -0.167785 -0.020753 -0.198344 -0.00236417 0.0157355 0.0582293 0.223229 0.106174 0.397889 -0.0730045 0.0953985 -0.0638456 0.0187321 0.072141 -0.114526 0.105151 0.0487041 -0.204269 0.0161578 0.0806121
internal_weight=97489 234 184 146 50 97255 3104 846 2258 702 576 1556 146 1410 1294 875 169 119 48 419 126 79 706 504 202 75 483 116 803 444
internal_count=97489 234 184 146 50 97255 3104 846 2258 702 576 1556 146 1410 1294 875 169 119 48 419 126 79 706 504 202 75 483 116 803 444
is_linear=0
shrinkage=0.1


Tree=79
num_leaves=31
num_cat=0
split_feature=51 63 4 49 107 87 89 95 27 95 82 11 111 83 103 12 5 81 29 89 56 38 39 18 97 103 21 14 85 43
split_gain=241.761 532.722 509.065 508.864 497.494 489.407 469.079 494.293 444.646 442.472 552.408 582.479 782.075 773.423 830.235 715.06 650.727 626.999 804.768 625.726 719.782 687.914 719.814 591.328 581.001 568.235 565.459 675.987 563.608 622.762
threshold=60.150000000000013 11.500000000000002 26.762500000000003 46.250000000000007 2015.5000000000002 60.500000000000007 29.500000000000004 2.5000000000000004 0.83996703462282185 2.5000000000000004 260.50000000000006 7.8072166272834496 32.500000000000007 73.500000000000014 0.30400000000000005 3.3666666666666671 7.3893059284781071 1190.5000000000002 1.1925034998819941 17.500000000000004 7.5000000000000009 2.4365079365079372 1.6261604343604679 4.5500000000000007 7.5000000000000009 0.39800000000000008 1.7841837120025257 3.6125000000000003 7.5000000000000009 0.86554360876699599
decision_type=10 10 10 8 2 10 10 10 10 10 10 10 2 10 2 10 10 10 10 10 10 10 10 10 2 2 10 10 10 10
left_child=1 -1 4 -4 8 -6 -3 -8 -2 10 11 16 15 -14 -15 25 -5 -18 23 20 21 22 -17 -19 -25 -13 27 -16 29 -12
right_child=2 6 3 9 5 -7 7 -9 -10 -11 28 12 13 14 26 19 17 18 -20 -21 -22 -23 -24 24 -26 -27 -28 -29 -30 -31
leaf_value=-0.00072785624337920278 0.65388221157633741 -0.034915167572421239 -0.033622437341455279 -0.11099837879294511 0.011998343615474281 0.090846285363806095 0.58394598688768307 0.065074430692654395 0.14124196806224062 -0.012955736262101284 0.64923405316140925 -0.31426443763077261 -0.074389554197256721 0.8653195015021734 0.25495447140672933 0.033959779797920163 0.043102204007237049 0.092552848921881786 -0.0096880803314539111 -0.032228921369754533 -0.41428811978548769 0.13438031625410493 -0.26927978490571397 0.29857190616948664 0.84309515034159033 -0.066225321150554392 0.30395485073212508 -0.5399675697088242 -0.0056106911333242294 0.0694016512925342
leaf_weight=51619 23 6303 3554 267 2707 1110 23 91 64 8716 27 120 97 21 23 560 7993 45 91 2092 32 700 91 43 36 401 129 20 10432 59
leaf_count=51619 23 6303 3554 267 2707 1110 23 91 64 8716 27 120 97 21 23 560 7993 45 91 2092 32 700 91 43 36 401 129 20 10432 59
internal_value=-7.06126e-11 -0.00410588 0.00603982 0.00227549 0.040317 0.0349277 -0.0312791 0.169759 0.276768 0.00626302 0.0134588 0.0274441 -0.00259876 0.155968 0.271743 -0.0141063 0.0426375 0.0476351 0.216155 0.00227313 0.0544628 0.0655657 -0.00842855 0.381894 0.546709 -0.123355 0.199272 -0.114777 -0.00350891 0.251442
internal_weight=97489 58036 39453 35549 3904 3817 6417 114 87 31995 23279 12761 4286 290 193 3996 8475 8208 215 3475 1383 1351 651 124 79 521 172 43 10518 86
internal_count=97489 58036 39453 35549 3904 3817 6417 114 87 31995 23279 12761 4286 290 193 3996 8475 8208 215 3475 1383 1351 651 124 79 521 172 43 10518 86
is_linear=0
shrinkage=0.1


Tree=80
num_leaves=31
num_cat=0
split_feature=91 23 6 51 87 18 77 13 82 3 4 49 49 104 14 43 107 27 83 89 84 19 87 109 16 12 3 109 37 107
split_gain=243.164 490.343 450.013 396.684 866.521 911.04 757.206 561.21 492.142 434.815 359.833 345.511 380.392 339.881 514.695 535.931 444.087 366.855 364.208 344.411 418.72 315.774 416.276 429.067 415.857 699.633 391.311 414.755 377.023 368.457
threshold=1.5000000000000002 3.1653964562812003 6.6333333333333337 91.200000000000003 22.500000000000004 2.1000000000000005 5.5000000000000009 3.4964249196572985 256.50000000000006 11.732968742955931 49.40750000000002 64.65000000000002 77.050000000000011 115.85000000000001 4.5277777777777786 1.1897227048854206 2022.5000000000002 0.83996703462282185 45.500000000000007 2.5000000000000004 62.500000000000007 0.92592714937812726 136.50000000000003 24.518822724161534 4.2565789473684221 2.5500000000000003 13.487988479904944 30.676249144421632 0.97871355387816916 2019.5000000000002
decision_type=10 10 10 10 8 10 8 10 10 10 10 8 10 2 10 10 2 10 10 10 8 10 10 2 10 10 10 2 10 2
left_child=1 3 -3 9 7 -6 -7 8 -5 -1 -9 -4 -13 21 15 -15 18 -18 -17 -16 -21 24 26 -24 25 -11 -23 29 -25 -28
right_child=-2 2 11 4 5 6 -8 10 -10 13 -12 12 -14 14 19 16 17 -19 -20 20 -22 22 23 28 -26 -27 27 -29 -30 -31
leaf_value=-0.0017857550798278882 0.0038083834191038495 0.16996812811919623 -0.30572909225659972 -0.57776747588758115 0.84938584736415335 -0.26810534248749412 0.51082724699607263 -0.11478439001809984 0.051715851660169988 -0.08463877487282101 0.44176430795341731 0.2551711126610085 -0.32022619131952523 -0.22583936268463731 0.42646802812814716 -0.0092789736265937502 0.12659591512802321 -0.30998887435386058 0.50960446346190669 0.052030059090035843 0.49440031569937004 -0.084919360148026868 -0.54230685744966778 0.17166929149201937 -0.039010481589421664 0.1679364565975926 0.033918258882052188 0.24862234981067607 -0.29570019063022407 -0.081678140436615254
leaf_weight=30238 61644 35 131 27 28 24 26 21 23 176 26 27 20 120 32 24 39 38 31 307 23 1708 35 28 1160 291 555 59 45 548
leaf_count=30238 61644 35 131 27 28 24 26 21 23 176 26 27 20 120 32 24 39 38 31 307 23 1708 35 28 1160 291 555 59 45 548
internal_value=-1.66845e-11 -0.00654942 -0.157824 -0.00564514 0.144542 0.39269 0.13694 -0.0549985 -0.288205 -0.00638639 0.193094 -0.222278 0.0103212 -0.0330417 0.0368459 -0.072889 0.0661569 -0.0888615 0.283183 0.113236 0.0828619 -0.0423601 -0.0617156 -0.254449 -0.00693244 0.0727475 -0.0544629 -0.00969558 -0.116435 -0.0235131
internal_weight=97489 35845 213 35632 175 78 50 97 50 35457 47 178 47 5219 614 252 132 77 55 362 330 4605 2978 108 1627 467 2870 1162 73 1103
internal_count=97489 35845 213 35632 175 78 50 97 50 35457 47 178 47 5219 614 252 132 77 55 362 330 4605 2978 108 1627 467 2870 1162 73 1103
is_linear=0
shrinkage=0.1


Tree=81
num_leaves=31
num_cat=0
split_feature=100 104 2 82 55 7 88 109 83 53 5 29 46 88 7 22 8 103 24 95 20 23 2 48 88 48 84 24 17 48
split_gain=231.577 542.133 497.128 574.064 462.669 535.962 541.745 819.108 960.363 941.367 680.202 620.914 615.163 567.521 543.759 565.961 532.734 499.817 482.166 462.636 437.599 432.997 426.762 683.384 561.548 832.138 608.724 593.633 584.269 564.919
threshold=1.0000000180025095e-35 100.35000000000001 28.153571428571436 407.50000000000006 53.500000000000007 1.658243862791825 30.050000000000004 29.414099931553732 82.500000000000014 43.500000000000007 7.4252228389782644 1.0713822763440657 1.9750000000000003 21.250000000000004 14.085453042028602 6.6583333333333341 15.950000000000001 0.71000000000000008 1.5500000000000003 2.5000000000000004 5.1055555555555561 2.6023771485489262 46.805000000000014 35.750000000000007 60.550000000000004 21.250000000000004 122.50000000000001 2.5500000000000003 2.3504600772540534 34.750000000000007
decision_type=2 2 10 10 10 10 8 2 8 8 10 10 10 10 10 10 10 2 10 10 10 10 10 10 8 8 10 10 10 8
left_child=1 2 -1 19 22 -6 7 8 12 -10 21 20 -7 -9 17 -16 -15 -12 -13 -4 -11 -8 -3 24 25 26 28 29 -24 -27
right_child=-2 4 3 -5 5 6 10 13 9 11 14 18 -14 16 15 -17 -18 -19 -20 -21 -22 -23 23 -25 -26 27 -28 -29 -30 -31
leaf_value=0.0056546587330000156 0.0048630920688343552 -0.0048543496110777136 -0.24616200604881999 0.098644173068877988 0.51260592866203059 -0.49929234266281131 -0.1057494380875774 0.23252937168581411 0.78302392537395171 0.22252355990931394 0.038875165482190097 -0.29027540115294637 0.15882971910949872 0.18969677670833629 -0.38322673036970878 0.065386613260726548 -0.25892937903602919 -0.16729666103677054 0.34039599353616889 -0.69867582640477588 0.85587368249893192 -0.61630488323191046 -0.45943138466940986 -0.23416192476285402 -0.14927570280618965 0.039971093454538559 0.42142669206315819 0.58269841243391463 -0.080590247578343141 0.50128651538065505
leaf_weight=145 48852 43331 117 39 23 20 46 64 48 24 2671 27 49 37 66 49 93 123 22 28 20 26 45 193 320 511 22 23 427 28
leaf_count=145 48852 43331 117 39 23 20 46 64 48 24 2671 27 49 37 66 49 93 123 22 28 20 26 45 193 320 511 22 23 427 28
internal_value=-7.55239e-11 -0.00488459 -0.132817 -0.241939 -0.00401331 0.0315088 0.0282399 0.13691 0.273768 0.423365 0.0135125 0.237735 -0.0319303 -0.0112359 0.0210275 -0.192078 -0.131243 0.0297989 -0.00711682 -0.333544 0.51041 -0.290117 -0.00670951 -0.0579434 -0.0332267 0.00193963 -0.092743 0.085166 -0.116709 0.0639355
internal_weight=97489 48637 329 184 48308 3408 3385 404 210 141 2981 93 69 194 2909 115 130 2794 49 145 44 72 44900 1569 1376 1056 494 562 472 539
internal_count=97489 48637 329 184 48308 3408 3385 404 210 141 2981 93 69 194 2909 115 130 2794 49 145 44 72 44900 1569 1376 1056 494 562 472 539
is_linear=0
shrinkage=0.1


Tree=82
num_leaves=31
num_cat=0
split_feature=106 97 104 80 25 102 12 15 19 111 92 87 80 57 4 49 13 48 4 27 14 1 22 109 3 35 104 80 103 84
split_gain=231.127 454.778 627.976 538.056 440.693 535.831 736.938 522.165 554.923 572.872 468.83 466.794 691.324 480.181 610.265 626.06 461.099 644.256 563.893 492.075 446.949 549.502 445.991 413.213 551.924 403.719 402.982 395.874 395.701 601.573
threshold=648.50000000000011 13.500000000000002 105.05000000000001 2225.7500000000005 0.86554360876699588 1.5000000000000002 3.9000000000000004 3.3157870472379432 2.0776550673994527 8.5000000000000018 1.0000000180025095e-35 50.500000000000007 3109.5500000000006 15.500000000000002 44.112500000000011 56.050000000000004 1.9746794344808967 14.250000000000002 29.885000000000009 1.2708567691023445 4.5277777777777786 10.360139960416447 7.6583333333333341 28.299794661190969 9.551803203540091 0.65858598855265582 108.55000000000001 2341.3499999999999 0.5335000000000002 108.50000000000001
decision_type=2 2 2 10 10 10 10 10 10 2 10 10 10 10 10 10 10 10 10 10 10 10 10 2 10 10 2 10 2 10
left_child=1 26 4 -4 7 6 10 11 27 -10 -6 13 16 14 15 -3 17 -13 -18 25 -17 -22 -8 -7 -25 -20 28 -9 -1 -30
right_child=-2 2 3 -5 5 23 22 8 9 -11 -12 12 -14 -15 -16 20 18 -19 19 -21 21 -23 -24 24 -26 -27 -28 -29 29 -31
leaf_value=-0.041215826227135016 -0.014561594249589326 -0.030088853471349743 0.050311141329416331 -0.026034566941892819 0.39413661537475364 0.051376198777587007 -0.10957391887222097 0.044860483392895695 0.12360808478622903 0.77641830116510402 0.0026527398248326105 -0.19638802577521056 0.34094404458999633 -0.25865497669825949 -0.32866979516753608 0.0042657168872021842 -0.056217077134116999 0.24218680171502963 -0.74503042957810472 0.01361689032478766 0.72976815029978759 0.1426015588077339 -0.4628596237115562 0.10531512180964152 -0.48316204975194793 -0.35778350000166231 0.0025196850081182489 -0.36879418251606139 -0.0037332419393838767 -0.31121714058681393
leaf_weight=4330 9804 667 5969 1092 43 1754 335 210 41 20 106 131 25 90 58 53 62 45 43 22 28 37 40 30 34 72 61332 26 10926 64
leaf_count=4330 9804 667 5969 1092 43 1754 335 210 41 20 106 131 25 90 58 53 62 45 43 22 28 37 40 30 34 72 61332 26 10926 64
internal_value=1.39114e-12 0.00162812 0.0206106 0.0385041 -0.0111987 0.0165898 -0.0725049 -0.0511253 0.0687823 0.337644 0.115631 -0.0778414 -0.168219 -0.0390945 -0.0156539 0.00747335 -0.202163 -0.0842524 -0.306445 -0.419687 0.219795 0.395535 -0.147258 0.0422694 -0.207313 -0.50258 -0.00110414 -0.000711641 -0.0156117 -0.00552387
internal_weight=97489 87685 11033 7061 3972 2342 524 1630 297 61 149 1333 400 933 843 785 375 176 199 137 118 65 375 1818 64 115 76652 236 15320 10990
internal_count=97489 87685 11033 7061 3972 2342 524 1630 297 61 149 1333 400 933 843 785 375 176 199 137 118 65 375 1818 64 115 76652 236 15320 10990
is_linear=0
shrinkage=0.1


Tree=83
num_leaves=31
num_cat=0
split_feature=102 54 38 18 107 28 82 21 35 88 21 89 14 83 104 109 35 26 2 43 7 25 44 41 109 40 16 11 39 32
split_gain=228.664 314.65 309.782 258.27 226.094 475.667 498.543 543.718 501.099 490.612 713.83 524.442 456.923 454.869 431.148 457.767 438.809 420.145 602.392 475.123 426.814 417.436 405.989 566.407 757.472 579.722 556.121 808.772 501.201 579.847
threshold=235.50000000000003 1.5000000000000002 1.8944444444444446 5.1000000000000005 2022.5000000000002 1.7573529411764708 246.50000000000003 2.4431213241527758 0.67092934572856999 55.550000000000004 2.5776783864437252 34.500000000000007 5.1055555555555561 362.50000000000006 117.45 35.467488021902817 1.2957404229547782 1.9500000000000002 44.175000000000018 0.76180168105713697 7.2732353695572511 1.1897227048854206 1.2928571428571431 0.86008240010958248 29.504449007529093 0.93541666666666679 8.4058823529411786 7.2868843916425812 0.9689585494434233 0.89444444444444449
decision_type=10 10 10 10 2 10 8 10 10 10 10 10 10 10 2 2 10 8 10 8 10 10 10 10 2 10 10 10 10 10
left_child=4 2 -2 -4 -1 14 7 8 -7 10 -9 -11 -12 -8 17 16 22 -6 19 -19 -20 -17 -16 25 26 -24 28 -28 -25 -30
right_child=1 -3 3 -5 5 6 13 9 -10 11 12 -13 -14 -15 15 21 -18 18 20 -21 -22 -23 23 24 -26 -27 27 -29 29 -31
leaf_value=0.003197588082642663 -0.06430170892675717 0.22151737226681278 -0.61108886241912852 -0.13538574576377868 -0.014033683994292523 -0.16227913804543326 -0.27471566935853353 0.70528088837862013 0.13361004116186917 0.95208099782466893 0.20867483861306135 0.23657049941165106 -0.30642927243159368 0.20969612598419191 -0.017166060499984589 -0.058822161681724321 0.14501448812691542 0.24442273451015356 -0.66509614352023971 -0.14486879710493417 -0.096462768756530509 -0.45646490291174918 0.098949074684511917 -0.14786037090639381 0.13557802909821204 0.43267285652458676 0.5643714598566294 -0.050456198904177421 0.024394819137022447 -0.19492521900821616
leaf_weight=70003 75 22 25 21 21489 78 63 20 215 20 51 21 26 28 2165 99 273 40 33 145 22 36 393 276 443 60 40 46 1126 135
leaf_count=70003 75 22 25 21 21489 78 63 20 215 20 51 21 26 28 2165 99 273 40 33 145 22 36 393 276 443 60 40 46 1126 135
internal_value=5.52514e-12 -0.126361 -0.189611 -0.39392 0.000185622 -0.00752555 0.0870177 0.131923 0.0548409 0.295583 0.172999 0.5856 0.0347436 -0.125666 -0.00936559 0.0168254 0.0217734 -0.0155032 -0.147081 -0.0606977 -0.437643 -0.16486 0.0145905 0.0418843 0.0196801 0.143151 -0.0119544 0.23551 -0.0258008 0.000914878
internal_weight=97489 143 121 46 97346 27343 522 431 293 138 97 41 77 91 26821 5092 4957 21729 240 185 55 135 4684 2519 2066 453 1623 86 1537 1261
internal_count=97489 143 121 46 97346 27343 522 431 293 138 97 41 77 91 26821 5092 4957 21729 240 185 55 135 4684 2519 2066 453 1623 86 1537 1261
is_linear=0
shrinkage=0.1


Tree=84
num_leaves=31
num_cat=0
split_feature=54 7 7 82 31 111 44 109 91 92 47 88 55 105 6 84 14 15 90 89 45 41 84 83 1 16 16 45 88 10
split_gain=227.252 354.085 504.685 359.778 294.536 228.853 415.737 412.385 559.334 671.606 570.455 560.158 720.299 814.196 948.378 657.857 604.264 618.891 526.154 575.391 542.404 503.589 481.321 465.67 463.735 456.549 473.713 593.067 508.854 458.945
threshold=7.5000000000000009 3.5613660101257651 3.0889514691594706 122.50000000000001 1.0000000180025095e-35 3.5000000000000004 5.7500000000000009 25.737166324435321 9.5000000000000018 1.5000000000000002 2.2789074068735116 63.250000000000007 58.500000000000007 0.77500000000000013 26.100000000000005 66.500000000000014 9.8500000000000032 2.700822724031736 4.5000000000000009 26.500000000000004 1.9564702302802399 1.6836971689011142 76.500000000000014 35.500000000000007 11.114247612656753 2.552777777777778 3.9750000000000005 1.3354134215912963 25.450000000000003 19.225000000000005
decision_type=10 8 10 10 10 2 8 2 10 8 8 10 10 10 10 8 8 10 10 10 10 10 10 10 10 10 10 10 10 10
left_child=5 2 4 -3 -2 6 7 8 9 11 -11 12 -1 14 24 21 17 -16 19 -10 23 -13 -22 -20 -14 -9 27 -27 -29 -30
right_child=1 3 -4 -5 -6 -7 -8 25 18 10 -12 15 13 -15 16 -17 -18 -19 20 -21 22 -23 -24 -25 -26 26 -28 28 29 -31
leaf_value=0.033010704976654807 -0.31500395551662552 -0.082215088434381092 0.55530449092388157 -0.43349760919809344 0.15457874751266312 -0.0015839923316778169 0.31278022596531591 0.39735455557152077 0.071393713882056675 -0.036041588883534224 0.36000472311232545 -0.25810641488776759 1.0288204937463714 -0.10481157617703561 -0.13368426308683728 -0.61218291565223981 -0.15837019994854928 0.47111738991225138 0.66412324309349069 -0.43435277938842776 -0.22641925243315875 0.21058384616200521 0.32848258490928195 0.19822296039161177 0.43441187824521754 -0.46757713338981077 -0.0075842422206119781 0.20694901530320445 -0.043105506288508573 -0.43718622284518044
leaf_weight=5317 22 328 20 32 34 84078 46 27 82 2132 37 52 21 62 23 27 40 64 23 31 54 41 22 319 35 48 4290 48 90 44
leaf_count=5317 22 328 20 32 34 84078 46 27 82 2132 37 52 21 62 23 27 40 64 23 31 54 41 22 319 35 48 4290 48 90 44
internal_value=-3.53894e-11 -0.0720339 0.124101 -0.11344 -0.0299002 0.000323605 0.0126848 0.0116171 0.0247711 0.018053 -0.0292856 0.0361237 0.0407356 0.208381 0.31449 -0.177638 0.163323 0.311227 0.1241 -0.0673509 0.175856 -0.0514795 -0.0657898 0.229555 0.657315 -0.0126311 -0.0150801 -0.154895 -0.0724293 -0.172505
internal_weight=97489 436 76 360 56 97053 12975 12929 8382 7851 2169 5682 5562 245 183 120 127 87 531 113 418 93 76 342 56 4547 4520 230 182 134
internal_count=97489 436 76 360 56 97053 12975 12929 8382 7851 2169 5682 5562 245 183 120 127 87 531 113 418 93 76 342 56 4547 4520 230 182 134
is_linear=0
shrinkage=0.1


Tree=85
num_leaves=31
num_cat=0
split_feature=105 83 27 85 1 51 2 30 9 10 35 59 87 1 41 9 61 15 19 6 19 105 41 81 30 19 9 82 90 25
split_gain=221.285 688.961 604.421 596.375 544.708 523.346 895.744 502.145 492.162 478.818 476.47 505.302 434.091 687.477 476.097 446.414 430.791 461.365 498.851 456.383 552.739 435.59 418.633 423.099 406.465 381.471 379.26 704.712 585.036 689.615
threshold=0.36666666666666675 377.50000000000006 0.91753098239279307 126.50000000000001 5.2996226272347711 98.40000000000002 59.00500000000001 0.90000000000000013 4.9469404064065161 32.375000000000007 0.68227130771774525 25.500000000000004 142.50000000000003 15.627075861900771 0.91052567998842104 11.831455191788683 5.5000000000000009 2.7218958235968356 0.86554360876699576 15.225000000000001 1.8818990709935315 1.0000000180025095e-35 1.0960414380584826 1158.5000000000002 2.5500000000000003 6.3284761087382764 10.943541908376572 61.500000000000007 8.5000000000000018 1.3779271744364847
decision_type=8 10 10 10 10 10 10 10 10 10 10 10 10 10 10 10 10 10 10 10 10 10 10 10 10 10 10 10 10 10
left_child=1 3 8 5 -4 9 10 -6 -3 12 -7 -12 15 14 -14 -1 -16 18 -18 -20 -21 -19 -5 -24 -13 26 -2 28 29 -28
right_child=25 2 4 22 7 6 -8 -9 -10 -11 11 24 13 -15 16 -17 17 21 19 20 -22 -23 23 -25 -26 -27 27 -29 -30 -31
leaf_value=-0.01258801813641822 0.0033237298173798197 0.44353323149681095 0.19989903662353756 0.48756953225686001 -0.2962494499947505 -0.31896513157657219 0.61453967151365108 0.003690424645450753 -0.036409531822618177 -0.36855250991679528 0.34424210672007233 0.11452470170127022 0.33392496090885759 -0.32700563784143549 -0.21917723703141118 0.17336304472616088 0.46016991065332191 0.65475944985325141 0.28258667003024707 -0.16406130509191677 0.093599617686545997 0.16683969297385837 -0.059587155214764854 0.47751292318105698 -0.41827980166389828 0.40107139597336455 -0.18666466049675143 -0.0091140089049896733 -0.49817861374071309 0.20898425598751824
leaf_weight=18738 75520 25 32 39 261 28 35 71 147 37 61 45 74 41 49 130 27 24 55 158 176 77 55 20 21 24 261 1158 47 53
leaf_count=18738 75520 25 32 39 261 28 35 71 147 37 61 45 74 41 49 130 27 24 55 158 176 77 55 20 21 24 261 1158 47 53
internal_value=4.22734e-11 -0.00925399 -0.121131 -0.00623911 -0.194127 -0.0075538 0.157612 -0.232106 0.0333496 -0.00915605 0.0544354 0.13676 -0.00847583 0.0699605 0.0953912 -0.0113068 0.0642048 0.091063 0.0445161 0.0156661 -0.0282879 0.282781 0.221826 0.0836395 -0.055004 0.00245283 0.00232864 -0.047144 -0.169135 -0.119883
internal_weight=97489 20426 536 19890 364 19776 190 332 172 19586 155 127 19549 681 640 18868 566 517 416 389 334 101 114 75 66 77063 77039 1519 361 314
internal_count=97489 20426 536 19890 364 19776 190 332 172 19586 155 127 19549 681 640 18868 566 517 416 389 334 101 114 75 66 77063 77039 1519 361 314
is_linear=0
shrinkage=0.1


Tree=86
num_leaves=31
num_cat=0
split_feature=44 103 79 6 83 109 81 39 52 80 39 103 56 41 23 15 110 82 48 96 44 36 32 21 27 27 20 41 21 45
split_gain=218.081 483.413 458.254 484.987 785.77 722.739 608.547 509.368 475.549 617.045 473.088 1130.48 766.79 756.133 608.888 577.93 731.883 551.328 536.92 534.293 540.666 531.693 687.635 838.291 541.59 564.882 524.044 571.705 555.804 478.071
threshold=1.7638888888888891 0.82300000000000006 4.5000000000000009 19.266666666666669 199.50000000000003 22.175222450376456 842.50000000000011 1.3519517580968834 29.500000000000004 136.85000000000005 2.1781685937879631 0.51950000000000018 5.5000000000000009 2.0134779451103522 2.935938826319779 1.4952303005917593 80.500000000000014 612.50000000000011 47.350000000000001 283.00000000000006 1.4722222222222225 3.5500000000000003 1.1833333333333336 3.023058267731269 0.96175944541781722 1.1995347124462643 4.3166666666666673 2.2121078102527219 2.5776783864437252 0.81988459163814564
decision_type=8 2 10 10 8 2 8 8 10 10 10 2 8 10 10 10 2 10 10 2 10 10 10 10 10 10 10 10 10 10
left_child=2 -2 3 7 8 6 -6 -1 9 -5 14 12 17 15 18 -13 -17 -12 19 21 -21 -4 -23 24 -24 -26 -15 28 -28 -18
right_child=1 -3 10 4 5 -7 -8 -9 -10 -11 11 13 -14 26 -16 16 29 -19 -20 20 -22 22 23 -25 25 -27 27 -29 -30 -31
leaf_value=-0.0070615738690511243 -0.0058673773303011111 -0.1739669170252286 0.013652520763085964 -0.26753509401210718 -0.74482668628295268 -0.084870504264376673 -0.23519675114026695 0.023283103003370224 0.46804905533790592 -0.011639879058685382 -0.033870546000543983 0.83327073433569498 0.37196106288168168 0.46124871281139995 -0.038577127340437889 0.098413215385693503 0.11550478112291207 -0.49854892072854223 -0.34701078286985076 -0.081501858471892785 -0.588328603147934 0.051245449629435724 0.44890179980832801 0.88028363764286055 -0.21462265476584436 0.27666000012308362 0.12546992395073175 0.17683726951337544 -0.28050594720747568 0.66707252421162355
leaf_weight=26108 31791 172 24461 98 30 456 107 7019 20 2450 470 21 45 34 2351 99 22 27 41 248 23 881 52 20 44 50 60 157 77 55
leaf_count=26108 31791 172 24461 98 30 456 107 7019 20 2450 470 21 45 34 2351 99 22 27 41 248 23 881 52 20 44 50 60 157 77 55
internal_value=-7.91772e-12 -0.00677196 0.0033033 -0.00420322 -0.0416283 -0.145382 -0.346795 -0.000632097 -0.0176695 -0.021482 0.0126198 0.0779804 -0.0233242 0.182565 0.0101442 0.33742 0.278256 -0.0591146 0.0145805 0.0151556 -0.124517 0.0166395 0.0864235 0.273122 0.189949 0.0466979 0.0895584 0.0465738 -0.102706 0.509482
internal_weight=97489 31963 65526 36288 3161 593 137 33127 2568 2548 29238 1067 542 525 28171 197 176 497 25820 25779 271 25508 1047 166 146 94 328 294 137 77
internal_count=97489 31963 65526 36288 3161 593 137 33127 2568 2548 29238 1067 542 525 28171 197 176 497 25820 25779 271 25508 1047 166 146 94 328 294 137 77
is_linear=0
shrinkage=0.1


Tree=87
num_leaves=31
num_cat=0
split_feature=91 29 19 48 87 103 27 57 29 19 2 1 19 109 55 87 15 89 82 82 23 46 19 46 1 20 89 94 85 111
split_gain=220.783 560.034 708.39 708.263 540.354 551.472 519.957 577.302 545.78 534.403 829.832 493.825 463.636 456.078 453.313 723.477 450.465 416.985 856.858 778.831 907.762 810.945 647.021 521.64 634.202 468.972 505.698 542.048 618.819 467.415
threshold=4.5000000000000009 0.97414489135340243 3.4278195413804746 1.5500000000000003 128.50000000000003 0.44500000000000006 1.4161750273926361 15.500000000000002 1.1371504998787871 3.4999927113323168 48.065000000000005 7.8890113417837444 4.135196948141604 26.169746748802194 35.500000000000007 60.500000000000007 2.79934085834934 25.500000000000004 8.5000000000000018 54.500000000000007 2.4747534720536897 4.7250000000000005 4.4999965706381859 3.9250000000000003 10.097054025044828 7.8444444444444459 24.500000000000004 4.5000000000000009 23.500000000000004 7.5000000000000009
decision_type=10 8 10 8 10 2 10 8 10 10 10 10 10 2 10 8 10 10 8 10 10 10 10 10 10 10 10 10 8 2
left_child=12 3 -3 4 -2 -6 8 11 -4 10 -10 -8 -1 -7 -14 -16 -9 22 -19 20 29 23 25 -21 -25 -5 27 -27 -29 -20
right_child=1 2 6 17 5 13 7 16 9 -11 -12 -13 14 -15 15 -17 -18 18 19 21 -22 -23 -24 24 -26 26 -28 28 -30 -31
leaf_value=-0.0020791482203905668 0.087925000000379117 -0.01301636091778717 0.019418573460029315 0.01759265334012167 0.80803453014010485 0.47908801734447481 -0.25293917933054139 -0.50539309553419931 0.11767379662086225 0.11808416825560711 0.95497025907039645 0.062869056508399607 -0.21716965830799345 -0.16749681025743485 0.11666667126918201 -0.19012266261674834 -0.092550976410871608 0.56965254303067925 0.26873743129950584 0.072077358198855704 -0.27944424436874177 -0.50382969627777741 -0.22184241678361305 0.0074808704140393633 0.71617012236799515 -0.11993387233939645 -0.44365927726030352 -0.032730638616999916 0.43555729488531753 -0.072144725737930501
leaf_weight=72666 906 12561 738 5938 21 24 57 39 29 717 20 377 196 20 169 141 82 32 66 1733 146 24 123 23 28 346 36 86 42 103
leaf_count=72666 906 12561 738 5938 21 24 57 39 29 717 20 377 196 20 169 141 82 32 66 1733 146 24 123 23 28 346 36 86 42 103
internal_value=1.55616e-11 0.0082551 -0.00410429 0.0268891 0.107906 0.386414 0.0502641 -0.0324602 0.0807907 0.139919 0.459427 0.0213919 -0.00274339 0.185186 -0.0981342 -0.022873 -0.225616 0.0178738 0.0560458 0.0483042 -0.0968035 0.0735857 0.00535509 0.0813536 0.396565 0.00968903 -0.0823339 -0.0548915 0.120926 0.0609809
internal_weight=97489 24317 14620 9697 971 65 2059 555 1504 766 49 434 73172 44 506 310 121 8726 2155 2123 315 1808 6571 1784 51 6448 510 474 128 169
internal_count=97489 24317 14620 9697 971 65 2059 555 1504 766 49 434 73172 44 506 310 121 8726 2155 2123 315 1808 6571 1784 51 6448 510 474 128 169
is_linear=0
shrinkage=0.1


Tree=88
num_leaves=31
num_cat=0
split_feature=79 95 5 46 104 45 31 17 12 16 47 103 103 14 83 10 6 48 85 40 89 20 23 22 28 28 18 88 13 86
split_gain=213.143 661.614 679.218 675.115 677.645 662.096 1181.16 636.642 487.647 780.94 628.279 621.966 627.058 607.828 467.663 462.18 442.138 472.459 555.67 433.943 371.066 380.777 365.67 355.66 352.802 422.775 352.561 554.499 466.289 345.716
threshold=12.500000000000002 4.5000000000000009 8.7458260721118339 5.5250000000000012 107.05000000000001 1.4210685583158829 0.52386127875258326 1.6711231563243534 5.9000000000000012 5.0544117647058835 2.4599422184164896 0.62150000000000005 0.49400000000000005 5.9500000000000011 201.50000000000003 28.075000000000006 29.100000000000005 16.250000000000004 12.500000000000002 3.0513157894736849 21.500000000000004 6.6125000000000007 2.5107662774064847 4.2565789473684221 1.297058823529412 0.59411764705882364 2.5500000000000003 19.250000000000004 1.5220501602311287 49.500000000000007
decision_type=10 10 10 10 2 10 10 10 10 10 10 2 2 10 8 10 10 10 10 10 10 10 10 10 10 10 10 10 10 10
left_child=-1 5 14 4 -4 6 23 -6 9 15 13 12 19 -10 -3 16 17 24 22 -11 -9 29 -19 -2 25 -7 27 -27 -28 -22
right_child=1 2 3 -5 7 8 -8 20 10 11 -12 -13 -14 -15 -16 -17 -18 18 -20 -21 21 -23 -24 -25 -26 26 28 -29 -30 -31
leaf_value=-0.00050271091452624517 -0.29504244953393938 -0.015789511303106945 -0.55397343919784936 -0.58965837875647209 0.44187305111151476 0.40431160576020675 0.76793679854808716 -0.49131011486053472 -0.47963583546876909 -0.069810424067757351 0.33261660507747104 -0.030315722039703171 0.82853938224725432 0.16146297539983478 0.51408372694446203 -0.32614904884248974 0.49447063693533777 -0.13880765970376596 -0.48169383843739833 0.53363610253884242 0.22345691210141891 -0.38023027013345012 0.22808403902771801 0.25709142525281226 0.52300965133167454 0.20386381398501069 0.45801741327300222 -0.35687534271015064 -0.0047537276055663828 -0.073523547855967833
leaf_weight=96375 20 36 27 28 26 36 39 20 50 22 21 33 32 21 31 32 23 71 30 26 54 29 44 28 21 29 33 45 64 143
leaf_count=96375 20 36 27 28 26 36 39 20 50 22 21 33 32 21 31 32 23 71 30 26 54 29 44 28 21 29 33 45 64 143
internal_value=3.23588e-11 0.0434908 -0.0606876 -0.12012 -0.0761494 0.1005 0.359164 -0.0287183 0.0649486 0.101143 -0.147893 0.334969 0.48565 -0.290015 0.229376 0.0394089 0.0689489 0.0427103 -0.098417 0.257056 -0.0784556 -0.0419198 0.00156829 0.0270356 0.132462 0.0928416 0.027269 -0.137126 0.152684 0.00788226
internal_weight=97489 1114 394 327 299 720 87 272 633 541 92 113 80 71 67 428 396 373 145 48 246 226 115 48 228 207 171 74 97 197
internal_count=97489 1114 394 327 299 720 87 272 633 541 92 113 80 71 67 428 396 373 145 48 246 226 115 48 228 207 171 74 97 197
is_linear=0
shrinkage=0.1


Tree=89
num_leaves=31
num_cat=0
split_feature=104 13 58 7 33 29 17 17 103 19 88 55 86 51 15 81 79 18 87 103 22 24 44 8 103 11 91 17 45 45
split_gain=210.401 352.893 574.269 466.088 501.503 422.005 432.257 465.758 516.176 417.729 404.18 608.788 378.168 611.782 911.456 560.005 598.381 548.914 824.555 620.461 837.562 656.714 596.342 558.584 513.906 501.625 488.858 488.012 482.934 647.405
threshold=114.35000000000001 3.570707350120379 1.5000000000000002 14.085453042028602 0.58913774088347881 1.424462552901272 2.4738227183551849 2.360068793602093 0.44500000000000006 2.1794192844442732 54.750000000000007 49.500000000000007 144.50000000000003 83.90000000000002 3.0486789949526862 1173.5000000000002 8.5000000000000018 2.9000000000000004 197.50000000000003 0.48700000000000004 2.3038461538461541 2.3666666666666671 1.8944444444444446 11.414285714285716 0.20100000000000004 6.5869687570178703 13.500000000000002 2.3948958725434233 1.4031488753667809 1.451051994566251
decision_type=2 10 10 10 10 10 10 10 2 10 10 10 10 10 10 10 10 10 10 2 10 10 10 10 2 10 10 10 10 10
left_child=-1 3 5 12 9 6 7 -3 -9 -5 11 -7 17 14 15 -14 -17 23 19 20 22 28 -19 -2 -22 -25 -26 -24 -21 -30
right_child=1 2 -4 4 -6 10 -8 8 -10 -11 -12 -13 13 -15 -16 16 -18 18 -20 21 24 -23 27 25 26 -27 -28 -29 29 -31
leaf_value=-0.0025307396544056171 0.0075648201767592061 0.011131441293816482 0.31728517429248709 0.10885408433775108 -0.02277477963807735 0.28421605436929637 0.01751649112199179 0.11712901479211346 0.71377236514255926 0.66455632827935684 0.56549553849078993 -0.35851739674806593 0.082249429032731913 -0.21745756528288804 0.28613953871089359 -0.24900290371398581 0.068202250950476703 0.077645385841883366 0.51855087981504555 0.019542484731756082 0.12218632598001607 0.44663292101543883 0.55433694672460365 -0.0066971302526436785 -0.013604950976340742 -0.079111824758298727 0.31760189135869349 0.0037381323223764245 0.39569407155116404 0.092947101072074587
leaf_weight=75179 7762 56 74 24 47 56 2386 29 29 31 27 20 156 199 86 198 85 168 34 1060 312 46 60 2149 4599 1724 45 22 78 748
leaf_count=75179 7762 56 74 24 47 56 2386 29 29 31 27 20 156 199 86 198 85 168 34 1060 312 46 60 2149 4599 1724 45 22 78 748
internal_value=-1.60731e-12 0.00852795 0.0425876 0.00388384 0.217091 0.0347783 0.0266055 0.216838 0.415451 0.422068 0.233147 0.115076 0.00277037 -0.0681499 -0.0115552 -0.0698735 -0.153729 0.00550054 0.0272604 0.0249202 0.00695965 0.0733171 0.185548 -0.00791257 -0.00204902 -0.0389313 -0.0103956 0.406615 0.0642119 0.121536
internal_weight=97489 22310 2677 19633 102 2603 2500 114 58 55 103 76 19531 724 525 439 283 18807 7172 7138 5206 1932 250 11635 4956 3873 4644 82 1886 826
internal_count=97489 22310 2677 19633 102 2603 2500 114 58 55 103 76 19531 724 525 439 283 18807 7172 7138 5206 1932 250 11635 4956 3873 4644 82 1886 826
is_linear=0
shrinkage=0.1


Tree=90
num_leaves=31
num_cat=0
split_feature=107 104 81 111 27 28 1 37 41 82 51 24 9 15 87 19 26 53 28 23 24 6 13 83 7 52 25 59 19 94
split_gain=211.897 463.896 442.057 441.801 419.575 454.37 438.282 420.128 847.187 712.037 701.234 635.477 564.906 483.551 404.727 398.167 394.332 390.764 390.127 389.102 387.089 552.44 385.867 611.999 448.046 443.78 544.308 585.722 586.904 512.196
threshold=2021.5000000000002 108.95000000000002 19.500000000000004 23.500000000000004 1.4239885991903292 2.6583333333333337 3.2196273038789287 2.7202320023735456 2.0644229226844115 220.50000000000003 79.40000000000002 1.1000000000000003 5.8731971038570503 1.9102888754005274 93.500000000000014 4.4999965706381859 2.9500000000000006 8.5000000000000018 1.5857142857142861 3.5144437559024921 1.3666666666666669 22.450000000000003 1.1474379817391951 414.50000000000006 11.827932284642598 14.500000000000002 0.82657830373090091 19.500000000000004 3.6193658501904902 4.5000000000000009
decision_type=2 2 10 2 8 10 8 10 10 10 10 10 10 10 10 8 10 8 10 10 10 10 8 10 10 10 10 10 10 10
left_child=1 2 3 20 7 6 -6 17 9 10 12 14 -9 -14 -10 16 -4 -3 -17 -13 21 -1 23 24 -2 -24 29 -28 -29 -27
right_child=22 4 15 -5 5 -7 -8 8 11 -11 -12 19 13 -15 -16 18 -18 -19 -20 -21 -22 -23 25 -25 -26 26 27 28 -30 -31
leaf_value=0.096315749638579182 -0.022056324267665291 -0.046485112122498791 -0.0071605455653769761 -0.013095796933905647 -0.45582028776407246 0.4480042117834091 -0.026432293231123921 -0.067577526625245812 -0.10410603857040407 0.51319084323636477 -0.25967246055603027 0.048326646045341599 0.85359536915551881 0.24329608098880665 -0.60078575270516543 -0.24390413964689853 -0.35842885151505471 0.01650825194760459 0.037874462661382398 0.52586741560981387 0.25195172999615539 -0.30479471667392838 -0.0037245358549631452 -0.34090956203158829 -0.25595779651439332 0.094957949415793719 -0.045929992505750042 0.16961040766285795 -0.16779400236423939 0.375051748091355
leaf_weight=477 6151 1022 24527 550 24 20 2495 32 75 73 35 91 20 37 21 139 32 27017 76 21 146 37 32791 62 83 355 632 306 62 80
leaf_count=477 6151 1022 24527 550 24 20 2495 32 75 73 35 91 20 37 21 139 32 27017 76 21 146 37 32791 62 83 355 632 306 62 80
internal_value=-3.07272e-11 0.00393204 -0.00592184 0.0530971 0.012196 -0.0267539 -0.0305233 0.0156728 0.116796 0.26541 0.119539 -0.0239592 0.268667 0.457436 -0.212755 -0.00880442 -0.00761824 0.0142122 -0.144299 0.137866 0.108258 0.067442 -0.00552778 -0.0282798 -0.0251705 -0.00134247 0.0530899 0.0124698 0.112765 0.146469
internal_weight=97489 56967 25984 1210 30983 2539 2519 28444 405 197 124 208 89 57 96 24774 24559 28039 215 112 660 514 40522 6296 6234 34226 1435 1000 368 435
internal_count=97489 56967 25984 1210 30983 2539 2519 28444 405 197 124 208 89 57 96 24774 24559 28039 215 112 660 514 40522 6296 6234 34226 1435 1000 368 435
is_linear=0
shrinkage=0.1


Tree=91
num_leaves=31
num_cat=0
split_feature=42 44 6 102 47 65 18 0 53 11 51 3 7 40 5 87 29 23 105 63 87 106 55 5 103 46 61 44 42 12
split_gain=204.039 244.183 292.125 202.887 421.819 349.498 295.794 291.898 392.449 418.293 488.583 291.403 346.067 424.847 474.91 289.786 365.965 425.243 447.676 406.374 491.844 405.588 370.365 320.095 314.452 287.97 669.037 279.137 280.247 276.065
threshold=6.9000000000000012 6.0500000000000007 41.70000000000001 4.5000000000000009 0.98925866802005491 6.5000000000000009 1.0000000180025095e-35 55.570000000000014 45.500000000000007 8.4073119800991467 77.15000000000002 16.836470004383361 8.8175955884477943 2.552777777777778 11.05879264372185 12.500000000000002 0.94043231754460754 1.3858687176201345 0.55000000000000016 6.5000000000000009 55.500000000000007 66.500000000000014 23.500000000000004 7.2416294689488234 0.28600000000000009 1.0954545454545457 10.500000000000002 5.8500000000000005 6.3000000000000016 17.700000000000006
decision_type=10 10 10 10 10 10 8 10 10 10 10 10 10 10 10 8 10 8 10 10 8 2 10 10 2 10 8 10 10 10
left_child=1 2 3 6 7 -6 -1 8 9 11 -11 12 15 14 -14 -5 17 18 22 20 -19 -18 -17 -23 -25 -26 -27 28 29 -8
right_child=-2 -3 -4 4 5 -7 27 -9 -10 10 -12 -13 13 -15 -16 16 21 19 -20 -21 -22 23 -24 24 25 26 -28 -29 -30 -31
leaf_value=-0.052448109106868181 -0.269907626456448 0.26046879134244388 -0.38216069281101228 -0.021944015395525356 -0.041609251093603861 0.31300293249743327 0.002090504504144781 0.33736420974687298 -0.39568183459341527 -0.058561077004387264 0.58456808797739168 -0.35690016475590797 0.049343966129116526 -0.20839781236080898 0.53975149177014836 0.23283929406889073 -0.26690536869601128 0.66781533884279654 -0.077715657021751455 0.1148946701941338 0.11310538750502371 -0.34540677537831166 -0.022152551013391978 -0.28886968429599491 0.015518365060376335 -0.054847148156935172 0.62604169922846342 -0.35421144399283966 0.30762352615594868 -0.19380059961824575
leaf_weight=1011 28 36 20 1892 3762 28 89180 27 24 21 27 22 39 21 40 129 63 33 226 235 31 24 102 28 258 31 27 22 30 72
leaf_count=1011 28 36 20 1892 3762 28 89180 27 24 21 27 22 39 21 40 129 63 33 226 235 31 24 102 28 258 31 27 22 30 72
internal_value=-8.80193e-12 7.75429e-05 -1.86755e-05 5.9789e-05 -0.0162292 -0.0389894 0.00133852 0.00991064 0.00720937 0.0101855 0.303199 0.00579165 0.00830163 0.191381 0.297652 0.00235556 0.0410875 0.0830124 0.0223479 0.175734 0.399128 -0.0324514 0.120245 0.00768611 0.0323205 0.0607804 0.262118 0.00194743 0.00203519 0.00193248
internal_weight=97489 97461 97425 97405 7090 3790 90315 3300 3273 3249 48 3201 3179 100 79 3079 1187 756 457 299 64 431 231 368 344 316 58 89304 89282 89252
internal_count=97489 97461 97425 97405 7090 3790 90315 3300 3273 3249 48 3201 3179 100 79 3079 1187 756 457 299 64 431 231 368 344 316 58 89304 89282 89252
is_linear=0
shrinkage=0.1


Tree=92
num_leaves=31
num_cat=0
split_feature=42 47 49 85 21 86 104 25 17 28 11 24 83 19 19 39 89 30 25 50 6 2 29 27 18 25 106 19 19 95
split_gain=199.774 398.595 563.485 500.205 624.339 582.744 691.312 563.508 578.001 654.086 528.182 484.946 480.136 637.051 522.58 571.087 504.127 618.723 549.06 520.353 486.227 719.416 569.308 542.182 805.66 684.55 503.038 473.026 464.825 464.442
threshold=2.5500000000000003 2.1321463285453195 28.150000000000002 39.500000000000007 1.3354134215912963 89.500000000000014 101.10000000000001 1.3779271744364847 2.7261995031887332 0.8973684210526317 7.8072166272834496 0.90000000000000013 185.50000000000003 4.161329433774676 3.4784757272261762 0.84327404271156814 34.500000000000007 0.77500000000000013 1.9746794344808967 1.0000000180025095e-35 24.300000000000001 43.57500000000001 0.7863214543819731 1.1761495463774236 4.5500000000000007 1.5543320308680684 464.50000000000006 2.8459956687007311 1.9746794344808967 3.5000000000000004
decision_type=10 10 8 8 10 10 2 10 10 10 10 10 8 10 10 10 10 10 10 10 10 10 10 10 10 10 2 10 10 10
left_child=-1 3 -3 5 -5 -2 -7 8 9 -6 -9 29 13 14 15 -4 18 19 -17 -18 21 -14 -22 24 -24 26 -25 -12 -27 -10
right_child=1 2 12 4 7 6 -8 10 11 -11 27 -13 20 -15 -16 16 17 -19 -20 -21 22 -23 23 25 -26 28 -28 -29 -30 -31
leaf_value=0.0019588761936587787 -0.0253278228423807 -0.30686560966530624 -0.069290192068710343 0.056237358253771866 -0.083694769835697028 -0.51178377903997896 0.026758769065924188 -0.1770907716906589 0.20428084534468113 -0.34841986446666112 0.45021114256646899 -0.16686015521237618 -0.083136764336260979 0.55996997797718417 -0.22588042392105356 0.14121456108791675 -0.35330431979816801 0.33561321679622896 -0.34308114598194761 0.055817453665979982 -0.39061806437469304 -0.61609586991112808 0.60893504768610007 -0.4644146103808221 0.077737340863864385 0.60686605215072642 -0.058397627082364317 -0.10726581475009089 -0.019789260523072606 -0.1478818142023243
leaf_weight=82113 8514 49 233 254 159 24 3489 46 97 226 45 197 200 26 61 952 67 31 24 58 31 29 32 47 265 20 87 23 29 61
leaf_count=82113 8514 49 233 254 159 24 3489 46 97 226 45 197 200 26 61 952 67 31 24 58 31 29 32 47 265 20 87 23 29 61
internal_value=3.23186e-11 -0.0104611 0.0285186 -0.0171115 -0.0814051 -0.0111884 0.0230796 -0.122343 -0.154226 -0.239092 0.0846159 -0.0621887 0.0360158 0.0694272 0.0604832 0.0732804 0.102626 -0.0642947 0.129306 -0.163472 -0.0295427 -0.150629 0.0247212 0.0515451 0.134971 -0.0838505 -0.200807 0.261653 0.235988 0.0683193
internal_weight=97489 15376 2241 13135 1108 12027 3513 854 740 385 114 355 2192 1452 1426 1365 1132 156 976 125 740 229 511 480 297 183 134 68 49 158
internal_count=97489 15376 2241 13135 1108 12027 3513 854 740 385 114 355 2192 1452 1426 1365 1132 156 976 125 740 229 511 480 297 183 134 68 49 158
is_linear=0
shrinkage=0.1


Tree=93
num_leaves=31
num_cat=0
split_feature=113 10 7 106 7 107 23 103 16 18 28 83 81 8 67 39 3 89 20 80 19 69 88 35 0 26 89 103 22 15
split_gain=207.103 497.827 727.517 971.488 808.493 677.61 574.816 501.491 482.843 416.667 366.951 356.975 357.185 514.518 728.499 453.796 583.412 391.141 350.798 440.422 373.365 371.596 474.061 349.593 348.515 664.421 651.071 342.851 529.191 447.369
threshold=1.0000000180025095e-35 27.725000000000005 6.0621764237928142 452.50000000000006 7.0285097561759651 2023.5000000000002 3.4249471274475201 0.44500000000000006 10.125000000000002 5.1000000000000005 1.4721362229102171 167.50000000000003 102.50000000000001 17.950000000000003 5.5000000000000009 1.5509204235016323 9.8810621336317563 16.500000000000004 2.1055555555555561 197.95000000000007 1.3227406337702023 1.5000000000000002 26.650000000000002 0.43974378074880666 58.990000000000002 1.3875000000000002 31.500000000000004 0.39200000000000007 5.5562500000000012 1.3354134215912967
decision_type=2 10 10 2 10 2 10 2 10 10 10 10 8 10 10 8 8 10 10 10 10 10 10 10 10 10 10 2 10 8
left_child=-1 6 7 4 -4 -5 11 -3 -8 -10 -11 12 13 18 15 17 -17 -15 -2 21 -21 22 -20 -13 25 -6 -26 28 -14 -29
right_child=1 2 3 5 24 -7 8 -9 9 10 -12 23 27 14 -16 16 -18 -19 19 20 -22 -23 -24 -25 26 -27 -28 29 -30 -31
leaf_value=0.0025651493637498823 -0.032183235618881291 0.56245017136846276 -0.56660545277595531 -0.67499693704062502 -0.051397846552521692 -0.14758356280979656 0.50178564731031661 -0.025346659314125143 -0.28822770516077678 0.082932337047008989 0.54765703529119492 0.34554533809423449 0.031904349562257607 0.059959794904263522 0.12465450001711197 -0.071826621269186347 -0.68475545475428756 -0.2894528663084831 0.16659993175556378 -0.31912618702163503 0.017821006044745447 0.1986802589620503 -0.15271237332453119 -0.055541822447914252 0.16802130575690952 0.56797852721707576 -0.56856489578882863 -0.19466806081303908 -0.30562660648943263 -0.0037645869217501023
leaf_weight=74434 3590 21 25 58 43 42 36 47 24 89 21 22 3969 53 66 24 44 81 92 49 100 213 94 1779 28 29 21 124 47 12224
leaf_count=74434 3590 21 25 58 43 42 36 47 24 89 21 22 3969 53 66 24 44 81 92 49 100 213 94 1779 28 29 21 124 47 12224
internal_value=8.55159e-11 -0.00828169 -0.133335 -0.213364 -0.0488982 -0.453483 -0.00655499 0.156179 0.176639 0.0892859 0.171653 -0.00793477 -0.00423152 -0.0295042 -0.163782 -0.258024 -0.468428 -0.151252 -0.0208076 0.0537154 -0.0929871 0.108499 0.00522705 -0.0506424 0.0580661 0.198073 -0.147658 0.00257313 0.0279542 -0.00568166
internal_weight=97489 23055 314 246 146 100 22741 68 170 134 110 22571 20770 4406 268 202 68 134 4138 548 149 399 186 1801 121 72 49 16364 4016 12348
internal_count=97489 23055 314 246 146 100 22741 68 170 134 110 22571 20770 4406 268 202 68 134 4138 548 149 399 186 1801 121 72 49 16364 4016 12348
is_linear=0
shrinkage=0.1


Tree=94
num_leaves=31
num_cat=0
split_feature=42 95 29 83 21 35 21 30 1 11 21 103 19 25 29 14 0 22 19 91 29 106 83 29 26 89 39 47 85 8
split_gain=202.278 587.733 738.755 842.118 650.457 591.516 683.703 611.655 831.077 590.566 746.633 690.594 622.519 579.097 552.97 550.021 838.937 524.079 521.58 653.152 753.296 519.088 518.988 501.569 484.139 467.953 466.459 462.109 454.125 610.995
threshold=3.4500000000000006 4.5000000000000009 1.1246829208201545 357.50000000000006 1.5776212754932317 0.75493299047175344 3.0632225696183011 0.55000000000000016 6.6807559451457044 9.3546357707109262 3.023058267731269 0.30400000000000005 3.5213347446413876 1.0477225575051665 1.0264444940950479 7.1333333333333337 39.150000000000013 5.2071428571428582 2.0246950765959606 5.5000000000000009 1.2990604861935495 404.50000000000006 143.50000000000003 1.0906756297274718 1.3875000000000002 22.500000000000004 1.3395671481745666 2.1603478758446975 8.5000000000000018 31.850000000000005
decision_type=10 10 10 10 10 10 10 10 10 10 10 2 10 8 10 10 10 10 10 10 10 2 10 10 10 10 10 10 10 10
left_child=-1 4 3 13 17 7 15 9 -9 10 11 25 -13 14 -3 16 -7 -2 22 21 -21 -20 26 -16 -15 -6 -10 -12 29 -11
right_child=1 2 -4 -5 5 6 -8 8 18 28 27 12 -14 24 23 -17 -18 -19 19 20 -22 -23 -24 -25 -26 -27 -28 -29 -30 -31
leaf_value=0.0010034433952248467 -0.056258340221140561 -0.077363490979570376 0.019858536360096997 -0.43386075061402823 0.15601640324694691 0.019089769475437977 0.20362353972100383 0.55613504901814925 0.49151478838920593 0.35477245357999609 -0.12477943695829077 -0.011309933012312121 0.55493614792823798 -0.13859085787535405 0.31183881391253743 0.087644231291512859 -0.34348074658176841 -0.57518821004778153 0.1731516794860363 0.20414128265590137 -0.48105284883862454 0.67364157223424259 -0.25809854517380398 -0.20058022794815211 -0.44337714901868852 0.68671267479658127 -0.093352400859196993 -0.58337870151908311 0.00070408139533052847 -0.2377596352249384
leaf_weight=92977 723 717 667 76 54 108 79 52 25 134 118 664 20 213 72 93 156 20 40 68 21 43 57 26 69 24 30 27 96 20
leaf_count=92977 723 717 667 76 54 108 79 52 25 134 118 664 20 213 72 93 156 20 40 68 21 43 57 26 69 24 30 27 96 20
internal_value=2.70239e-11 -0.0206776 -0.0641701 -0.111951 0.00927238 0.0398934 -0.0625783 0.0698181 0.188592 0.0353255 -0.00218333 0.0373949 0.00524697 -0.0896492 -0.0469108 -0.121486 -0.195156 -0.0702268 0.121295 0.230652 0.0424663 0.432442 -0.0466457 0.175891 -0.213166 0.319308 0.172496 -0.210174 0.171408 0.27782
internal_weight=97489 4512 1840 1173 2672 1929 436 1493 336 1157 907 762 684 1097 815 357 264 743 284 172 89 83 112 98 282 78 55 145 250 154
internal_count=97489 4512 1840 1173 2672 1929 436 1493 336 1157 907 762 684 1097 815 357 264 743 284 172 89 83 112 98 282 78 55 145 250 154
is_linear=0
shrinkage=0.1


Tree=95
num_leaves=31
num_cat=0
split_feature=105 83 85 38 18 83 27 79 82 6 6 39 16 103 51 28 37 8 26 103 5 87 1 41 23 9 37 47 21 26
split_gain=201.4 562.762 525.515 412.297 338.78 325.051 580.222 579.065 451.001 486.849 506.177 464.782 470.474 415.111 403.442 753.408 809.676 424.357 405.733 430.216 397.701 334.989 534.321 415.746 486.78 365.879 390.305 356.141 472.63 620.134
threshold=0.36666666666666675 670.50000000000011 126.50000000000001 2.0500000000000003 2.1000000000000005 377.50000000000006 0.68250705852645377 7.5000000000000009 499.50000000000006 24.900000000000002 20.900000000000002 1.2708567691023445 4.1519230769230786 0.58400000000000007 98.40000000000002 1.3944444444444446 1.7604525947843548 33.95000000000001 1.0500000000000003 0.32400000000000007 12.204009263552964 141.50000000000003 15.627075861900771 0.91052567998842104 1.6631981399671341 11.831455191788683 1.0477225575051665 1.424462552901272 2.4983322207382677 0.38750000000000007
decision_type=8 10 10 10 10 10 10 10 10 10 10 10 10 2 10 10 10 10 10 2 10 10 10 10 10 10 10 10 10 10
left_child=1 2 5 4 -4 14 7 -7 11 10 -10 12 -8 -13 17 18 20 21 19 -16 -17 25 23 24 -23 27 -27 -1 -29 -30
right_child=-2 -3 3 -5 -6 6 8 -9 9 -11 -12 13 -14 -15 15 16 -18 -19 -20 -21 -22 22 -24 -25 -26 26 -28 28 29 -31
leaf_value=-0.0035601166102587471 0.0023400238194902626 -0.48298988503217699 0.18432660941868576 -0.14944327909212848 0.6156918902397156 -0.03532215795806936 -0.1887594789765232 0.61253227618607609 0.13469712446133295 0.28881914486798149 -0.46813719289807176 -0.26915017144367942 0.39242558387609633 0.17373562610667687 -0.14899755929197586 0.4554978419095278 0.70478821501538569 -0.42058711147308347 -0.23527880944988944 0.48378801833499563 -0.10350071630307607 0.15177453792278184 -0.28143644270508789 0.053225636350910911 0.72517689362168314 -0.12149003653062716 0.26689444998603151 -0.049059029261398074 0.51096319395762224 0.015709910614643503
leaf_weight=13645 77063 25 67 26 25 37 30 22 30 48 26 265 26 23 21 20 37 25 55 22 35 57 43 573 20 36 92 4152 26 917
leaf_count=13645 77063 25 67 26 25 37 30 22 30 48 26 265 26 23 21 20 37 25 55 22 35 57 43 573 20 36 92 4152 26 917
internal_value=2.78064e-11 -0.00882842 -0.00824737 0.202175 0.301545 -0.00947154 -0.0885348 0.206251 -0.127357 0.0551218 -0.14519 -0.182525 0.0810764 -0.233781 -0.00744458 0.137572 0.343093 -0.00885136 -0.0553668 0.174753 0.0997715 -0.00832514 0.0599585 0.082543 0.30071 -0.0108331 0.157661 -0.011984 -0.0345441 0.0293648
internal_weight=97489 20426 20401 118 92 20283 507 59 448 104 56 344 56 288 19776 190 92 19586 98 43 55 19561 693 650 77 18868 128 18740 5095 943
internal_count=97489 20426 20401 118 92 20283 507 59 448 104 56 344 56 288 19776 190 92 19586 98 43 55 19561 693 650 77 18868 128 18740 5095 943
is_linear=0
shrinkage=0.1


Tree=96
num_leaves=31
num_cat=0
split_feature=29 27 15 39 106 110 11 46 81 6 103 81 29 104 4 63 46 19 0 34 77 109 17 2 7 104 34 94 18 17
split_gain=196.587 269.174 227.958 229.851 248.271 201.489 320.7 402.36 354.558 373.191 321.979 507.943 638.048 456.933 379.92 519.455 424.241 423.847 565.22 366.664 374.924 350.324 331.707 339.109 321.523 346.197 309.825 453.969 488.942 405.642
threshold=1.9053249168232977 2.3629051812323496 3.2691132039598183 2.2123387778440669 231.50000000000003 73.500000000000014 8.0376580269230384 3.0750000000000006 400.50000000000006 11.450000000000001 0.29800000000000004 432.50000000000006 1.0771240531701662 116.45000000000002 40.977500000000013 17.500000000000004 2.7071428571428577 2.2041230063145054 37.490000000000016 0.19375000000000003 5.5000000000000009 28.880219028062974 1.7316708885316061 27.890000000000004 10.851266962532264 114.75000000000001 0.23303167420814483 3.5000000000000004 1.1000000000000003 1.6631981399671341
decision_type=10 10 10 10 2 2 10 10 8 10 2 10 10 2 10 10 10 10 10 10 10 2 10 8 10 2 8 10 10 10
left_child=1 5 3 4 -2 6 7 10 24 -10 11 -1 19 14 15 16 21 -17 -19 20 -13 -12 -14 -24 25 -8 27 -7 -29 -30
right_child=2 -3 -4 -5 -6 26 8 -9 9 -11 13 12 22 -15 -16 17 -18 18 -20 -21 -22 -23 23 -25 -26 -27 -28 28 29 -31
leaf_value=-0.0009751794296967728 -0.10980713919681662 0.32829569584131241 -0.37409192873881414 -0.36061118245124818 0.14931771948548228 0.0070801480885177076 -0.21747697431998081 -0.41360827839374548 0.0099488575259844472 -0.4164443933046782 -0.027630234031329234 0.33202659417357716 -0.35073331878943881 -0.18434398814132721 -0.38189428129366471 -0.016686090138718124 -0.34579897312781749 0.71687557588198358 0.047837389390105789 0.15278753911455473 0.86370411600385388 0.050075762012762919 0.43718652255833157 -0.078994483990328657 0.27786573602093595 0.15032339124260724 -0.0019226751583916555 0.38647487502206457 0.15624473487606755 0.030447204027257608
leaf_weight=465 102 25 26 22 58 18799 83 25 30 65 3413 36 22 165 28 41 39 28 23 48 21 699 20 35 27 37 71066 44 302 1695
leaf_count=465 102 25 26 22 58 18799 83 25 30 65 3413 36 22 165 28 41 39 28 23 48 21 699 20 35 27 37 71066 44 302 1695
internal_value=2.04764e-11 0.000207643 -0.0971141 -0.0575459 -0.0158744 0.000123307 -0.0187419 -0.0134128 -0.131226 -0.281794 -0.0114445 0.0544573 0.196084 -0.0210564 -0.0147482 -0.0123254 -0.0175344 0.222703 0.415152 0.356424 0.527908 -0.014421 -0.0225612 0.108708 -0.0339201 -0.104072 0.00122148 0.0119433 0.0567363 0.0494712
internal_weight=97489 97281 208 182 160 97256 5350 5108 242 95 5083 647 182 4436 4271 4243 4151 92 51 105 57 4112 77 55 147 120 91906 20840 2041 1997
internal_count=97489 97281 208 182 160 97256 5350 5108 242 95 5083 647 182 4436 4271 4243 4151 92 51 105 57 4112 77 55 147 120 91906 20840 2041 1997
is_linear=0
shrinkage=0.1


Tree=97
num_leaves=31
num_cat=0
split_feature=48 104 2 106 16 106 97 104 100 22 92 65 63 25 104 49 20 22 84 105 49 21 86 14 83 19 2 1 105 67
split_gain=196.891 236.424 240.256 315.3 222.025 199.587 361.018 525.778 535.652 481.169 613.751 420.66 430.356 410.816 572.132 601.981 497.797 479.744 434.071 469.244 425.209 542.269 492.219 563.733 514.482 612.081 440.991 641.513 421.806 951.579
threshold=-2.6499999999999995 115.85000000000001 13.895000000000005 66.500000000000014 2.6583333333333337 648.50000000000011 13.500000000000002 101.75000000000001 1.0000000180025095e-35 7.4750000000000005 3.5000000000000004 5.5000000000000009 13.500000000000002 0.86554360876699588 110.75000000000001 30.050000000000004 5.2111111111111121 5.6181818181818191 97.500000000000014 0.63333333333333341 79.65000000000002 2.1717884406070893 25.500000000000004 2.4142857142857146 20.500000000000004 3.3640244544575082 31.245000000000001 8.0012811458911877 0.55000000000000016 5.5000000000000009
decision_type=8 2 10 2 10 2 2 2 2 10 10 10 10 8 2 10 10 10 10 8 8 10 10 10 10 10 10 10 10 10
left_child=1 2 3 -1 -3 6 -2 8 9 10 11 -8 -13 14 16 -16 17 18 28 -20 21 -15 24 -24 25 -23 27 -25 -9 -30
right_child=5 4 -4 -5 -6 -7 7 13 -10 -11 -12 12 -14 20 15 -17 -18 -19 19 -21 -22 22 23 26 -26 -27 -28 -29 29 -31
leaf_value=-0.14211082920432092 -0.00070411384290109975 0.32952055697855742 -0.28333478546575519 0.26188676463067534 -0.093284253941641915 -0.013309356097070702 -0.0825597676448524 -0.013673202738483981 0.02173489655105534 -0.46045747384046898 0.38720249032974241 -0.58015256369033386 -0.04307291662693024 0.060867311348516751 -0.33799007601208159 0.15172202917708069 -0.078876242246478809 0.42844940843405549 -0.010786797934108312 -0.63294981487772684 0.1276853670959564 -0.14135455560480428 -0.29395171226681888 -0.094346255763025771 0.2066209474776462 0.36494727804946403 -0.031052127057746143 0.24762028451566095 0.021205155630656461 0.3134665515227586
leaf_weight=85 76418 23 74 25 27 9804 378 2020 518 39 25 37 25 3145 27 357 835 27 27 22 532 117 74 89 207 30 1607 143 616 136
leaf_count=85 76418 23 74 25 27 9804 378 2020 518 39 25 37 25 3145 27 357 835 27 27 22 532 117 74 89 207 30 1607 143 616 136
internal_value=2.93529e-11 -0.0916185 -0.144016 -0.0502932 0.101206 0.000220438 0.00173724 0.0186468 -0.0496763 -0.123071 -0.0947742 -0.122159 -0.363588 0.0256218 0.00113187 0.117289 -0.010979 0.00892765 0.00491238 -0.290125 0.0423783 0.0339926 -0.00329062 -0.0233352 0.10503 -0.0380277 -0.0124458 0.116435 0.0101277 0.0740609
internal_weight=97489 234 184 110 50 97255 87451 11033 1022 504 465 440 62 10011 4067 384 3683 2848 2821 49 5944 5412 2267 1913 354 147 1839 232 2772 752
internal_count=97489 234 184 110 50 97255 87451 11033 1022 504 465 440 62 10011 4067 384 3683 2848 2821 49 5944 5412 2267 1913 354 147 1839 232 2772 752
is_linear=0
shrinkage=0.1


Tree=98
num_leaves=31
num_cat=0
split_feature=104 42 83 43 6 10 79 2 55 49 49 82 90 0 96 11 27 89 47 12 4 36 52 15 1 81 87 53 83 37
split_gain=195.571 317.27 555.15 498.011 452.219 593.28 453.816 546.928 419.985 519.911 582.76 619.06 428.137 520.353 460.251 785.354 768.112 473.787 786.608 637.993 538.614 530.663 516.689 459.217 424.699 418.588 441.745 394.258 385.504 556.648
threshold=114.35000000000001 1.9000000000000001 3.5000000000000004 0.86554360876699599 36.70000000000001 32.375000000000007 2.5000000000000004 54.975000000000016 31.500000000000004 51.45000000000001 50.750000000000007 136.50000000000003 1.0000000180025095e-35 40.210000000000015 244.50000000000003 9.190885072501386 1.7998394371555957 19.500000000000004 1.1186221183122134 4.7750000000000012 46.902500000000018 3.6333333333333337 16.500000000000004 3.401330253966151 7.8492037789498079 637.50000000000011 116.50000000000001 36.500000000000007 125.50000000000001 1.658243862791825
decision_type=2 10 8 8 10 10 10 10 10 8 10 10 10 10 2 10 10 10 10 10 10 10 10 10 10 10 10 8 10 10
left_child=1 4 3 -3 5 6 7 -1 9 10 25 -12 13 24 -14 16 17 18 -16 -20 -19 -22 -23 -17 27 26 -4 -10 29 -27
right_child=-2 2 8 -5 -6 -7 -8 -9 12 -11 11 -13 14 -15 15 23 -18 20 19 -21 21 22 -24 -25 -26 28 -28 -29 -30 -31
leaf_value=-0.01234849171571252 0.0082219221570877295 0.24634269197160999 -0.039097788941965361 -0.18110963399553259 0.40335259218035002 -0.32992691148279446 0.0073343224613503458 -0.48046996939182285 -0.34038850755631173 -0.13838145442572314 0.6804212611654531 0.059164092591348687 0.0036274785598342306 -0.44758512326856947 0.47714212317215776 -0.44512481142122012 0.53946308700934709 -0.1794011141700167 -0.3050314318003326 0.056983238300339328 0.072239498214278011 -0.085790378852717342 -0.61164866469123158 -0.054494964065296317 0.010509685977040051 0.1005772526027313 -0.2864218680694624 0.15663777843117715 -0.046487286460092841 0.63176983689719979
leaf_weight=14927 22310 30 2997 298 28 54 39352 25 79 473 23 53 14788 41 38 78 23 359 58 303 266 124 22 49 214 191 74 20 170 22
leaf_count=14927 22310 30 2997 298 28 54 39352 25 79 473 23 53 14788 41 38 78 23 359 58 303 266 124 22 49 214 191 74 20 170 22
internal_value=-6.5833e-11 -0.00243992 -0.0129463 -0.142013 0.00157688 0.00136993 0.00169937 -0.0131312 -0.0108776 -0.0399285 -0.0267364 0.247176 -0.00381346 -0.112598 -0.00142273 -0.0580003 -0.0328335 -0.0440838 0.0443747 -0.00117978 -0.089862 -0.0118412 -0.165029 -0.294409 -0.0687184 -0.0327634 -0.0450574 -0.239979 0.0658129 0.155442
internal_weight=97489 75179 20793 328 54386 54358 54304 14952 20465 4003 3530 76 16462 354 16108 1320 1193 1170 399 361 771 412 146 127 313 3454 3071 99 383 213
internal_count=97489 75179 20793 328 54386 54358 54304 14952 20465 4003 3530 76 16462 354 16108 1320 1193 1170 399 361 771 412 146 127 313 3454 3071 99 383 213
is_linear=0
shrinkage=0.1


Tree=99
num_leaves=31
num_cat=0
split_feature=100 94 43 36 53 16 49 15 0 2 14 17 48 10 55 85 19 105 89 2 102 89 21 7 57 42 86 39 87 31
split_gain=182.301 411.638 798.011 430.536 719.332 504.577 493.79 518.01 481.502 431.213 440.938 426.646 776.628 648.533 917.677 800.985 830.55 723.5 691.035 645.818 617.237 566.562 571.094 536.356 649.176 526.953 525.795 512.944 501.342 488.62
threshold=1.0000000180025095e-35 8.5000000000000018 2.0246950765959606 4.9000000000000012 57.500000000000007 11.675000000000002 82.800000000000011 1.6608211942471602 63.649999999999999 56.045000000000009 9.4500000000000011 2.7887356931858038 27.250000000000004 28.425000000000001 60.500000000000007 24.500000000000004 2.2912618684212727 0.55000000000000016 16.500000000000004 44.475000000000016 1.5000000000000002 41.500000000000007 3.3027763687218359 5.4977263328068187 6.5000000000000009 4.7000000000000002 189.50000000000003 1.4031488753667809 187.50000000000003 1.7604525947843548
decision_type=2 10 10 10 8 10 10 10 10 10 10 10 10 10 10 8 10 10 10 10 10 10 8 10 8 10 10 10 8 10
left_child=1 3 -3 6 5 9 8 -8 11 -5 -11 12 13 14 -1 16 17 20 -18 -20 -16 22 29 -13 -25 -26 28 -17 -15 -14
right_child=-2 2 -4 4 -6 -7 7 -9 -10 10 -12 23 21 26 15 27 18 -19 19 -21 -22 -23 -24 24 25 -27 -28 -29 -30 -31
leaf_value=-0.0018507561322077251 0.0043147813741277264 0.40466299910098319 -0.32472520798444748 -0.11852859175601685 0.37936674776519169 0.27445576391848076 0.58078325167298317 0.064513822271979993 -0.31519602707028388 -0.6648479167371989 -0.13988503799773752 -0.00064229591391302141 0.12688798200534177 -0.15325431485111132 0.75177032113075259 0.26871839575469497 0.94299247094563077 -0.179929164290661 0.17520846343111426 0.70926025144515503 0.11288628623850885 -0.34136210641553327 -0.10244449223600216 -0.23535659909699902 -0.036720050088833639 0.33194307459470557 -0.48775854339966412 -0.28238669707064046 0.21825072871044626 -0.36045629059274997
leaf_weight=31174 48852 60 20 327 29 28 20 688 50 32 32 7478 1012 234 20 24 21 64 84 31 62 31 134 165 6618 39 39 57 43 21
leaf_count=31174 48852 60 20 327 29 28 20 688 50 32 32 7478 1012 234 20 24 21 64 84 31 62 31 134 165 6618 39 39 57 43 21
internal_value=-2.16833e-11 -0.00433385 0.222316 -0.00470727 -0.102286 -0.135622 -0.0037986 0.0790977 -0.00503678 -0.164988 -0.402366 -0.00470927 0.00153448 -0.00143833 -1.00188e-05 0.15807 0.237682 0.0720472 0.415496 0.31917 0.268712 0.080577 0.0917853 -0.0191402 -0.0394168 -0.0345602 -0.143985 -0.119096 -0.0955839 0.116981
internal_weight=97489 48637 80 48557 448 419 48109 708 47401 391 64 47351 33051 31853 31537 363 282 146 136 115 82 1198 1167 14300 6822 6657 316 81 277 1033
internal_count=97489 48637 80 48557 448 419 48109 708 47401 391 64 47351 33051 31853 31537 363 282 146 136 115 82 1198 1167 14300 6822 6657 316 81 277 1033
is_linear=0
shrinkage=0.1


end of trees

feature_importances:
pts_rolling_20g_avg=156
opponent_win_pct=98
opponent_def_rating=97
pts_rolling_5g_avg=91
pts_rolling_10g_avg=84
fantasy_pts_lag_1=79
pts_lag_1=79
fantasy_pts_season_max=65
pts_career_max=63
days_rest=62
3pm_season_cumulative_total=61
pts_season_max=59
draft_pick_numeric=56
ast_season_cumulative_total=53
pts_rolling_5g_std=48
ast_rolling_5g_std=47
pts_rolling_20g_std=44
age_at_game=43
season_start_year=42
fantasy_pts_career_max=40
pts_season_cumulative_total=40
3pm_rolling_20g_std=38
fantasy_pts_season_min=38
tov_rolling_5g_avg=37
ast_rolling_20g_avg=36
fantasy_pts_rolling_5g_avg=34
reb_rolling_5g_std=34
ast_rolling_10g_std=34
tov_rolling_10g_std=34
tov_rolling_20g_std=34
reb_season_cumulative_total=33
fantasy_pts_rolling_5g_std=32
3pm_rolling_10g_std=32
career_games_played=32
fantasy_pts_rolling_10g_std=31
reb_rolling_10g_std=31
ast_rolling_5g_avg=31
tov_rolling_20g_avg=31
stl_rolling_20g_std=30
3pm_rolling_5g_avg=30
pts_rolling_10g_std=29
reb_rolling_20g_std=29
3pm_rolling_10g_avg=29
3pm_rolling_20g_avg=29
tov_rolling_5g_std=28
pts_season_min=28
tov_lag_1=28
fantasy_pts_rolling_20g_std=27
stl_rolling_10g_std=27
tov_rolling_10g_avg=26
tov_season_cumulative_total=26
fantasy_pts_rolling_20g_avg=25
ast_rolling_20g_std=24
fantasy_pts_rolling_10g_avg=23
stl_season_cumulative_total=23
3pm_lag_1=23
reb_rolling_10g_avg=22
reb_rolling_20g_avg=22
stl_rolling_5g_std=22
3pm_rolling_5g_std=22
blk_season_cumulative_total=21
fantasy_pts_season_cumulative_total=20
blk_rolling_20g_std=19
ast_rolling_10g_avg=17
stl_rolling_20g_avg=17
reb_rolling_5g_avg=16
stl_rolling_10g_avg=16
reb_season_max=16
WEIGHT=16
SEASON_EXP=16
home_game=16
opponent_recent_form=16
ast_career_max=15
ast_lag_1=15
3pm_career_max=14
height_inches=13
fantasy_pts_career_min=12
ast_season_max=12
reb_lag_1=12
stl_rolling_5g_avg=11
blk_rolling_5g_std=10
blk_rolling_10g_avg=9
blk_rolling_20g_avg=9
3pm_season_max=9
blk_rolling_10g_std=8
reb_career_max=8
pts_career_min=7
tov_season_min=7
tov_season_max=7
tov_career_max=7
stl_lag_1=7
season_number=7
blk_rolling_5g_avg=6
ast_season_min=6
stl_career_max=6
reb_season_min=5
position_Center=5
stl_season_max=4
blk_season_max=3
blk_career_max=3
blk_lag_1=2
reb_career_min=1
stl_season_min=1
3pm_season_min=1
FROM_YEAR=1

parameters:
[boosting: gbdt]
[objective: regression]
[metric: l2]
[tree_learner: serial]
[device_type: cpu]
[data_sample_strategy: bagging]
[data: ]
[valid: ]
[num_iterations: 100]
[learning_rate: 0.1]
[num_leaves: 31]
[num_threads: 10]
[seed: 42]
[deterministic: 0]
[force_col_wise: 0]
[force_row_wise: 0]
[histogram_pool_size: -1]
[max_depth: -1]
[min_data_in_leaf: 20]
[min_sum_hessian_in_leaf: 0.001]
[bagging_fraction: 1]
[pos_bagging_fraction: 1]
[neg_bagging_fraction: 1]
[bagging_freq: 0]
[bagging_seed: 400]
[bagging_by_query: 0]
[feature_fraction: 1]
[feature_fraction_bynode: 1]
[feature_fraction_seed: 30056]
[extra_trees: 0]
[extra_seed: 12879]
[early_stopping_round: 0]
[early_stopping_min_delta: 0]
[first_metric_only: 0]
[max_delta_step: 0]
[lambda_l1: 0]
[lambda_l2: 0]
[linear_lambda: 0]
[min_gain_to_split: 0]
[drop_rate: 0.1]
[max_drop: 50]
[skip_drop: 0.5]
[xgboost_dart_mode: 0]
[uniform_drop: 0]
[drop_seed: 17869]
[top_rate: 0.2]
[other_rate: 0.1]
[min_data_per_group: 100]
[max_cat_threshold: 32]
[cat_l2: 10]
[cat_smooth: 10]
[max_cat_to_onehot: 4]
[top_k: 20]
[monotone_constraints: ]
[monotone_constraints_method: basic]
[monotone_penalty: 0]
[feature_contri: ]
[forcedsplits_filename: ]
[refit_decay_rate: 0.9]
[cegb_tradeoff: 1]
[cegb_penalty_split: 0]
[cegb_penalty_feature_lazy: ]
[cegb_penalty_feature_coupled: ]
[path_smooth: 0]
[interaction_constraints: ]
[verbosity: -1]
[saved_feature_importance_type: 0]
[use_quantized_grad: 0]
[num_grad_quant_bins: 4]
[quant_train_renew_leaf: 0]
[stochastic_rounding: 1]
[linear_tree: 0]
[max_bin: 255]
[max_bin_by_feature: ]
[min_data_in_bin: 3]
[bin_construct_sample_cnt: 200000]
[data_random_seed: 175]
[is_enable_sparse: 1]
[enable_bundle: 1]
[use_missing: 1]
[zero_as_missing: 0]
[feature_pre_filter: 1]
[pre_partition: 0]
[two_round: 0]
[header: 0]
[label_column: ]
[weight_column: ]
[group_column: ]
[ignore_column: ]
[categorical_feature: ]
[forcedbins_filename: ]
[precise_float_parser: 0]
[parser_config_file: ]
[objective_seed: 16083]
[num_class: 1]
[is_unbalance: 0]
[scale_pos_weight: 1]
[sigmoid: 1]
[boost_from_average: 1]
[reg_sqrt: 0]
[alpha: 0.9]
[fair_c: 1]
[poisson_max_delta_step: 0.7]
[tweedie_variance_power: 1.5]
[lambdarank_truncation_level: 30]
[lambdarank_norm: 1]
[label_gain: ]
[lambdarank_position_bias_regularization: 0]
[eval_at: ]
[multi_error_top_k: 1]
[auc_mu_weights: ]
[num_machines: 1]
[local_listen_port: 12400]
[time_out: 120]
[machine_list_filename: ]
[machines: ]
[gpu_platform_id: -1]
[gpu_device_id: -1]
[gpu_use_dp: 0]
[num_gpu: 1]

end of parameters

pandas_categorical:[]
