tree
version=v4
num_class=1
num_tree_per_iteration=1
label_index=0
max_feature_idx=115
objective=regression
feature_names=fantasy_pts_rolling_5g_avg fantasy_pts_rolling_5g_std fantasy_pts_rolling_10g_avg fantasy_pts_rolling_10g_std fantasy_pts_rolling_20g_avg fantasy_pts_rolling_20g_std pts_rolling_5g_avg pts_rolling_5g_std pts_rolling_10g_avg pts_rolling_10g_std pts_rolling_20g_avg pts_rolling_20g_std reb_rolling_5g_avg reb_rolling_5g_std reb_rolling_10g_avg reb_rolling_10g_std reb_rolling_20g_avg reb_rolling_20g_std ast_rolling_5g_avg ast_rolling_5g_std ast_rolling_10g_avg ast_rolling_10g_std ast_rolling_20g_avg ast_rolling_20g_std stl_rolling_5g_avg stl_rolling_5g_std stl_rolling_10g_avg stl_rolling_10g_std stl_rolling_20g_avg stl_rolling_20g_std blk_rolling_5g_avg blk_rolling_5g_std blk_rolling_10g_avg blk_rolling_10g_std blk_rolling_20g_avg blk_rolling_20g_std tov_rolling_5g_avg tov_rolling_5g_std tov_rolling_10g_avg tov_rolling_10g_std tov_rolling_20g_avg tov_rolling_20g_std 3pm_rolling_5g_avg 3pm_rolling_5g_std 3pm_rolling_10g_avg 3pm_rolling_10g_std 3pm_rolling_20g_avg 3pm_rolling_20g_std fantasy_pts_season_min fantasy_pts_season_max fantasy_pts_career_min fantasy_pts_career_max pts_season_min pts_season_max pts_career_min pts_career_max reb_season_min reb_season_max reb_career_min reb_career_max ast_season_min ast_season_max ast_career_min ast_career_max stl_season_min stl_season_max stl_career_min stl_career_max blk_season_min blk_season_max blk_career_min blk_career_max tov_season_min tov_season_max tov_career_min tov_career_max 3pm_season_min 3pm_season_max 3pm_career_min 3pm_career_max fantasy_pts_season_cumulative_total pts_season_cumulative_total reb_season_cumulative_total ast_season_cumulative_total stl_season_cumulative_total blk_season_cumulative_total tov_season_cumulative_total 3pm_season_cumulative_total fantasy_pts_lag_1 pts_lag_1 reb_lag_1 ast_lag_1 stl_lag_1 blk_lag_1 tov_lag_1 3pm_lag_1 WEIGHT SEASON_EXP FROM_YEAR TO_YEAR home_game away_game days_rest opponent_win_pct opponent_def_rating opponent_recent_form career_games_played season_start_year season_number age_at_game height_inches draft_pick_numeric is_undrafted position_Center position_Forward position_Guard
feature_infos=[-1:80.739999999999995] [0:33.644568655282235] [-1:71.920000000000016] [0:27.550241983208302] [-1:69.315000000000012] [0:27.550241983208302] [0:52.200000000000003] [0:24.785076154815421] [0:45.899999999999999] [0:19.406757127923825] [0:42.950000000000003] [0:15.874839410708679] [0:21.600000000000001] [0:10.329569206893384] [0:19.300000000000001] [0:8.2219219164377861] [0:17.649999999999999] [0:7.7781745930520225] [0:18.800000000000001] [0:7.334848328356899] [0:16] [0:6.7330032922413849] [0:14.1] [0:5.6568542494923806] [0:5.7999999999999998] [0:4.2190046219457971] [0:4] [0:3.0550504633038935] [0:4] [0:3.0550504633038935] [0:6.5999999999999996] [0:4.9497474683058327] [0:5.2000000000000002] [0:4.9497474683058327] [0:5] [0:4.9497474683058327] [0:8.1999999999999993] [0:4.6151923036857303] [0:6.9000000000000004] [0:3.5355339059327378] [0:6.6500000000000004] [0:3.5355339059327378] [0:9.1999999999999993] [0:5.9413803110051786] [0:7.2000000000000002] [0:4.3153472887152686] [0:7] [0:4.2426406871192848] [-3.5:99.5] [-2:105.2] [-3.5:55.700000000000003] [-1:105.2] [0:50] [0:73] [0:27] [0:73] [0:23] [0:31] [0:12] [0:31] [0:17] [0:24] [0:9] [0:24] [0:7] [0:10] [0:4] [0:10] [0:9] [0:10] [0:5] [0:10] [0:9] [0:12] [0:6] [0:12] [0:8] [0:14] [0:7] [0:14] [-2:4882.8000000000011] [0:2779] [0:1229] [0:895] [0:177] [0:252] [0:460] [0:392] [-3.5:105.2] [0:73] [0:31] [0:24] [0:10] [0:10] [0:12] [0:14] [164:290] [1:22] [2003:2024] none [0:1] [0:1] [1:2024] [0.106:0.89000000000000001] [93.099999999999994:119.59999999999999] [0:1] [0:1541] [2003:2024] [1:22] [18.828199863107461:40.142368240930871] [72:88] [1:61] [0:1] [0:1] [0:1] [0:1]
tree_sizes=2821 2894 2903 2887 2892 2927 2925 2922 2939 2932 2932 2948 2916 2944 2941 2953 2938 2961 2951 2938 2951 2919 2945 2960 2938 2933 2930 2938 2918 2918 2929 2908 2943 2938 2911 2935 2926 2904 2931 2909 2907 2898 2930 2916 2895 2893 2902 2890 2890 2872 2899 2858 2905 2924 2804 2875 2875 2894 2839 2897 2912 2901 2897 2830 2858 2779 2833 2835 2816 2888 2810 2875 2825 2839 2883 2816 2807 2851 2800 2785 2860 2854 2780 2825 2837 2787 2813 2827 2813 2789 2811 2838 2837 2846 2777 2823 2810 2819 2821 2797

Tree=0
num_leaves=31
num_cat=0
split_feature=4 2 4 4 2 4 4 2 0 4 4 0 2 4 4 4 88 2 88 4 49 103 111 88 0 0 103 103 80 4
split_gain=8.1948e+06 1.54579e+06 1.33297e+06 272578 265639 200723 143703 45714.6 40238.7 32481.6 30060.3 29188.5 22002.8 19031.4 18660.3 16274.4 13277.8 11569.7 9486.76 8495.5 8369.71 7738.64 7456.68 7317.64 7155 6715.4 5572.96 5417.93 5370.49 5140.21
threshold=29.750000000000007 19.005000000000006 43.197500000000012 35.747500000000009 11.205000000000004 24.877500000000008 50.51250000000001 15.745000000000003 23.93000000000001 32.157500000000013 39.082500000000003 6.3100000000000014 28.153571428571436 47.792500000000011 20.78250000000001 57.655000000000008 10.850000000000003 34.775000000000013 17.650000000000002 22.082500000000007 50.150000000000013 0.49400000000000005 3.5000000000000004 11.450000000000001 29.360000000000003 42.845000000000006 0.42050000000000004 0.40850000000000003 726.5500000000003 17.097500000000007
decision_type=10 10 10 10 10 10 10 10 10 10 10 8 10 10 10 10 10 10 10 10 8 2 2 8 10 10 2 2 10 10
left_child=1 4 3 9 11 8 13 16 14 24 20 -1 26 22 -3 -8 28 -11 29 -10 -5 -22 -4 -13 -2 -12 -7 -26 -6 -9
right_child=2 5 6 10 7 12 15 18 19 17 25 23 -14 -15 -16 -17 -18 -19 -20 -21 21 -23 -24 -25 27 -27 -28 -29 -30 -31
leaf_value=25.746753062885183 27.96768171437121 26.987109300763027 29.639841064682162 28.434466486399025 26.303620883380397 27.790429806370515 30.264710360714901 26.616648518878403 27.321160334144263 28.303833200541185 28.962070035717026 26.035197716549224 27.912403738416678 29.865118981444191 27.25286975246722 30.791871772486502 26.613982950920047 28.53882561943572 26.955740081050138 27.545497076905367 28.905538373406884 28.678459309415313 29.387765570801641 26.270556213507351 28.36527431347238 29.175681642768652 27.612811628377717 28.114952556854643 26.646940394978607 26.835221338276838
leaf_weight=3080 2440 4519 1962 806 2805 2447 2961 1871 2919 5406 4158 3220 5853 1858 6361 730 5275 3421 3954 4003 2658 3447 2920 2240 1172 2278 6352 3297 544 2532
leaf_count=3080 2440 4519 1962 806 2805 2447 2961 1871 2919 5406 4158 3220 5853 1858 6361 730 5275 3421 3954 4003 2658 3447 2920 2240 1172 2278 6352 3297 544 2532
internal_value=27.787 27.0301 28.8976 28.5497 26.4478 27.488 29.8674 26.6766 27.2624 28.2678 28.8822 25.9929 27.7622 29.5927 27.1425 30.369 26.5151 28.3949 26.8433 27.4509 28.7373 28.7773 29.4891 26.1318 28.1054 29.0377 27.6622 28.1806 26.3594 26.7423
internal_weight=97489 57975 39514 29083 25521 32454 10431 16981 17802 15736 13347 8540 14652 6740 10880 3691 8624 8827 8357 6922 6911 6105 4882 5460 6909 6436 8799 4469 3349 4403
internal_count=97489 57975 39514 29083 25521 32454 10431 16981 17802 15736 13347 8540 14652 6740 10880 3691 8624 8827 8357 6922 6911 6105 4882 5460 6909 6436 8799 4469 3349 4403
is_linear=0
shrinkage=1


Tree=1
num_leaves=31
num_cat=0
split_feature=4 4 2 4 4 4 2 4 0 4 4 4 0 0 4 4 0 4 0 88 0 103 51 36 103 4 49 102 51 4
split_gain=6.63846e+06 1.2261e+06 1.09936e+06 207808 185841 177571 151968 33757.3 30905.1 28531.2 27782.7 25373.8 25048.1 19707.4 15520.6 11022 10527 8785.07 8190.47 8010.65 7988.39 7566.67 7118.18 7034.6 6649.27 6298.36 6216.1 6070.4 5585.22 4853.7
threshold=28.695000000000011 41.237500000000018 17.370714285714289 34.411666666666676 22.847500000000007 47.792500000000011 10.645000000000005 51.762500000000003 21.270000000000007 25.765000000000004 36.632500000000014 31.070000000000004 12.990000000000002 5.830000000000001 43.197500000000012 18.302500000000006 24.070000000000004 57.655000000000008 27.310000000000006 20.650000000000002 31.489999999999998 0.49400000000000005 78.350000000000009 1.7750000000000001 0.44500000000000006 14.515000000000001 42.750000000000007 3.5000000000000004 88.350000000000009 13.975000000000003
decision_type=10 10 10 10 10 10 10 10 10 10 10 10 10 8 10 10 10 10 10 10 10 2 10 10 2 10 10 10 10 10
left_child=2 3 6 11 8 14 13 28 15 16 24 26 29 -1 -3 -4 -6 -9 -11 25 -13 -12 -16 -10 -5 -14 -2 -15 -7 -8
right_child=1 5 4 10 9 7 12 17 23 18 21 20 19 27 22 -17 -18 -19 -20 -21 -22 -23 -24 -25 -26 -27 -28 -29 -30 -31
leaf_value=-1.8633380227745755 -0.018909640773179952 1.2308581581316664 -0.91579770519702031 0.83645102735917976 -0.39558493437256492 1.796376068499544 -1.3766549979546137 2.3044524523223173 -0.5249678780420407 -0.12123660172781181 1.076016282501236 0.32290743862735405 -1.1772185125788637 -1.4743706684912894 1.3963314583439732 -0.67230138577643839 -0.17733079021585865 2.7043471195599804 0.070965306732549943 -0.84716766349697137 0.51882862899208781 0.88885539112685363 1.6394352715179048 -0.29382253529933366 0.59231828211300053 -0.97083055145546082 0.23205662862624094 -1.7499139175043634 2.0997242856354261 -1.1692414563757056
leaf_weight=2692 1191 2640 2746 1687 4064 1633 2413 2220 5735 4362 3838 3355 2470 4070 2161 5755 4844 730 4509 2704 5481 4941 2721 1709 3294 3684 5760 995 966 2119
leaf_count=2692 1191 2640 2746 1687 4064 1633 2413 2220 5735 4362 3838 3355 2470 4070 2161 5755 4844 730 4509 2704 5481 4941 2721 1709 3294 3684 5760 995 966 2119
internal_value=-3.38088e-09 0.936334 -0.727245 0.579583 -0.372797 1.74277 -1.2925 2.1719 -0.620678 -0.150486 0.863646 0.331993 -1.08846 -1.6447 1.4262 -0.750956 -0.276903 2.40341 -0.0235432 -0.990631 0.444438 0.970678 1.53183 -0.471901 0.675003 -1.05367 0.189056 -1.5285 1.90912 -1.27968
internal_weight=97489 42618 54871 29547 33724 13071 21147 5549 15945 17779 13760 15787 13390 7757 7522 8501 8908 2950 8871 8858 8836 8779 4882 7444 4981 6154 6951 5065 2599 4532
internal_count=97489 42618 54871 29547 33724 13071 21147 5549 15945 17779 13760 15787 13390 7757 7522 8501 8908 2950 8871 8858 8836 8779 4882 7444 4981 6154 6951 5065 2599 4532
is_linear=0
shrinkage=0.1


Tree=2
num_leaves=31
num_cat=0
split_feature=4 2 4 2 4 4 4 0 4 0 0 2 4 0 4 4 4 2 2 88 53 49 103 111 88 111 49 103 40 53
split_gain=5.38176e+06 1.03687e+06 860853 192425 165611 121518 101720 35589.9 29275.6 23180.3 19547.7 16326.7 15200 11125.6 10938.5 10194.9 9585.97 8600.88 7255.12 6916.15 6428.13 6051.21 6414.43 5787.06 5691.73 5619.08 5494.13 5440.78 5333.75 5190.12
threshold=29.885000000000009 19.455000000000005 42.877500000000019 12.861250000000004 36.632500000000014 24.877500000000008 50.51250000000001 8.6225000000000023 32.742500000000014 23.93000000000001 17.810000000000006 28.805000000000003 46.902500000000018 42.845000000000006 55.215000000000011 20.78250000000001 16.655277777777783 33.810555555555567 5.535000000000001 9.6500000000000004 17.500000000000004 37.650000000000013 0.47450000000000003 7.5000000000000009 11.450000000000001 3.5000000000000004 20.850000000000005 0.58400000000000007 0.93541666666666679 33.500000000000007
decision_type=10 10 10 10 10 10 10 8 10 10 10 10 10 10 10 10 10 10 10 10 8 10 2 2 10 2 10 2 10 10
left_child=1 3 4 7 8 9 12 18 21 15 16 27 25 20 -8 -3 24 -10 -1 23 -6 -2 -23 -9 -5 -4 -11 -7 -12 -16
right_child=2 5 6 10 13 11 14 19 17 26 28 -13 -14 -15 29 -17 -18 -19 -20 -21 -22 22 -24 -25 -26 -27 -28 -29 -30 -31
leaf_value=-1.7224171860493733 -0.02281989107318854 -0.63584284895729792 1.4831114271700301 -1.1360946406364187 0.24705925542348159 -0.034101342578220083 1.9529948586728634 -0.80933515303612202 0.42362395818433812 -0.81593819852434324 -0.78166295060595847 0.13363692552878004 1.6380425835327888 1.0909304314773418 1.5818504183202662 -0.42591815261374499 -0.81108540077398139 0.62253076807668473 -1.4801801919468953 -1.1185891106898092 0.87388312402788504 0.42897836756603536 0.2379807397309433 -1.3767175642695964 -0.92822327325290299 1.2506766831721567 -0.2514411031668155 -0.18810220457134952 -0.58604401478943569 2.3537826043342696
leaf_weight=1968 590 3740 1628 2172 167 6532 2225 194 3523 177 2927 4949 2605 2834 93 6065 4316 5677 3326 3339 8045 2818 4676 2450 3347 2880 6656 3536 2661 1373
leaf_count=1968 590 3740 1628 2172 167 6532 2225 194 3523 177 2927 4949 2605 2834 93 6065 4316 5677 3326 3339 8045 2818 4676 2450 3347 2880 6656 3536 2661 1373
internal_value=-1.40919e-09 -0.608447 0.90729 -1.06742 0.617652 -0.221316 1.66677 -1.38137 0.424365 -0.407456 -0.837865 -0.0150836 1.44574 0.920093 2.09273 -0.505991 -0.922726 0.546362 -1.57023 -1.21426 0.861136 0.285526 0.309802 -1.33509 -1.01003 1.33462 -0.266064 -0.0881883 -0.688509 2.30481
internal_weight=97489 58355 39134 26700 28330 31655 10804 11277 17284 16638 15423 15017 7113 11046 3691 9805 9835 9200 5294 5983 8212 8084 7494 2644 5519 4508 6833 10068 5588 1466
internal_count=97489 58355 39134 26700 28330 31655 10804 11277 17284 16638 15423 15017 7113 11046 3691 9805 9835 9200 5294 5983 8212 8084 7494 2644 5519 4508 6833 10068 5588 1466
is_linear=0
shrinkage=0.1


Tree=3
num_leaves=31
num_cat=0
split_feature=4 4 4 4 0 4 2 4 0 4 2 4 0 88 88 51 49 103 0 4 51 111 88 102 0 36 103 51 4 53
split_gain=4.36253e+06 808693 723751 135403 129974 115893 96321.4 23069 21530 19420.9 19015.4 17798.7 15684.3 15215.2 10616.9 9981.56 7916.73 7142.68 6468.95 6348.42 6281.35 5764.19 5736.84 5688.03 5578.73 5514.74 5294.39 5181.46 5081.81 4655.58
threshold=28.695000000000011 41.237500000000018 18.302500000000006 34.26250000000001 11.245000000000003 47.792500000000011 23.375000000000007 53.335000000000015 19.963333333333338 37.557500000000012 7.7316666666666682 25.377500000000008 31.489999999999998 21.250000000000004 11.450000000000001 75.950000000000017 25.350000000000005 0.57100000000000006 29.09 20.516590909090915 88.350000000000009 4.5000000000000009 19.250000000000004 3.5000000000000004 44.770000000000017 1.1000000000000003 0.48100000000000004 60.850000000000001 32.157500000000013 33.500000000000007
decision_type=10 10 10 10 10 10 10 10 10 10 8 10 10 10 10 10 8 2 10 10 10 2 10 10 10 10 2 10 10 8
left_child=2 3 4 12 10 15 13 20 14 17 -1 22 27 16 -6 -3 -4 24 -13 -18 -7 -17 -8 -12 -5 -16 -11 -2 -14 -9
right_child=1 5 6 9 8 7 11 29 -10 26 23 18 28 -15 25 21 19 -19 -20 -21 -22 -23 -24 -25 -26 -27 -28 -29 -30 -31
leaf_value=-1.4699106493483305 0.086865096992553958 1.028316082457408 -0.90163764698330273 0.63435543907010483 -1.0123696314501973 1.4753833973894055 -0.37058473168720402 1.4160841369100157 -0.56797634426093768 0.91817145696192837 -1.1308401558052619 -0.079718104927719274 0.28948627603234639 -0.3447050416409253 -0.86343970980651863 1.4039058736538219 -0.63204046900145672 0.45329185268605432 0.094183639813861214 -0.44628082366013244 1.75227207349126 1.1650051056386503 -0.17084742291056043 -1.4046480541693347 1.2040728007448454 -0.67636958020984572 0.73973774805511106 0.25098104852327707 0.45255837101163332 2.0467814291147088
leaf_weight=3853 4112 3311 597 4319 3953 1899 1940 124 2749 2837 4395 5714 4103 6351 5666 1681 3146 2787 3419 4431 1441 2530 5557 917 179 2183 4018 3615 3577 2085
leaf_count=3853 4112 3311 597 4319 3953 1899 1940 124 2749 2837 4395 5714 4103 6351 5666 1681 3146 2787 3419 4431 1441 2530 5557 917 179 2183 4018 3615 3577 2085
internal_value=-1.37912e-09 0.759043 -0.589545 0.469313 -1.00581 1.41398 -0.272675 1.76066 -0.820014 0.692769 -1.30078 -0.108348 0.264234 -0.460817 -0.878721 1.15823 -0.551033 0.579085 -0.0146168 -0.523409 1.59484 1.26037 -0.222533 -1.17811 0.657028 -0.811411 0.813584 0.163645 0.365438 2.01138
internal_weight=97489 42618 54871 29547 23716 13071 31155 5549 14551 14140 9165 16630 15407 14525 11802 7522 8174 7285 9133 7577 3340 4211 7497 5312 4498 7849 6855 7727 7680 2209
internal_count=97489 42618 54871 29547 23716 13071 31155 5549 14551 14140 9165 16630 15407 14525 11802 7522 8174 7285 9133 7577 3340 4211 7497 5312 4498 7849 6855 7727 7680 2209
is_linear=0
shrinkage=0.1


Tree=4
num_leaves=31
num_cat=0
split_feature=2 4 2 4 4 4 0 0 4 4 4 2 4 4 2 89 88 4 49 36 36 49 36 51 41 6 0 0 88 89
split_gain=3.54022e+06 677750 566149 119757 95302.2 94299 84126.1 18926.8 17898.6 17742.1 15499.1 15216.5 13064.3 10375.3 9585.97 6790.3 5948.8 5839.09 5800.28 5674.66 5387.71 5353.73 5233.99 5126.89 5007.41 4972.54 4887.94 4694.79 4242.98 4054.75
threshold=28.555000000000003 41.237500000000018 17.370714285714289 34.26250000000001 23.237500000000008 49.937500000000014 9.9100000000000037 21.270000000000007 31.070000000000004 44.752500000000019 37.937500000000014 12.861250000000004 26.285000000000007 10.3025 59.00500000000001 11.500000000000002 20.650000000000002 18.302500000000006 31.350000000000005 1.9000000000000001 2.1000000000000005 42.45000000000001 1.7750000000000001 58.750000000000007 1.5999002947576504 10.100000000000001 43.130000000000017 46.650000000000013 22.650000000000002 6.5000000000000009
decision_type=10 10 10 10 10 10 10 10 10 10 10 10 10 8 10 10 10 10 10 10 10 10 10 10 10 10 10 10 10 10
left_child=2 3 6 8 7 9 13 17 18 24 15 29 25 -1 -7 -5 -13 -4 -2 -14 -20 -10 28 -23 -3 -6 -17 -11 -9 -8
right_child=1 5 4 10 12 14 11 22 21 27 -12 16 19 -15 -16 26 -18 -19 20 -21 -22 23 -24 -25 -26 -27 -28 -29 -30 -31
leaf_value=-1.3029325930854558 -0.28868766398142992 0.84602270564120685 -0.66778967567324976 0.3344900221549999 -0.31144933733037322 1.6022638802538927 -1.0323648205656262 -0.47503704766762544 0.073482651201713864 1.1219140454679732 0.74617385015774129 -0.77645116315030838 -0.069447170507820552 -1.0517082314765116 2.0085458643118881 0.55099548405294152 -0.59783309418011499 -0.49240010168282056 0.090046901668305354 0.11663794135963156 0.2646359272992716 0.24501910100869614 -0.18838718790028494 0.42353009941141045 1.0564508218172706 -0.14107129665252124 0.86286802936590079 1.327296038273541 -0.30805922204065356 -0.83714021549090578
leaf_weight=4880 321 2236 2746 1401 2396 3362 2612 2653 701 2055 6086 6814 4897 2479 702 6058 2567 6148 5656 2463 2571 2434 1868 4746 2288 6009 548 2428 3569 1795
leaf_count=4880 321 2236 2746 1401 2396 3362 2612 2653 701 2055 6086 6814 4897 2479 702 6058 2567 6148 5656 2463 2571 2434 1868 4746 2288 6009 548 2428 3569 1795
internal_value=-6.99586e-10 0.67005 -0.54196 0.412017 -0.281517 1.27258 -0.945291 -0.445871 0.228558 1.09216 0.625886 -0.799578 -0.104455 -1.2183 1.67244 0.534458 -0.727574 -0.546551 0.128336 -0.00717439 0.144607 0.337262 -0.335185 0.363015 0.952446 -0.189641 0.576867 1.23315 -0.379257 -0.952849
internal_weight=97489 43593 53896 30522 32749 13071 21147 16984 16429 9007 14093 13788 15765 7359 4064 8007 9381 8894 8548 7360 8227 7881 8090 7180 4524 8405 6606 4483 6222 4407
internal_count=97489 43593 53896 30522 32749 13071 21147 16984 16429 9007 14093 13788 15765 7359 4064 8007 9381 8894 8548 7360 8227 7881 8090 7180 4524 8405 6606 4483 6222 4407
is_linear=0
shrinkage=0.1


Tree=5
num_leaves=31
num_cat=0
split_feature=4 2 4 0 4 4 4 4 2 2 4 88 4 2 103 49 88 80 102 88 103 88 103 103 88 103 111 73 59 36
split_gain=2.87194e+06 556359 461282 105016 91693.1 65038.1 52121.6 23654.5 15591 13922.3 11687.6 10551 9731.02 8549.86 6975.49 6753.03 6069.54 5739.13 5712.04 5621.88 5285.83 5264.72 5207 5197.81 4911 4873.65 4790.66 4395.83 4374.49 4295.88
threshold=29.885000000000009 19.455000000000005 43.197500000000012 12.990000000000002 36.632500000000014 23.74250000000001 51.762500000000003 9.9806250000000016 33.810555555555567 27.631666666666675 16.512142857142859 21.250000000000004 47.332500000000003 39.655000000000015 0.52600000000000013 14.850000000000003 24.650000000000002 866.05000000000007 2.5000000000000004 3.4500000000000006 0.44500000000000006 19.250000000000004 0.46050000000000008 0.59000000000000008 30.850000000000005 0.47450000000000003 4.5000000000000009 2.5000000000000004 15.500000000000002 0.90000000000000013
decision_type=10 10 10 10 10 10 10 8 10 10 10 10 10 10 2 8 10 10 10 10 2 10 2 2 10 2 2 10 10 10
left_child=1 3 4 7 8 11 12 18 14 21 16 15 -4 -6 -2 -3 29 -13 -1 26 -8 -7 -10 -23 -11 -15 -9 -12 -14 -5
right_child=2 5 6 10 13 9 20 19 22 24 27 17 28 25 -16 -17 -18 -19 -20 -21 -22 23 -24 -25 -26 -27 -28 -29 -30 -31
leaf_value=-1.0593130740406609 0.31087273996767401 -1.1514498907895316 0.99930984719924654 -0.80137303272596749 0.58900399984121621 -0.22072852092089598 1.7679375384473133 -0.053529922632460904 0.53384261904823549 -0.0092951156191767616 -0.65168773131537905 -0.30800577777478566 0.98167619582505883 0.8767435252163337 0.14427431434921451 -0.41165222217788799 -0.50213510581356402 -0.11443324651053635 -1.2621630450936963 -0.81905630257640694 1.4885418649373865 -0.01378017985557937 0.35780557428023946 -0.19368934520801417 0.15214763001974219 0.68777970980739112 -1.0806299778224673 -0.46584160283309306 1.2910640432335432 -0.62868180430021436
leaf_weight=3181 5182 126 4508 3583 5698 3167 1053 47 2660 4133 1655 4920 564 2249 4880 5952 1422 2224 2463 5086 1897 5381 4562 2289 3463 3472 1344 5510 2409 2409
leaf_count=3181 5182 126 4508 3583 5698 3167 1053 47 2660 4133 1655 4920 564 2249 4880 5952 1422 2224 2463 5086 1897 5381 4562 2289 3463 3472 1344 5510 2409 2409
internal_value=-1.35677e-09 -0.444476 0.662784 -0.78068 0.455815 -0.160897 1.2323 -0.998184 0.310538 -0.0394989 -0.599848 -0.330141 1.09193 0.675708 0.230074 -0.426989 -0.687868 -0.247745 -1.14784 -0.867779 1.58827 -0.112259 0.422643 -0.0674715 0.0643063 0.762064 -1.04593 -0.508769 1.23237 -0.731945
internal_weight=97489 58355 39134 26700 28703 31655 10431 12121 17284 18433 14579 13222 7481 11419 10062 6078 7414 7144 5644 6477 2950 10837 7222 7670 7596 5721 1391 7165 2973 5992
internal_count=97489 58355 39134 26700 28703 31655 10431 12121 17284 18433 14579 13222 7481 11419 10062 6078 7414 7144 5644 6477 2950 10837 7222 7670 7596 5721 1391 7165 2973 5992
is_linear=0
shrinkage=0.1


Tree=6
num_leaves=31
num_cat=0
split_feature=2 4 4 4 2 4 2 88 4 4 0 51 0 49 88 103 49 73 49 51 36 111 51 36 51 51 111 111 88 104
split_gain=2.33028e+06 433773 386320 75782.4 67496.8 62754.7 54063 14643.9 13567.8 13423.2 10437.3 10233.9 8909.48 8610.76 8357.53 5969.87 5937.44 5776.04 5387.44 5046.12 4973.58 4903.8 5083.45 4855.99 4333.97 4272.3 4144.67 4096.11 4077.42 4019.01
threshold=28.805000000000003 40.317500000000017 18.167500000000008 47.792500000000011 10.645000000000005 33.492500000000014 22.725000000000009 16.850000000000005 53.335000000000015 26.285000000000007 35.230000000000011 75.950000000000017 4.1700000000000008 44.350000000000001 22.250000000000004 0.56500000000000006 42.45000000000001 2.5000000000000004 25.750000000000004 64.350000000000009 1.9000000000000001 46.500000000000007 60.150000000000013 1.3666666666666669 60.850000000000001 88.350000000000009 4.5000000000000009 40.500000000000007 4.2500000000000009 114.75000000000001
decision_type=10 10 10 10 10 10 10 10 10 10 10 10 8 10 10 2 10 8 8 10 10 2 10 10 10 10 2 2 8 2
left_child=2 5 4 11 12 13 14 18 25 21 15 29 -1 27 17 -7 -9 -4 -6 -12 -11 22 -8 -15 -25 -5 -13 -2 -14 -3
right_child=1 3 6 8 7 10 9 16 -10 20 19 26 28 23 -16 -17 -18 -19 -20 -21 -22 -23 -24 24 -26 -27 -28 -29 -30 -31
leaf_value=-1.1928905247002373 0.035743290564298709 0.66102511687170928 -0.60756077602285596 1.0604778109617108 -0.859427802572442 0.44292186237251602 -0.17391668834489438 -0.54031217043357038 1.4784402164612462 -0.048761931670308782 0.4232317997968072 1.0400610588033734 -1.054292138556941 0.094348879895952961 -0.25505334194296125 0.22626993251304409 -0.22757556857210559 -0.3826480129829084 -0.66564798697714722 0.58475359501301383 0.12187804946483467 -0.37256012332996225 0.027412084066698136 0.18471677877036957 0.32872580744229712 1.2888324707870598 0.84589909501603011 -0.47888857117483774 -0.87530561332638834 0.91084317740609255
leaf_weight=1595 2264 3564 1371 1899 1795 3281 8097 5954 2209 5058 2796 1767 1799 2830 4888 2077 676 6831 7148 6275 2579 1028 1484 4957 3613 1441 2910 166 4351 786
leaf_count=1595 2264 3564 1371 1899 1795 3281 8097 5954 2209 5058 2796 1767 1799 2830 4888 2077 676 6831 7148 6275 2579 1028 1484 4957 3613 1441 2910 166 4351 786
internal_value=-1.76271e-09 0.552253 -0.432827 0.995342 -0.741031 0.323707 -0.203484 -0.621048 1.28616 -0.0922301 0.469601 0.816569 -0.982284 0.171494 -0.358559 0.358938 -0.508425 -0.420243 -0.704543 0.534967 0.00886286 -0.165003 -0.142733 0.207924 0.245429 1.159 0.919255 0.000587369 -0.927663 0.706165
internal_weight=97489 42835 54654 14576 23318 28259 31336 15573 5549 18246 14429 9027 7745 13830 13090 5358 6630 8202 8943 9071 7637 10609 9581 11400 8570 3340 4677 2430 6150 4350
internal_count=97489 42835 54654 14576 23318 28259 31336 15573 5549 18246 14429 9027 7745 13830 13090 5358 6630 8202 8943 9071 7637 10609 9581 11400 8570 3340 4677 2430 6150 4350
is_linear=0
shrinkage=0.1


Tree=7
num_leaves=31
num_cat=0
split_feature=4 4 2 4 4 2 0 0 0 4 0 4 49 0 4 102 103 49 88 41 103 55 51 73 88 0 111 88 103 40
split_gain=1.89235e+06 348799 317591 59059.9 54537.7 51752.5 46806 10650 10588.6 9978.83 9717.76 8756.67 7413.24 6679.14 6672.81 6669.86 5567.4 5503.16 5249.22 5119.3 4571.95 4386.83 4281.25 4094.25 4003.83 3958.17 3933.23 3891.09 3848.24 3769.64
threshold=28.695000000000011 41.237500000000018 17.370714285714289 34.877500000000019 22.847500000000007 50.595000000000013 9.9100000000000037 30.050000000000001 21.130000000000006 44.752500000000019 26.480000000000008 14.515000000000001 50.350000000000001 5.830000000000001 57.655000000000008 3.5000000000000004 0.5335000000000002 31.350000000000005 7.4500000000000011 1.2344014203344911 0.61050000000000015 40.500000000000007 60.250000000000007 7.5000000000000009 12.550000000000002 28.140000000000004 2.5000000000000004 28.450000000000003 0.51350000000000018 0.78174603174603186
decision_type=10 10 10 10 10 10 10 10 10 10 10 10 10 8 10 10 2 8 10 10 2 10 10 10 10 10 2 10 2 10
left_child=2 3 6 7 8 9 13 28 24 20 17 15 -5 -1 23 18 -14 -6 -8 -9 -3 -18 -21 -7 -4 -10 -15 -20 -2 -26
right_child=1 5 4 12 10 14 11 19 25 -11 -12 -13 16 26 -16 -17 21 -19 27 22 -22 -23 -24 -25 29 -27 -28 -29 -30 -31
leaf_value=-1.0177956995439943 0.16247898190878352 0.74800311476239778 -0.52494544557549128 0.28054181914030213 -0.40402467452622703 1.0547229499507744 -0.80287223723563361 0.16014264150775048 -0.27423867434033528 0.90232119240187425 0.0042672938939406152 -0.50152361593751449 0.57224089247228604 0.42949668312072753 1.5080944068706756 -0.91910299444772914 0.32775896116753744 -0.12261822264489493 -0.60527651058835097 0.21665590970552095 0.50675537725222375 0.51215066284260924 0.37738456178881497 1.2813717048636641 -0.50248325490063339 -0.055925784204823248 -0.8282549573497322 -0.29578477014356214 0.0038852052391626906 -0.32194770271054796
leaf_weight=2786 3021 3475 2228 1722 753 1540 1303 4153 6700 4664 8014 6707 5687 25 725 877 2346 9012 4454 3134 1015 2867 3517 1652 1555 948 4548 447 3100 4514
leaf_count=2786 3021 3475 2228 1722 753 1540 1303 4153 6700 4664 8014 6707 5687 25 725 877 2346 9012 4454 3134 1015 2867 3517 1652 1555 948 4548 447 3100 4514
internal_value=-6.3687e-10 0.499917 -0.388283 0.309639 -0.197773 0.930041 -0.692097 0.187547 -0.332056 0.799879 -0.0773423 -0.583408 0.473355 -0.895739 1.23423 -0.660968 0.503816 -0.144318 -0.624478 0.247254 0.693467 0.429169 0.301648 1.17202 -0.410294 -0.247178 -0.821379 -0.577049 0.0821587 -0.368205
internal_weight=97489 42618 54871 29547 33724 13071 21147 16925 15945 9154 17779 13788 12622 7359 3917 7081 10900 9765 6204 10804 4490 5213 6651 3192 8297 7648 4573 4901 6121 6069
internal_count=97489 42618 54871 29547 33724 13071 21147 16925 15945 9154 17779 13788 12622 7359 3917 7081 10900 9765 6204 10804 4490 5213 6651 3192 8297 7648 4573 4901 6121 6069
is_linear=0
shrinkage=0.1


Tree=8
num_leaves=31
num_cat=0
split_feature=4 4 2 4 2 4 0 2 2 49 0 36 80 88 75 88 86 103 40 102 102 111 103 51 59 103 0 103 97 88
split_gain=1.53598e+06 330744 213748 63902.9 43115.7 42862.9 26960.7 10316.7 9675.1 9524.12 9178.75 7158.74 7060.61 6955.48 6404.32 6357.2 5825.03 5590.85 5062.52 5014.56 4852.51 4341.09 4008.19 3815.04 3784.51 3775.55 3659.71 3564.46 3549.04 3410.87
threshold=27.285000000000007 39.082500000000003 15.915000000000001 47.792500000000011 21.535000000000007 32.592500000000015 8.6225000000000023 42.975000000000016 53.295000000000009 50.150000000000013 27.440000000000005 1.7750000000000001 726.5500000000003 25.450000000000003 4.5000000000000009 8.7500000000000018 2.5000000000000004 0.50300000000000011 0.90454545454545465 2.5000000000000004 4.5000000000000009 5.5000000000000009 0.48700000000000004 75.950000000000017 14.500000000000002 0.38450000000000006 39.570000000000014 0.43500000000000005 13.500000000000002 26.450000000000003
decision_type=10 10 10 10 10 10 10 10 10 10 10 10 10 10 10 10 8 2 10 10 10 2 2 10 10 2 8 2 2 8
left_child=2 5 6 7 13 11 19 22 -5 -7 14 -2 15 16 -6 -8 -4 29 -18 21 -17 -1 -3 -9 -10 -13 -19 -12 -16 -11
right_child=1 3 4 8 10 9 12 23 24 17 27 25 -14 -15 28 20 18 26 -20 -21 -22 -23 -24 -25 -26 -27 -28 -29 -30 -31
leaf_value=-0.12049922620497862 0.027664170499331051 0.6352639554895485 -0.74583031187948279 0.92734439761957133 -0.28076980742928603 0.17735309271765068 -0.72781479644073332 0.63312104730127772 0.25212302371149969 0.28083729072008784 0.1041484162428255 0.29329900342680115 -0.38326531395233965 -0.23224771128138252 -0.14818150493134258 -0.53172196938227667 -0.45905363875390048 0.26736796365567977 -0.32253052499898183 -0.94746887741561248 -0.84128346339406535 -0.78016186256567566 0.46713685646900649 0.80132524189319077 1.2096004587116351 0.12677856897758907 0.44572081121265006 -0.072585616201890704 0.063641409155148779 0.48793127059427299
leaf_weight=103 7563 2447 453 3095 3915 2995 3084 2369 42 967 1645 1754 1621 3432 7899 6522 4692 4602 6450 2501 549 3171 3372 3130 2412 6086 1534 3726 879 4479
leaf_count=103 7563 2447 453 3095 3915 2995 3084 2369 42 967 1645 1754 1621 3432 7899 6522 4692 4602 6450 2501 549 3171 3372 3130 2412 6086 1534 3726 879 4479
internal_value=-6.15618e-10 0.412696 -0.381769 0.766939 -0.232148 0.213395 -0.663867 0.630649 1.04492 0.336307 -0.128039 0.0970749 -0.577073 -0.357299 -0.174408 -0.608009 -0.394313 0.377411 -0.380022 -0.840853 -0.555757 -0.759409 0.537837 0.728862 1.19321 0.164033 0.311956 -0.0184565 -0.12697 0.451159
internal_weight=97489 46847 50642 16867 33091 29980 17551 11318 5549 14577 18064 15403 11776 15027 12693 10155 11595 11582 11142 5775 7071 3274 5819 5499 2454 7840 6136 5371 8778 5446
internal_count=97489 46847 50642 16867 33091 29980 17551 11318 5549 14577 18064 15403 11776 15027 12693 10155 11595 11582 11142 5775 7071 3274 5819 5499 2454 7840 6136 5371 8778 5446
is_linear=0
shrinkage=0.1


Tree=9
num_leaves=31
num_cat=0
split_feature=2 2 0 4 4 4 4 4 36 51 38 49 49 102 63 4 88 90 111 89 51 10 103 40 49 103 40 103 104 49
split_gain=1.25033e+06 245157 195500 44696.4 36868.9 33495.3 29697.5 9782.52 8091.31 8000.89 6735.47 6558.29 6539.83 6116.06 5442.56 5330.32 5111.26 5095.36 4714.74 4647.7 4327.27 4291.38 4290 4261.65 4146.77 4008.11 3798.51 3786.13 3748.44 3593.97
threshold=28.285000000000007 40.295000000000009 17.810000000000006 46.902500000000018 11.165833333333335 33.172500000000007 22.082500000000007 51.762500000000003 0.90000000000000013 63.95000000000001 1.788888888888889 26.150000000000002 42.95000000000001 3.5000000000000004 10.500000000000002 43.197500000000012 22.450000000000003 3.5000000000000004 53.500000000000007 13.500000000000002 60.150000000000013 12.514705882352944 0.44500000000000006 0.73508771929824568 16.250000000000004 0.36000000000000004 2.0954545454545461 0.38450000000000006 114.25000000000001 17.450000000000003
decision_type=10 8 10 10 10 8 10 10 10 10 10 10 10 10 10 10 10 10 2 10 10 10 2 10 8 2 10 2 2 8
left_child=2 5 4 15 13 12 11 -5 24 25 18 -4 29 16 27 -3 -1 23 20 -14 -8 -10 -9 -13 -6 -7 -24 -11 -16 -2
right_child=1 3 6 7 8 9 10 22 21 14 -12 17 19 -15 28 -17 -18 -19 -20 -21 -22 -23 26 -25 -26 -27 -28 -29 -30 -31
leaf_value=-0.69586224208978709 -0.88154682624342984 0.5063415898799084 -0.55839207742657193 0.80299229357451429 -0.83711173575289421 0.40171574071367433 -0.13736677831594529 1.2150439572337302 -0.39248380482641654 0.46638800896893162 0.019552829124212402 -0.50035754119549836 0.062117223767296961 -0.87276653949185912 0.38790552686054425 0.66139874988250846 -0.30935138838748411 -0.20155196101312645 -0.34768885951217293 0.18944300374356957 0.0011396142828180242 -0.074719107948641311 0.35367709029581129 -0.28393019736109404 -0.50348490853622685 0.16881639881055843 0.99610514934068606 0.22230920678852148 0.56159845089597604 -0.024101604331691499
leaf_weight=5463 50 5148 773 3331 390 934 8296 1052 5737 828 5194 1172 4539 2042 4787 3894 365 6903 822 7782 3098 459 97 4067 8328 3538 1799 2734 1678 2189
leaf_count=5463 50 5148 773 3331 390 934 8296 1052 5737 828 5194 1172 4539 2042 4787 3894 365 6903 822 7782 3098 459 97 4067 8328 3538 1799 2734 1678 2189
internal_value=-9.19204e-10 0.391764 -0.327374 0.715451 -0.548721 0.221104 -0.161069 0.920416 -0.456314 0.328692 -0.0758361 -0.275967 0.113967 -0.723837 0.378301 0.573118 -0.671656 -0.257987 -0.116394 0.142537 -0.0997072 -0.368944 1.0531 -0.332346 -0.51841 0.217459 0.963238 0.279046 0.432988 -0.0432496
internal_weight=97489 44380 53109 15321 22784 29059 30325 6279 14914 14499 17410 12915 14560 7870 10027 9042 5828 12142 12216 12321 11394 6196 2948 5239 8718 4472 1896 3562 6465 2239
internal_count=97489 44380 53109 15321 22784 29059 30325 6279 14914 14499 17410 12915 14560 7870 10027 9042 5828 12142 12216 12321 11394 6196 2948 5239 8718 4472 1896 3562 6465 2239
is_linear=0
shrinkage=0.1


Tree=10
num_leaves=31
num_cat=0
split_feature=4 4 4 0 4 2 0 0 4 103 4 88 0 49 49 51 67 36 49 40 88 51 6 104 103 73 47 89 111 38
split_gain=1.0164e+06 200023 162524 33471.2 33345 29017.1 19376 9774.57 8136.9 7212.43 5630.71 5466.06 5399.81 5158.13 5037.93 5017.86 4691.19 5194.29 4451.11 4425.16 4034.81 3895.52 3872.56 3797.66 3781.62 3691.05 3612.2 3591.66 3519.71 3233.85
threshold=29.885000000000009 18.302500000000006 43.197500000000012 12.990000000000002 36.632500000000014 25.575000000000006 50.310000000000009 21.550000000000008 8.0351470588235312 0.47450000000000003 57.655000000000008 28.450000000000003 39.810000000000009 45.350000000000001 46.250000000000007 78.350000000000009 4.5000000000000009 2.9000000000000004 24.850000000000005 1.2330316742081451 37.850000000000001 51.95000000000001 12.900000000000002 108.95000000000002 0.48100000000000004 7.5000000000000009 1.9245627146205819 1.0000000180025095e-35 15.500000000000002 1.2928571428571431
decision_type=10 10 10 10 10 10 10 10 8 2 10 10 10 10 10 10 10 10 8 10 10 8 10 2 2 10 8 8 2 10
left_child=1 3 4 8 9 7 15 18 -1 29 25 24 22 26 -6 -4 -16 23 -3 -9 -15 -20 -11 -18 -5 -8 -7 -10 -17 -2
right_child=2 5 6 11 14 13 10 19 27 12 -12 -13 -14 20 16 28 17 -19 21 -21 -22 -23 -24 -25 -26 -27 -28 -29 -30 -31
leaf_value=-0.73019784337437943 0.090127541620259682 -0.50557225271237416 0.49444010313384923 -0.32660385031170036 0.1565117205219948 -0.051636549038366703 0.74473706407946771 -0.18718840683384425 -0.67912461773937782 -0.016699142080985687 1.1538983634039224 -0.19618935215217304 0.3631170937526807 0.018378060689872352 0.31714385056472721 0.71540713622617969 0.27377425252174292 0.58575860863739626 -0.29302877884788919 -0.058305436031794236 0.19390624571931303 -0.16561805250621772 0.14204248368924485 0.46226390931075861 -0.44819356382821313 0.94522212216440205 -0.41644031772149037 -0.51581743543624292 0.39354197887937231 0.29333213784426498
leaf_weight=3755 907 657 2162 4403 767 5327 1864 4930 1722 1914 695 1552 929 6260 3052 3524 1503 2396 5422 5796 1656 4305 7798 3701 6104 1810 286 6180 376 5736
leaf_count=3755 907 657 2162 4403 767 5327 1864 4930 1722 1914 695 1552 929 6260 3052 3524 1503 2396 5422 5796 1656 4305 7798 3701 6104 1810 286 6180 376 5736
internal_value=-5.28249e-10 -0.264418 0.39429 -0.488168 0.271438 -0.111226 0.732341 -0.184497 -0.608999 0.18383 0.892882 -0.371365 0.13279 0.00310338 0.404043 0.616636 0.421867 0.463921 -0.253655 -0.117544 0.055098 -0.236639 0.110758 0.407825 -0.397241 0.843506 -0.0702244 -0.551405 0.684376 0.265588
internal_weight=97489 58355 39134 23716 28703 34639 10431 21110 11657 17284 4369 12059 10641 13529 11419 6062 10652 7600 10384 10726 7916 9727 9712 5204 10507 3674 5613 7902 3900 6643
internal_count=97489 58355 39134 23716 28703 34639 10431 21110 11657 17284 4369 12059 10641 13529 11419 6062 10652 7600 10384 10726 7916 9727 9712 5204 10507 3674 5613 7902 3900 6643
is_linear=0
shrinkage=0.1


Tree=11
num_leaves=31
num_cat=0
split_feature=2 4 4 2 2 2 0 40 51 40 102 102 88 103 100 12 103 51 51 103 102 57 40 10 8 90 104 103 57 100
split_gain=824003 152608 139467 27744.1 24630.7 22384.3 20241.6 8228.06 7955.28 7071.87 6572.35 5388.91 5297.55 5266.25 4907.52 4651.45 4647.35 4499.18 4365.96 4277.73 4186.39 4137.71 4441 4035.13 3893.44 3694.21 3589.81 3532.03 3354.11 3282.95
threshold=28.805000000000003 40.317500000000017 17.097500000000007 50.595000000000013 22.195000000000011 34.775000000000013 13.190000000000003 1.4058823529411766 66.050000000000011 3.3535714285714291 3.5000000000000004 10.500000000000002 16.050000000000004 0.5335000000000002 1.0000000180025095e-35 9.4500000000000011 0.57100000000000006 68.850000000000009 56.750000000000007 0.55850000000000011 4.5000000000000009 4.5000000000000009 1.8973684210526318 5.0250000000000012 14.105555555555556 4.5000000000000009 111.55000000000001 0.43500000000000005 4.5000000000000009 1.0000000180025095e-35
decision_type=10 10 10 10 10 10 10 10 10 10 10 10 10 2 2 10 2 10 10 2 10 10 10 10 10 10 2 2 8 2
left_child=2 5 6 9 12 8 10 16 14 13 23 21 28 17 27 -5 -6 -3 -9 -10 25 -7 29 -1 -21 -8 -17 -2 -4 -23
right_child=1 3 4 15 7 11 20 18 19 -11 -12 -13 -14 -15 -16 26 -18 -19 -20 24 -22 22 -24 -25 -26 -27 -28 -29 -30 -31
leaf_value=-0.56578152184935249 0.12141966800823796 0.32483718962890956 -0.58763037028674414 0.71150880534334848 -0.070069025685980738 -0.24259728589916932 -0.37527392859093478 -0.055206425436663265 0.30079525393255557 0.63763242467522518 -0.6891868883624136 -0.12759463992286599 -0.18574266656846508 0.36949237979381983 0.13547956153412075 0.80073693711274108 -0.20958304792882185 0.58875406025656807 0.078617081765682509 -0.075813011907092817 -0.60617604661145952 0.13276511937597898 0.35568654434209046 -0.43002870355479983 0.21270025680643903 -0.23048845176927105 1.0741041125943023 -0.050010084611531329 -0.28913850260706675 0.31617251173621547
leaf_weight=5260 1741 809 407 1989 6011 136 5850 5589 2857 3003 2621 294 8747 3642 5576 1020 3961 3205 4324 720 595 1939 7815 3751 1335 2522 908 3881 5016 1965
leaf_count=5260 1741 809 407 1989 6011 136 5850 5589 2857 3003 2621 294 8747 3642 5576 1020 3961 3205 4324 720 595 1939 7815 3751 1335 2522 908 3881 5016 1965
internal_value=-3.68583e-10 0.328396 -0.25738 0.59121 -0.133141 0.192837 -0.462776 -0.0613504 0.115548 0.507576 -0.549811 0.295324 -0.233887 0.456562 0.0690067 0.818797 -0.125486 0.535563 0.00316671 0.221649 -0.349874 0.305813 0.312177 -0.509272 0.111615 -0.331658 0.92948 0.00307764 -0.311541 0.22508
internal_weight=97489 42835 54654 14576 34055 28259 20599 19885 16110 10659 11632 12149 14170 7656 11198 3917 9972 4014 9913 4912 8967 11855 11719 9011 2055 8372 1928 5622 5423 3904
internal_count=97489 42835 54654 14576 34055 28259 20599 19885 16110 10659 11632 12149 14170 7656 11198 3917 9972 4014 9913 4912 8967 11855 11719 9011 2055 8372 1928 5622 5423 3904
is_linear=0
shrinkage=0.1


Tree=12
num_leaves=31
num_cat=0
split_feature=4 2 0 4 4 4 49 51 0 51 94 51 88 88 88 36 88 103 36 51 103 49 81 27 36 102 88 40 48 55
split_gain=670656 146054 94881.6 26957.1 20031.5 19452.9 16898.2 6414.54 6075.03 5964.8 5808.95 5569.68 5027.38 4719.67 4662.44 4656.35 4494.11 4394.97 4222.3 4190.48 4012.19 3969.26 3877 3875.07 3710.23 3589.6 3551.87 3369.53 3280.47 3252.75
threshold=27.285000000000007 39.655000000000015 17.810000000000006 47.792500000000011 10.872500000000004 32.157500000000013 38.95000000000001 88.350000000000009 31.060000000000002 75.950000000000017 1.0000000180025095e-35 63.95000000000001 14.65 7.1500000000000012 13.250000000000002 2.1000000000000005 49.850000000000001 0.58700000000000008 2.9000000000000004 50.650000000000013 0.60050000000000014 43.150000000000013 596.50000000000011 1.0339469490010884 1.9000000000000001 3.5000000000000004 45.650000000000013 1.8973684210526318 10.15 54.500000000000007
decision_type=10 10 10 10 10 10 10 10 10 10 10 10 10 8 10 10 10 2 10 10 2 10 10 8 10 10 10 10 10 10
left_child=2 5 4 9 13 12 14 -5 17 26 25 21 -2 -1 -4 23 29 22 20 -12 -13 -7 28 -14 -16 -6 -3 -11 -8 -9
right_child=1 3 6 7 10 11 8 16 -10 27 19 18 15 -15 24 -17 -18 -19 -20 -21 -22 -23 -24 -25 -26 -27 -28 -29 -30 -31
leaf_value=-0.61474548354961178 -0.16108711989119884 0.29278101649257537 -0.38839963148811935 0.56599796452444318 -0.37879778556509874 -0.13542284976458177 -0.11619339140455809 0.95958354056515605 0.11633858006768479 0.25834786325469616 -0.32560566575386085 0.26765090989147061 0.077461474279691606 -0.45617230315366036 -0.22900240717363229 0.15986672897518181 0.87318457078290523 -0.16778889724368284 0.37555099222233779 -0.16673265037671442 0.1026227514812165 0.16467662478214889 0.051501203946371102 -0.063846781924238746 -0.044450962794273158 -0.59481675979234072 0.44910871386550594 0.53246817300411098 0.042976219152492001 0.54318139331034754
leaf_weight=3865 979 3632 1586 2328 5881 480 6956 235 1599 500 6129 5842 6161 3649 7447 4260 2048 4832 2491 2277 1970 5388 2669 2833 1276 885 2423 4347 1591 930
leaf_count=3865 979 3632 1586 2328 5881 480 6956 235 1599 500 6129 5842 6161 3649 7447 4260 2048 4832 2491 2277 1970 5388 2669 2833 1276 885 2423 4347 1591 930
internal_value=-2.89002e-10 0.272701 -0.252265 0.5128 -0.404213 0.142851 -0.128961 0.6924 -0.0695382 0.421518 -0.338084 0.217893 0.0575908 -0.537738 -0.230682 0.0737434 0.783985 -0.0880587 0.262184 -0.28257 0.226035 0.140129 -0.0537098 0.0329511 -0.202006 -0.407053 0.355338 0.504191 -0.0865644 0.627177
internal_weight=97489 46847 50642 16443 22686 30404 27956 5541 17647 10902 15172 16171 14233 7514 10309 13254 3213 16048 10303 8406 7812 5868 11216 8994 8723 6766 6055 4847 8547 1165
internal_count=97489 46847 50642 16443 22686 30404 27956 5541 17647 10902 15172 16171 14233 7514 10309 13254 3213 16048 10303 8406 7812 5868 11216 8994 8723 6766 6055 4847 8547 1165
is_linear=0
shrinkage=0.1


Tree=13
num_leaves=31
num_cat=0
split_feature=4 4 0 88 51 49 4 40 88 49 49 40 36 88 88 103 103 53 49 94 111 103 67 40 106 103 103 36 103 55
split_gain=544395 121801 78928.5 23156.7 14452.2 13968.5 12343.5 7485.73 6666.84 6590.5 5920.94 5558.56 5278.8 5201.64 4449.46 4134.81 4097.66 3687.53 3565.99 3421.18 3263.52 3207.49 3192.72 3510.54 3161.8 3076.61 3056.85 3035.65 2870.3 2855.11
threshold=30.785000000000004 19.697500000000009 42.845000000000006 11.450000000000001 88.350000000000009 42.750000000000007 36.822500000000012 0.69615384615384623 26.850000000000005 28.450000000000003 16.250000000000004 3.1519230769230773 1.9000000000000001 52.350000000000001 30.250000000000004 0.60050000000000014 0.68200000000000016 17.500000000000004 36.650000000000013 2.5000000000000004 4.5000000000000009 0.47450000000000003 4.5000000000000009 2.8535714285714291 50.500000000000007 0.57450000000000012 0.43500000000000005 0.55000000000000016 0.40850000000000003 54.500000000000007
decision_type=10 10 10 10 10 10 10 10 10 10 8 10 10 10 10 2 2 8 8 10 2 2 10 10 2 2 2 10 2 10
left_child=1 3 6 7 11 10 15 20 19 -5 -3 16 -12 29 21 18 27 -8 -2 26 -1 -11 -19 -24 -22 -10 -7 -4 -26 -6
right_child=2 5 4 9 13 8 17 -9 25 14 12 -13 -14 -15 -16 -17 -18 22 -20 -21 24 -23 23 -25 28 -27 -28 -29 -30 -31
leaf_value=0.10781506440218758 -0.11482305067205212 -0.60903120235016106 -0.6930339441299439 -0.36438798047919274 0.83039737831594884 0.005659800142613601 -0.16659277184520449 -0.34812950177222701 0.10074112136433165 -0.17310240657296197 -0.1551315619988487 0.55067133478986108 0.0025322435035534684 0.78124743760131565 -0.070081304096465444 0.052332809263393079 0.10470479284666134 0.19940240523830918 0.1858886361462001 0.057392680616341243 -0.57980813493936867 -0.2910200587359954 0.27920721291831713 0.42662281796818924 -0.29393654931625129 -0.01757576649233188 -0.12659033395232561 0.41172899812669095 -0.50209151613212533 0.4971932402426833
leaf_weight=85 410 256 25 4200 307 2524 175 4990 6222 3821 10578 2865 2657 2050 1729 3741 497 2499 10330 2090 3655 5821 4613 2486 912 3398 5683 4865 2421 1584
leaf_count=85 410 256 25 4200 307 2524 175 4990 6222 3821 10578 2865 2657 2050 1729 3741 497 2499 10330 2090 3655 5821 4613 2486 912 3398 5683 4865 2421 1584
internal_value=-2.5183e-10 -0.182598 0.305818 -0.337913 0.513368 -0.0541264 0.201478 -0.441916 -0.00090817 -0.257341 -0.132693 0.43813 -0.12348 0.670907 -0.217802 0.142872 0.378276 0.288317 0.174409 -0.0568298 -0.508083 -0.244291 0.296611 0.330831 -0.515574 0.0589489 -0.0859178 0.406081 -0.445135 0.551288
internal_weight=97489 61042 36447 27634 12193 33408 24254 12063 19917 15571 13491 8252 13235 3941 11371 14481 5387 9773 10740 10297 7073 9642 9598 7099 6988 9620 8207 4890 3333 1891
internal_count=97489 61042 36447 27634 12193 33408 24254 12063 19917 15571 13491 8252 13235 3941 11371 14481 5387 9773 10740 10297 7073 9642 9598 7099 6988 9620 8207 4890 3333 1891
is_linear=0
shrinkage=0.1


Tree=14
num_leaves=31
num_cat=0
split_feature=0 0 2 4 4 40 4 88 51 102 59 100 102 53 86 103 90 5 103 80 38 104 36 83 81 41 51 88 36 105
split_gain=444866 86112.5 74382.5 19139.3 15288.8 12093.8 10591.7 7156.32 5563.65 4503.8 4491.53 4390.46 4126.36 4099.9 4087.66 3962.23 3592 3563.99 3482.12 3456.36 3418.37 3326.88 3163.29 3071.25 2950.91 2869.78 2829.93 2764.68 2737.52 2649.13
threshold=29.920000000000005 19.510000000000009 42.975000000000016 14.515000000000001 35.382500000000014 1.205263157894737 51.762500000000003 4.2500000000000009 65.65000000000002 11.500000000000002 15.500000000000002 1.0000000180025095e-35 3.5000000000000004 21.500000000000004 119.50000000000001 0.54350000000000021 3.5000000000000004 11.608088717889942 0.50900000000000012 1239.1000000000001 4.0500000000000007 111.65000000000002 1.1000000000000003 43.500000000000007 17.500000000000004 1.5999002947576504 59.95000000000001 48.050000000000004 1.9000000000000001 1.0000000180025095e-35
decision_type=10 10 10 10 10 10 10 8 10 10 10 2 10 8 10 2 10 8 2 10 10 2 10 10 8 10 10 10 10 10
left_child=1 3 4 7 9 16 10 -1 14 11 23 28 -9 17 18 27 19 22 -7 24 -12 -8 -5 -4 -3 -17 -13 -6 -2 -28
right_child=2 5 6 13 15 8 21 12 -10 -11 20 26 -14 -15 -16 25 -18 -19 -20 -21 -22 -23 -24 -25 -26 -27 29 -29 -30 -31
leaf_value=-0.50998935039134075 0.0058552444965838677 -0.73960166608586031 0.014903580800036396 -0.28983849589664729 0.27103652000916306 0.0048303190351459161 0.54900869075580583 -0.31979012091835035 0.11155046151179356 -0.23229477967002563 0.4409617329049933 0.10277243095549089 -0.50018610942240516 -0.15153292655304718 0.1676622088550401 0.13117923834275139 -0.098771298288940101 -0.46894697728614521 -0.095918910856566897 0.0048897120343425714 0.69662403395670092 0.76552072164271312 -0.1557823502594817 0.34933988753908762 -0.2332847292403416 0.27822019519046948 0.41914972073864193 0.42884560448872133 0.12416285525129794 0.19078450396968732
leaf_weight=3688 4190 119 309 5266 5853 6440 1754 8445 3137 385 4933 3667 1492 5005 931 3391 7940 781 7341 624 585 1192 2644 2466 3521 2181 592 1370 3668 3579
leaf_count=3688 4190 119 309 5266 5853 6440 1754 8445 3137 385 4933 3667 1492 5005 931 3391 7940 781 7341 624 585 1192 2644 2466 3521 2181 592 1370 3668 3579
internal_value=-3.55869e-10 -0.178621 0.255471 -0.307112 0.170518 -0.061811 0.473737 -0.391027 -0.00935661 0.105612 0.415877 0.113901 -0.346876 -0.223631 -0.0351373 0.252092 -0.138528 -0.265151 -0.0488378 -0.21256 0.468066 0.636613 -0.245029 0.3121 -0.249837 0.188734 0.166856 0.300968 0.0610795 0.223197
internal_weight=97489 57374 40115 27321 28876 30053 11239 13625 17849 16081 8293 15696 9937 13696 14712 12795 12204 8691 13781 4264 5518 2946 7910 2775 3640 5572 7838 7223 7858 4171
internal_count=97489 57374 40115 27321 28876 30053 11239 13625 17849 16081 8293 15696 9937 13696 14712 12795 12204 8691 13781 4264 5518 2946 7910 2775 3640 5572 7838 7223 7858 4171
is_linear=0
shrinkage=0.1


Tree=15
num_leaves=31
num_cat=0
split_feature=4 2 0 0 49 51 0 88 51 49 102 6 36 102 36 103 100 103 111 100 103 102 106 1 104 103 88 51 47 41
split_gain=363068 78150.6 52351.9 17831.7 13858 8828.68 6716.32 5515.22 5273.61 4872.72 4778.15 4604.54 4320.69 4213.33 3653.65 3622.61 3621.94 4228.48 3494.73 3488.44 3685.85 3444.14 3686.32 3376.58 3327.73 3311.37 3230.33 3065.32 3101.03 3041.92
threshold=27.285000000000007 39.025000000000013 14.810000000000002 46.650000000000013 39.350000000000001 66.050000000000011 8.2900000000000027 21.250000000000004 88.350000000000009 43.750000000000007 4.5000000000000009 11.633333333333335 1.6333333333333335 13.500000000000002 1.1000000000000003 0.49400000000000005 1.0000000180025095e-35 0.5525000000000001 3.5000000000000004 1.0000000180025095e-35 0.43500000000000005 1.5000000000000002 400.50000000000006 16.412495239653456 113.65000000000002 0.43500000000000005 52.350000000000001 74.65000000000002 1.0906756297274718 1.4180333927029871
decision_type=10 10 10 10 10 10 8 10 10 10 10 10 10 10 10 2 2 2 2 2 2 8 2 8 2 2 10 10 10 10
left_child=2 5 6 18 10 9 -1 -6 16 23 12 -7 15 19 -13 -4 17 -5 27 20 -11 -8 -23 -2 -20 -9 -10 -3 -29 -21
right_child=1 3 4 8 7 11 21 25 26 13 -12 14 -14 -15 -16 -17 -18 -19 24 29 -22 22 -24 -25 -26 -27 -28 28 -30 -31
leaf_value=-0.43039125619715968 -0.036113228679362439 0.26038730609753846 -0.1346621527959978 0.43691687254764733 -0.12372896193755799 0.018424801313414046 -0.16118484290292193 0.06806744405759757 0.46273256369005883 0.14234931589162444 -0.38230907103519318 0.025004083541123701 -0.050625430103249172 -0.54070349708889365 0.22039094597872941 -0.24423227170286901 0.50133479263440106 0.15535577009223817 0.20047271595374372 0.08247845815507103 -0.010140720290960525 -0.33230487314434648 -0.063727158556267732 -0.6382425476137239 0.36071591482608423 -0.050331242545243272 0.66284109094390198 0.71462387037586683 0.38633665618113788 0.21295431521088509
leaf_weight=5137 3117 1369 5460 1275 7830 1683 1710 3399 1408 2304 1151 1081 2488 108 8347 6745 2172 917 5238 4490 5080 8434 544 96 1722 7744 1889 378 1205 2968
leaf_count=5137 3117 1369 5460 1275 7830 1683 1710 3399 1408 2304 1151 1081 2488 108 8347 6745 2172 917 5238 4490 5080 8434 544 96 1722 7744 1889 378 1205 2968
internal_value=-1.3452e-10 0.200646 -0.18561 0.367349 -0.117063 0.100575 -0.336422 -0.0594108 0.48193 0.0576228 -0.186102 0.170789 -0.170732 0.0816347 0.197988 -0.195215 0.409814 0.319129 0.27879 0.0861632 0.0374401 -0.291257 -0.316031 -0.054104 0.240119 -0.0142156 0.577384 0.369964 0.464727 0.134403
internal_weight=97489 46847 50642 17573 34817 29274 15825 18973 7661 18163 15844 11111 14693 14950 9428 12205 4364 2192 9912 14842 7384 10688 8978 3213 6960 11143 3297 2952 1583 7458
internal_count=97489 46847 50642 17573 34817 29274 15825 18973 7661 18163 15844 11111 14693 14950 9428 12205 4364 2192 9912 14842 7384 10688 8978 3213 6960 11143 3297 2952 1583 7458
is_linear=0
shrinkage=0.1


Tree=16
num_leaves=31
num_cat=0
split_feature=0 4 4 88 51 51 59 111 53 49 103 38 88 41 103 111 82 40 77 110 103 49 73 103 2 46 21 89 45 102
split_gain=296399 64843.5 44053.3 15198 8953.85 8426.64 7152.67 6623.38 5733.46 5290.47 4739.56 4179.62 4056.9 4037.35 4216 3976.48 4349.71 3966.22 3756.83 3380.17 3125.3 3093.88 3066.2 3308.68 2747.85 2743.13 2740.62 2544.71 2541.27 2541.1
threshold=30.900000000000006 20.516590909090915 43.197500000000012 8.7500000000000018 60.150000000000013 66.350000000000009 15.500000000000002 53.500000000000007 37.500000000000007 28.450000000000003 0.45150000000000007 1.2361111111111114 31.050000000000004 1.5999002947576504 0.59450000000000014 7.5000000000000009 10.500000000000002 5.0750000000000002 5.5000000000000009 72.500000000000014 0.49400000000000005 54.050000000000004 3.5000000000000004 0.43500000000000005 31.920000000000005 0.14642857142857144 2.8684101589509283 21.500000000000004 2.1029014015596119 1.5000000000000002
decision_type=10 10 10 10 8 10 10 2 10 10 2 10 10 10 2 2 10 10 8 2 2 10 8 2 10 10 10 10 10 10
left_child=1 3 5 15 7 10 25 11 -8 -5 -2 -3 20 14 -7 18 -17 26 -1 -13 -11 -12 -6 24 -24 -4 28 -21 -10 -18
right_child=2 4 6 9 22 13 8 -9 17 12 21 19 -14 -15 -16 16 29 -19 -20 27 -22 -23 23 -25 -26 -27 -28 -29 -30 -31
leaf_value=-0.21363041063115881 0.17826170068737462 -0.116678729704145 -0.84572279600669509 -0.27738708594184747 -0.054919735802653337 0.21477032468599244 0.31632720805152981 -0.28158901492428967 0.45739888085892721 -0.12763064239942168 0.0016722441083598294 -0.87626555858422872 -0.020147915184153292 0.2859726185506804 0.060617704670928488 -0.48844188559302948 -0.17589078094450958 0.89584001694342208 0.45150616949601546 -0.03349012603876271 -0.22547585459073774 0.12045632449114269 0.12782041640873767 0.035018496609458431 0.41413912625011928 0.25183081338963986 0.59476337319174666 0.11035701864065249 0.14288756856795684 -0.34982207986661584
leaf_weight=444 4841 7117 23 5527 2226 6129 2557 1388 3542 5887 4865 46 1757 4622 2497 2125 985 239 105 11038 7328 3992 1692 4956 418 2294 1483 1384 277 5705
leaf_count=444 4841 7117 23 5527 2226 6129 2557 1388 3542 5887 4865 46 1757 4622 2497 2125 985 239 105 11038 7328 3992 1692 4956 418 2294 1483 1384 277 5705
internal_value=-9.15628e-11 -0.137446 0.221202 -0.24199 -0.0342906 0.153693 0.395864 -0.0704947 0.440192 -0.193774 0.0986978 -0.0555344 -0.162907 0.210557 0.170147 -0.347541 -0.363803 0.497352 -0.0864185 -0.0206319 -0.181888 0.0552102 0.047426 0.079668 0.184541 0.240936 0.479389 -0.0174634 0.434587 -0.324213
internal_weight=97489 60128 37361 29863 30265 26946 10415 20973 8098 20499 13698 19585 14972 13248 8626 9364 8815 5541 549 12468 13215 8857 9292 7066 2110 2317 5302 12422 3819 6690
internal_count=97489 60128 37361 29863 30265 26946 10415 20973 8098 20499 13698 19585 14972 13248 8626 9364 8815 5541 549 12468 13215 8857 9292 7066 2110 2317 5302 12422 3819 6690
is_linear=0
shrinkage=0.1


Tree=17
num_leaves=31
num_cat=0
split_feature=0 0 0 8 51 0 40 102 38 53 103 49 49 90 51 102 100 51 103 100 103 111 49 103 90 103 40 4 107 11
split_gain=240083 53690.5 37101.4 12192.4 7454.53 7178.57 6477.32 5398.32 4969.41 4453.58 3956.31 3851.23 3620.79 3514.99 3491.44 3424.69 3332.9 3230.02 3881.81 2965.79 3379.3 2956.92 2919.29 2830.95 2738.15 2690.99 2671.05 2665.13 2654.68 2523.48
threshold=30.900000000000006 20.130000000000006 42.845000000000006 6.7071428571428582 60.150000000000013 50.310000000000009 1.8973684210526318 3.5000000000000004 2.4365079365079372 22.500000000000004 0.68200000000000016 16.250000000000004 27.650000000000002 3.5000000000000004 50.350000000000001 10.500000000000002 1.0000000180025095e-35 60.150000000000013 0.36000000000000004 1.0000000180025095e-35 0.49400000000000005 40.500000000000007 46.650000000000013 0.62150000000000005 15.500000000000002 0.58700000000000008 0.71825396825396837 59.757500000000014 2023.5000000000002 10.060605817010424
decision_type=10 10 10 10 8 10 10 10 10 10 2 8 10 10 10 10 2 10 2 2 2 2 10 2 10 2 10 10 2 8
left_child=1 3 6 7 8 10 16 13 12 -8 22 -5 -3 26 -13 17 29 18 -11 20 27 -21 -4 -14 -18 28 -1 -7 -6 -2
right_child=2 4 5 11 25 19 9 -9 -10 15 -12 14 23 -15 -16 -17 24 -19 -20 21 -22 -23 -24 -25 -26 -27 -28 -29 -30 -31
leaf_value=-0.32721279827681166 0.017764807857590419 -0.27320252405801493 -0.073860358661938894 -0.48742330717647864 0.11231336843072202 0.44265758948287282 -0.0070957598011872547 -0.40104183275152183 0.098527303398936852 0.32036350915360234 0.057972465037614156 -0.1819077110303893 -0.047983531774829453 -0.17127482030164207 -0.074374525790963347 -0.28287002369122327 0.10962036533154935 0.22029993372179624 0.051378946412028836 0.48657943258564967 0.24477623011329991 0.90825008904768367 0.31670517443619894 -0.14012501191843624 0.48274653111652638 -0.039819271240606351 -0.21057173840150534 1.0241226148813272 -0.060978872492825957 -0.60939820537200351
leaf_weight=5758 4942 897 197 334 5063 945 1284 3061 1756 675 712 8470 15518 3711 4692 153 4842 10360 2615 2185 1210 180 6705 4247 205 2571 2979 86 1071 65
leaf_count=5758 4942 897 197 334 5063 945 1284 3061 1756 675 712 8470 15518 3711 4692 153 4842 10360 2615 2185 1210 180 6705 4247 205 2571 2979 86 1071 65
internal_value=-2.42136e-10 -0.123701 0.199082 -0.221586 -0.0324779 0.342018 0.129607 -0.282067 -0.0629748 0.171043 0.282405 -0.152084 -0.0767003 -0.252811 -0.143574 0.187614 0.0674286 0.192887 0.106566 0.440562 0.358128 0.518673 0.305557 -0.0677824 0.124776 0.0460608 -0.287442 0.49116 0.0820564 0.00962309
internal_weight=97489 60128 37361 29005 31123 12220 25141 15509 22418 15087 7614 13496 20662 12448 13162 13803 10054 13650 3290 4606 2241 2365 6902 19765 5047 8705 8737 1031 6134 5007
internal_count=97489 60128 37361 29005 31123 12220 25141 15509 22418 15087 7614 13496 20662 12448 13162 13803 10054 13650 3290 4606 2241 2365 6902 19765 5047 8705 8737 1031 6134 5007
is_linear=0
shrinkage=0.1


Tree=18
num_leaves=31
num_cat=0
split_feature=4 2 6 0 49 89 102 103 94 36 49 100 39 49 49 36 59 103 40 103 49 86 100 103 111 13 48 107 91 88
split_gain=195455 42767.9 30438.1 9963.37 9277.44 5937.19 4670.79 4241.6 4238.55 4213.18 4150.84 4115.78 4053.82 3926.25 3899.42 3628.71 3791.97 3282.47 3272.51 3260.58 3237.48 2967.38 2825.74 2698.52 2788.47 3017.68 2681.62 2632.93 2631.26 2603.91
threshold=27.285000000000007 39.025000000000013 6.1000000000000005 46.650000000000013 39.350000000000001 13.500000000000002 2.5000000000000004 0.49400000000000005 1.0000000180025095e-35 3.3666666666666671 47.350000000000001 1.0000000180025095e-35 2.1653827159344963 16.250000000000004 21.650000000000002 1.6333333333333335 9.5000000000000018 0.26200000000000007 2.0513157894736849 0.71000000000000008 73.850000000000009 121.50000000000001 1.0000000180025095e-35 0.67600000000000016 3.5000000000000004 5.7358455359242866 12.950000000000001 2015.5000000000002 5.5000000000000009 35.050000000000004
decision_type=10 10 10 10 10 10 10 2 10 10 10 2 10 8 8 10 10 2 10 2 10 10 2 2 2 10 10 2 10 10
left_child=2 5 6 23 13 14 29 9 -6 -5 -7 19 -13 -4 -2 16 -15 -12 -19 -9 -11 26 -16 24 25 -3 28 -24 -10 -1
right_child=1 3 4 7 8 10 -8 11 21 20 17 12 -14 15 22 -17 -18 18 -20 -21 -22 -23 27 -25 -26 -27 -28 -29 -30 -31
leaf_value=-0.22197471615234532 -0.48525960799186463 0.29456611884651623 -0.42903994316524569 0.33565161906560514 -0.11395841102030904 0.021074910105525917 -0.33683666048271027 0.22943038767125468 -0.043792261938086136 0.41621331229688807 0.30469210985322515 0.32421642591139377 0.68785781793900447 -0.21821343083343298 -0.032305443722552389 -0.02467396361511032 -0.11122467936497207 0.070721280351750571 0.16928369267116528 -0.20293261641054416 0.70214289619394965 0.23418040044218641 0.23317444921370614 0.048662538572654623 0.18541587974270113 1.1697643060982228 0.15895874096394177 0.0406262238017603 0.11774139858696633 0.3656514864315365
leaf_weight=9700 155 2612 457 1822 5298 4359 4924 1905 11118 795 1027 1788 370 5372 5137 2652 8642 6845 6633 192 789 486 852 1001 6259 40 808 4266 1109 76
leaf_count=9700 155 2612 457 1822 5298 4359 4924 1905 11118 795 1027 1788 370 5372 5137 2652 8642 6845 6633 192 789 486 852 1001 6259 40 808 4266 1109 76
internal_value=-7.60227e-11 0.147218 -0.136186 0.270538 -0.0866051 0.0731891 -0.257411 0.356187 -0.0381428 0.439353 0.106644 0.289614 0.386565 -0.139868 0.0125656 -0.131938 -0.152237 0.132359 0.119227 0.189844 0.558637 -0.00843553 0.02009 0.204341 0.221829 0.307767 -0.0174813 0.07268 -0.029141 -0.217406
internal_weight=97489 46847 50642 17573 35942 29274 14700 7661 18819 3406 18864 4255 2158 17123 10410 16666 14014 14505 13478 2097 1584 13521 10255 9912 8911 2652 13035 5118 12227 9776
internal_count=97489 46847 50642 17573 35942 29274 14700 7661 18819 3406 18864 4255 2158 17123 10410 16666 14014 14505 13478 2097 1584 13521 10255 9912 8911 2652 13035 5118 12227 9776
is_linear=0
shrinkage=0.1


Tree=19
num_leaves=31
num_cat=0
split_feature=4 0 0 38 111 80 51 90 94 27 36 103 88 59 109 45 63 87 106 104 71 104 102 85 48 75 51 102 54 82
split_gain=159636 37702.3 22794.7 9252.43 6096.65 6277.67 5771.24 5094.98 4348.49 4796.99 4123.29 4140.02 4104.37 4035.43 3493.02 3294.88 3221.34 3211.86 2986.26 2995.59 2784.81 2779.81 2746.25 2719.59 2709.77 2644.01 2506.98 2497.19 2405.39 2342.28
threshold=31.070000000000004 20.130000000000006 46.345000000000006 0.95000000000000007 41.500000000000007 73.050000000000026 66.350000000000009 2.5000000000000004 2.5000000000000004 1.077545574753892 3.1000000000000005 0.61050000000000015 32.250000000000007 15.500000000000002 26.873374401095145 1.7575121394591104 12.500000000000002 53.500000000000007 802.50000000000011 105.05000000000001 2.5000000000000004 106.85000000000001 1.5000000000000002 64.500000000000014 15.950000000000001 7.5000000000000009 91.200000000000003 1.5000000000000002 5.5000000000000009 4.5000000000000009
decision_type=10 10 10 10 2 10 10 10 10 8 10 2 10 10 2 10 10 10 2 2 10 2 8 10 10 10 10 10 10 8
left_child=1 3 6 7 8 -6 14 17 9 12 11 15 20 -4 21 26 27 22 19 23 29 -2 -1 -18 -10 -21 -8 -15 -13 -3
right_child=2 4 13 -5 5 -7 10 -9 24 -11 -12 28 -14 16 -16 -17 18 -19 -20 25 -22 -23 -24 -25 -26 -27 -28 -29 -30 -31
leaf_value=-0.15577139695180897 -0.013408761250875777 -0.79352617856735996 0.1818260887095442 -0.10238830039591147 -0.58984359332684122 -0.1005977064926431 0.17939712763859869 -0.16153820502014596 0.046430564778882771 -0.10620304566790224 0.24779748145616398 0.013171174645016413 0.081654759507451213 0.020237727085654827 -0.051923911200316045 0.03884520150457127 0.28848350396799888 -0.11854367057196674 0.2573655903090909 0.19418381576736768 0.0031485248314665677 0.12339963773418715 -0.30828665451703841 -0.56487476384001123 0.26427977331064051 0.52769317675008709 0.46469182957230698 0.30464057383424714 1.0632217916575344 -0.090653541048657874
leaf_weight=1380 1867 48 1744 9975 279 4373 7611 8141 5227 5644 4237 2601 4533 368 1953 1736 337 1297 997 264 8244 7263 8172 42 641 2387 321 1917 22 3868
leaf_count=1380 1867 48 1744 9975 279 4373 7611 8141 5227 5644 4237 2601 4533 368 1953 1736 337 1297 997 264 8244 7263 8172 42 641 2387 321 1917 22 3868
internal_value=-1.99664e-10 -0.0971964 0.168472 -0.180371 -0.0238742 -0.12994 0.12529 -0.221333 -0.00638021 -0.0265053 0.162727 0.133402 0.000440922 0.316473 0.0694586 0.163632 0.353675 -0.266203 0.407488 0.456885 -0.0298339 0.0954236 -0.286252 0.193916 0.0702277 0.494481 0.190943 0.258837 0.0219783 -0.0992689
internal_weight=97489 61822 35667 28965 32857 4652 27611 18990 28205 22337 16528 12291 16693 8056 11083 9668 6312 10849 4027 3030 12160 9130 9552 379 5868 2651 7932 2285 2623 3916
internal_count=97489 61822 35667 28965 32857 4652 27611 18990 28205 22337 16528 12291 16693 8056 11083 9668 6312 10849 4027 3030 12160 9130 9552 379 5868 2651 7932 2285 2623 3916
is_linear=0
shrinkage=0.1


Tree=20
num_leaves=31
num_cat=0
split_feature=0 4 0 73 36 102 49 51 23 53 100 49 104 88 94 104 88 100 103 94 40 14 49 111 37 48 88 102 37 103
split_gain=131051 26273.2 22373.6 6922.7 5213.56 4813.94 4495.14 4245.24 3817.43 3770.26 3600.94 3695.48 3351.89 3262.69 3045.27 2836.76 2766.06 2589.4 3477.79 2614.46 2496.96 2480.02 2458.07 2423.73 2391.16 2370.35 2349.54 2336.73 2265.15 2252.48
threshold=29.920000000000005 16.655277777777783 42.845000000000006 3.5000000000000004 2.3666666666666671 3.5000000000000004 70.65000000000002 60.850000000000001 3.4692254779318303 7.5000000000000009 1.0000000180025095e-35 51.650000000000013 111.55000000000001 24.650000000000002 1.0000000180025095e-35 113.85000000000001 19.650000000000002 1.0000000180025095e-35 0.72700000000000009 1.5000000000000002 3.1519230769230773 15.350000000000003 46.650000000000013 42.500000000000007 0.64222852518808682 4.6500000000000012 63.250000000000007 11.500000000000002 2.3057869817013859 0.43500000000000005
decision_type=10 10 10 10 10 10 10 10 10 8 2 10 2 10 10 2 10 2 2 10 10 10 8 2 10 10 10 10 10 2
left_child=1 5 4 9 10 13 15 16 17 25 12 -12 -2 14 -1 22 -5 18 21 -19 -18 -8 -4 -11 -24 -3 -21 -13 -16 -9
right_child=2 3 6 7 -6 -7 8 29 -10 23 11 27 -14 -15 28 -17 20 19 -20 26 -22 -23 24 -25 -26 -27 -28 -29 -30 -31
leaf_value=-0.22773844216375294 -0.055835058472142055 -0.77365795430929774 -0.3272329302117376 -0.088936619607673822 0.14137072983076199 -0.30008905286971471 0.25532613379968561 0.15923307338512174 0.53909407554969302 -0.072523392920092411 0.020126963639958743 0.16341070163747953 0.07183614207236326 -0.041304310923823993 -0.13823527797574472 0.3175792255849742 -0.014966645142064972 0.15895583908915203 -0.36784103183132233 0.35797816713154729 0.3347543947183742 -0.37610092170070858 -0.13917267360893484 -0.17595390781748987 0.18613687455469685 -0.25452830074902844 0.63609454639725382 -0.46452293249468007 0.9020022077219827 0.019787627668190488
leaf_weight=7636 4211 115 101 6893 11364 3382 2215 1637 685 10887 3419 4822 4019 1784 6559 1496 11055 519 99 1581 208 64 237 2861 4847 374 376 60 21 3962
leaf_count=7636 4211 115 101 6893 11364 3382 2215 1637 685 10887 3419 4822 4019 1784 6559 1496 11055 519 99 1581 208 64 237 2861 4847 374 376 60 21 3962
internal_value=-2.18642e-10 -0.0969477 0.138658 -0.0486138 0.0892287 -0.19169 0.251493 -0.0155674 0.318103 -0.103753 0.0533844 0.0998565 0.0065113 -0.168778 -0.184774 0.196268 -0.0390432 0.286917 0.212389 0.358495 -0.00850815 0.237594 0.161267 -0.0940476 0.170972 -0.376614 0.411413 0.155693 -0.134915 0.0605578
internal_weight=97489 57374 40115 37992 27895 19382 12220 23755 5539 14237 16531 8301 8230 16000 14216 6681 18156 4854 2378 2476 11263 2279 5185 13748 5084 489 1957 4882 6580 5599
internal_count=97489 57374 40115 37992 27895 19382 12220 23755 5539 14237 16531 8301 8230 16000 14216 6681 18156 4854 2378 2476 11263 2279 5185 13748 5084 489 1957 4882 6580 5599
is_linear=0
shrinkage=0.1


Tree=21
num_leaves=31
num_cat=0
split_feature=51 38 4 88 51 88 88 49 103 103 111 83 88 104 107 86 103 102 100 88 93 94 25 106 103 36 23 29 67 55
split_gain=107441 25407.8 18151.4 8000.64 6036.48 5486.21 4211.49 4079.52 3829.75 3329.43 2947.19 3598.67 2893.38 2836.31 2831.31 3006.14 2800.84 2689.5 2647.53 2595.03 2589.2 2500.6 2507.33 2270.62 2259.9 2545.31 2249.31 2168.01 2097.25 2329.47
threshold=60.150000000000013 1.1339285714285716 38.122500000000024 8.7500000000000018 77.40000000000002 26.250000000000004 31.450000000000003 29.750000000000004 0.47100000000000003 0.72700000000000009 7.5000000000000009 171.50000000000003 49.850000000000001 117.2 2018.5000000000002 64.500000000000014 0.37050000000000005 10.500000000000002 1.0000000180025095e-35 38.650000000000013 3.5000000000000004 1.5000000000000002 1.881899070993531 124.50000000000001 0.37050000000000005 2.1000000000000005 3.5649973920793605 1.4547261073653115 4.5000000000000009 37.500000000000007
decision_type=10 10 10 10 10 10 10 10 2 2 2 8 10 2 2 8 2 10 2 10 10 10 10 2 2 10 8 10 10 10
left_child=1 3 6 10 13 8 14 -5 -3 12 11 -1 20 -4 -2 -16 19 24 -8 -9 28 22 -14 -12 25 -7 -10 -27 -6 -30
right_child=2 5 4 7 9 17 18 16 26 -11 23 -13 21 -15 15 -17 -18 -19 -20 -21 -22 -23 -24 -25 -26 27 -28 -29 29 -31
leaf_value=-0.10806605910331431 0.11493776301262211 0.0072975444711440053 0.12429579668969953 -0.18680417492567628 0.016760276884057568 0.04097055827456017 0.057656808147407396 -0.033917719600859625 -0.094919614163548549 -0.033183142751243531 -0.27663703247660876 0.65429500058293355 0.13152279566518188 0.35224924581650741 -0.048320084514654658 0.079311233722300978 -0.11268636331259077 -0.30751297569469266 0.15984781081627608 0.32376309638515255 0.87430912493649182 0.36524151818059625 1.0351203247904779 -0.15967138709495599 0.015319356251786695 0.20947040818970311 -0.66812137872844513 0.93430205375649222 -0.042997544157118525 0.24853994069151686
leaf_weight=355 2464 5440 8153 6070 515 1672 4931 3329 8743 387 5889 75 761 585 5691 2731 12662 230 5218 216 59 3390 32 2311 9909 1023 69 43 293 4243
leaf_count=355 2464 5440 8153 6070 515 1672 4931 3329 8743 387 5889 75 761 585 5691 2731 12662 230 5218 216 59 3390 32 2311 9909 1023 69 43 293 4243
internal_value=-3.36582e-10 -0.0865561 0.127325 -0.148546 0.199813 -0.015933 0.0638558 -0.116879 -0.0586784 0.254206 -0.230291 0.0249039 0.266174 0.139557 0.0206518 -0.00693311 -0.0906901 0.0313767 0.110197 -0.0121239 0.215689 0.327846 0.167986 -0.243673 0.0375398 0.117957 -0.0994079 0.238708 0.207996 0.229708
internal_weight=97489 58036 39453 30907 18418 27129 21035 22277 14252 9680 8630 430 9293 8738 10886 8422 16207 12877 10149 3545 5110 4183 793 8200 12647 2738 8812 1066 5051 4536
internal_count=97489 58036 39453 30907 18418 27129 21035 22277 14252 9680 8630 430 9293 8738 10886 8422 16207 12877 10149 3545 5110 4183 793 8200 12647 2738 8812 1066 5051 4536
is_linear=0
shrinkage=0.1


Tree=22
num_leaves=31
num_cat=0
split_feature=49 4 40 40 89 102 102 103 88 57 103 67 16 103 56 1 104 0 102 103 107 52 87 23 104 28 89 28 102 34
split_gain=87582.2 22342.5 15508.9 6174.64 6087.85 5356.81 4439.15 4042.61 4008.66 3569.82 3512.93 3603.75 3572.42 3207.75 3159.21 2779.01 2720.45 2661.97 2555.27 2553.07 2378.42 2276.45 2247.51 2289.45 2211.76 2206.86 2204.08 2178.89 2175.09 2165.03
threshold=46.050000000000004 36.632500000000014 1.0250000000000001 3.3535714285714291 13.500000000000002 3.5000000000000004 12.500000000000002 0.43500000000000005 21.450000000000003 4.5000000000000009 0.37850000000000006 4.5000000000000009 11.575000000000001 0.60050000000000014 1.5000000000000002 13.925875196727981 114.75000000000001 60.850000000000016 13.500000000000002 0.31750000000000006 2009.5000000000002 15.500000000000002 107.50000000000001 1.4308114061480586 102.05000000000001 1.4721362229102171 5.5000000000000009 0.7947368421052633 8.5000000000000018 0.19375000000000003
decision_type=10 10 10 10 10 10 10 2 10 8 2 10 10 2 10 10 2 10 10 2 2 10 10 10 2 10 10 10 10 10
left_child=2 4 5 6 7 8 10 26 19 15 12 -12 20 18 -11 -4 22 24 21 -1 -3 -6 -13 -24 -5 -25 -2 -28 -26 -27
right_child=1 3 9 17 13 -7 -8 -9 -10 14 11 16 -14 -15 -16 -17 -18 -19 -20 -21 -22 -23 23 25 28 29 27 -29 -30 -31
leaf_value=-0.065585069921786684 -0.082316183340570948 0.65117865195842806 -0.12468434331458154 -0.06861622619587894 0.10267041706050513 -0.25494869006480564 -0.42860037501463122 -0.0556691936875571 -0.059763576213930115 -0.046691642024445201 0.012362221718972756 0.15288667389263744 0.47410328303034333 0.00097576310049969747 0.040299468611970514 -0.51790915867962428 0.29546229343337632 0.50486674335873916 -0.63972839946332183 -0.17327316290181907 0.17280160232815067 0.55370865541353698 0.72607662874189294 -0.1058254010337093 0.26547082084870183 0.66572322136604456 0.21211164147420442 0.037909957772448447 -0.24181067945305693 0.073922731838029304
leaf_weight=2647 763 108 1698 218 11497 3952 136 8348 6120 15446 2484 6579 527 4068 5721 201 1103 420 46 13082 2759 113 44 866 4924 71 1203 1781 86 478
leaf_count=2647 763 108 1698 218 11497 3952 136 8348 6120 15446 2484 6579 527 4068 5721 201 1103 420 46 13082 2759 113 44 866 4924 71 1203 1781 86 478
internal_value=-4.27554e-11 0.0950215 -0.0945451 0.173411 0.036402 -0.147811 0.140152 -0.0169364 -0.128432 -0.0349631 0.145302 0.11917 0.234808 0.0774302 -0.0231798 -0.166305 0.148194 0.262654 0.104113 -0.155151 0.190822 0.10706 0.127985 0.0156984 0.243195 -0.00639108 0.069357 0.108139 0.256763 0.150458
internal_weight=97489 48622 48867 20803 27819 25801 15155 12095 21849 23066 15019 11625 3394 15724 21167 1899 9141 5648 11656 15729 2867 11610 8038 1459 5228 1415 3747 2984 5010 549
internal_count=97489 48622 48867 20803 27819 25801 15155 12095 21849 23066 15019 11625 3394 15724 21167 1899 9141 5648 11656 15729 2867 11610 8038 1459 5228 1415 3747 2984 5010 549
is_linear=0
shrinkage=0.1


Tree=23
num_leaves=31
num_cat=0
split_feature=51 88 0 94 49 49 41 103 103 103 53 59 102 102 111 25 102 63 102 94 103 100 39 103 61 36 48 45 55 2
split_gain=72859.7 18534.5 11627.6 7625.01 5372.52 5312.83 3470.33 3937.36 3157.73 2897.67 2890.93 2822.65 2808.4 2793.63 3070.57 2586.75 2564.53 2456.7 2404.63 2380.33 2247.48 3393.82 2681.66 2483.26 2605.23 2230.51 2181.77 2153.48 2673.89 2088.64
threshold=60.500000000000007 19.650000000000002 46.345000000000006 1.0000000180025095e-35 55.250000000000007 43.550000000000004 1.5999002947576504 0.60050000000000014 0.37050000000000005 0.47250000000000003 7.5000000000000009 14.500000000000002 1.5000000000000002 6.5000000000000009 35.500000000000007 1.9746794344808967 14.500000000000002 21.500000000000004 13.500000000000002 2.5000000000000004 0.43500000000000005 1.0000000180025095e-35 2.1717884406070893 0.71000000000000008 7.5000000000000009 2.5500000000000003 13.950000000000001 1.5563326292120554 33.500000000000007 41.665000000000013
decision_type=10 10 10 10 10 10 10 2 2 2 8 10 8 10 2 10 10 10 10 10 2 2 10 2 8 10 8 10 10 8
left_child=1 3 4 10 15 13 7 18 -7 -5 -1 -4 -12 25 -15 -2 26 -8 27 -11 -13 23 -23 24 -22 -3 -10 28 -6 -19
right_child=2 5 11 9 6 8 17 -9 16 19 12 20 -14 14 -16 -17 -18 29 -20 -21 21 22 -24 -25 -26 -27 -28 -29 -30 -31
leaf_value=-0.30267648522170543 0.035404446420130006 -0.057377115622589875 0.08639149518287309 -0.02465022018334518 0.058028918660409524 0.11102636866103369 0.18658842903153885 -0.017402248934752004 -0.016320147524820829 -0.13579993430341722 -0.048792493470828049 0.32733752973933583 -0.18626641630026528 -0.11008141504105931 -0.5350245880054646 -0.35505700342595409 -0.72760855381687484 -1.2409521321601728e-05 -0.52945192220963933 -0.002334046397498778 -0.10717194386055334 0.24004056770400989 0.53309924172008427 -0.2553299152375465 0.19533434034713829 0.10899554238597076 0.089040681786587333 0.03559798933758361 0.199421101414748 -0.80677858874911357
leaf_weight=1759 12509 13494 1402 5910 1997 3379 6017 2918 9823 8031 1760 2124 9545 561 244 172 48 136 57 1603 342 1891 374 168 1699 857 2457 2120 4050 42
leaf_count=1759 12509 13494 1402 5910 1997 3379 6017 2918 9823 8031 1760 2124 9545 561 244 172 48 136 57 1603 342 1891 374 168 1699 857 2457 2120 4050 42
internal_value=-1.20056e-10 -0.0691207 0.108124 -0.127105 0.0795746 -0.0153727 0.115756 0.0823953 0.0253831 -0.0797757 -0.18342 0.215251 -0.164864 -0.0576101 -0.238884 0.0301084 0.00190906 0.175757 0.117805 -0.113593 0.242632 0.202419 0.288431 0.114226 0.144645 -0.0474418 0.0047606 0.122322 0.152727 -0.190373
internal_weight=97489 59471 38018 28608 30018 30863 17337 11142 15707 15544 13064 8000 11305 15156 805 12681 12328 6195 8224 9634 6598 4474 2265 2209 2041 14351 12280 8167 6047 178
internal_count=97489 59471 38018 28608 30018 30863 17337 11142 15707 15544 13064 8000 11305 15156 805 12681 12328 6195 8224 9634 6598 4474 2265 2209 2041 14351 12280 8167 6047 178
is_linear=0
shrinkage=0.1


Tree=24
num_leaves=31
num_cat=0
split_feature=0 0 36 49 100 103 106 89 36 42 15 36 85 41 103 100 103 12 111 57 53 48 104 107 1 71 28 8 56 94
split_gain=59219.6 16737.6 8320.81 5133.14 4737.22 4511.44 3495.17 3132.84 2963.27 2762.97 2721.12 2690.06 2688.7 3024.56 2576.39 2382.29 2349.28 2330.54 2287.71 2247.42 2165.06 2759.22 2153.68 2739.51 2147.08 2095.06 2194.06 2084.16 2056.65 2046.56
threshold=24.770000000000007 37.650000000000013 0.90000000000000013 68.050000000000011 1.0000000180025095e-35 0.61050000000000015 80.500000000000014 3.5000000000000004 3.3666666666666671 1.2916666666666667 3.5284556650519181 2.7750000000000004 25.500000000000004 1.333059154145646 0.49400000000000005 1.0000000180025095e-35 0.49400000000000005 15.700000000000001 16.500000000000004 5.5000000000000009 32.500000000000007 3.3000000000000003 109.45000000000002 2023.5000000000002 20.716358257621149 3.5000000000000004 1.1937500000000003 13.550000000000002 6.5000000000000009 6.5000000000000009
decision_type=10 10 10 10 2 2 2 10 10 10 10 10 8 10 2 2 2 10 2 10 8 10 2 2 10 10 10 10 10 10
left_child=2 4 6 12 5 9 -1 -4 10 24 27 19 22 15 -8 -14 -10 -12 -9 -6 21 -17 23 -3 25 26 -2 -5 -20 -29
right_child=1 3 7 8 11 -7 14 18 16 -11 17 -13 13 -15 -16 20 -18 -19 28 -21 -22 -23 -24 -25 -26 -27 -28 29 -30 -31
leaf_value=-0.17564489961586949 0.064869007691870983 0.077316348706579469 -0.13129026524990892 -0.8969832922731128 -0.11479436884254111 -0.10968970265605354 -0.042820419719175266 0.015558113315914718 0.35934100824617021 -0.025025724474430494 0.29988296879366683 0.14832153797600559 -0.21036557568105013 0.098886539769020815 -0.1361279355398532 -0.75087837844059391 0.1958621911404663 -0.11292608206797589 -0.06126658173950629 0.0540227966061049 -0.15809244353093621 0.25972069097240752 0.16341943625425234 -0.43381307164736849 -0.75009478437714283 0.11697756927160508 -0.15051826422187417 0.11092955379739487 0.66641930601535704 -0.6579717876229968
leaf_weight=9920 1397 2761 3353 21 838 3710 5244 7542 1588 7523 1364 2997 740 2355 6792 29 1969 152 9426 13374 307 395 5934 109 32 3668 715 3160 39 35
leaf_count=9920 1397 2761 3353 21 838 3710 5244 7542 1588 7523 1364 2997 740 2355 6792 29 1969 152 9426 13374 307 395 5934 109 32 3668 715 3160 39 35
internal_value=-2.31311e-10 0.0682565 -0.088995 0.138737 0.0252139 -0.0121528 -0.131697 -0.0429462 0.199883 0.0149834 0.148045 0.0622246 0.0986067 0.0286166 -0.0954745 -0.0838822 0.268846 0.258493 -0.0255289 0.0440686 0.0441584 0.1906 0.129023 0.0579041 0.0667708 0.0712933 -0.00804856 0.09598 -0.0582682 0.102507
internal_weight=97489 55173 42316 20919 34254 17045 21956 20360 8289 13335 4732 17209 12630 3826 12036 1471 3557 1516 17007 14212 731 424 8804 2870 5812 5780 2112 3216 9465 3195
internal_count=97489 55173 42316 20919 34254 17045 21956 20360 8289 13335 4732 17209 12630 3826 12036 1471 3557 1516 17007 14212 731 424 8804 2870 5812 5780 2112 3216 9465 3195
is_linear=0
shrinkage=0.1


Tree=25
num_leaves=31
num_cat=0
split_feature=51 36 88 106 89 36 102 103 53 41 48 27 104 103 104 67 102 90 86 1 3 7 88 5 105 102 29 2 7 45
split_gain=49670.3 12418.6 8435.76 4973.66 3556.68 3467.13 3078.89 3018.93 2937.07 2711.37 2697.29 2463.09 2410.01 2402.65 2392.94 2353.4 2283.16 2707.35 2238.83 2216.65 2203.07 2507.37 2235.69 2197.53 2157.11 2156.2 2128.85 2014.18 1982.85 1883.97
threshold=60.150000000000013 1.1000000000000003 44.650000000000013 70.500000000000014 21.500000000000004 1.9000000000000001 5.5000000000000009 0.49400000000000005 25.500000000000004 1.4685294503919091 12.65 0.80265360933717089 108.15000000000002 0.51950000000000018 116.35000000000001 4.5000000000000009 3.5000000000000004 7.5000000000000009 1.5000000000000002 11.750638280516826 12.471774800185525 6.9713663337696117 64.950000000000017 7.2003060972638666 0.77500000000000013 5.5000000000000009 1.2103353896487981 39.215000000000011 6.1318784650807245 2.5873604447359839
decision_type=10 10 10 2 10 10 10 2 10 10 10 10 2 2 2 10 10 10 8 10 10 10 10 10 10 10 10 10 10 10
left_child=1 3 5 16 10 11 8 -5 19 12 18 24 -4 -12 -10 27 17 -1 -3 -7 22 -22 -17 -19 -2 -6 -8 -11 -24 -23
right_child=2 4 9 7 25 6 26 -9 14 15 13 -13 -14 -15 -16 20 -18 23 -20 -21 21 29 28 -25 -26 -27 -28 -29 -30 -31
leaf_value=-0.14921429423821167 0.1059958670342389 -0.55058453304823052 -0.041784012516473373 -0.026188691773867109 0.093253916081353014 0.058007691027874286 -0.0091010836834037635 -0.10782512208664892 0.10723060020517117 0.22725171802183375 0.11870708721873445 -0.017832635065337433 0.13435453559543689 -0.027257448888879762 0.27038497940345663 0.14740800282061925 -0.24929944645688301 -0.41612624410947324 -0.039260702004892352 -0.15884182545029912 0.44485625454092159 0.24706260941636568 0.6717228149983191 0.14722263372494179 -0.052169739998115063 -0.26891052197924881 -0.39080107763179184 -0.062001841464664767 0.23048789690778612 -0.22610964832011235
leaf_weight=8451 3990 86 1030 8035 3716 1744 592 10384 10400 390 2207 7703 3160 2306 984 4083 2152 80 19932 646 724 1543 155 515 1100 172 194 629 297 89
leaf_count=8451 3990 86 1030 8035 3716 1744 592 10384 10400 390 2207 7703 3160 2306 984 4083 2152 80 19932 646 724 1543 155 515 1100 172 194 629 297 89
internal_value=-1.73878e-10 -0.0588521 0.0865724 -0.104165 -0.011629 0.0558176 0.0891901 -0.0722125 0.100175 0.156096 -0.0257129 0.0178357 0.0910556 0.0441238 0.121333 0.190548 -0.156722 -0.134698 -0.0414574 -0.000605191 0.211524 0.28997 0.170769 0.0714782 0.0718147 0.0772322 -0.103312 0.0487036 0.381796 0.221258
internal_weight=97489 58036 39453 29617 28419 27353 14560 18419 13774 12100 24531 12793 4190 4513 11384 7910 11198 9046 20018 2390 6891 2356 4535 595 5090 3888 786 1019 452 1632
internal_count=97489 58036 39453 29617 28419 27353 14560 18419 13774 12100 24531 12793 4190 4513 11384 7910 11198 9046 20018 2390 6891 2356 4535 595 5090 3888 786 1019 452 1632
is_linear=0
shrinkage=0.1


Tree=26
num_leaves=31
num_cat=0
split_feature=49 88 36 48 104 48 59 103 36 102 26 73 102 103 100 49 3 46 87 94 5 111 10 88 23 26 55 100 3 2
split_gain=40770.8 10566.8 7689.85 4634.77 3931.38 3625.97 3371.23 2662.8 2707.99 2626.7 2547.24 2483.74 2474.2 2465.81 2439.03 2400.12 2321.02 2278.4 2274.43 2250.05 2577.87 2113.92 2056.32 2042.67 1967.82 1938.01 1927.3 1971.18 1925.98 1925.3
threshold=46.050000000000004 41.250000000000007 0.45000000000000007 14.65 114.05000000000003 2.8000000000000003 14.500000000000002 0.39800000000000008 4.366666666666668 15.500000000000002 0.95000000000000007 7.5000000000000009 6.5000000000000009 0.42900000000000005 1.0000000180025095e-35 82.250000000000014 17.348898459534997 1.0954545454545457 80.500000000000014 3.5000000000000004 11.858738172256723 2.5000000000000004 25.675000000000001 32.45000000000001 3.5144437559024921 0.68333333333333346 42.500000000000007 1.0000000180025095e-35 9.7913822653728868 44.175000000000018
decision_type=10 10 10 10 2 8 10 2 10 10 10 10 10 2 2 10 10 10 10 10 8 2 10 10 10 10 10 2 10 10
left_child=2 3 21 7 6 12 -3 17 26 -5 -7 13 23 -8 -15 16 -6 29 -10 20 -12 -1 -17 -4 -13 -25 27 -9 -19 -2
right_child=1 4 5 9 15 10 11 8 18 -11 19 24 -14 14 -16 22 -18 28 -20 -21 -22 -23 -24 25 -26 -27 -28 -29 -30 -31
leaf_value=0.6359867896490532 0.13776323310142888 0.031266760017227897 -0.08561506798086671 0.092517029596930145 0.18586750576841046 0.0044877451125900974 0.21381524933091201 -0.074264374567657179 0.083566189214417885 -0.52669607018646991 -0.062112257105007 0.18016200501671187 -0.26803779147125201 -0.0045599685954572531 0.13760002594141418 0.026956046709129891 0.73777133425076802 0.10632628768701882 0.7566928990461208 0.083542656357695325 -0.25951192541065815 -0.14245869970564937 0.69424374994322746 0.24348989283103967 0.41115511573799957 -0.042633845170705183 0.051520191375806823 0.0027932958460967034 -0.051116593770433517 0.87574163998166721
leaf_weight=35 1963 4404 12385 9574 3301 15350 1530 6672 132 69 7151 2363 694 2360 2470 62 78 1338 81 937 729 10563 181 372 437 651 3111 6607 1853 36
leaf_count=35 1963 4404 12385 9574 3301 15350 1530 6672 132 69 7151 2363 694 2360 2470 62 78 1338 81 937 729 10563 181 372 437 651 3111 6607 1853 36
internal_value=-1.57668e-10 0.0648318 -0.0645068 0.0303627 0.127881 -0.0436311 0.103166 0.00482114 -0.0147223 0.0880863 -0.0201176 0.137734 -0.0839269 0.103184 0.0681388 0.220437 0.198608 0.0673413 0.339544 -0.0629545 -0.0803742 -0.139888 0.523989 -0.0743973 0.216213 0.0614112 -0.0193263 -0.0359241 0.0148999 0.151053
internal_weight=97489 48622 48867 31436 17186 38269 13564 21793 16603 9643 24167 9160 14102 6360 4830 3622 3379 5190 213 8817 7880 10598 243 13408 2800 1023 16390 13279 3191 1999
internal_count=97489 48622 48867 31436 17186 38269 13564 21793 16603 9643 24167 9160 14102 6360 4830 3622 3379 5190 213 8817 7880 10598 243 13408 2800 1023 16390 13279 3191 1999
is_linear=0
shrinkage=0.1


Tree=27
num_leaves=31
num_cat=0
split_feature=51 88 49 94 48 103 48 102 14 102 111 91 104 47 24 36 89 103 102 7 4 98 100 88 21 59 49 106 86 109
split_gain=33610.9 9550.98 5800.99 4668.75 4021.84 3168.96 3026.92 2607.03 2749.18 2426.89 2482.25 2258.53 2186.3 2146.98 2145.41 2084.05 2049.38 2040.54 2036.56 1976.68 1971.39 1945.08 1926.16 2138.36 1918.76 1901.16 1895.44 1855.36 1843.65 2129.56
threshold=60.500000000000007 19.250000000000004 55.250000000000007 1.0000000180025095e-35 23.050000000000004 0.5525000000000001 12.65 1.5000000000000002 7.7250000000000005 5.5000000000000009 16.500000000000004 5.5000000000000009 114.75000000000001 1.839542416804089 1.1000000000000003 2.5500000000000003 30.500000000000004 0.46050000000000008 1.5000000000000002 3.840567357435217 41.777500000000011 2016.5000000000002 1.0000000180025095e-35 13.65 2.3380795224256641 15.500000000000002 30.950000000000003 863.50000000000011 76.500000000000014 23.886379192334022
decision_type=10 10 8 10 10 2 10 10 10 10 2 10 2 8 10 10 10 2 8 10 10 2 2 10 10 10 10 2 10 2
left_child=1 3 22 18 5 7 9 -4 -9 11 21 14 -7 19 26 -16 -10 -5 -1 -8 -14 25 23 -2 -20 -11 -3 -6 -19 -30
right_child=2 6 4 17 27 12 13 8 16 10 -12 -13 20 -15 15 -17 -18 28 24 -21 -22 -23 -24 -25 -26 -27 -28 -29 29 -31
leaf_value=-0.039160855059132589 -0.24461535079367827 -0.10283757463168508 0.0034241938976055722 -0.0028556882575319718 0.18842686409020523 0.015704546259316346 -0.034445243395600907 0.092008409184237971 0.18064070033030619 0.12133233346921557 -0.28492101552546956 0.060759618627744628 0.11488193197677671 -0.12852771979270414 -0.099533917263627758 0.095729061043353325 0.44551959956888737 -0.09380194709494237 -0.14183385700466963 0.099563564570529756 0.55073022422764228 -0.15289782954044029 0.056610942052733926 -0.006650430501641433 -0.35226695735122915 0.99734851902928845 0.004758807661777823 0.031875649893254795 0.17951657873690621 -0.12905436895113995
leaf_weight=1932 404 1884 1822 5446 5742 7552 1439 5672 3053 170 704 3133 438 611 5493 607 323 8679 10476 4682 136 305 6221 5783 452 29 12501 872 552 376
leaf_count=1932 404 1884 1822 5446 5742 7552 1439 5672 3053 170 704 3133 438 611 5493 607 323 8679 10476 4682 136 305 6221 5783 452 29 12501 872 552 376
internal_value=-2.54204e-10 -0.0469466 0.0734379 -0.0895577 0.100628 0.077244 -0.00925717 0.112558 0.134535 -0.0253846 -0.163633 -0.0183135 0.0300047 0.0502168 -0.030407 -0.0801037 0.205983 -0.0517565 -0.133805 0.0680591 0.218149 0.00578525 0.0173189 -0.0221891 -0.150538 0.248993 -0.00933306 0.167787 -0.0794773 0.0544921
internal_weight=97489 59471 38018 27913 25610 18996 31558 10870 9048 24826 1208 23618 8126 6732 20485 6100 3376 15053 12860 6121 574 504 12408 6187 10928 199 14385 6614 9607 928
internal_count=97489 59471 38018 27913 25610 18996 31558 10870 9048 24826 1208 23618 8126 6732 20485 6100 3376 15053 12860 6121 574 504 12408 6187 10928 199 14385 6614 9607 928
is_linear=0
shrinkage=0.1


Tree=28
num_leaves=31
num_cat=0
split_feature=40 51 71 103 80 73 38 27 104 44 102 109 103 53 34 104 52 16 96 111 96 80 89 45 19 21 27 13 27 111
split_gain=27957.8 8995.62 6401.76 4164.19 3464.01 2837.96 2799.01 2615.57 2442.53 2615.83 2434.88 2415.48 2356.47 2334.56 2295.66 2049.24 1983.21 1843.46 1946.15 1837.07 2524.78 2334.36 1827.59 1827.38 1823.18 1780.08 1769.67 1760.99 1755.5 2590.7
threshold=1.8535714285714289 49.150000000000013 3.5000000000000004 0.58700000000000008 873.6500000000002 2.5000000000000004 3.5857142857142863 0.85793099469161826 103.35000000000001 1.7071428571428573 4.5000000000000009 30.366872005475702 0.26200000000000007 25.500000000000004 0.45227272727272733 116.95 4.5000000000000009 4.7573529411764719 208.50000000000003 4.5000000000000009 224.50000000000003 447.15000000000015 53.500000000000007 2.5873604447359839 3.1463864143340432 2.8684101589509283 1.4317807919044598 7.3993235220844698 0.84655531415518281 5.5000000000000009
decision_type=10 10 10 2 10 8 10 10 2 10 10 2 2 8 10 2 10 10 2 2 2 8 10 10 8 10 10 10 10 2
left_child=1 4 5 7 10 24 8 12 -4 13 14 22 17 -10 19 23 -5 18 -3 20 -1 -22 -8 -11 -2 -6 -13 -14 29 -7
right_child=2 3 6 16 25 28 11 -9 9 15 -12 26 27 -15 -16 -17 -18 -19 -20 -21 21 -23 -24 -25 -26 -27 -28 -29 -30 -31
leaf_value=0.0082869615405797969 -0.13309548362618379 0.23383521883345001 -0.073197845405460718 -0.085250417269826226 -0.0021425010196951194 0.17820400105082446 0.22489391315275428 -0.016346320637787192 0.035684824943614087 0.032952526837935044 -0.1882021063066785 0.098592467916739326 0.03550643250709104 0.15786161273644014 -0.033718808377323717 0.24518423953980273 0.015848306907831129 0.28087787111806056 -0.11135477933840543 -0.11239148659608809 -0.01734134666621685 1.4321160907745361 1.1011742739627759 -0.40131929881607348 -0.68078121191123508 0.7979125195315907 -0.32070887593714442 -0.90369747091084729 0.004579362978389818 0.029741172880751045
leaf_weight=540 253 307 850 7529 4098 1697 2869 11900 1977 4559 2553 807 10940 7486 6234 459 2614 734 349 14918 20 25 24 99 80 28 115 20 9581 3824
leaf_count=540 253 307 850 7529 4098 1697 2869 11900 1977 4559 2553 807 10940 7486 6234 459 2614 734 349 14918 20 25 24 99 80 28 115 20 9581 3824
internal_value=-3.1271e-11 -0.0397926 0.0720685 -0.00539321 -0.0814276 0.0240934 0.110546 0.0171107 0.0915828 0.101189 -0.0958175 0.187243 0.0493486 0.132337 -0.084967 0.0435879 -0.0591958 0.172006 0.0501899 -0.105575 0.0682582 0.787913 0.232163 0.0237226 -0.264672 0.00328686 0.0462935 0.0337926 0.0304607 0.0753745
internal_weight=97489 62809 34680 34393 28416 15435 19245 24250 15430 14580 24290 3815 12350 9463 21737 5117 10143 1390 656 15503 585 45 2893 4658 333 4126 922 10960 15102 5521
internal_count=97489 62809 34680 34393 28416 15435 19245 24250 15430 14580 24290 3815 12350 9463 21737 5117 10143 1390 656 15503 585 45 2893 4658 333 4126 922 10960 15102 5521
is_linear=0
shrinkage=0.1


Tree=29
num_leaves=31
num_cat=0
split_feature=38 71 106 55 53 109 103 44 21 26 25 3 111 77 104 94 88 104 110 109 8 15 13 23 102 111 46 86 47 5
split_gain=23449.9 8554.81 4377.09 4336.66 4209.84 3809.56 3393.82 3225.49 3738.65 3718.39 3128.55 2995.88 3309.15 2865.61 2820.78 2582.55 2456.88 2200.03 2040.28 1966.53 2116.21 1951.15 1905.84 1862.93 1857.78 1884.57 2136.57 1883.34 2387.83 2339.47
threshold=1.2928571428571431 3.5000000000000004 50.500000000000007 40.500000000000007 22.500000000000004 26.980150581793293 0.38450000000000006 1.788888888888889 3.1278319239754526 2.4500000000000006 1.9746794344808967 11.12169551422404 4.5000000000000009 6.5000000000000009 113.75000000000001 4.5000000000000009 24.250000000000004 113.75000000000001 80.500000000000014 32.639288158795353 33.45000000000001 2.9401411807576583 4.7010516777896649 2.8743420208588026 15.500000000000002 15.500000000000002 1.2565789473684212 206.50000000000003 0.9954639191026512 9.7717840314788855
decision_type=10 10 2 10 10 2 2 10 10 10 10 10 2 10 2 8 10 2 2 2 10 10 10 10 10 2 10 10 10 10
left_child=2 4 18 5 11 -3 22 19 15 10 13 -2 23 -10 24 17 -8 -9 -1 20 -5 -15 -4 -13 25 27 -27 -6 -29 -30
right_child=1 3 6 7 14 -7 16 8 9 -11 -12 12 -14 21 -16 -17 -18 -19 -20 -21 -22 -23 -24 -25 -26 26 -28 28 29 -31
leaf_value=-0.14552891824132327 -0.035410898099546395 0.071118631819967915 0.013037962725617639 0.18419528492328807 0.022939688486692828 -0.038998653594553019 -0.083066969778745836 -0.025339289023763541 0.17442524886357702 -0.9846462264657021 -0.45154287624671796 0.55245029732694517 -0.25399222095329516 0.32893655235292735 0.09241642613871616 0.18412580152856897 -0.014188178761138245 0.11642212649120445 -0.042562108834954072 0.01803351978860086 -0.36462762271854243 0.78257091583232208 0.36015656473184077 -0.24325810561577482 -0.4310714651431356 0.05649292626907032 -0.078997153683482549 -0.29622416803613305 1.0886748794838785 0.26544746500809513
leaf_weight=7114 5482 10827 6695 6720 10085 4426 14824 4016 566 24 56 85 1207 216 4507 1054 7959 1505 2638 861 71 169 162 45 98 1626 4095 64 40 252
leaf_count=7114 5482 10827 6695 6720 10085 4426 14824 4016 566 24 56 85 1207 216 4507 1054 7959 1505 2638 861 71 169 162 45 98 1626 4095 64 40 252
internal_value=1.00078e-10 0.040385 -0.0595615 0.0768725 2.8589e-05 0.0391656 -0.0404411 0.114567 0.0684503 0.245501 0.274819 -0.0681448 -0.202361 0.317591 0.0224138 0.0406877 -0.0590049 0.0133042 -0.117676 0.160407 0.178457 0.528064 0.0212388 0.277013 0.00301029 0.00564239 -0.0404887 0.0309193 0.25697 0.378218
internal_weight=97489 58097 39392 30511 27586 15253 29640 15258 7606 1031 1007 6819 1337 951 20767 6575 22783 5521 9752 7652 6791 385 6857 130 16260 16162 5721 10441 356 292
internal_count=97489 58097 39392 30511 27586 15253 29640 15258 7606 1031 1007 6819 1337 951 20767 6575 22783 5521 9752 7652 6791 385 6857 130 16260 16162 5721 10441 356 292
is_linear=0
shrinkage=0.1


Tree=30
num_leaves=31
num_cat=0
split_feature=88 111 40 5 100 80 59 104 102 106 103 102 3 107 84 19 48 88 86 5 83 12 103 16 35 107 7 7 6 87
split_gain=19319.7 5815.59 5608.59 5023.61 3767.19 3619.29 3602.92 3431.36 3325.86 2884.99 2650.45 2537.54 2450.26 2432.43 2431.16 2284.63 2186.36 2072.46 2049.19 2352.85 1847.19 1827.98 2115.05 2095.82 2066.14 1974.75 1820.94 1935.44 1739.59 1967.03
threshold=27.850000000000005 16.500000000000004 2.9750000000000005 13.25432749292743 1.0000000180025095e-35 1250.1500000000003 15.500000000000002 112.45000000000002 15.500000000000002 102.50000000000001 0.50900000000000012 202.50000000000003 19.232520194299294 2022.5000000000002 74.500000000000014 1.1178102700547357 5.1500000000000012 17.050000000000004 126.50000000000001 13.332318766194403 22.500000000000004 9.4500000000000011 0.66900000000000015 15.225000000000001 1.5723766234549204 2019.5000000000002 8.2825094963321355 11.086026324082738 24.500000000000004 94.500000000000014
decision_type=10 2 10 8 2 8 10 2 10 2 2 10 10 2 8 10 10 10 8 10 8 10 2 10 10 2 10 10 10 8
left_child=1 5 4 9 7 8 11 13 16 -3 -11 26 -8 -2 -14 18 -1 -10 -7 -20 -4 22 24 -23 25 -22 -6 -28 29 -9
right_child=2 3 20 -5 6 15 12 28 17 10 -12 -13 14 -15 -16 -17 -18 -19 19 -21 21 23 -24 -25 -26 -27 27 -29 -30 -31
leaf_value=-0.056377807819361837 -0.020402752765111106 -0.10075557861222513 -0.070985945361910524 -0.26256045501057823 0.0023257624083280692 0.11273348808687567 0.1069303826752977 0.057758961296334191 -0.23661498834216405 0.0053311313362672781 -0.072915540269816684 -0.96439820585342562 0.33138996571825263 -0.16039294688737396 1.5900465695630936 0.032936243700336605 0.015436935734677868 -0.99215743580431326 0.33339725201026549 1.4501252460479739 0.16891546612692901 0.22448741754410589 -0.04659732857277684 -0.41275336315047073 0.94786847233772287 0.05922587225841687 0.15622994661781786 -0.058730321784002795 0.17777591554168909 -0.094353718052850144
leaf_weight=8056 9489 11399 515 1301 7997 908 7649 4913 126 8193 9179 26 57 1428 21 3150 8948 51 333 20 3408 1970 863 53 30 3166 1717 554 941 1028
leaf_count=8056 9489 11399 515 1301 7997 908 7649 4913 126 8193 9179 26 57 1428 21 3150 8948 51 333 20 3408 1970 863 53 30 3166 1717 554 941 1028
internal_value=-1.38733e-10 -0.0419256 0.0472678 -0.0703551 0.0287785 -0.00233089 0.061008 -0.00385311 -0.0230757 -0.0616637 -0.0360128 0.0222688 0.112617 -0.0387142 0.670259 0.0784709 -0.0185868 -0.454314 0.192217 0.396668 0.113463 0.123473 0.100629 0.207793 0.119868 0.11609 0.0247672 0.103791 0.0514474 0.0314382
internal_weight=97489 51664 45825 30072 35820 21592 18021 17799 17181 28771 17372 10294 7727 10917 78 4411 17004 177 1261 353 10005 9490 7467 2023 6604 6574 10268 2271 6882 5941
internal_count=97489 51664 45825 30072 35820 21592 18021 17799 17181 28771 17372 10294 7727 10917 78 4411 17004 177 1261 353 10005 9490 7467 2023 6604 6574 10268 2271 6882 5941
is_linear=0
shrinkage=0.1


Tree=31
num_leaves=31
num_cat=0
split_feature=36 57 71 56 55 103 94 103 3 5 53 14 17 44 49 59 6 48 109 104 48 3 10 15 9 26 88 104 21 35
split_gain=16542.4 5272.7 4002.31 3642 2936.3 2401.78 2286.13 2157.04 2109.71 2088.75 2880.31 2083.99 1988.57 1987.91 2138.84 1974.87 1942.38 1927.08 1854.02 1710.48 2068.4 2153.11 1693.77 2450.7 1645.29 1597.68 1569.75 1532.63 1668.17 1504.5
threshold=1.7083333333333337 5.5000000000000009 3.5000000000000004 1.0000000180025095e-35 40.500000000000007 0.61050000000000015 2.5000000000000004 0.49400000000000005 9.0268426865391493 12.159011710045428 19.500000000000004 2.2111111111111117 2.2865193963771193 1.788888888888889 28.850000000000005 14.500000000000002 39.500000000000007 31.750000000000004 27.034907597535938 112.25000000000001 15.550000000000002 14.794700620068022 21.225000000000005 2.7218958235968356 6.0272529037179927 0.38750000000000007 29.250000000000004 114.05000000000003 3.50317307501088 1.2103353896487981
decision_type=10 8 10 10 10 2 10 2 10 8 10 10 10 10 8 10 10 10 2 2 10 10 10 8 10 10 10 2 10 8
left_child=1 8 6 7 18 11 9 -3 17 -2 -11 -5 26 -6 -15 -13 27 -1 19 -4 -21 22 23 -22 -24 -8 -10 28 -16 -7
right_child=2 3 4 5 13 29 25 -9 12 10 -12 15 -14 14 16 -17 -18 -19 -20 20 21 -23 24 -25 -26 -27 -28 -29 -30 -31
leaf_value=-0.080834618789940998 8.6685440968889592e-05 -0.014059036366521227 0.030890208462283627 0.9219900785900581 0.14727994239878769 -0.028210698443209111 0.27621531607613903 -0.071228786082010595 -0.17863630005894734 -0.51693392840378427 -0.078589815609281952 -0.014992673256402387 -0.36262318959376155 -0.67945363227474065 0.021632244502616485 0.055721914769900398 0.64907166279595474 0.79880954086780553 -0.034383485806674344 0.060469515696933977 0.54298604244181703 0.83432039240049949 0.51758088835261085 0.12207239499066294 -0.50303680246163696 0.042694183154507431 0.086491809978004652 0.1548856887540403 0.23431302524696362 -0.17927019793698171
leaf_weight=6548 8341 11701 4670 26 6456 3706 303 15138 1480 170 1268 6815 513 38 4345 9392 58 25 2758 1155 222 63 22 367 56 8859 263 1526 403 802
leaf_count=6548 8341 11701 4670 26 6456 3706 303 15138 1480 170 1268 6815 513 38 4345 9392 58 25 2758 1155 222 63 22 367 56 8859 263 1526 403 802
internal_value=4.07553e-11 -0.035153 0.0482704 -0.021983 0.0771414 0.0094891 0.0145248 -0.0463045 -0.106127 -0.0191029 -0.130411 0.0274217 -0.189566 0.108174 0.0685405 0.0259866 0.0730294 -0.0774889 0.0344027 0.0633443 0.143748 0.27551 0.222729 0.280719 -0.21517 0.050417 -0.138631 0.0677041 0.0396841 -0.0550851
internal_weight=97489 56409 41080 47580 22139 20741 18941 26839 8829 9779 1438 16233 2256 12826 6370 16207 6332 6573 9313 6555 1885 730 667 589 78 9162 1743 6274 4748 4508
internal_count=97489 56409 41080 47580 22139 20741 18941 26839 8829 9779 1438 16233 2256 12826 6370 16207 6332 6573 9313 6555 1885 730 667 589 78 9162 1743 6274 4748 4508
is_linear=0
shrinkage=0.1


Tree=32
num_leaves=31
num_cat=0
split_feature=89 67 90 59 103 102 103 14 10 24 40 104 23 41 29 27 53 102 33 111 11 5 108 36 26 83 4 102 89 3
split_gain=14038.3 4804.4 4224.53 4010.94 3491.18 2598.91 2320.28 3317.58 2335.61 2170.08 2519.57 2104.63 1913.04 1906.03 1884.3 1827.66 1804.84 1793.38 1746.95 1719.12 3147.38 2252.47 1693.47 1686.09 2300.28 1793.46 2380.28 2236.05 2277.69 2244.13
threshold=12.500000000000002 4.5000000000000009 1.5000000000000002 15.500000000000002 0.49400000000000005 8.5000000000000018 0.37050000000000005 7.6125000000000007 29.025000000000002 1.9000000000000001 3.3038461538461541 114.35000000000001 3.5649973920793605 2.4050383217435178 1.3095464222430511 0.78780321510802953 28.500000000000004 7.5000000000000009 1.4785476554822545 13.500000000000002 10.441566703220623 12.906313734388604 10.500000000000002 3.1000000000000005 2.7500000000000004 177.50000000000003 33.172500000000007 1.5000000000000002 37.500000000000007 19.232520194299294
decision_type=10 10 10 10 2 10 2 10 10 10 10 2 10 8 8 10 8 10 10 2 8 8 2 10 10 10 10 10 10 10
left_child=2 6 19 5 16 9 7 12 14 10 11 -3 -2 -6 -8 -7 17 -4 -11 20 -1 -21 23 25 -25 27 -27 28 -5 -29
right_child=1 3 4 22 13 15 8 -9 -10 18 -12 -13 -14 -15 -16 -17 -18 -19 -20 21 -22 -23 -24 24 -26 26 -28 29 -30 -31
leaf_value=-0.050733247208119392 0.0092940154996940267 0.01337995302082955 0.0032324646176025043 0.0054780382545264929 -0.047601114324305728 0.22618971404276397 -0.011716852754822156 0.22632683587702496 -0.79066854868179715 -0.049693453533550369 0.17883224113424395 0.10952931659685389 0.74223186671733865 -0.48311531450415013 -0.29696502993081481 -0.3162454779188642 0.081924793688360226 -0.21298374235488926 -0.98876432970166206 -0.10062837359458734 0.40912236375318972 -0.30330838767597407 0.043372659813396747 0.19360646948858248 -0.68625226318836219 0.51024729373690847 -0.0144693113716906 0.14902207614163829 -1.0040959684178234 0.72025927494679187
leaf_weight=2862 3299 9572 12265 787 19924 76 15923 982 39 2085 1375 2987 36 101 235 340 3071 396 20 7940 157 589 3450 3112 30 91 1730 3922 23 70
leaf_count=2862 3299 9572 12265 787 19924 76 15923 982 39 2085 1375 2987 36 101 235 340 3071 396 20 7940 157 589 3450 3112 30 91 1730 3922 23 70
internal_value=2.09175e-11 0.0368426 -0.0390848 0.0625704 -0.0221021 0.0296209 -0.000368336 0.0647751 -0.0177311 0.0360213 0.050318 0.0362479 0.0172058 -0.0497977 -0.0158655 -0.217147 0.0131513 -0.00353016 -0.0586157 -0.0916699 -0.0268189 -0.114625 0.103598 0.124876 0.185206 0.0962555 0.0117521 0.128301 -0.0231889 0.159039
internal_weight=97489 50184 47305 29670 35757 16455 20514 4317 16197 16039 13934 12559 3335 20025 16158 416 15732 12661 2105 11548 3019 8529 13215 9765 3142 6623 1821 4802 810 3992
internal_count=97489 50184 47305 29670 35757 16455 20514 4317 16197 16039 13934 12559 3335 20025 16158 416 15732 12661 2105 11548 3019 8529 13215 9765 3142 6623 1821 4802 810 3992
is_linear=0
shrinkage=0.1


Tree=33
num_leaves=31
num_cat=0
split_feature=38 71 86 90 111 26 52 48 109 100 61 55 10 104 97 27 84 56 60 107 104 87 8 69 25 41 95 102 111 3
split_gain=11921.3 4373.94 3040.83 2600.69 2505.42 2398.59 2183.92 2800.84 2732.97 2659.53 2151.94 2137.54 2865.14 2112.76 2817.83 2126.13 2055.81 2031.69 1886.62 1855.88 1840.52 2279.61 1891.39 1810.23 1768.76 1853.61 1800.8 1720.62 1720.03 2035.18
threshold=1.2928571428571431 3.5000000000000004 5.5000000000000009 3.5000000000000004 30.500000000000004 1.0500000000000003 14.500000000000002 19.250000000000004 29.099247091033543 1.0000000180025095e-35 2.5000000000000004 53.500000000000007 24.675000000000001 104.75000000000001 20.000000000000004 0.50819888974716132 57.500000000000007 3.5000000000000004 1.5000000000000002 2021.5000000000002 110.95000000000002 110.50000000000001 28.250000000000004 2.5000000000000004 2.2582094138490336 1.6205903716295447 4.5000000000000009 8.5000000000000018 41.500000000000007 15.556743803441458
decision_type=10 10 10 10 2 10 10 10 2 2 8 10 10 2 2 10 10 8 10 2 2 10 10 10 10 10 10 10 2 8
left_child=3 2 4 28 17 -4 8 -8 9 13 -10 -7 -13 16 15 -15 -3 -2 -11 -19 22 -22 -9 -14 25 -17 -27 -5 -1 -30
right_child=1 6 5 27 -6 11 7 20 10 18 -12 12 23 14 -16 24 -18 19 -20 -21 21 -23 -24 -25 -26 26 -28 -29 29 -31
leaf_value=-0.047769847293532994 -0.21691468177159551 -0.0087786055334099916 0.03291792347738523 -0.0090670750853040789 -0.382969193450655 -0.04308679477351219 0.56524121573790409 0.11372920014634287 -0.42927159606363657 0.081587704964224794 -0.0034126899411020327 0.36373689624339245 0.035696283705359287 0.25164563592946665 0.46569287370866502 0.0019603245569152186 -0.28587289485673861 0.19274533083687362 0.20252734039865752 -0.16240161838845463 0.22477615372026008 -0.5936868491023779 -0.14802320486252799 -0.68355047549750358 -0.409773124326476 0.12429216159836631 -0.25806736671007596 -0.18339818246853656 -0.10057094935412676 -0.44935822295414846
leaf_weight=14946 512 874 15476 17574 330 9661 147 886 121 9401 6132 309 645 440 156 6241 386 373 1495 243 1228 35 401 37 92 2346 130 585 6115 172
leaf_count=14946 512 874 15476 17574 330 9661 147 886 121 9401 6132 309 645 440 156 6241 386 373 1495 243 1228 35 401 37 92 2346 130 585 6115 172
internal_value=-8.42873e-11 0.0287946 -6.18444e-05 -0.0424676 -0.14061 0.00778107 0.0548847 0.140802 0.0465537 0.0634346 -0.0116534 -0.0287396 0.111128 0.0279352 0.0442263 0.0371175 -0.0936662 -0.0697074 0.0981814 0.0526468 0.116334 0.202095 0.0321731 -0.00332443 0.0264021 0.0310055 0.104217 -0.0146832 -0.0662294 -0.110113
internal_weight=97489 58097 27586 39392 1458 26128 30511 2697 27814 21561 6253 10652 991 10665 9405 9249 1260 1128 10896 616 2550 1263 1287 682 8809 8717 2476 18159 21233 6287
internal_count=97489 58097 27586 39392 1458 26128 30511 2697 27814 21561 6253 10652 991 10665 9405 9249 1260 1128 10896 616 2550 1263 1287 682 8809 8717 2476 18159 21233 6287
is_linear=0
shrinkage=0.1


Tree=34
num_leaves=31
num_cat=0
split_feature=36 51 48 94 103 80 71 1 20 104 107 107 22 57 102 45 44 103 5 41 24 13 96 46 53 5 50 20 24 71
split_gain=9991.33 3919.31 2995.52 2547.54 2285.72 2262.52 1980.15 3303.16 2020.09 1992.77 2953.28 2003.7 1991.91 1918.25 2104.73 1848.44 1844.86 2286.95 1851.51 1865.68 1786.25 1771.49 2025.33 1726.64 1740.12 1723.52 1697.27 1687.09 1646.31 1642.2
threshold=1.9000000000000001 49.150000000000013 27.750000000000004 3.5000000000000004 0.57100000000000006 873.6500000000002 8.5000000000000018 18.394577995321168 2.9500000000000006 109.45000000000002 2018.5000000000002 2021.5000000000002 9.5750000000000011 4.5000000000000009 15.500000000000002 2.3629051812323496 1.9500000000000002 0.25000000000000006 11.32230448924747 1.1821176587127973 1.5500000000000003 2.9296981180992998 251.00000000000003 0.095454545454545472 23.500000000000004 8.116097146692983 14.65 7.1500000000000012 2.9000000000000004 6.5000000000000009
decision_type=10 10 10 10 2 10 10 10 10 2 2 2 10 10 10 8 10 2 10 10 10 10 2 10 10 10 10 10 10 10
left_child=1 5 4 6 16 -1 9 -8 -9 10 -2 15 -12 -13 -15 28 17 21 -19 -20 29 -3 -23 -21 -25 -4 -5 -17 -11 -18
right_child=3 2 25 26 -6 -7 7 8 -10 11 12 13 -14 14 -16 27 20 18 19 23 -22 22 -24 24 -26 -27 -28 -29 -30 -31
leaf_value=-0.064110429240902767 0.014535404219231374 0.07702212879828714 0.48032608273013538 0.075113225597658873 -0.038941977656722304 0.018021982677500291 0.11153911539979303 1.2714942499664095 0.13544319073359173 0.097897146931373635 -0.10904216499272257 -0.21436737845015658 -0.82176991369575259 0.023826331834029508 -0.71269734792220296 -0.094362636427912455 0.0021094986572393931 0.040312119933980428 -0.11924328644805418 0.19505893853960732 -0.17882855491550884 0.15272986509732273 0.59075885023921726 -0.21924607934456475 0.042402924948616486 0.11350038225599234 0.31422513936142454 -0.92366360745259701 -0.56229527314732741 -0.2460111293561337
leaf_weight=23442 6717 1001 151 11119 13444 3914 311 45 24 6297 1991 366 40 7535 39 198 4391 10361 1690 458 754 284 168 355 895 844 305 28 38 284
leaf_count=23442 6717 1001 151 11119 13444 3914 311 45 24 6297 1991 366 40 7535 39 198 4391 10361 1690 458 754 284 168 355 895 844 305 28 38 284
internal_value=-4.87475e-11 -0.0239872 -0.00186213 0.0427257 -0.00685484 -0.0523592 0.0239807 0.250412 0.876346 0.0202797 -0.0174142 0.0430193 -0.123079 0.00922894 0.0200338 0.0839117 0.0140443 0.0319044 0.0193043 -0.0447516 -0.0359995 0.151219 0.315537 0.0289551 -0.0319054 0.169169 0.0814971 -0.197108 0.093937 -0.0129635
internal_weight=97489 62436 35080 35053 34085 27356 23629 380 69 23249 8748 14501 2031 7940 7574 6561 20641 15212 13759 3398 5429 1453 452 1708 1250 995 11424 226 6335 4675
internal_count=97489 62436 35080 35053 34085 27356 23629 380 69 23249 8748 14501 2031 7940 7574 6561 20641 15212 13759 3398 5429 1453 452 1708 1250 995 11424 226 6335 4675
is_linear=0
shrinkage=0.1


Tree=35
num_leaves=31
num_cat=0
split_feature=89 102 67 94 80 111 56 103 56 107 24 41 57 3 103 3 10 109 36 47 8 103 102 16 88 5 24 57 2 86
split_gain=8668.55 3357.84 3153.77 2842.44 2793.01 2717.43 2476.66 2064.78 1861.39 2219.31 1817.96 1772.06 1722.46 2237.74 1720.31 2009.66 1851.68 1763.15 1798.3 1687.56 2134.87 1848.73 1810.22 1964.08 1794.68 1682.18 1621.47 1613.21 1920.52 1577.55
threshold=12.500000000000002 8.5000000000000018 4.5000000000000009 1.0000000180025095e-35 1151.2500000000007 31.500000000000004 1.0000000180025095e-35 0.43500000000000005 4.5000000000000009 2020.5000000000002 1.9000000000000001 2.4050383217435178 5.5000000000000009 11.00845382209768 0.27300000000000008 15.344311287154307 29.025000000000002 29.195071868583167 1.7750000000000001 1.231285774706292 33.45000000000001 0.7340000000000001 1.5000000000000002 16.925000000000001 60.550000000000004 9.1755496034136073 1.7750000000000001 14.500000000000002 43.275000000000013 201.50000000000003
decision_type=10 10 10 10 8 2 10 2 8 2 10 10 8 10 2 8 10 2 10 10 10 2 10 10 10 10 10 10 10 10
left_child=3 2 14 12 -3 -6 26 8 10 -10 -5 -9 13 -1 -2 16 17 29 -19 20 22 -21 -8 -24 -22 -23 -4 28 -17 -16
right_child=1 4 6 7 5 -7 19 11 9 -11 -12 -13 -14 -15 15 27 -18 18 -20 21 24 25 23 -25 -26 -27 -28 -29 -30 -31
leaf_value=-0.093695427609408938 0.093984234797802685 -0.38263799046507535 0.029278105966142848 0.026345011033153509 0.016674626222127589 -0.45193976431016952 0.012942400635286953 -0.028035475696483354 0.39264050791766875 -0.010715562902508753 -0.2067277125956859 -0.77278381576761612 -0.044463978234009965 -0.34076794610995026 0.0047505954165589269 -0.25028976021289412 -0.77286697318477016 -0.05079039479244022 -0.38184455857829641 0.05403821187139516 -0.044480859381811962 0.29477826464507312 0.13031971962611613 -0.81588257524100227 -1.2847614485025407 -0.2734646128793789 -0.084771982202039256 -0.0028146425686402673 -1.015477415033289 0.32425831802762473
leaf_weight=3957 1869 322 6788 8144 919 143 1672 20108 296 253 349 32 13762 404 16433 289 31 592 227 10736 28 63 7750 22 20 301 1527 259 37 156
leaf_count=3957 1869 322 6788 8144 919 143 1672 20108 296 253 349 32 13762 404 16433 289 31 592 227 10736 28 63 7750 22 20 301 1527 259 37 156
internal_value=2.8288e-10 0.0289512 0.0333074 -0.0307132 -0.124648 -0.0464251 0.0543963 -0.0113957 0.0283031 0.206759 0.0167674 -0.0292188 -0.0618185 -0.116584 0.00266257 -0.00680704 -0.000691248 0.000683835 -0.142548 0.0729963 0.103954 0.0465236 0.107335 0.127641 -0.561264 -0.175115 0.00833349 -0.18912 -0.337136 0.00775519
internal_weight=97489 50184 48800 47305 1384 1062 28907 29182 9042 549 8493 20140 18123 4361 19893 18024 17439 17408 819 20592 9492 11100 9444 7772 48 364 8315 585 326 16589
internal_count=97489 50184 48800 47305 1384 1062 28907 29182 9042 549 8493 20140 18123 4361 19893 18024 17439 17408 819 20592 9492 11100 9444 7772 48 364 8315 585 326 16589
is_linear=0
shrinkage=0.1


Tree=36
num_leaves=31
num_cat=0
split_feature=94 57 53 102 104 46 100 111 27 48 55 8 3 104 4 19 102 96 56 103 33 85 88 102 109 87 103 37 83 102
split_gain=7651.72 3540.8 2777.91 2961.1 2661.71 2859.39 2897.8 2571.49 2925.45 2728.24 2436.14 2727.7 2262.49 2253.52 2173.26 2417.6 2121.59 2045.39 2044.09 2026.07 2434.8 3239.06 2025.31 1867.94 1757.05 1754.96 1712.12 1857.72 1830.45 1693.5
threshold=1.5000000000000002 4.5000000000000009 25.500000000000004 16.500000000000004 114.05000000000003 2.5166666666666671 1.0000000180025095e-35 16.500000000000004 2.126545302134454 31.250000000000004 42.500000000000007 32.750000000000007 9.000537021006819 115.85000000000001 59.757500000000014 2.8722681354164297 5.5000000000000009 255.50000000000003 3.5000000000000004 0.51350000000000018 1.4785476554822545 73.500000000000014 52.350000000000001 88.500000000000014 26.728268309377142 119.50000000000001 0.37050000000000005 2.2912618684212727 544.50000000000011 17.500000000000004
decision_type=10 8 10 10 2 10 2 2 8 8 10 10 10 2 10 10 10 2 10 2 10 10 10 10 2 10 2 10 10 10
left_child=1 12 18 4 5 6 10 9 13 29 26 19 -1 16 -6 -16 17 -9 22 -12 21 -21 -2 -5 -22 -15 27 -4 -28 -3
right_child=2 7 3 23 14 -7 -8 8 -10 -11 11 -13 -14 25 15 -17 -18 -19 -20 20 24 -23 -24 -25 -26 -27 28 -29 -30 -31
leaf_value=-0.066552721311323823 -0.014669840817964484 0.0021391996040581026 0.13907097826401305 -0.63935693861815102 0.10228360126304292 -0.029347914816075366 0.09363069808911674 -0.047989215354629466 -0.40880624011514782 0.16503986919183464 0.17889642145102069 -0.4876485999269658 -0.22030058890522697 0.021507385029688564 1.3175806326250878 0.19357435822486879 -0.16398515027285041 0.07618414366174997 0.08962859704937863 0.028161035225533978 -0.12016393525013025 0.8076064033399929 -0.38546741736440254 0.26138074467579525 -0.94052315290485111 0.32735719370594873 -0.04777557180937473 -0.44191974037784648 -0.9233780526168025 -0.35450268006369251
leaf_weight=3839 12951 20832 819 99 5999 5337 9126 19019 212 1050 1514 83 1275 3277 31 50 1463 1426 2001 1740 69 55 149 30 42 199 4585 59 24 134
leaf_count=3839 12951 20832 819 99 5999 5337 9126 19019 212 1050 1514 83 1275 3277 31 50 1463 1426 2001 1740 69 55 149 30 42 199 4585 59 24 134
internal_value=-1.2344e-10 -0.0258136 0.0304057 0.0481803 0.0502685 0.034983 0.053935 -0.0173206 -0.0388741 0.00773766 0.0136389 0.0787895 -0.104884 -0.0357845 0.109231 0.62375 -0.0476528 -0.0393284 -0.00450811 0.0925364 0.0239377 0.0520438 -0.0188873 -0.429883 -0.43057 0.0390172 -0.0279545 0.100029 -0.052335 -0.000140206
internal_weight=97489 52726 44763 29662 29533 23453 18116 47612 25596 22016 8990 3503 5114 25384 6080 81 21908 20445 15101 3420 1906 1795 13100 129 111 3476 5487 878 4609 20966
internal_count=97489 52726 44763 29662 29533 23453 18116 47612 25596 22016 8990 3503 5114 25384 6080 81 21908 20445 15101 3420 1906 1795 13100 129 111 3476 5487 878 4609 20966
is_linear=0
shrinkage=0.1


Tree=37
num_leaves=31
num_cat=0
split_feature=94 51 111 103 51 27 47 17 52 41 87 4 104 111 106 13 29 22 53 42 10 34 5 39 48 71 103 6 1 84
split_gain=6364.92 3883.58 2642.68 2559.57 2076.58 2288.88 2340.29 1838.49 2160.86 2668.42 2046.49 1807.6 1748.94 1828.21 2014.86 1771.28 1672.33 1669.48 2158.63 1707.83 1729.18 1660.87 2207.23 1759.87 1624.7 1621.64 1560.99 1852.9 1723.72 1570.54
threshold=2.5000000000000004 50.650000000000013 1.5000000000000002 0.61050000000000015 91.200000000000003 0.74094429825773356 1.260796825072459 3.0860466961026889 11.500000000000002 1.2942477002862909 57.500000000000007 38.692500000000017 100.25000000000001 4.5000000000000009 945.50000000000011 7.3993235220844698 1.2275456662579842 6.7750000000000012 22.500000000000004 1.7750000000000001 16.112500000000004 0.70294117647058829 14.370487850195561 2.2558511982631542 2.0500000000000003 2.5000000000000004 0.51350000000000018 35.100000000000009 19.701243615552702 110.50000000000001
decision_type=10 10 2 2 10 8 8 10 8 8 8 10 2 2 2 8 10 10 8 10 8 10 10 10 10 10 2 10 10 10
left_child=1 2 -1 4 5 24 17 11 9 -9 -10 -6 -2 14 15 26 -16 18 -7 -20 -21 23 -23 -8 -3 -4 27 28 -14 -29
right_child=12 3 25 -5 7 6 21 8 10 -11 -12 -13 13 -15 16 -17 -18 -19 19 20 -22 22 -24 -25 -26 -27 -28 29 -30 -31
leaf_value=0.49588039550152452 -0.24866351251917079 -0.0335438151295872 -0.062967476480363771 -0.042342888945859559 0.51610705489697661 -0.027377080002779872 -0.028518472490778393 -0.57599035719545877 0.43550666985652786 0.29319230237720062 1.3737025602209954 -0.033005417509236794 0.14521335529109181 0.027589648980624444 0.01103075290542789 1.0211074721245539 -0.33922537187059576 -0.13699376902575991 0.090398205181822927 -0.20392243706287361 0.053393846041084651 -0.096497723050282966 -0.55725024009292778 0.23987191253016513 0.068263314554108098 -0.015879883921293306 0.052370819051417709 0.7052385622673889 -0.32163767549726696 -0.26799327138811352
leaf_weight=91 203 1898 17986 9087 69 3582 8009 41 93 255 31 457 3350 16892 688 21 170 593 5731 424 680 1897 110 252 9003 12326 3352 97 81 20
leaf_count=91 203 1898 17986 9087 69 3582 8009 41 93 255 31 457 3350 16892 688 21 170 593 5731 424 680 1897 110 252 9003 12326 3352 97 81 20
internal_value=-6.9514e-11 -0.0149547 -0.0422045 0.00467181 0.0175691 0.0132761 -0.00581331 0.163598 0.319608 0.172799 0.670056 0.0390264 0.0436575 0.0460628 0.0861771 0.104096 -0.0583673 0.0262139 0.0355047 0.0684589 -0.0454305 -0.0401549 -0.121751 -0.0203313 0.0505374 -0.0438199 0.101305 0.147537 0.134192 0.538874
internal_weight=97489 72615 30403 42212 33125 32179 21278 946 420 296 124 526 24874 24671 7779 6921 858 11010 10417 6835 1104 10268 2007 8261 10901 30312 6900 3548 3431 117
internal_count=97489 72615 30403 42212 33125 32179 21278 946 420 296 124 526 24874 24671 7779 6921 858 11010 10417 6835 1104 10268 2007 8261 10901 30312 6900 3548 3431 117
is_linear=0
shrinkage=0.1


Tree=38
num_leaves=31
num_cat=0
split_feature=36 111 103 5 100 57 102 102 27 55 109 90 6 80 104 34 28 69 1 107 104 98 46 90 88 10 88 11 36 95
split_gain=5440.83 3529.22 2920.21 2631.91 2286.66 2954.39 2113.41 1920.74 1895.43 1924.76 1857.53 2002.39 3089.32 2786.93 1807.6 1710.32 1631.92 2358.37 1738.45 1553.32 1815.82 1513.36 1613.91 1584.71 1501.35 1495.18 1479.81 2049.71 1473.66 1472.15
threshold=2.2916666666666674 41.500000000000007 0.26200000000000007 14.534779975870071 1.0000000180025095e-35 5.5000000000000009 4.5000000000000009 4.5000000000000009 1.0339469490010884 61.500000000000007 27.336071184120467 6.5000000000000009 12.266666666666667 1986.95 105.05000000000001 2.1055555555555561 1.1937500000000003 5.5000000000000009 8.8446311398045943 2016.5000000000002 109.45000000000002 2022.5000000000002 3.3166666666666669 1.5000000000000002 42.850000000000001 33.175000000000004 66.050000000000011 10.674305103354319 4.366666666666668 1.0000000180025095e-35
decision_type=10 2 2 8 2 8 10 10 10 10 2 10 10 8 2 10 10 10 10 2 2 2 10 8 10 10 10 10 10 10
left_child=1 2 15 7 8 -6 14 -3 9 -4 11 -8 -13 29 16 -1 28 18 -18 -16 25 22 23 -7 -9 -21 -22 -28 -2 -14
right_child=6 3 4 -5 5 21 10 24 -10 -11 -12 12 13 -15 19 -17 17 -19 -20 20 26 -23 -24 -25 -26 -27 27 -29 -30 -31
leaf_value=0.063414917301978554 0.046753007510663219 -0.040846841738053766 -0.015775897573513706 -0.37287528977834816 -0.081250434208242114 -0.042826237191416205 -0.10752392930399556 -0.15071423193707978 -0.072900435026377039 0.55623593653662728 -0.23633070908956355 1.282364089600742 0.22461266102998156 0.41977499416742314 0.11508134368082784 0.4315100641204761 -0.20625824574001134 -1.0336984593134662 0.0040172147963916495 -0.027300529702896516 0.054984045143878869 -0.09971415739750765 -0.13368036230817046 0.041020114670740994 -0.93262301278114323 0.51811946314923907 0.30287994865046919 -0.42170108585336874 0.64531126801184446 -0.35164774798510234
leaf_weight=4351 947 11385 19889 265 3108 2537 624 1385 7554 59 484 24 69 159 3826 130 625 26 1060 3469 13003 976 606 20218 25 51 424 43 43 124
leaf_count=4351 947 11385 19889 265 3108 2537 624 1385 7554 59 484 24 69 159 3826 130 625 26 1060 3469 13003 976 606 20218 25 51 424 43 43 124
internal_value=-9.73539e-11 -0.013874 -0.00353011 -0.0609424 -0.00986045 0.0105606 0.0402262 -0.0544819 -0.0302392 -0.0140841 -0.0755149 0.00231998 0.184614 0.109768 0.0475298 0.0740939 -0.0294357 -0.0885618 -0.0739781 0.0575166 0.0445535 0.0222855 0.0273826 0.0316719 -0.164578 -0.0193981 0.0612654 0.236163 0.072751 -0.145627
internal_weight=97489 72488 59428 13060 54947 27445 25001 12795 27502 19948 1484 1000 376 352 23517 4481 2701 1711 1685 20816 16990 24337 23361 22755 1410 3520 13470 467 990 193
internal_count=97489 72488 59428 13060 54947 27445 25001 12795 27502 19948 1484 1000 376 352 23517 4481 2701 1711 1685 20816 16990 24337 23361 22755 1410 3520 13470 467 990 193
is_linear=0
shrinkage=0.1


Tree=39
num_leaves=31
num_cat=0
split_feature=94 90 100 103 49 3 96 23 75 106 39 103 45 2 106 14 47 57 13 28 11 104 21 104 31 17 53 15 27 88
split_gain=4647.9 2470.88 2149.73 2537.81 2504.12 1881.26 3046.06 1803.69 1802.33 1778.56 1662.01 1758.52 1644.84 2174.39 1961.73 1942.96 1857.25 1711.75 1687.63 1626.76 1607.06 1696.78 1588.42 1573.93 1498.59 1615.4 1489.54 1826.55 1481.11 1724.4
threshold=1.5000000000000002 4.5000000000000009 1.0000000180025095e-35 0.47250000000000003 71.050000000000011 16.10307079065041 252.50000000000003 0.68694219605279438 7.5000000000000009 92.500000000000014 2.2223607552743743 0.54700000000000015 2.1349300980043302 56.045000000000009 522.50000000000011 11.15 1.0313789845082579 20.500000000000004 4.2719978643909 0.90454545454545465 4.1610664088923928 100.25000000000001 3.2360802819025198 115.05000000000001 1.4487266298961141 4.322371422457258 41.500000000000007 3.1701733757373334 1.6884282974400848 69.950000000000017
decision_type=10 10 2 2 10 10 2 8 10 2 10 2 10 10 2 10 10 10 10 10 10 2 10 2 10 10 10 10 10 10
left_child=1 5 3 8 -4 9 -7 -3 19 22 11 -9 14 -14 17 -16 24 18 -6 -2 -5 -22 -1 -11 -17 -26 27 -12 -23 -30
right_child=2 7 4 20 12 6 -8 10 -10 23 26 -13 13 -15 15 16 -18 -19 -20 -21 21 28 -24 -25 25 -27 -28 -29 29 -31
leaf_value=-0.062294848121982396 0.057448608475615476 0.14897321429914553 0.032857316422888048 -0.14886422498842733 0.24654084716060459 -0.359917028255339 0.69418973927696559 0.022849000032068613 0.10534492858861776 -0.030681331817914961 0.48502424795399696 -0.037018885163635488 -0.21839650616264394 0.46786317001178601 -0.032787102385246382 -0.068460515162474686 0.64729468609605523 0.010318521370736113 0.65874181524807707 -0.052010779516083155 -0.34015918158978786 -0.0050120398370926723 -0.4707078161804627 0.040941614039452894 1.0553827417307886 -0.066839722446773372 -0.09544903179009756 -0.071395662305764412 -0.14900372027705361 -1.0784273854323796
leaf_weight=11848 3135 851 19590 973 1119 318 30 11051 3095 15474 204 8824 243 57 739 142 91 283 109 2395 159 12156 96 3827 29 23 120 83 404 21
leaf_count=11848 3135 851 19590 973 1119 318 30 11051 3095 15474 204 8824 243 57 739 142 91 283 109 2395 159 12156 96 3827 29 23 120 83 404 21
internal_value=-4.82388e-11 -0.0201186 0.0236976 0.0017404 0.0455695 -0.0378237 -0.269046 0.00634984 0.0442409 -0.0352484 0.000365589 -0.00373083 0.133411 -0.0880072 0.159615 0.0527554 0.274566 0.232033 0.283129 0.0100426 -0.024991 -0.0155303 -0.0655775 -0.0164799 0.0997288 0.559015 0.200406 0.324108 -0.0114276 -0.194928
internal_weight=97489 52726 44763 22338 22425 31593 348 21133 8625 31245 20282 19875 2835 300 2535 1024 285 1511 1228 5530 13713 12740 11944 19301 194 52 407 287 12581 425
internal_count=97489 52726 44763 22338 22425 31593 348 21133 8625 31245 20282 19875 2835 300 2535 1024 285 1511 1228 5530 13713 12740 11944 19301 194 52 407 287 12581 425
is_linear=0
shrinkage=0.1


Tree=40
num_leaves=31
num_cat=0
split_feature=89 111 56 6 5 42 103 8 86 59 46 79 104 15 15 24 83 61 7 23 40 6 106 1 22 16 56 23 36 32
split_gain=4140.8 3083.48 2504.07 2636.15 2406.63 2142.78 2343.74 2039.69 1988.12 2029.26 1968.89 2114.44 1938.19 1950.44 1810.96 1806.94 1849.24 1790.64 1758.1 1749.89 1729.15 1787.67 1649.61 1618.38 1592.61 1533.42 1762.54 1504.58 1485.39 1872.18
threshold=25.500000000000004 41.500000000000007 1.0000000180025095e-35 30.900000000000002 14.534779975870071 1.3666666666666669 0.39800000000000008 32.150000000000013 1.5000000000000002 17.500000000000004 1.3798076923076925 11.500000000000002 102.05000000000001 4.9643166130823442 1.9134024677363377 1.9000000000000001 102.50000000000001 10.500000000000002 11.49999979452617 1.2089305155016039 3.1055555555555561 27.300000000000001 74.500000000000014 22.385519860841285 10.575000000000001 13.825000000000001 6.5000000000000009 3.1127918288083345 1.3666666666666669 2.683333333333334
decision_type=10 2 8 10 8 10 2 10 8 10 10 10 2 10 10 10 10 10 8 10 10 10 2 10 10 10 8 10 8 10
left_child=1 2 7 5 -3 6 22 15 -8 28 17 14 27 18 -12 16 -1 -5 25 -18 21 -21 -4 24 -11 -14 -27 -2 -10 -30
right_child=12 4 3 10 -6 -7 8 -9 9 23 11 -13 13 -15 -16 -17 19 -19 -20 20 -22 -23 -24 -25 -26 26 -28 -29 29 -31
leaf_value=-0.031528638556602866 -0.12744770090394933 -0.045617582527156142 -0.035169461413771086 1.4056890339686954 -0.34035566516562826 -0.011529288635033746 -0.18466443122646325 -0.94202688864121831 0.006147855172783827 -0.018076589312356759 -0.82521143719553958 1.1104938712987034 0.070384324820426086 0.35814925685386967 0.18626155616207557 -0.1263795801154845 0.33016314182844431 0.29441723659120761 -0.06273334920471299 0.0080294223348571121 0.15692360418676055 -0.38219418570774949 0.11492227428659918 0.55584453761577612 0.55959311661620936 -0.009255458535374822 -1.1240132552126181 -0.92306143056887857 0.086137518207673347 0.5570295857308909
leaf_weight=20552 277 13147 867 29 283 17162 476 24 3163 8346 20 22 10637 216 154 1515 180 29 1147 8719 793 119 4712 50 48 37 23 26 4630 86
leaf_count=20552 277 13147 867 29 283 17162 476 24 3163 8346 20 22 10637 216 154 1515 180 29 1147 8719 793 119 4712 50 48 37 23 26 4630 86
internal_value=5.51637e-11 -0.00785407 0.000383135 0.0171162 -0.0518284 0.0150533 0.0354399 -0.0204894 0.0167898 0.0226645 0.338244 0.18679 0.0540796 0.0603556 0.0700003 -0.0197956 -0.0144775 0.850053 0.0549247 0.0212412 0.0154675 0.00277522 0.0915974 -0.0113944 -0.0147733 0.0675407 -0.436579 -0.195718 0.0591657 0.0947246
internal_weight=97489 85126 71696 39794 13430 39540 22378 31902 16799 16323 254 196 12363 12060 174 31878 30363 58 11844 9811 9631 8838 5579 8444 8394 10697 60 303 7879 4716
internal_count=97489 85126 71696 39794 13430 39540 22378 31902 16799 16323 254 196 12363 12060 174 31878 30363 58 11844 9811 9631 8838 5579 8444 8394 10697 60 303 7879 4716
is_linear=0
shrinkage=0.1


Tree=41
num_leaves=31
num_cat=0
split_feature=94 89 47 71 7 83 9 17 81 109 25 14 3 47 3 104 32 111 53 11 77 15 5 103 48 52 48 105 31 81
split_gain=3452.42 2217.99 2375.23 2158.82 1788.2 1946.97 2023.78 1980.31 1705.59 1579.53 1576.79 1601.12 1542.57 1460.57 1733.53 2161.1 1749.79 1456.23 1447.35 1446.88 2002.12 1904.09 1440.13 2078.72 1988.43 1636.14 1494.68 2300.76 1454.21 1451.79
threshold=2.5000000000000004 1.0000000180025095e-35 1.7143537815787637 2.5000000000000004 7.4899903495722056 414.50000000000006 9.3968078942717757 2.2965776689757011 596.50000000000011 29.414099931553732 0.97871355387816916 3.7071428571428577 11.69013116294108 1.1876953730592723 11.043887198099375 116.35000000000001 0.47222222222222227 4.5000000000000009 19.500000000000004 8.7748894126880668 5.5000000000000009 3.7778594046878125 13.25432749292743 0.72100000000000009 7.8500000000000005 14.500000000000002 11.250000000000002 1.0000000180025095e-35 1.1178102700547354 372.50000000000006
decision_type=10 8 8 10 10 10 10 10 10 2 10 10 10 10 10 2 10 2 8 8 8 10 10 2 8 10 10 8 10 10
left_child=1 12 3 8 19 13 7 -7 -3 17 11 -10 -1 -6 -15 -16 -17 -2 -4 22 -21 -22 -5 25 -25 26 29 -28 -29 -24
right_child=9 2 18 4 5 6 -8 -9 10 -11 -12 -13 -14 14 15 16 -18 -19 -20 20 21 -23 23 24 -26 -27 27 28 -30 -31
leaf_value=-0.058157362258292711 0.083481051907580178 -0.037259963961635494 -0.18910425952554233 0.0064110538142691242 0.11924557078814291 0.27412925731568111 0.46275868887702631 -0.83878389032029388 0.21354033425886884 -0.025250194539975231 -0.059848707004809668 0.0162610061106148 -0.24477195040898125 0.098627337321106887 -0.085688900553124725 0.6552044165894797 0.035278034789010516 0.025874049717522014 -0.043054000029234395 0.029810140536861787 0.31798583885642473 1.2946971032930459 -0.17185060643848588 0.082353106389443084 -1.1420718911621306 0.51854635450575093 -1.1035337911586145 -0.32846846937205332 0.012442675988427748 0.12396440195663838
leaf_weight=4073 6278 17464 743 31190 3058 21 24 67 768 4019 848 886 497 1596 1534 73 121 14577 7820 339 151 23 282 21 36 45 28 273 231 403
leaf_count=4073 6278 17464 743 31190 3058 21 24 67 768 4019 848 886 497 1596 1534 73 121 14577 7820 339 151 23 282 21 36 45 28 273 231 403
internal_value=4.31593e-11 -0.011014 -0.00648472 0.000604112 0.0141458 0.0621155 -0.351211 -0.573202 -0.0261972 0.0321532 0.051021 0.107863 -0.0784522 0.0693692 0.0234841 -0.0459191 0.268549 0.0432155 -0.0557266 0.00471228 0.171344 0.447091 0.00208279 -0.100266 -0.690968 -0.0735865 -0.0954813 -0.221234 -0.172218 0.00218362
internal_weight=97489 72615 68045 59482 39516 6494 112 88 19966 24874 2502 1654 4570 6382 3324 1728 194 20855 8563 33022 513 174 32509 1319 57 1262 1217 532 504 685
internal_count=97489 72615 68045 59482 39516 6494 112 88 19966 24874 2502 1654 4570 6382 3324 1728 194 20855 8563 33022 513 174 32509 1319 57 1262 1217 532 504 685
is_linear=0
shrinkage=0.1


Tree=42
num_leaves=31
num_cat=0
split_feature=89 94 102 42 6 61 53 56 14 24 55 103 10 107 102 104 32 34 5 15 43 14 10 102 65 52 104 46 21 81
split_gain=3048.5 2453.28 2089.96 1849.42 2278.59 2298.56 1650.1 1861.26 2496.4 1806.2 2405.36 2053.73 1929.54 1699.45 1632.79 1787.11 1631.71 1648.82 1967.17 1618.58 1586.94 1586.65 1516.61 1496.13 1893.89 1908.4 1473.42 1656.59 1441.82 1419.6
threshold=25.500000000000004 1.0000000180025095e-35 220.50000000000003 1.3666666666666669 30.900000000000002 9.5000000000000018 24.500000000000004 3.5000000000000004 3.8166666666666669 1.1000000000000003 42.500000000000007 0.27900000000000008 26.225000000000005 2023.5000000000002 13.500000000000002 102.05000000000001 2.7750000000000004 1.1026315789473686 13.489531515617919 4.9643166130823442 3.570707350120379 15.250000000000002 29.625000000000004 1.5000000000000002 4.5000000000000009 16.500000000000004 113.75000000000001 2.552777777777778 4.0407644456471159 1141.5000000000002
decision_type=10 8 10 8 10 10 8 10 10 10 10 2 10 2 10 2 10 8 8 10 10 10 10 10 10 10 2 10 10 10
left_child=1 -1 3 4 6 -6 7 16 -9 10 11 -8 29 22 15 -2 17 -3 -19 21 -5 23 -12 24 -17 -26 27 -25 -29 -11
right_child=14 2 -4 20 5 -7 9 8 -10 12 13 -13 -14 -15 -16 19 -18 18 -20 -21 -22 -23 -24 26 25 -27 -28 28 -30 -31
leaf_value=-0.033426964609593178 -0.19125896086538766 -0.00049826340372706337 -0.42751690173255547 -0.015508511957756902 1.4512973146005113 0.16054808074558102 0.21593699852080897 0.61201958793469458 0.067528032928945686 0.033132535644488773 0.17664189011509032 0.034146895699320882 -0.24850641965959222 0.56260957335648332 -0.21581235559929018 -0.088137168024286838 0.51489187660863844 -0.074267929708112343 -0.52511391059002455 0.33133491359229361 0.40277647746952028 -0.62961132754297822 -0.61006382599473008 0.080728498201041485 0.16837379844607905 -0.72529015135765074 0.14290540327946707 -0.036063259173213451 0.42179382464415593 -0.14536745340197149
leaf_weight=24522 296 14913 112 27655 22 37 684 88 1952 4025 1237 6795 300 115 233 1388 59 1891 102 212 91 34 25 5180 541 25 2185 2198 71 501
leaf_count=24522 296 14913 112 27655 22 37 684 88 1952 4025 1237 6795 300 115 233 1388 59 1891 102 212 91 34 25 5180 541 25 2185 2198 71 501
internal_value=-1.5222e-10 -0.00673901 0.00405965 0.00485871 0.0209536 0.641844 0.0198329 0.000769176 0.0910159 0.0463135 0.073135 0.0507727 -0.00290563 0.194593 0.0464018 0.0514385 -0.0100828 -0.0119149 -0.0973418 0.057509 -0.0141366 0.0525141 0.161057 0.0545155 -0.0252694 0.128901 0.0706978 0.0495172 -0.0217363 0.0133737
internal_weight=97489 85126 60604 60492 32746 59 32687 19005 2040 13682 8856 7479 4826 1377 12363 12130 16965 16906 1993 11834 27746 11622 1262 11588 1954 566 9634 7449 2269 4526
internal_count=97489 85126 60604 60492 32746 59 32687 19005 2040 13682 8856 7479 4826 1377 12363 12130 16965 16906 1993 11834 27746 11622 1262 11588 1954 566 9634 7449 2269 4526
is_linear=0
shrinkage=0.1


Tree=43
num_leaves=31
num_cat=0
split_feature=111 67 28 4 80 3 5 28 53 108 103 83 15 73 29 41 49 83 28 63 110 45 103 15 105 87 106 81 67 33
split_gain=2762.83 2445.48 2013.18 2046 1922.27 1810.58 1738.62 1639.14 1936.61 1692.34 1637.48 1848.67 2428.87 1608.32 1522.74 1487.35 1844.29 1699.84 2959.9 2799.13 2080.21 1717.82 1558.23 1490.05 1477.12 1547.9 1490.07 1917.5 1470.71 1458.93
threshold=41.500000000000007 4.5000000000000009 1.0741758241758244 52.487500000000004 29.250000000000004 8.806553746423182 15.166542106854473 0.59411764705882364 23.500000000000004 9.5000000000000018 0.49400000000000005 143.50000000000003 3.1573477436786939 9.5000000000000018 0.7863214543819731 1.5999002947576504 94.950000000000017 167.50000000000003 2.0750000000000006 21.500000000000004 73.500000000000014 1.1571011735538292 0.20100000000000004 4.1102851467657731 1.0000000180025095e-35 182.50000000000003 48.500000000000007 420.50000000000006 5.5000000000000009 0.50819888974716132
decision_type=2 8 10 10 10 8 8 10 8 2 2 8 8 10 8 10 10 10 10 10 2 10 2 10 8 10 2 8 10 10
left_child=1 2 3 10 5 -2 -6 -3 9 -9 11 13 24 -1 -4 16 22 18 19 20 21 -17 -10 -19 -13 26 -26 -28 -25 -21
right_child=4 7 14 -5 6 -7 -8 8 15 -11 -12 12 -14 -15 -16 17 -18 23 -20 29 -22 -23 -24 28 25 -27 27 -29 -30 -31
leaf_value=0.0092070342701392662 -0.052874554598007266 0.1024114868632883 0.30046237545708815 -0.90647566330432905 -0.027174763820808797 -0.30226512960876334 -0.49778817653467383 0.002753094910458337 0.23969790861265708 -0.1014007711283062 -0.019619657282520055 -0.23066629958810592 0.34171952687194157 0.78170517683029184 -0.079324717181243787 0.20348278080875223 0.39149882947676817 0.011232062186910611 -0.21542417396924327 0.03823673102590773 0.13979614789155412 -0.58961260042981145 0.0067985318213584405 0.015927982376888396 -0.32140647116545085 -0.58124184965184245 0.76026893281377861 0.1141252289832083 0.38890556460896208 -0.71499807839592311
leaf_weight=14888 655 2528 108 25 12433 524 79 6161 292 2089 21723 158 383 27 4695 44 128 5924 280 45 4780 72 17746 208 74 33 48 1064 215 60
leaf_count=14888 655 2528 108 25 12433 524 79 6161 292 2089 21723 158 383 27 4695 44 128 5924 280 45 4780 72 17746 208 74 33 48 1064 215 60
internal_value=-1.60186e-10 0.00680456 -0.00974572 -0.00211563 -0.0416484 -0.163715 -0.0301462 0.0244375 0.0192562 -0.0236199 -0.00152683 0.0220432 0.118972 0.0106055 -0.0707848 0.0311286 0.0132528 0.0590553 0.100971 0.118686 0.129642 -0.288783 0.0105687 0.0241794 0.0570166 0.0943044 0.113101 0.142016 0.205503 -0.392183
internal_weight=97489 83798 43226 38423 13691 1179 12512 40572 38044 8250 38398 16675 1760 14915 4803 29794 18166 11628 5281 5001 4896 116 18038 6347 1377 1219 1186 1112 423 105
internal_count=97489 83798 43226 38423 13691 1179 12512 40572 38044 8250 38398 16675 1760 14915 4803 29794 18166 11628 5281 5001 4896 116 18038 6347 1377 1219 1186 1112 423 105
is_linear=0
shrinkage=0.1


Tree=44
num_leaves=31
num_cat=0
split_feature=100 49 55 103 5 88 88 15 104 57 107 35 104 89 44 10 60 23 92 46 1 19 41 87 85 3 85 102 9 2
split_gain=2669.54 2797.3 2278.88 2338.64 1848.65 2525.19 2452.36 2125.91 1793.22 2198.73 2059.82 1902.49 1932.08 1792.38 1691.28 1613.76 1515.98 1569.51 1508.28 1428.5 1413.36 1408.3 1647.26 1373.06 1368.48 1365.61 2602.04 1649.78 1492.44 1383.59
threshold=1.0000000180025095e-35 28.450000000000003 53.500000000000007 0.7400000000000001 15.850923516151086 61.750000000000007 54.750000000000007 4.4359634245399802 116.35000000000001 13.500000000000002 2021.5000000000002 1.3950098240395692 106.75000000000001 5.5000000000000009 1.6458333333333337 30.075000000000006 1.5000000000000002 4.1534703278564864 1.5000000000000002 3.3166666666666669 9.6545585079400151 0.70710678118654779 1.0904165719600523 70.500000000000014 48.500000000000007 19.232520194299294 113.50000000000001 203.50000000000003 9.1150058967338303 50.595000000000013
decision_type=2 8 8 2 10 10 10 10 2 10 2 8 2 10 10 10 10 8 10 8 10 8 10 10 8 8 8 10 10 10
left_child=2 -2 8 4 7 6 -6 -4 10 -10 11 12 23 -14 -12 -15 19 -18 -7 25 -11 22 -13 -1 -17 27 28 -3 -27 -30
right_child=1 16 3 -5 5 18 -8 -9 9 20 14 21 13 15 -16 24 17 -19 -20 -21 -22 -23 -24 -25 -26 26 -28 -29 29 -31
leaf_value=-0.030922177644115836 -0.049519167471301972 0.021399737232074837 0.076656121580943981 -0.38139559286164831 -0.20711740570342438 -1.3762572586536408 0.7978932030739323 0.48488406048758526 0.005090771261140329 0.05313228976349102 -0.03275204374705943 -0.19712178655454649 -0.051846903185966679 0.030104544708248766 -0.10206477555007715 -0.51255880195390136 0.076341639964750074 -0.36140958386731437 -0.35282430648803714 -0.082827844843268397 0.32277120346081767 -0.16121420682644128 0.30239267528057101 -0.15272285970781688 0.30621380141148202 -0.47253362089395523 1.1399215273318752 -0.3262928919418015 0.6284820164243381 -0.23775239882192445
leaf_weight=4901 5671 35242 3123 116 112 24 31 133 3475 380 9494 115 3593 14386 5595 95 6206 83 36 1368 398 1308 155 1141 26 32 31 137 54 28
leaf_count=4901 5671 35242 3123 116 112 24 31 133 3475 380 9494 115 3593 14386 5595 95 6206 83 36 1368 398 1308 155 1141 26 32 31 137 54 28
internal_value=-4.83082e-11 0.0165113 -0.0165843 0.0602659 0.0750773 -0.217706 0.010752 0.0933313 -0.0226813 0.0391121 -0.0291212 -0.0119131 -0.00495981 0.0113849 -0.0584532 0.0270457 0.0251832 0.0705644 -0.762197 0.017447 0.191071 -0.118293 0.0896365 -0.0539236 -0.336624 0.0213085 0.327569 0.0200533 0.106666 0.332695
internal_weight=97489 48852 48637 3575 3459 203 143 3256 45062 4253 40809 25720 24142 18100 15089 14507 43181 6289 60 36892 778 1578 270 6042 121 35524 145 35379 114 82
internal_count=97489 48852 48637 3575 3459 203 143 3256 45062 4253 40809 25720 24142 18100 15089 14507 43181 6289 60 36892 778 1578 270 6042 121 35524 145 35379 114 82
is_linear=0
shrinkage=0.1


Tree=45
num_leaves=31
num_cat=0
split_feature=102 89 100 12 46 86 55 10 26 50 104 81 5 102 30 107 51 21 5 86 88 32 104 107 9 29 88 8 83 0
split_gain=2486 2197.62 1652.12 1836.72 1871.99 1939.41 1607.01 1824.97 1567.81 2074.41 1560.92 1513.74 1933.93 1828.49 2544.65 1708.03 1522.73 1497.06 1495.72 1851.18 1472.76 1412.71 1521.74 1397.08 1392.54 1674.1 1392 1378.11 1365.86 1396.05
threshold=4.5000000000000009 25.500000000000004 1.0000000180025095e-35 0.90000000000000013 2.6125000000000003 197.50000000000003 61.500000000000007 23.225000000000005 0.95000000000000007 24.900000000000002 102.05000000000001 786.50000000000011 14.723221901357627 15.500000000000002 0.36666666666666675 2019.5000000000002 83.750000000000014 2.7898624234857587 12.453382017829531 80.500000000000014 30.850000000000005 1.7250000000000003 117.65000000000002 2020.5000000000002 11.420254869118684 1.0713822763440657 47.750000000000007 28.650000000000002 15.500000000000002 33.370000000000012
decision_type=10 10 2 8 8 10 10 10 10 10 2 8 10 10 10 2 10 10 10 10 10 10 2 2 8 10 10 10 10 10
left_child=1 2 6 -4 20 -6 8 -8 -1 21 -3 12 13 -2 -15 -13 -14 18 19 -9 27 23 28 -10 -22 -26 -17 -5 29 -23
right_child=11 10 3 4 5 -7 7 17 9 -11 -12 15 16 14 -16 26 -18 -19 -20 -21 24 22 -24 -25 25 -27 -28 -29 -30 -31
leaf_value=-0.0021853406275939668 -0.053958306372442436 -0.1845229354890057 -0.13369831601787788 0.0098966730537042753 -0.069838010562478889 0.33471332702452578 0.94996565803885469 -0.21413898364357326 -0.0051415536981404934 -0.97248311390479414 0.050813900804122562 0.1204971888801083 -0.3092470722479953 -0.051051025758334249 -0.43494028687108044 -0.017560614589877479 -1.2438835443361946 0.5814144588730954 -0.45687459634160099 0.7160368254780769 0.057090019563063879 -0.49323913002014158 0.66151507899165152 -0.068522265005208569 -0.62901371136307727 0.12061068664897573 -0.30286237318911147 -0.78192915665832441 -0.2938181900949618 0.3919655643163189
leaf_weight=24792 4023 289 835 23957 3240 123 32 46 7220 24 11375 868 72 371 323 1216 23 54 53 40 10886 25 20 6710 65 55 199 22 469 62
leaf_count=24792 4023 289 835 23957 3240 123 32 46 7220 24 11375 868 72 371 323 1216 23 54 53 40 10886 25 20 6710 65 55 199 22 469 62
internal_value=-1.65866e-11 0.00447382 -0.00152768 0.0130255 0.0162203 -0.0550418 -0.0159469 0.250542 -0.0174718 -0.0435544 0.0449829 -0.0569988 -0.0888144 -0.0798177 -0.22972 0.0100606 -0.535527 0.134576 -0.0390164 0.218501 0.0230705 -0.0420175 -0.195485 -0.0356717 0.0533554 -0.285436 -0.0576843 0.0091702 -0.226313 0.137596
internal_weight=97489 90394 78730 39183 38348 3363 39547 225 39322 14530 11664 7095 4812 4717 694 2283 95 193 139 86 34985 14506 576 13930 11006 120 1415 23979 556 87
internal_count=97489 90394 78730 39183 38348 3363 39547 225 39322 14530 11664 7095 4812 4717 694 2283 95 193 139 86 34985 14506 576 13930 11006 120 1415 23979 556 87
is_linear=0
shrinkage=0.1


Tree=46
num_leaves=31
num_cat=0
split_feature=102 36 26 52 67 88 109 103 45 16 61 104 107 86 111 85 3 102 18 22 1 23 30 11 102 85 37 109 28 0
split_gain=2013.66 1935.51 1775.71 1885.71 1744.33 1484.66 1463.9 1592.7 1495.04 1573.77 1455.16 1406.65 1561.85 1425.12 1403.11 2073.29 2091.68 2045.79 1858.8 2148.75 1845.71 1759.06 1706.43 1673.48 1331.17 1318.41 1310.84 1321.49 1309.93 1381.25
threshold=4.5000000000000009 2.2916666666666674 0.95000000000000007 15.500000000000002 3.5000000000000004 3.4500000000000006 29.915126625598909 0.59450000000000014 1.5563326292120554 6.9115384615384627 10.500000000000002 110.95000000000002 2021.5000000000002 171.50000000000003 16.500000000000004 78.500000000000014 18.052457511885578 15.500000000000002 3.7750000000000004 3.9083333333333337 13.369891547750173 3.7829255652028655 0.22500000000000003 5.8479641070948896 257.50000000000006 151.50000000000003 1.3779271744364847 24.453114305270365 1.6833333333333336 43.370000000000012
decision_type=10 10 10 10 10 8 2 2 8 10 10 2 2 10 2 8 8 10 10 10 10 8 10 8 10 10 8 2 10 10
left_child=1 2 3 5 -5 -1 8 -8 -4 10 -10 12 13 25 15 17 18 20 24 -20 21 -2 -19 -24 28 -7 27 -11 29 -17
right_child=14 -3 6 4 -6 11 7 -9 9 26 -12 -13 -14 -15 -16 16 -18 22 19 -21 -22 -23 23 -25 -26 -27 -28 -29 -30 -31
leaf_value=-0.065859686944272272 0.01342918660697701 0.028702481595616353 -0.0038270405042824559 -0.25256224766825186 0.30803796305140363 0.0007925168162977907 -0.048020257311677923 -0.22138173643272038 -0.080164535292122002 -0.48512375281059317 0.086412010806945078 0.024943236084234516 -0.082576953434568556 -0.4343066104054451 -0.092486556482663476 0.29511625480401782 1.1176519486520973 0.024766621176610916 -0.66707084339398603 0.033696761368301471 -0.22670206287142661 0.77338642905796728 -0.11394787877798081 -0.6939430741868059 -0.35531639409406734 0.47051402539014814 -0.56975519541237085 0.056021194090318728 1.0676811063289644 -0.33597822448140696
leaf_weight=2793 1742 23517 15046 66 349 14608 1789 753 3343 70 622 24394 2674 75 3819 397 21 114 52 276 343 31 84 122 36 60 108 127 20 38
leaf_count=2793 1742 23517 15046 66 349 14608 1789 753 3343 70 622 24394 2674 75 3819 397 21 114 52 276 343 31 84 122 36 60 108 127 20 38
internal_value=1.11474e-10 0.00402644 -0.00465078 0.00670338 0.218882 0.00472925 -0.0280359 -0.099374 -0.0186478 -0.070871 -0.0540332 0.00944463 -0.0122625 0.000490737 -0.051299 -0.00328448 0.13219 -0.0499998 0.106922 -0.0774005 -0.0143621 0.0267167 -0.285654 -0.45744 0.230053 0.00271393 -0.289762 -0.136264 0.276368 0.239986
internal_weight=97489 90394 66877 45019 415 44604 21858 2542 19316 4270 3965 41811 17417 14743 7095 3276 840 2436 819 328 2116 1773 320 206 491 14668 305 197 455 435
internal_count=97489 90394 66877 45019 415 44604 21858 2542 19316 4270 3965 41811 17417 14743 7095 3276 840 2436 819 328 2116 1773 320 206 491 14668 305 197 455 435
is_linear=0
shrinkage=0.1


Tree=47
num_leaves=31
num_cat=0
split_feature=107 104 104 48 103 86 55 82 22 109 29 17 19 46 8 23 27 5 89 60 3 85 40 45 19 1 85 15 14 24
split_gain=1911.59 3848.39 2353.39 2021.31 1914.14 1908.59 1731.1 1818.69 1511.85 1425.88 1397.2 2343.83 1392.86 1325.25 2011.68 1404.91 1299.62 1870.86 1320.78 1658.56 1428.15 1945.67 1831.89 1464.18 1351.73 1340.15 2084.47 1763.39 1583.5 1445.11
threshold=2021.5000000000002 112.45000000000002 108.15000000000002 13.850000000000003 0.62150000000000005 119.50000000000001 37.500000000000007 3.5000000000000004 9.9250000000000025 25.019849418206714 0.65602740944978577 1.4905158128705247 0.86554360876699576 3.5750000000000006 31.550000000000004 3.0426787521539924 0.71679496922166341 9.9258341820934053 29.500000000000004 6.5000000000000009 14.05580149102118 74.500000000000014 5.0750000000000002 1.6346924281699651 2.2912618684212727 8.3309063130248884 46.500000000000007 2.234825026599959 9.6333333333333346 1.7750000000000001
decision_type=2 2 2 8 2 10 10 10 10 2 10 10 10 10 10 10 8 10 10 10 10 8 10 10 8 10 10 10 10 10
left_child=2 9 -1 5 6 -4 7 -3 -7 13 11 -8 -13 14 -2 -15 17 -5 19 25 22 -22 -20 -24 -21 -18 28 -28 -27 -30
right_child=1 4 3 16 -6 8 10 -9 -10 -11 -12 12 -14 15 -16 -17 18 -19 20 24 21 -23 23 -25 -26 26 27 -29 29 -31
leaf_value=-0.013978232352186537 -0.031290372598860132 -0.16149122144555214 0.0030678724868607589 0.20781354938840899 -0.096747030680769522 0.11668112987501517 1.1009533173762835 -0.0040972057678916101 -0.68198342286050329 -0.10021608715399309 0.029796675693964294 -0.1510441479829254 0.19844142847892454 0.072229348986394826 -0.9685981820458951 0.89454191682800177 -0.018874654228743907 0.031658200715275607 0.14793794415086509 -0.85642609397570291 -0.16805150414901704 0.77592790176471071 0.14004180119151163 1.2446450818862234 -0.11997357826725936 0.059688934064582859 -1.0012285624038089 -0.084644982963800436 0.28267611980292146 -0.04804892910023531
leaf_weight=21828 5157 770 22013 1324 1825 1907 26 15766 24 5914 10173 139 635 63 23 31 2922 1107 1250 36 242 24 21 28 81 2853 22 457 663 165
leaf_count=21828 5157 770 22013 1324 1825 1907 26 15766 24 5914 10173 139 635 63 23 31 2922 1107 1250 36 242 24 21 28 81 2853 22 457 663 165
internal_value=-3.9741e-11 -0.016603 0.0118101 0.0278295 0.00242904 0.0114299 0.00900857 -0.0114263 0.106755 -0.0665033 0.0398033 0.16705 0.135679 -0.0286995 -0.0354522 0.343418 0.0629054 0.127598 0.0449607 0.0268604 0.128222 -0.0828804 0.17145 0.771244 -0.346574 0.0330298 0.0694877 -0.126743 0.0950227 0.216771
internal_weight=97489 40522 56967 35139 29334 23944 27509 16536 1931 11188 10973 800 774 5274 5180 94 11195 2431 8764 7199 1565 266 1299 49 117 7082 4160 479 3681 828
internal_count=97489 40522 56967 35139 29334 23944 27509 16536 1931 11188 10973 800 774 5274 5180 94 11195 2431 8764 7199 1565 266 1299 49 117 7082 4160 479 3681 828
is_linear=0
shrinkage=0.1


Tree=48
num_leaves=31
num_cat=0
split_feature=100 49 55 103 5 88 49 15 44 35 1 55 48 80 81 22 11 88 19 37 111 10 22 87 18 16 104 1 82 14
split_gain=1839.77 1859.5 1535.77 1863.35 1483.29 2238.44 1747.04 1723.57 1451.38 1589.65 1425.45 1384.99 1948.6 1981.22 1770.12 1497.38 1438.33 1352.3 1340.98 1555.46 1338.32 2044.32 1338.23 2069.33 1951.9 1326.25 1321.78 1326.79 1397.8 1736.21
threshold=1.0000000180025095e-35 27.650000000000002 53.500000000000007 0.76750000000000018 15.850923516151086 67.15000000000002 71.65000000000002 4.6627959282118168 1.6125000000000003 0.82601002110776411 9.9717099832447591 39.500000000000007 42.850000000000001 1761.8500000000006 263.50000000000006 6.9750000000000005 7.1254731918611602 54.750000000000007 1.5543320308680686 2.7567500863140766 7.5000000000000009 16.025000000000002 10.925000000000002 103.50000000000001 8.4500000000000011 9.5750000000000011 116.2 10.097054025044828 303.50000000000006 2.9500000000000006
decision_type=2 8 8 2 10 10 8 10 10 10 10 10 10 10 8 10 10 10 10 10 2 10 10 8 10 10 2 8 10 10
left_child=2 20 8 4 7 6 -6 -4 11 25 -8 15 13 14 -13 16 -1 -12 -16 -20 -2 -22 24 -24 -3 26 -10 -28 29 -29
right_child=1 22 3 -5 5 -7 10 -9 9 -11 17 12 -14 -15 18 -17 -18 -19 19 -21 21 -23 23 -25 -26 -27 27 28 -30 -31
leaf_value=-0.0043851747999826603 0.13568208840742862 0.017679899219182886 0.064066303199449934 -0.41328728952828575 -0.80410782722849405 -0.86154172609492052 -0.56263573400389688 0.48774805668026516 -0.043155354351652769 -0.10898695293797352 0.00027188850152823661 -0.016618962593859841 -0.62939477099903995 -0.052130270427784044 0.26678180372075799 -0.1877869853873414 -0.092117560882545454 0.7254580441862345 0.075219444981012865 0.8041212344666322 -0.047636396557289823 -0.49379793504873915 -0.038528967911706256 -0.77514054865207316 0.13668247903977815 0.31163008404536208 -0.013422344248203669 0.53290273722621706 0.81221445443875651 0.048495273821529267
leaf_weight=23652 388 42059 3187 85 25 41 26 99 10364 3031 72 876 42 1202 688 490 2029 40 1214 30 4686 105 136 53 1425 114 841 93 34 362
leaf_count=23652 388 42059 3187 85 25 41 26 99 10364 3031 72 876 42 1202 688 490 2029 40 1214 30 4686 105 136 53 1425 114 841 93 34 362
internal_value=1.24898e-10 0.0137071 -0.0137677 0.0493204 0.0605873 -0.201061 -0.0349284 0.0768309 -0.0187728 -0.0443853 0.104416 -0.00619752 0.0482065 0.0553035 0.101292 -0.0146208 -0.0113167 0.259267 0.154755 0.0927975 -0.0429481 -0.0574145 0.0204256 -0.245092 0.0215797 -0.0278027 -0.0311117 0.0627386 0.193723 0.147506
internal_weight=97489 48852 48637 3575 3490 204 163 3286 45062 14839 138 30223 4052 4010 2808 26171 25681 112 1932 1244 5179 4791 43673 189 43484 11808 11694 1330 489 455
internal_count=97489 48852 48637 3575 3490 204 163 3286 45062 14839 138 30223 4052 4010 2808 26171 25681 112 1932 1244 5179 4791 43673 189 43484 11808 11694 1330 489 455
is_linear=0
shrinkage=0.1


Tree=49
num_leaves=31
num_cat=0
split_feature=102 67 28 31 13 29 109 7 40 4 83 83 49 49 103 20 28 63 18 14 45 46 11 88 37 104 109 83 11 52
split_gain=1572.09 1556.93 1541.19 1314.3 1295.61 1288.81 1283.92 1565.93 1485.86 1723.47 1690.01 1956.45 1674.63 1592.21 1582.65 1548.84 1547.54 1463.24 1408.55 1370.15 1374.35 1821.04 1689.17 2121.44 2334.28 1780.09 1684.69 1583.17 1540.84 1375.05
threshold=4.5000000000000009 4.5000000000000009 1.0250000000000001 0.76180168105713697 5.3478886102036034 0.78659665406324641 29.915126625598909 2.6188183008788219 2.9750000000000005 42.877500000000019 154.50000000000003 95.500000000000014 53.45000000000001 50.150000000000013 0.47450000000000003 7.1500000000000012 2.0250000000000004 5.5000000000000009 2.1000000000000005 15.350000000000003 2.126545302134454 5.3250000000000002 9.3546357707109262 33.250000000000007 1.0477225575051665 105.05000000000001 21.307323750855584 436.50000000000006 9.6512202662115332 12.500000000000002
decision_type=10 10 10 8 10 10 2 10 10 10 10 10 10 10 2 10 10 10 10 10 10 10 10 10 10 2 2 10 10 10
left_child=1 2 -1 4 5 -4 8 -8 10 16 11 15 13 -11 -15 -3 -10 18 -13 20 22 -22 27 -24 -25 -26 -27 -14 -28 -29
right_child=-2 6 3 -5 -6 -7 7 -9 9 12 -12 17 19 14 -16 -17 -18 -19 -20 -21 21 -23 23 24 25 26 28 29 -30 -31
leaf_value=-0.0016309063844003532 -0.045326724469466784 0.01613773217433322 0.31425004083355634 -0.1146729805505147 0.69682444941997534 -0.034098891685473143 -0.16122970788996538 -0.004556538638062802 0.16307779784511056 0.0048273931757399913 -0.024403411174312505 -0.84351719319820406 0.071420182070949342 -1.1747734330097834 -0.25252585739505534 -0.35385925066575674 -0.20361922507281185 0.092204767714219593 0.11175273527102224 -0.48561854039629299 -0.14976725503274754 0.78158539641987201 0.89371497800404376 0.71755463679631548 -0.32275798577521486 1.0549824103003456 0.51468946053868248 -0.21458077961189834 0.031002134429748918 0.27284511116103854
leaf_weight=41436 7095 14967 109 2301 25 4147 696 7648 2031 95 7528 33 2624 30 49 114 122 4846 29 48 459 22 44 69 84 21 84 359 305 69
leaf_count=41436 7095 14967 109 2301 25 4147 696 7648 2031 95 7528 33 2624 30 49 114 122 4846 29 48 459 22 44 69 84 21 84 359 305 69
internal_value=1.05297e-10 0.00355768 -0.00877119 -0.0537218 -0.020961 -0.0251774 0.017528 -0.0176252 0.0261469 0.0690896 0.0159797 0.0311883 0.0329549 -0.271025 -0.602746 0.0133409 0.142299 0.0860287 -0.396697 0.0455844 0.0517433 -0.107169 0.0726334 0.224987 0.172724 0.0966245 0.182547 0.0423324 0.135449 -0.136
internal_weight=97489 90394 48018 6582 4281 4256 42376 8344 34032 6515 27517 19989 4362 174 79 15081 2153 4908 62 4188 4140 481 3659 607 563 494 410 3052 389 428
internal_count=97489 90394 48018 6582 4281 4256 42376 8344 34032 6515 27517 19989 4362 174 79 15081 2153 4908 62 4188 4140 481 3659 607 563 494 410 3052 389 428
is_linear=0
shrinkage=0.1


Tree=50
num_leaves=31
num_cat=0
split_feature=111 104 107 80 104 82 102 21 11 14 102 31 104 2 10 81 11 88 49 110 111 21 103 87 0 51 50 8 24 39
split_gain=1511.29 1664.03 3106.64 1705.01 1621.08 1673.73 1595.92 1899.97 2304.35 1847.16 1594.77 1705.98 1681.74 1535.47 2377.06 2055.97 1434.97 1321.59 1819.52 1350.63 1318.18 1310.21 1393.85 2147.56 1514.95 1752.99 1295.34 1472.16 1727.38 1383.43
threshold=41.500000000000007 114.25000000000001 2021.5000000000002 3294.4499999999994 110.05000000000001 499.50000000000006 222.50000000000003 1.5776212754932317 8.1852723964487684 11.950000000000001 15.500000000000002 0.64222852518808682 108.95000000000002 27.495000000000001 7.8062500000000012 404.50000000000006 7.773436542152246 17.250000000000004 58.750000000000007 76.500000000000014 8.5000000000000018 3.5629256200463373 0.46050000000000008 25.500000000000004 57.620000000000005 70.350000000000009 -2.2499999999999996 15.050000000000002 1.9000000000000001 2.155091149507784
decision_type=2 2 2 8 2 8 10 8 8 10 10 8 2 8 8 10 10 8 8 2 2 10 2 10 10 10 10 10 10 10
left_child=1 2 3 10 17 -6 7 9 -9 -5 12 -12 21 -2 -15 -16 -17 18 -4 -19 -10 -1 23 -23 25 -24 27 28 -14 -28
right_child=13 -3 4 6 5 -7 -8 8 20 -11 11 -13 26 14 15 16 -18 19 -20 -21 -22 22 24 -25 -26 -27 29 -29 -30 -31
leaf_value=-0.0060084702594790746 -0.020666906980264601 0.031538389210437008 -0.027803228274677641 0.47391307135311894 -0.020205460885307117 -0.15977178828772384 -0.31609094891792688 -0.072923507045227959 0.35588514960635775 -0.19604575649207953 -0.028907445995408357 -0.48940208605843405 0.49547454435278704 0.68223311024553634 -0.31339741172934865 0.033775363273505561 -0.36035608212675968 -0.36569547812625758 0.90449184761805967 -0.12452549468088799 -0.0079833435149837852 -0.45099305275239443 -0.43035977349749638 0.47600866997333829 -0.82420271850191063 -0.013337440858410288 0.019804656526092344 -0.066948280149492723 -0.25234512412870252 0.13239721441730531
leaf_weight=22444 12542 18466 432 257 15129 911 78 482 313 49 206 132 187 34 514 487 114 303 22 994 146 38 168 73 40 252 21373 116 37 1150
leaf_count=22444 12542 18466 432 257 15129 911 78 482 313 49 206 132 187 34 514 487 114 303 22 994 146 38 168 73 40 252 21373 116 37 1150
internal_value=1.25115e-10 0.00503266 -0.00245915 0.0108806 -0.0381056 -0.0281322 0.122726 0.150174 0.0797846 0.366632 0.00767405 -0.208746 0.00926849 -0.0308032 -0.141447 -0.166563 -0.040985 -0.129467 0.0173741 -0.180867 0.240145 -0.00981416 -0.159402 0.158657 -0.236151 -0.180146 0.028478 0.222209 0.371951 0.0255535
internal_weight=97489 83798 65332 47541 17791 16040 1325 1247 941 306 46216 338 45878 13691 1149 1115 601 1751 454 1297 459 23015 571 111 460 420 22863 340 224 22523
internal_count=97489 83798 65332 47541 17791 16040 1325 1247 941 306 46216 338 45878 13691 1149 1115 601 1751 454 1297 459 23015 571 111 460 420 22863 340 224 22523
is_linear=0
shrinkage=0.1


Tree=51
num_leaves=31
num_cat=0
split_feature=100 48 94 43 95 48 103 19 89 60 103 54 28 106 88 55 41 103 42 69 19 41 39 33 85 107 33 14 30 24
split_gain=1494.75 1599.01 1357.24 1368.35 1298.54 1321.64 1295.16 1678.14 1574.9 1543.25 1507.47 1309.56 1221.36 1253.84 1216.97 1155.55 2060.5 2669.82 2112.09 1485.61 1443.62 1520.44 1652.68 1485.29 1445.14 1239.77 1420.45 1709.45 1635.47 1491.71
threshold=1.0000000180025095e-35 1.0000000180025095e-35 8.5000000000000018 2.0246950765959606 2.5000000000000004 50.900000000000013 0.25000000000000006 2.9580278177943957 29.500000000000004 1.5000000000000002 0.21350000000000002 7.5000000000000009 2.0750000000000006 532.50000000000011 5.2500000000000009 61.500000000000007 1.5723766234549204 0.62150000000000005 2.7750000000000004 1.5000000000000002 2.1407836215144651 1.6836971689011142 1.5793800527887107 0.84655531415518281 14.500000000000002 2021.5000000000002 1.5652465782067826 10.050000000000002 1.7083333333333337 0.77500000000000013
decision_type=2 8 10 10 8 10 2 10 10 8 2 10 10 2 10 10 10 2 10 10 10 10 10 10 8 2 10 10 10 10
left_child=2 14 6 -4 5 -3 7 -1 9 -9 -11 15 -6 -14 -2 25 17 18 -17 -20 23 24 -23 -18 -22 26 -8 -28 29 -29
right_child=1 4 3 -5 12 -7 11 8 -10 10 -12 -13 13 -15 -16 16 20 -19 19 -21 21 22 -24 -25 -26 -27 27 28 -30 -31
leaf_value=0.029656909873025574 -0.10158316374888164 0.028567817605927782 0.63792073567708341 -0.31718946248292923 -0.0075060302794434835 0.4799439843056294 0.00099960617804052319 0.41103495870475415 0.97144812537777803 -0.55303568002723513 0.34267283082008365 -0.26439126894542592 -0.41839848659985085 0.12367775401131052 -0.0072893217616982172 1.0764931883089817 -0.13471712384233689 -0.42453909139422807 1.0689158465181079 0.13860679281518815 -0.68974793808800838 1.1177288387986748 0.1742782734334469 -1.0545502651305427 0.34455402114174588 -0.03743910915088574 -0.20534913387532983 -0.019426647192094387 -0.061613396141868441 0.79431327867507939
leaf_weight=2409 1820 32127 60 20 9117 65 25550 135 31 42 34 213 142 61 5520 52 107 34 21 94 35 22 119 21 22 18532 719 41 274 50
leaf_count=2409 1820 32127 60 20 9117 65 25550 135 31 42 34 213 142 61 5520 52 107 34 21 94 35 22 119 21 22 18532 719 41 274 50
internal_value=8.63635e-12 0.0123552 -0.0124098 0.399143 0.0199628 0.0294792 -0.0130879 0.0548742 0.305901 0.208119 -0.152324 -0.0170126 -0.0129078 -0.255509 -0.0306701 -0.0158594 0.131361 0.383182 0.547628 0.308489 -0.0239022 0.145294 0.321483 -0.285627 -0.290544 -0.0175772 -0.00375719 -0.115875 0.0603756 0.427683
internal_weight=97489 48852 48637 80 41512 32192 48557 2651 242 211 76 45906 9320 203 7340 45693 527 201 167 115 326 198 141 128 57 45166 26634 1084 365 91
internal_count=97489 48852 48637 80 41512 32192 48557 2651 242 211 76 45906 9320 203 7340 45693 527 201 167 115 326 198 141 128 57 45166 26634 1084 365 91
is_linear=0
shrinkage=0.1


Tree=52
num_leaves=31
num_cat=0
split_feature=91 110 21 3 60 26 19 81 15 109 111 5 8 106 35 107 83 39 102 73 17 48 25 7 102 34 23 35 19 51
split_gain=1301.96 1764.26 1703.47 1515.79 1423.96 1478.45 1794.84 1788.33 1746.38 2099.02 1439.89 2096.19 2217.41 1416.28 1696.5 1399.6 1382.58 1363.11 1661.87 1345.98 1570.56 1340.43 1802.69 1813.99 1477.93 1528.37 1390.46 1369.08 1905.3 1697.67
threshold=4.5000000000000009 73.500000000000014 1.4414292762296912 13.313337088691421 2.5000000000000004 0.95000000000000007 3.1463864143340432 1243.5000000000002 3.2136858948350251 20.940451745379878 2.5000000000000004 14.534779975870071 23.950000000000003 760.50000000000011 0.43974378074880666 2021.5000000000002 331.50000000000006 1.6346924281699651 1.5000000000000002 8.5000000000000018 3.5375801969177378 28.250000000000004 1.4487266298961141 7.8358126115522095 11.500000000000002 0.34166666666666673 3.7829255652028655 1.3950098240395692 1.1178102700547357 91.200000000000003
decision_type=10 2 10 10 10 10 10 10 10 2 2 8 10 2 10 2 10 10 8 8 10 8 10 10 10 10 10 8 8 10
left_child=1 3 15 16 5 10 21 8 9 -8 11 -3 -13 -4 -15 19 17 18 -1 20 -2 24 27 -24 26 -26 -7 29 -29 -23
right_child=2 4 13 -5 -6 6 7 -9 -10 -11 -12 12 -14 14 -16 -17 -18 -19 -20 -21 -22 22 23 -25 25 -27 -28 28 -30 -31
leaf_value=0.12108819515798197 -0.0014940997331657194 0.056461455727386513 0.035314306218080016 -0.36770004199232376 0.10344457523554894 -0.022841323065122897 -0.66100997180842302 0.18448963383390735 -0.46796716069660821 -0.077334308013655026 0.00073146991848046573 0.67833418960238367 -0.14115156079147093 0.21416974346071607 -0.06443517564069727 -0.22766364857678101 0.27520830134982649 -0.3197563567578241 -0.095523917226071314 0.50349485469438759 -0.57818199723374608 0.024344384194156573 0.14547844034767596 0.70109989760604541 0.17224633724373931 -0.46364934640387967 -0.81829332492568274 0.47021152509583369 -0.46898234527972016 0.64065603204071531
leaf_weight=429 638 2037 20303 175 1224 19423 68 136 197 656 44961 111 47 239 2556 482 115 216 2031 48 51 649 214 81 51 146 22 27 108 48
leaf_count=429 638 2037 20303 175 1224 19423 68 136 197 656 44961 111 47 239 2556 482 115 216 2031 48 51 649 214 81 51 146 22 27 108 48
internal_value=-3.13802e-12 -0.00666197 0.0200465 -0.0822077 -0.00347038 -0.00536746 -0.0268862 -0.154001 -0.203984 -0.132155 0.00459243 0.0836779 0.434563 0.0261268 -0.0406117 -0.0951654 -0.0643069 -0.0788975 -0.0577489 -0.00851121 -0.0441807 -0.0204169 0.0856416 0.298039 -0.0265023 -0.299027 -0.0237413 0.0103325 -0.281144 0.0667877
internal_weight=97489 73172 24317 2966 70206 68982 21826 1057 921 724 47156 2195 158 23098 2795 1219 2791 2676 2460 737 689 20769 1127 295 19642 197 19445 832 135 697
internal_count=97489 73172 24317 2966 70206 68982 21826 1057 921 724 47156 2195 158 23098 2795 1219 2791 2676 2460 737 689 20769 1127 295 19642 197 19445 832 135 697
is_linear=0
shrinkage=0.1


Tree=53
num_leaves=31
num_cat=0
split_feature=104 107 89 104 82 26 5 41 81 57 86 42 82 13 7 9 110 37 15 37 41 106 51 42 25 104 107 57 19 88
split_gain=1284.19 2226.31 1523.07 1438.77 1569.01 1821.13 1574.63 1542.04 1321.55 1360 1582.42 1357.22 1315.69 2662.86 1568.4 1703.78 2001.73 1580.99 1495.38 1480.08 1670.77 1294.44 1612.43 1550.44 1443.41 1293.85 1616.25 1292.3 1266.23 1908.17
threshold=114.25000000000001 2021.5000000000002 1.0000000180025095e-35 110.05000000000001 349.50000000000006 1.4722222222222225 13.67800145065809 1.260796825072459 742.50000000000011 14.500000000000002 115.50000000000001 5.3000000000000016 333.50000000000006 3.5472799949715879 4.2130707077691634 7.6724614413784549 82.500000000000014 1.9039118320563839 3.7386854568698915 1.1178102700547354 1.5018248097283593 627.50000000000011 60.350000000000001 2.2250000000000005 1.6905725903640423 108.15000000000002 2016.5000000000002 12.500000000000002 4.6797313858974663 41.650000000000013
decision_type=2 2 8 2 8 10 10 8 10 10 10 10 10 10 10 10 2 10 10 10 10 2 10 10 10 2 2 8 10 10
left_child=1 2 -1 7 21 -6 -7 27 9 10 11 -2 -10 19 -15 16 18 -18 -16 -14 -21 22 23 -5 -24 -4 -27 -3 -28 -30
right_child=8 3 25 4 5 6 -8 -9 12 -11 -12 -13 13 14 15 -17 17 -19 -20 20 -22 -23 24 -25 -26 26 28 -29 29 -31
leaf_value=-0.077824194321993945 0.0036399042705330779 -0.092302105263411982 -0.010840715765082554 -0.0095503980593932697 -0.079581502273985055 -0.58812436206982688 0.15126879666302656 -0.22214951947985009 0.119312481008596 0.080640605255591663 -0.36352639189537839 -0.70594265527195399 0.073738925666919697 -0.1764060305452895 0.50271863643673886 -0.0083923756002874713 0.55219484977934463 1.4478092893958092 -0.19628663128072565 -0.38675506868116233 -0.050645237666648926 -0.08274450005601669 0.056711583232244726 -0.11578234837648803 -0.19853810256610871 0.073718160199031907 0.013201103967044145 0.15891128284037115 -0.56055442717236781 0.062096946398810582
leaf_weight=2145 16253 1132 21012 8743 1861 130 37 788 2411 2384 119 27 326 87 69 118 73 27 55 253 356 2434 4506 1630 233 4952 24881 250 96 101
leaf_count=2145 16253 1132 21012 8743 1861 130 37 788 2411 2384 119 27 326 87 69 118 73 27 55 253 356 2434 4506 1630 233 4952 24881 250 96 101
internal_value=1.31124e-11 -0.00629732 0.00472389 -0.0332558 -0.024691 -0.107969 -0.424307 -0.110512 0.0209178 0.0100669 -0.000192739 0.00246308 0.074908 -0.00358107 0.202693 0.29913 0.461129 0.794011 0.192676 -0.0982244 -0.190277 -0.0150656 -0.00416499 -0.0262436 0.0441619 0.00819291 0.0215107 -0.0468583 0.0112017 -0.241327
internal_weight=97489 74931 53187 21744 19574 2028 167 2170 22558 18783 16399 16280 3775 1364 429 342 224 100 124 935 609 17546 15112 10373 4739 51042 30030 1382 25078 197
internal_count=97489 74931 53187 21744 19574 2028 167 2170 22558 18783 16399 16280 3775 1364 429 342 224 100 124 935 609 17546 15112 10373 4739 51042 30030 1382 25078 197
is_linear=0
shrinkage=0.1


Tree=54
num_leaves=31
num_cat=0
split_feature=100 57 38 22 87 22 11 22 22 13 47 11 7 46 3 5 43 88 1 11 81 7 94 38 40 77 71 4 29 23
split_gain=1224.4 1388.69 1105.31 1451.79 1867.48 1134.6 1728.86 1120.17 1639.98 1491.12 1304.56 1369.41 1528.65 1250.67 1201.73 1263.61 1226.31 1127.86 1077.7 1455.94 1558.69 1382.38 1754.99 1917.02 1370.9 1278.2 1275.79 2805.14 1770.82 1668.58
threshold=1.0000000180025095e-35 3.5000000000000004 4.9500000000000011 11.075000000000001 113.50000000000001 10.625000000000002 7.6842285431766291 8.6250000000000018 9.3750000000000018 4.7539340950406048 1.0813765148094723 8.5031727821110934 3.8546434438765464 2.6125000000000003 18.052457511885578 14.723221901357627 1.297417464888168 44.850000000000001 14.49648233090563 5.3791752435509315 801.50000000000011 8.0777466178046566 3.5000000000000004 2.4365079365079372 2.7029411764705888 4.5000000000000009 8.5000000000000018 47.792500000000011 1.3567568826262963 1.8994843864037187
decision_type=2 8 10 10 8 10 10 10 10 10 10 10 10 8 10 10 10 10 10 10 8 10 10 10 10 10 10 10 10 10
left_child=-1 -2 3 7 -5 -4 -7 13 10 -10 11 12 -9 18 15 -15 -17 -16 -3 20 25 22 -21 -24 -25 -20 -23 -28 29 -29
right_child=1 2 5 4 -6 6 -8 8 9 -11 -12 -13 -14 14 17 16 -18 -19 19 21 -22 26 23 24 -26 -27 27 28 -30 -31
leaf_value=-0.011231577658437041 -0.072745756941963002 0.012754685190104243 0.33378686375047978 -0.14765690519529232 -1.2007373298917499 0.56293858069181446 -0.45221496551644569 0.55956800282001495 0.029590310354352646 -0.85243779879063375 0.35165865436834953 0.68534959858017308 -0.43174638961042677 -0.040335458061070591 -1.086430815217041 0.94532898461276837 0.13616853442693513 -0.061863003569570453 -0.10189286065797012 0.12731017582991239 0.40283657690244062 0.030831298655613178 0.9076133065040296 -0.28224971310959923 0.44345474049369704 -0.69656458074226979 1.0772319994474713 -0.62156481549143794 0.77136405607064562 0.47921235958735153
leaf_weight=48637 1895 37295 206 85 21 25 51 20 460 20 350 21 70 4676 21 22 126 22 375 747 56 1930 65 36 94 40 38 40 24 21
leaf_count=48637 1895 37295 206 85 21 25 51 20 460 20 350 21 70 4676 21 22 126 22 375 747 56 1930 65 36 94 40 38 40 24 21
internal_value=5.94664e-11 0.0111821 0.0145691 0.0133766 -0.356286 0.211952 -0.118283 0.014218 0.122215 -0.00716086 0.256924 -0.0417887 -0.211454 0.0119908 -0.0359215 -0.0312301 0.256449 -0.562233 0.0177117 0.0710498 -0.0923855 0.096752 0.197048 0.464198 0.24249 -0.159211 0.050732 0.362995 0.0436895 -0.242609
internal_weight=97489 48852 46957 46675 106 282 76 46569 941 480 461 111 90 45628 4867 4824 148 43 40761 3466 471 2995 942 195 130 415 2053 123 85 61
internal_count=97489 48852 46957 46675 106 282 76 46569 941 480 461 111 90 45628 4867 4824 148 43 40761 3466 471 2995 942 195 130 415 2053 123 85 61
is_linear=0
shrinkage=0.1


Tree=55
num_leaves=31
num_cat=0
split_feature=102 104 107 42 25 110 15 61 19 72 81 11 106 18 0 92 55 15 21 21 32 7 86 79 97 9 24 68 20 86
split_gain=1072.72 1192.11 1644.75 1399.36 1314.2 2158.52 1370.14 1300.5 2133.36 1474.1 1710.18 1593.32 1507.13 1542.15 1388.82 1305.34 1245.83 1829.88 1411.37 1192.26 1190.6 1344.82 1510.86 1178.33 1143.9 1471.23 1431.89 1264.45 1196.64 1145.11
threshold=4.5000000000000009 110.85000000000001 2022.5000000000002 1.9000000000000001 1.1897227048854206 87.000000000000014 5.6984401447801583 9.5000000000000018 3.1463864143340432 1.0000000180025095e-35 1439.5000000000002 8.6601780700373165 80.500000000000014 6.3000000000000016 29.920000000000005 3.5000000000000004 43.500000000000007 3.5472952071484971 2.0193433343653777 3.1278319239754526 1.1833333333333336 5.8580427314104231 51.500000000000007 6.5000000000000009 12.500000000000002 11.161690297554662 2.9000000000000004 2.5000000000000004 8.2250000000000014 36.500000000000007
decision_type=10 2 2 8 10 2 10 10 10 10 10 10 2 10 10 10 10 10 8 10 10 10 10 10 2 10 10 8 10 10
left_child=1 2 24 16 7 6 -6 8 -3 15 12 -12 13 -11 -14 -9 18 19 -4 20 21 22 -18 -10 25 26 28 -26 -1 -27
right_child=-2 4 3 -5 5 -7 -8 9 23 10 11 -13 14 -15 -16 -17 17 -19 -20 -21 -22 -23 -24 -25 27 29 -28 -29 -30 -31
leaf_value=-0.011644218666889559 -0.037441976159870743 0.015352926645926745 -0.020972753625921797 -0.16423657510238582 -0.023553268655309396 0.99339795112609863 0.66482224053349992 0.033935528062030956 -0.35834285285387002 0.13283072920708822 -0.97618265533447257 0.015636155203632689 0.56975047360825293 -0.65743955068810045 0.1693149341258903 0.75788711452484137 0.068441902963738685 -0.35563768598071316 -0.2381376114390914 0.88691832380635405 0.86067448252191159 -0.12696250861632491 0.88905419562314014 -0.031877205262963587 0.016184235517467675 -0.64350678379337001 -0.67344520733211988 0.5199076821152121 -0.22425122673887371 -0.13762668236582118
leaf_weight=21712 7095 31142 1727 1170 9796 21 29 6625 236 58 25 46 93 43 1261 25 57 57 362 28 24 107 37 208 14918 60 33 50 268 176
leaf_count=21712 7095 31142 1727 1170 9796 21 29 6625 236 58 25 46 93 43 1261 25 57 57 362 28 24 107 37 208 14918 60 33 50 268 176
internal_value=8.67682e-12 0.00293881 -0.00972628 -0.0745735 0.0133516 -0.0193568 -0.0215214 0.021451 0.0122498 0.0569975 0.145637 -0.333596 0.169022 -0.203621 0.196819 0.0366572 -0.0308445 0.156225 -0.058605 0.271546 0.194966 0.115479 0.391449 -0.205404 -0.00350762 -0.0178873 -0.0152247 0.0178669 -0.0142365 -0.26624
internal_weight=97489 90394 40786 3569 49608 9846 9825 39762 31586 8176 1526 71 1455 101 1354 6650 2399 310 2089 253 225 201 94 444 37217 22249 22013 14968 21980 236
internal_count=97489 90394 40786 3569 49608 9846 9825 39762 31586 8176 1526 71 1455 101 1354 6650 2399 310 2089 253 225 201 94 444 37217 22249 22013 14968 21980 236
is_linear=0
shrinkage=0.1


Tree=56
num_leaves=31
num_cat=0
split_feature=94 47 108 32 81 97 102 90 39 17 15 106 17 103 13 16 39 16 7 86 90 14 104 40 11 44 89 106 86 11
split_gain=1018.87 1324.13 1285.57 1471.34 1587.68 1355.29 1465.59 1979.68 1532.6 1448.86 1825.24 1442.99 1353.28 1546.89 1317.49 2882.61 1565.53 1585.7 1600.42 1463.78 1496.23 1362.98 1285.75 1232.77 1395.83 1273.94 1215.52 1211.18 1490.51 1787.33
threshold=2.5000000000000004 1.7143537815787637 7.5000000000000009 1.0000000180025095e-35 1190.5000000000002 20.000000000000004 1.5000000000000002 10.500000000000002 2.2620046769720759 4.5112432053461076 4.6001207317284232 420.50000000000006 4.4479444888935715 0.29250000000000004 2.6188183008788219 10.225000000000001 2.1781685937879631 3.552777777777778 3.5858426030704846 56.500000000000007 5.5000000000000009 4.2111111111111121 107.85000000000001 4.1250000000000009 7.1254731918611602 2.9500000000000006 42.500000000000007 190.50000000000003 173.50000000000003 7.9371710453823505
decision_type=10 10 2 10 10 2 10 10 10 8 10 2 10 2 10 10 10 10 10 10 10 10 2 10 10 10 10 2 10 10
left_child=1 27 5 4 -4 6 7 8 14 10 -8 22 26 -14 15 16 17 -2 19 -19 -21 -20 -12 24 -10 -26 -5 -1 -29 -30
right_child=2 -3 3 12 -6 -7 9 -9 23 -11 11 -13 13 -15 -16 -17 -18 18 21 20 -22 -23 -24 -25 25 -27 -28 28 29 -31
leaf_value=-0.014381510039192464 0.092410491632584191 -0.043580659457920841 0.30526500280585983 -0.023406760464575585 -0.62586728379130374 0.22702388142723923 0.041340835373400935 -0.24531459553277354 -0.030629888027906418 0.24609613217931439 -0.76558959211380984 0.33671443559028008 0.45382109796007475 -0.30110017711803189 0.12695818829851066 -1.1968659694705692 0.81992751441218636 0.55443848908850646 -0.32166044886163886 0.31656576826217331 -0.5100413502080412 -0.067886156690442401 -0.19210354837295196 0.26433187392022878 -1.0844575903632425 -0.12190886467695237 0.27236619425911301 0.016321920713074919 -0.23556681097163118 0.13287940009636032
leaf_weight=33290 676 8297 217 6460 20 349 13697 389 40 338 53 37 30 285 727 21 22 66 310 47 41 667 149 27 44 20 142 30364 483 181
leaf_count=33290 676 8297 217 6460 20 349 13697 389 40 338 53 37 30 285 727 21 22 66 310 47 41 667 149 27 44 20 142 30364 483 181
internal_value=-9.8583e-12 -0.00598331 0.0174672 -0.0183122 0.226688 0.0319122 0.0279922 -0.0343663 -0.00406396 0.041522 0.0365603 -0.237411 -0.0267068 -0.229203 0.0128977 -0.031925 -0.0185495 -0.0287579 -0.10118 0.19844 -0.068558 -0.148408 -0.342573 -0.337729 -0.494034 -0.783661 -0.0170451 -0.00113326 0.0130808 -0.135132
internal_weight=97489 72615 24874 7154 237 17720 17371 3097 2708 14274 13936 239 6917 315 2577 1850 1829 1807 1131 154 88 977 202 131 104 64 6602 64318 31028 664
internal_count=97489 72615 24874 7154 237 17720 17371 3097 2708 14274 13936 239 6917 315 2577 1850 1829 1807 1131 154 88 977 202 131 104 64 6602 64318 31028 664
is_linear=0
shrinkage=0.1


Tree=57
num_leaves=31
num_cat=0
split_feature=100 53 22 72 3 13 50 57 85 31 4 102 13 11 26 111 104 28 83 33 8 57 109 85 104 83 5 39 51 97
split_gain=985.422 1167.59 1601.95 1299.79 1557.05 1695.21 1615.59 1413.08 1193.8 1262.28 1674.16 1179.31 1164.36 1147.14 1100.71 2203.14 1530.4 1233.69 1195.01 1773.87 1544.53 1507.15 1327.2 1670.16 1423.97 1788.92 1883.68 1820.45 1704.78 1593.74
threshold=1.0000000180025095e-35 16.500000000000004 0.45227272727272733 4.5000000000000009 10.936617900576421 4.8373436059376003 1.0000000180025095e-35 17.500000000000004 56.500000000000007 1.0000000180025095e-35 25.110555555555564 222.50000000000003 3.840567357435217 6.6261046745350152 0.31666666666666671 1.5000000000000002 100.25000000000001 1.2565789473684212 96.500000000000014 2.1029014015596119 21.050000000000004 7.5000000000000009 25.457905544147845 16.500000000000004 105.05000000000001 173.50000000000003 12.774518221273725 2.0193433343653777 89.800000000000026 20.000000000000004
decision_type=2 8 8 10 10 10 10 10 10 8 10 10 10 10 10 2 2 10 8 10 10 8 2 10 2 10 10 10 10 2
left_child=14 3 12 4 7 -6 -7 8 9 10 -2 -4 13 -3 15 -1 17 -16 -18 21 -21 -20 24 -24 25 27 -27 -23 29 -26
right_child=1 2 11 -5 5 6 -8 -9 -10 -11 -12 -13 -14 -15 16 -17 18 -19 19 20 -22 22 23 -25 28 26 -28 -29 -30 -31
leaf_value=0.82072383680513927 -0.058880108829003179 0.21768150152204258 0.015711655426682122 0.76210093554996305 -0.17664831726895158 0.020771380186080934 1.0659719858850751 0.77287063961443703 -0.46805301758280971 0.018610776276050157 -0.66847526871639751 -0.35937569174205974 -0.16814915856245805 0.88056348083274705 -0.075348618402620041 0.025051650178817875 -0.027865538665788354 -0.50643657669425013 -0.072726951443318796 0.11239249977198514 -0.7445414020840464 0.021318838991934347 0.049564559141840991 -0.046671579455914436 0.052306446954600863 -0.11987043855324962 -0.67585265219211577 0.95449672070416536 0.29861692845404736 0.82235388739241488
leaf_weight=35 2186 386 39783 21 950 50 21 23 57 5143 46 84 74 28 163 6076 25520 112 1990 33 58 420 2960 4615 5902 325 75 22 304 27
leaf_count=35 2186 386 39783 21 950 50 21 23 57 5143 46 84 74 28 163 6076 25520 112 1990 33 58 420 2960 4615 5902 325 75 22 304 27
internal_value=-1.12134e-10 0.0100317 0.0171257 -0.0236598 -0.0256066 -0.141422 0.329915 -0.00974508 -0.0121671 -0.0086436 -0.0714434 0.0149213 0.197209 0.262514 -0.0100761 0.0296088 -0.0157788 -0.250919 -0.0142483 0.00652217 -0.433785 0.0089301 0.0200221 -0.00906643 0.0511663 -0.0708955 -0.224117 0.0677666 0.0676553 0.0558132
internal_weight=97489 48852 40355 8497 8476 1021 71 7455 7432 7375 2232 39867 488 414 48637 6111 42526 275 42251 16731 91 16640 14650 7575 7075 842 400 442 6233 5929
internal_count=97489 48852 40355 8497 8476 1021 71 7455 7432 7375 2232 39867 488 414 48637 6111 42526 275 42251 16731 91 16640 14650 7575 7075 842 400 442 6233 5929
is_linear=0
shrinkage=0.1


Tree=58
num_leaves=31
num_cat=0
split_feature=104 107 17 42 17 46 8 52 21 82 106 94 41 11 53 43 91 106 104 89 11 4 49 36 103 83 35 111 103 21
split_gain=965.212 1696.06 1178.57 1735.65 1869.18 2036.37 1440.48 1503.29 1607.61 1305.04 1300.63 1293.06 1442.69 1492.09 1392.88 1619.67 1200.12 1196.81 1125.02 1099.71 1199.21 1419.22 1095.05 1089.1 1508.55 1605.96 1465.62 1453.57 1335.79 1342.21
threshold=114.25000000000001 2021.5000000000002 3.4989346474555778 2.4500000000000006 3.162858854391311 3.0750000000000006 31.550000000000004 15.500000000000002 3.777859404687812 100.50000000000001 369.50000000000006 5.5000000000000009 1.5661344103611374 7.1021679122097616 41.500000000000007 1.0477225575051665 5.5000000000000009 273.50000000000006 112.75000000000001 1.0000000180025095e-35 8.0376580269230384 26.030000000000008 67.450000000000017 3.2250000000000005 0.23150000000000004 290.50000000000006 0.88314752592331247 9.5000000000000018 0.31150000000000005 3.5870122764735837
decision_type=2 2 10 8 10 10 10 10 10 10 2 10 10 10 8 8 10 2 2 8 10 10 8 10 2 10 10 2 2 8
left_child=1 19 3 -3 11 17 7 8 -4 -9 -7 14 -13 -14 16 22 -5 -6 -8 20 21 -1 -16 -2 26 27 -25 28 29 -26
right_child=23 2 6 4 5 10 18 9 -10 -11 -12 12 13 -15 15 -17 -18 -19 -20 -21 -22 -23 -24 24 25 -27 -28 -29 -30 -31
leaf_value=-0.069374062548812038 0.012162329432654455 -0.0061132662765888968 -0.10847715395093832 -0.11093309396058132 -0.5014561048812336 1.2626050052543483 -1.2199183298647405 0.088508026149808142 0.68241657889806318 1.0307303383236839 0.34369225820829707 0.87307688719951193 0.69854527954702028 -0.15126730192622001 -1.3230776137113571 -0.18317836927321865 0.047507492399855349 0.23018400943127731 -0.1719523929414295 0.0071078270017733355 -0.58875923212184467 0.42406907147417466 -0.4274274459411932 0.22749558399736355 0.33143047592311636 -0.13395250155650559 0.96806888222694409 0.28031767140832042 -0.05099578561456574 -0.51062435025260566
leaf_weight=2042 21006 15595 2232 2066 36 24 20 49 26 21 43 26 27 88 20 726 622 59 21 51042 43 60 43 113 192 310 35 385 496 21
leaf_count=2042 21006 15595 2232 2066 36 24 20 49 26 21 43 26 27 88 20 726 622 59 21 51042 43 60 43 113 192 310 35 385 496 21
internal_value=1.20585e-10 -0.0054595 -0.0289896 -0.0208487 -0.0816422 0.250677 -0.09557 -0.0852216 -0.0993703 0.371175 0.672855 -0.0965222 0.200349 0.0482539 -0.108561 -0.225385 -0.0742701 -0.0470691 -0.683155 0.0041601 -0.0659834 -0.0552891 -0.711761 0.0181349 0.0989717 0.066962 0.402631 0.123894 0.0389529 0.248411
internal_weight=97489 74931 21744 19375 3780 162 2369 2328 2258 70 67 3618 141 115 3477 789 2688 95 41 53187 2145 2102 63 22558 1552 1404 148 1094 709 213
internal_count=97489 74931 21744 19375 3780 162 2369 2328 2258 70 67 3618 141 115 3477 789 2688 95 41 53187 2145 2102 63 22558 1552 1404 148 1094 709 213
is_linear=0
shrinkage=0.1


Tree=59
num_leaves=31
num_cat=0
split_feature=26 111 71 16 41 43 109 35 1 8 71 14 29 63 4 48 49 17 104 53 5 17 68 32 80 11 83 67 2 104
split_gain=955.169 1770.09 2547.6 2547.99 1507.36 1535.01 1854.54 1518.48 1413.87 1379.52 1371.89 1937.22 1442.88 1317.49 1811.73 2175.52 1686.66 1654.28 1691.66 1607.56 1414.5 1301.57 1227.14 1223.64 1465.42 1485.18 1310.49 1135.25 1621 1374.69
threshold=0.95000000000000007 4.5000000000000009 8.5000000000000018 9.8535714285714295 1.5768989119312986 2.0615171442623468 27.456536618754281 0.5524099002227052 12.298475514862385 33.45000000000001 3.5000000000000004 9.8500000000000032 0.71849006744393462 10.500000000000002 42.052500000000016 35.350000000000001 38.350000000000001 3.1501879643167841 114.95000000000002 45.500000000000007 11.05879264372185 2.6214289856196413 2.5000000000000004 0.88194444444444453 881.95000000000016 6.9923830733004877 197.50000000000003 3.5000000000000004 33.105000000000011 110.85000000000001
decision_type=10 2 8 8 10 8 2 10 8 10 10 10 10 10 10 10 8 10 2 10 10 10 10 10 10 10 8 10 10 2
left_child=1 2 23 -4 5 6 10 -8 -5 27 11 12 21 19 16 17 -15 18 -16 -7 -19 -2 -12 24 25 -1 -25 28 -3 -29
right_child=4 9 3 8 -6 13 7 -9 -10 -11 22 -13 -14 14 15 -17 -18 20 -20 -21 -22 -23 -24 26 -26 -27 -28 29 -30 -31
leaf_value=0.077295287515490918 0.30487341937722173 -0.0093928460658810279 1.3800788249969482 -0.24512553859401393 0.017031415065267713 -0.14612020254893351 0.017053785374066877 -0.093188132096828191 0.48573311737973884 -0.57132001803034826 0.030065982556702904 -0.65141789149873119 -0.026826484577867661 -0.60201993770897388 -0.55560132803132189 0.58269886732101439 0.099577165955648819 -0.43146375187096142 0.20286289334297181 -0.73540423053006343 0.63861819346745818 -0.40901535158527313 0.77806343598799277 0.020516301845272263 0.13699566586350748 -0.09403229351136709 -0.18035058741973534 -0.013097781307951415 -0.14588393733468083 0.031863179390227273
leaf_weight=1577 214 21394 25 37 12165 1302 1699 4722 93 42 7185 49 10411 36 184 30 711 21 35 48 30 29 22 2202 2143 745 381 10861 907 18189
leaf_count=1577 214 21394 25 37 12165 1302 1699 4722 93 42 7185 49 10411 36 184 30 711 21 35 48 30 29 22 2202 2143 745 381 10861 907 18189
internal_value=-8.10917e-11 0.00806425 0.05449 0.455519 -0.0121496 -0.025431 -0.0179091 -0.0640181 0.277719 0.00155744 -0.0013784 -0.0240894 -0.0212042 -0.101783 -0.0175979 -0.225172 0.0657653 -0.314936 -0.434386 -0.167073 0.197996 0.219677 0.0323493 0.0456705 0.0773622 0.0223258 -0.00911215 0.002026 -0.0149441 0.0150535
internal_weight=97489 58596 7203 155 38893 26728 24331 6421 130 51393 17910 10703 10654 2397 1047 300 747 270 219 1350 51 243 7207 7048 4465 2322 2583 51351 22301 29050
internal_count=97489 58596 7203 155 38893 26728 24331 6421 130 51393 17910 10703 10654 2397 1047 300 747 270 219 1350 51 243 7207 7048 4465 2322 2583 51351 22301 29050
is_linear=0
shrinkage=0.1


Tree=60
num_leaves=31
num_cat=0
split_feature=107 104 88 104 103 10 56 26 103 96 83 47 5 94 32 8 15 39 23 48 59 88 84 29 82 90 48 83 1 35
split_gain=866.293 1592.53 1441.17 1388.65 1316.69 1250.13 1237.45 1812.7 1631.37 1478.61 1329.86 1452.66 2315.93 1226.25 1896.58 1550.62 2095.99 1658.27 1485.08 1547.36 1443.25 1337.32 1264.05 1248.12 1223.99 1277.39 1196.45 1476.86 1170.74 1531.62
threshold=2021.5000000000002 112.45000000000002 71.850000000000009 110.75000000000001 0.62150000000000005 22.475000000000005 1.0000000180025095e-35 1.267857142857143 0.57100000000000006 243.50000000000003 233.50000000000003 1.8205695684658778 12.302155887035616 1.5000000000000002 0.68333333333333346 7.4142857142857155 3.1573477436786939 2.5440541449801546 2.7422137633813093 36.650000000000013 15.500000000000002 61.150000000000013 114.50000000000001 1.8844895972743199 260.50000000000006 14.500000000000002 25.850000000000005 13.500000000000002 8.5509356208725524 0.40931981564896242
decision_type=2 2 10 2 2 8 10 10 2 2 10 10 10 8 10 10 8 10 8 10 10 10 10 10 10 10 10 10 10 10
left_child=3 2 -2 -1 6 -6 7 10 -8 -10 -3 12 -12 23 20 16 -16 18 26 -20 21 22 -15 -5 25 -11 -17 -28 29 -22
right_child=1 4 -4 13 5 -7 8 -9 9 24 11 -13 -14 14 15 17 -18 -19 19 -21 28 -23 -24 -25 -26 -27 27 -29 -30 -31
leaf_value=-0.003198375467976123 -0.041181792018042396 -0.0097409089447407157 -0.65806770385488089 0.0080578192063011662 -0.048597427141017141 -0.2913692176357216 0.0097023929092223023 -0.11030173065601107 0.13232090418022779 0.028711980919336907 0.098138389006513713 -0.15463095967156382 0.58043286729881094 0.065305593297688272 0.49980595929214994 -0.03326565768276158 -0.32579780453588908 0.64272614443624354 -0.15877105274509884 -0.93140674232106135 0.9276408749818803 -0.43622121653466855 0.82523106824268 -0.7294184503347978 -0.20202684126122508 0.78043257569273317 0.53935364423319698 0.059277640803722866 0.25665998411549523 0.036327832999560876
leaf_weight=37729 11150 11433 38 10327 1580 245 10551 1725 2280 389 562 156 121 4329 123 2132 41 37 349 28 20 53 22 23 268 24 80 322 817 535
leaf_count=37729 11150 11433 38 10327 1580 245 10551 1725 2280 389 562 156 121 4329 123 2132 41 37 349 28 20 53 22 23 268 24 80 322 817 535
internal_value=3.70113e-11 -0.0111769 -0.043277 0.00795039 0.00106613 -0.0811887 0.00652307 -0.0143155 0.0281097 0.0937007 -0.000823345 0.120696 0.183581 0.029815 0.0570595 -0.00587336 0.293405 -0.0225225 -0.0309781 -0.216155 0.0909665 0.0630661 0.069148 0.00641898 -0.0356004 0.0723955 -0.00342805 0.154815 0.180524 0.0684472
internal_weight=97489 40522 11188 56967 29334 1825 27509 13997 13512 2961 12272 839 683 19238 8888 3112 164 2948 2911 377 5776 4404 4351 10350 681 413 2534 402 1372 555
internal_count=97489 40522 11188 56967 29334 1825 27509 13997 13512 2961 12272 839 683 19238 8888 3112 164 2948 2911 377 5776 4404 4351 10350 681 413 2534 402 1372 555
is_linear=0
shrinkage=0.1


Tree=61
num_leaves=31
num_cat=0
split_feature=44 34 55 91 23 10 72 50 22 109 44 25 44 8 38 19 88 91 36 23 33 43 11 19 29 14 25 3 10 102
split_gain=892.579 1908.28 1444.47 1468.63 2715.11 1645.97 1282.08 1284.58 1272.55 1270.54 1256.64 1474.62 1755.92 1396.83 1251.23 1275.55 1479.29 1631.2 1279.26 1272.96 1279.53 1244.99 1602.55 1234.59 1716.38 1330.55 1243.07 1191.48 1225.61 1177.82
threshold=1.7321428571428574 1.2111111111111115 39.500000000000007 3.5000000000000004 2.0546623583082053 16.522727272727277 3.5000000000000004 -2.2499999999999996 6.7750000000000012 29.504449007529093 0.35416666666666669 0.86554360876699588 0.18333333333333338 22.050000000000004 2.7250000000000005 2.7202320023735456 48.95000000000001 8.5000000000000018 3.9000000000000004 2.5614378137121334 0.85793099469161815 2.0246950765959606 5.5561856367688334 1.6070659959698212 0.75935458991449933 13.450000000000001 2.4289043292708192 12.010525476336321 19.605555555555558 222.50000000000003
decision_type=8 10 10 10 10 10 10 10 10 2 10 10 10 10 8 10 10 10 10 10 10 8 10 10 10 10 10 10 10 10
left_child=2 29 3 4 5 6 7 -1 21 -7 11 12 -10 14 19 16 -16 -18 -17 -12 -21 -5 -23 -4 25 -25 -26 -6 -29 -2
right_child=1 -3 23 8 27 9 -8 -9 10 -11 13 -13 -14 -15 15 18 17 -19 -20 20 -22 22 -24 24 26 -27 -28 28 -30 -31
leaf_value=0.11562566417568797 -0.0077646732561124608 -0.12964989909665101 0.085548227475836125 0.047694164701364408 -0.058598760653866724 -0.06061068139468706 0.61003858992031645 0.0012774207964222793 -0.96768356143009093 -0.37341526586861506 0.16296334408321664 0.36888938161234064 0.31071344153447589 -0.77149393926224397 0.26152173500918485 -0.017954567065121742 -0.98083267157728027 0.19981782275438309 -0.56436584920076471 -0.17320537107595563 -0.58810503411417203 -0.54450766197693201 0.00025722056995203469 0.18866598369132404 -0.002999655587715712 -0.50251855698638959 0.57054071771471127 -0.22544880156716501 0.23634426208032716 -0.49843397067517653
leaf_weight=1011 30563 1359 3804 10218 3230 2488 35 34770 21 137 76 120 22 31 236 164 22 25 58 274 102 81 162 703 6812 29 38 787 62 49
leaf_count=1011 30563 1359 3804 10218 3230 2488 35 34770 21 137 76 120 22 31 236 164 22 25 58 274 102 81 162 703 6812 29 38 787 62 49
internal_value=5.83545e-12 -0.0136977 0.0066841 -0.000125662 -0.00873333 -0.000501872 0.00510009 0.00450836 0.0313933 -0.0769361 -0.0684071 0.188841 -0.31362 -0.110848 -0.0894475 0.0187297 0.159492 -0.352827 -0.160711 -0.210309 -0.285758 0.0423741 -0.181331 0.0390595 0.0157354 0.161283 0.000182028 -0.0863076 -0.191725 -0.00855008
internal_weight=97489 31971 65518 54132 42520 38441 35816 35781 11612 2625 1151 163 43 988 957 505 283 47 222 452 376 10461 243 11386 7582 732 6850 4079 849 30612
internal_count=97489 31971 65518 54132 42520 38441 35816 35781 11612 2625 1151 163 43 988 957 505 283 47 222 452 376 10461 243 11386 7582 732 6850 4079 849 30612
is_linear=0
shrinkage=0.1


Tree=62
num_leaves=31
num_cat=0
split_feature=106 23 47 11 2 103 51 36 22 37 7 102 109 26 106 97 104 25 45 104 96 44 82 25 27 39 76 28 109 42
split_gain=831.771 1437.97 1100.61 1535.31 1586.72 1115.43 1080.25 1076.95 1241.56 1074.26 1059.98 968.635 1048.31 950.495 1292.34 2131.05 1780.47 1642.78 1660.02 1448.58 1511.81 1824.57 1364.66 1355.26 1296.86 1884.99 1427.77 2134.38 1273.58 1465.96
threshold=36.500000000000007 3.017274816929747 1.432241452575197 6.3036121632677284 36.255000000000017 0.76250000000000007 35.050000000000004 3.9000000000000004 0.97500000000000009 0.86554360876699599 6.7638736193688418 222.50000000000003 22.747433264887068 0.95000000000000007 791.50000000000011 13.500000000000002 113.65000000000002 0.97871355387816916 2.8708299427449977 111.25000000000001 219.50000000000003 3.0500000000000003 473.50000000000006 2.8982240028001187 1.7013059038951182 0.85793099469161826 1.0000000180025095e-35 1.9750000000000003 27.152635181382617 4.1000000000000005
decision_type=2 10 10 10 10 2 10 10 10 10 10 10 2 10 2 2 2 10 10 2 2 10 10 10 10 10 10 8 2 10
left_child=1 2 3 4 5 -1 -3 8 9 -4 -11 13 -13 -2 15 23 17 19 24 22 -21 -22 -17 28 -19 -26 -27 -28 -15 -30
right_child=11 6 7 -5 -6 -7 -8 -9 -10 10 -12 12 -14 14 -16 16 -18 18 -20 20 21 -23 -24 -25 25 26 27 -29 29 -31
leaf_value=-0.025112801794119777 0.012614491110740889 0.18293382940547809 -0.095868268734901341 0.11999901771648891 -0.48382705355415478 0.19371365588080758 -0.37856570453813643 0.43743608015425067 -0.19287230673850186 0.73415980522449198 0.032292829019327958 0.19799069548264528 -0.40331540764433094 -0.004956469978150582 -0.075694629568885063 -0.03151157070240914 0.2645971022134202 0.090017790882775478 -0.47257925835356379 0.68191574203836569 0.19490733920412268 -0.63343017091674192 -0.3056880587217759 -0.65809468681162064 0.69546199571341283 -0.048420860455004204 -0.00033588239124843054 -1.2854845874011518 -0.050391887571350186 -0.37576435301305305
leaf_weight=7917 50011 42 148 828 74 240 186 34 814 39 48 39 113 20028 2659 2460 339 4482 57 51 187 31 196 33 32 634 28 24 5573 142
leaf_count=7917 50011 42 148 828 74 240 186 34 814 39 48 39 113 20028 2659 2460 339 4482 57 51 187 31 196 33 32 634 28 24 5573 142
internal_value=3.32217e-12 -0.0267726 -0.0211893 -0.00979918 -0.0228563 -0.0186744 -0.275132 -0.116465 -0.134418 0.0680587 0.346923 0.00318682 -0.249033 0.00362764 -0.00853388 -0.003327 0.0400272 0.0307227 0.0641464 -0.0293485 0.191781 0.0771162 -0.0517445 -0.017659 0.0700297 -0.0547424 -0.0897374 -0.593481 -0.016838 -0.0584764
internal_weight=97489 10370 10142 9059 8231 8157 228 1083 1049 235 87 87119 152 86967 36956 34297 8521 8182 5257 2925 269 218 2656 25776 5200 718 686 52 25743 5715
internal_count=97489 10370 10142 9059 8231 8157 228 1083 1049 235 87 87119 152 86967 36956 34297 8521 8182 5257 2925 269 218 2656 25776 5200 718 686 52 25743 5715
is_linear=0
shrinkage=0.1


Tree=63
num_leaves=31
num_cat=0
split_feature=67 10 4 61 38 111 6 28 86 51 13 41 3 89 55 40 4 10 23 21 87 105 0 91 42 46 43 37 53 13
split_gain=821.221 1623.25 1303.79 1798.58 1648.74 1636.74 1469.91 1496.85 1454.62 1351.23 1327.02 1319.18 1247.71 1754.45 1415.01 1386.41 1670.07 1314.59 1264.56 2115.24 1505.09 1424.28 1215.98 1313.14 1267.29 1204.5 1352.18 1459.51 1565.28 1249.15
threshold=4.5000000000000009 30.075000000000006 37.007500000000014 11.500000000000002 4.4500000000000011 1.5000000000000002 24.500000000000004 0.64852941176470602 120.50000000000001 51.650000000000013 2.8838617020628585 1.8679818286117473 11.436241126776915 23.500000000000004 46.500000000000007 2.3535714285714291 41.777500000000011 25.925000000000001 1.3878497917710197 1.5855187495562164 44.500000000000007 0.55000000000000016 42.610000000000014 9.5000000000000018 1.3666666666666669 1.948684210526316 2.0615171442623468 1.4487266298961141 38.500000000000007 1.9746794344808967
decision_type=10 10 10 10 10 2 10 10 10 10 10 10 8 10 10 10 10 10 8 8 8 10 10 10 10 10 10 10 10 10
left_child=1 2 5 10 6 9 -5 -8 11 -1 12 -7 13 17 18 16 -16 -4 21 -20 -21 -14 -9 24 -24 29 27 28 -27 -10
right_child=-2 -3 3 4 -6 8 7 22 25 -11 -12 -13 14 -15 15 -17 -18 -19 19 20 -22 -23 23 -25 -26 26 -28 -29 -30 -31
leaf_value=0.41917135504739628 0.009865103139878699 -0.90926836758852014 -0.029154386780425614 0.1510125633048531 0.61938901405643543 -0.007006361747902437 0.50088709913767304 -0.90252317519023506 0.33069149977497903 0.078015468229731433 -0.031294144935837077 -0.134373446493882 -0.54211850631982095 -0.25349468461098584 0.81716176768143978 -0.26672104254248552 -0.16985641267150642 0.5508711830491112 -1.1409629964945365 -0.11737022714507653 -0.80511178775475578 0.40894935630982926 -0.68123322486877447 -0.72954199090600014 0.22431133558206701 0.29794461203982003 0.24072265913840152 -0.26757795528974387 -0.23456431801390387 0.07341561941956673
leaf_weight=140 45232 20 561 380 54 45452 26 29 314 680 1569 828 32 428 30 192 40 42 51 82 52 31 20 32 68 138 161 240 92 473
leaf_count=140 45232 20 561 380 54 45452 26 29 314 680 1569 828 32 428 30 192 40 42 51 82 52 31 20 32 68 138 161 240 92 473
internal_value=1.11013e-11 -0.00853892 -0.00819406 -0.0652568 0.0918963 -0.00382009 0.0405727 -0.19924 -0.0062283 0.136262 -0.0960305 -0.0092851 -0.161943 -0.0986564 -0.289881 -0.127824 0.253151 0.0112454 -0.461087 -0.592861 -0.384255 -0.0741327 -0.321409 -0.180974 0.0185058 0.0935379 -0.00939132 -0.0950687 0.084941 0.176064
internal_weight=97489 52257 52237 3719 609 48518 555 175 47698 820 3110 46280 1541 1031 510 262 70 603 248 185 134 63 149 120 88 1418 631 470 230 787
internal_count=97489 52257 52237 3719 609 48518 555 175 47698 820 3110 46280 1541 1031 510 262 70 603 248 185 134 63 149 120 88 1418 631 470 230 787
is_linear=0
shrinkage=0.1


Tree=64
num_leaves=31
num_cat=0
split_feature=103 47 19 96 109 7 65 86 48 100 48 95 21 12 10 29 39 3 33 69 103 81 12 72 83 54 79 3 37 18
split_gain=810.815 1180.89 2220.56 1621.94 1196.5 1201.64 1088.25 1348.89 1278.64 918.203 1097.59 1659.13 1568.76 1478.55 1191.95 1474.39 1104.35 1713.69 2193.32 1133.15 1131.08 1118 1073.04 1069.36 1402.5 1165.79 1040.56 1035.01 1525.95 1695.18
threshold=0.25000000000000006 1.424462552901272 2.2912618684212727 220.50000000000003 25.060917180013693 7.5232942139965688 2.5000000000000004 192.50000000000003 11.450000000000001 1.0000000180025095e-35 7.9500000000000011 2.5000000000000004 3.5629256200463373 15.100000000000001 8.8090909090909104 0.97414489135340243 1.5855187495562166 14.406460740720938 1.106601107571493 7.5000000000000009 0.75700000000000012 1112.5000000000002 18.100000000000005 3.5000000000000004 10.500000000000002 7.5000000000000009 5.5000000000000009 13.750072727080246 2.5980583915950088 8.7000000000000011
decision_type=2 10 10 2 2 10 8 10 10 2 8 8 10 10 8 10 8 8 10 10 2 10 10 10 10 10 10 10 10 10
left_child=1 -1 -3 6 -5 -6 8 -8 -4 23 12 22 13 16 15 26 19 20 21 -11 -18 -19 -12 25 -25 27 -13 -2 -29 -30
right_child=9 2 3 4 5 -7 7 -9 -10 10 11 14 -14 -15 -16 -17 17 18 -20 -21 -22 -23 -24 24 -26 -27 -28 28 29 -31
leaf_value=0.067838952377277661 -0.0075900522920578769 -0.11300262168176695 1.278209704444522 0.30591906182693718 -0.070859713554382323 -0.91630059388177154 0.10852688288593547 0.94502542898768471 0.32253553528626938 -0.010936426590209825 0.039172110383197171 0.080088902908998227 -0.25123789001768099 0.76349691390991214 -0.028194629786098546 -0.25887963422734678 0.016046538181901319 0.31639964488144456 1.1666620801996304 -0.35530583650270275 0.524812503606081 -0.28170967589279544 -0.69371862530708317 0.4022527918775472 -0.25155935483899983 -0.2516462473148553 0.91297839611768739 -0.048576696422719431 -0.18112337591504693 -0.92358643412590036
leaf_weight=3786 41920 1079 21 33 40 29 235 21 42 20452 17577 24 262 25 5897 29 1510 176 27 96 45 38 20 129 44 204 40 3515 133 40
leaf_count=3786 41920 1079 21 33 40 29 235 21 42 20452 17577 24 262 25 5897 29 1510 176 27 96 45 38 20 129 44 204 40 3515 133 40
internal_value=-6.49711e-11 0.0380883 -0.0370022 0.157783 -0.189331 -0.42619 0.268772 0.177146 0.641094 -0.0021836 0.00777043 0.0228653 -0.00796209 -0.00511269 -0.0225926 0.332621 -0.00597266 0.069225 0.31735 -0.0125453 0.0307697 0.210193 0.0383391 -0.0121881 0.235965 -0.0131252 0.600645 -0.0120583 -0.0628471 -0.352791
internal_weight=97489 5286 1500 421 102 69 319 256 63 92203 46218 23587 22631 22369 5990 93 22344 1796 241 20548 1555 214 17597 45985 173 45812 64 45608 3688 173
internal_count=97489 5286 1500 421 102 69 319 256 63 92203 46218 23587 22631 22369 5990 93 22344 1796 241 20548 1555 214 17597 45985 173 45812 64 45608 3688 173
is_linear=0
shrinkage=0.1


Tree=65
num_leaves=31
num_cat=0
split_feature=102 47 97 11 55 48 107 7 37 46 3 95 10 106 111 105 88 49 18 103 80 43 4 3 27 20 18 39 3 9
split_gain=778.99 1054.92 1477.91 1309.04 1110 1311.47 1142.04 1432.53 1157 1277.89 1321.77 1308.82 1252.1 1264.58 1136.13 1056.99 1148.96 1057.03 1027.75 1657.58 1300.08 1320.27 1278.19 1071.88 1032.73 1023.94 1020.16 1249.85 1015.25 1003.05
threshold=4.5000000000000009 0.98925866802005491 12.500000000000002 8.6601780700373165 31.500000000000004 15.950000000000001 2023.5000000000002 10.523782321801365 1.1178102700547354 1.6754385964912284 10.178790584933902 5.5000000000000009 28.075000000000006 312.50000000000006 3.5000000000000004 inf 55.95000000000001 40.45000000000001 3.7750000000000004 0.57950000000000002 2539.5999999999995 1.8027222972291639 47.332500000000003 11.394969650324308 0.94993651463092799 1.0500000000000003 6.6333333333333337 1.4925730515485935 10.239436290864116 5.1833060947140686
decision_type=10 10 2 10 10 10 2 10 10 10 10 10 10 2 2 8 10 8 10 2 10 10 10 10 8 10 10 10 10 10
left_child=-1 2 -2 -4 14 6 8 -8 9 10 -6 29 15 -14 -3 16 17 -10 19 -7 21 26 -23 -22 -21 -16 -20 -28 -27 -11
right_child=1 4 3 -5 5 18 7 -9 12 11 -12 -13 13 -15 25 -17 -18 -19 20 24 23 22 -24 -25 -26 28 27 -29 -30 -31
leaf_value=0.0025043472291108758 -0.01809854614071503 0.37428706251993415 0.12272366643055917 0.72726530891198382 0.16971015055861438 0.34372849654106574 -0.088647478946509067 -0.82059090404674928 -0.44627801451087001 -0.042475258611457456 -0.31506643295288089 -0.5316831299662591 -0.20845437319505786 0.75405789239284315 -0.0019936947533982547 -0.49235820562507099 -0.62332972384268237 0.029648184249709761 -0.32693798989988865 0.032827152063449223 0.6458570285090085 -0.37556313265492952 -1.1667649978193744 -0.1935327408835292 -0.94014111855067317 -0.13785648710191153 0.52541165785813659 -0.17745970887830481 -0.35787287686699593 0.37288241709663744
leaf_weight=90394 2822 41 439 39 132 87 343 29 50 71 98 20 21 39 306 52 31 700 200 24 29 69 29 32 20 616 37 80 318 321
leaf_count=90394 2822 41 439 39 132 87 343 29 50 71 98 20 21 39 306 52 31 700 200 24 29 69 29 32 20 616 37 80 318 321
internal_value=1.54029e-10 -0.0319067 0.00944392 0.172048 -0.0678637 -0.0292583 0.0114906 -0.145708 0.0495868 0.15198 -0.0368468 0.257393 -0.0240261 0.417179 -0.143628 -0.0558055 -0.0267393 -0.00208023 -0.157278 0.0907588 -0.225541 -0.288902 -0.609694 0.205521 -0.409431 -0.160753 -0.189729 0.0448159 -0.212766 0.297652
internal_weight=97489 7095 3300 478 3795 2514 1907 372 1535 642 230 412 893 60 1281 833 781 750 607 131 476 415 98 61 44 1240 317 117 934 392
internal_count=97489 7095 3300 478 3795 2514 1907 372 1535 642 230 412 893 60 1281 833 781 750 607 131 476 415 98 61 44 1240 317 117 934 392
is_linear=0
shrinkage=0.1


Tree=66
num_leaves=31
num_cat=0
split_feature=24 71 105 7 94 14 68 18 10 20 48 3 29 9 2 89 19 20 94 14 16 0 41 12 22 48 38 7 37 8
split_gain=774.485 1219.49 1324.68 1345.37 1443.05 1288.41 1279.97 1197.59 1683.08 2192.98 1841.02 1482.38 1478.28 1749.13 1452.18 1210.91 1337.2 1228.79 1677.45 1714.24 1322.26 1501.54 1600.28 2104.71 1399.88 1749.49 1651.58 1396.14 1470.27 1291.11
threshold=0.63333333333333341 3.5000000000000004 0.55000000000000016 3.0413701570080018 5.5000000000000009 16.850000000000005 2.5000000000000004 4.6333333333333337 29.875000000000004 7.9500000000000011 22.250000000000004 10.030065912273502 0.92346433102971892 5.8333331584062078 43.275000000000013 3.5000000000000004 1.8437094529227334 4.1125000000000007 3.5000000000000004 3.7071428571428577 3.2052631578947373 32.770000000000017 1.4840054383032519 10.100000000000001 6.6583333333333341 8.7500000000000018 1.6833333333333336 4.1533075696413162 1.9039118320563839 16.211111111111112
decision_type=8 8 8 8 10 10 10 10 10 10 10 8 8 8 10 10 10 10 10 10 10 10 10 10 10 10 10 10 10 10
left_child=7 -2 -3 4 -4 6 -5 -1 10 -10 14 -12 -13 -14 15 -9 -17 18 19 -18 -19 24 29 -24 26 -26 -22 28 -28 -23
right_child=1 2 3 5 -6 -7 -8 8 9 -11 11 12 13 -15 -16 16 17 20 -20 -21 21 22 23 -25 25 -27 27 -29 -30 -31
leaf_value=0.0047618684071677958 -0.021659088953814382 -0.017045657058622734 -0.089293983236038654 0.036782081364510916 0.45837941971421242 -0.74563375654674724 0.68008445799350747 -0.31340645511791743 -0.051635356901622402 -0.86148433536291125 0.079411689213326336 0.1442925323587117 1.412708461135626 0.43120266375732302 -0.1695234949186594 -0.053343836196477361 0.65646677471823622 -0.053484034433247563 1.1920569956302642 -0.059898019765878656 -0.053135412195149591 -0.26609291370878829 -0.12129406218092689 0.66344914146371803 0.42873739458265758 -0.412765333155791 1.0308873087855488 0.32300616170136925 0.15296870183061673 0.29810845210827336
leaf_weight=37082 29484 11922 1273 13538 50 21 31 83 164 42 451 199 20 197 299 624 59 470 22 77 85 47 448 37 42 60 65 274 27 296
leaf_count=37082 29484 11922 1273 13538 50 21 31 83 164 42 451 199 20 197 299 624 59 470 22 77 85 47 448 37 42 60 65 274 27 296
internal_value=6.04349e-11 -0.00762064 0.0078036 0.027669 -0.0685958 0.0370405 0.0382518 0.0104248 0.0617924 -0.21675 0.0765734 0.204994 0.341143 0.521664 0.0396444 0.0626714 0.0745265 0.114243 0.381928 0.250878 0.0913939 0.140701 0.055485 -0.0614271 0.268293 -0.0662642 0.343958 0.436179 0.773237 0.220798
internal_weight=97489 56319 26835 14913 1323 13590 13569 41170 4088 206 3882 867 416 217 3015 2716 2633 2009 158 136 1851 1381 828 485 553 102 451 366 92 343
internal_count=97489 56319 26835 14913 1323 13590 13569 41170 4088 206 3882 867 416 217 3015 2716 2633 2009 158 136 1851 1381 828 485 553 102 451 366 92 343
is_linear=0
shrinkage=0.1


Tree=67
num_leaves=31
num_cat=0
split_feature=36 0 49 27 111 34 43 96 37 38 14 90 9 1 9 103 82 43 4 90 103 15 88 82 29 15 16 106 109 30
split_gain=759.827 1702.65 1099.88 999.739 1297.69 1429.24 1270.83 1675.97 1083.87 1066.18 1101.05 1241.65 1230.34 1139.34 1116.47 1156.66 1061.73 1227.58 1266.69 1154.61 1309.83 1136.63 1597.04 1319.56 1276.06 1247.55 1139.69 1057.36 1095.93 1398.29
threshold=0.45000000000000007 42.610000000000014 66.15000000000002 0.80265360933717089 2.5000000000000004 0.60555555555555574 1.0000000180025095e-35 207.50000000000003 0.64222852518808682 4.2928571428571436 13.550000000000002 4.5000000000000009 11.831455191788683 18.974153454396141 9.8570335817474088 0.47450000000000003 92.500000000000014 1.7199379676144055 33.805625000000013 3.5000000000000004 0.44500000000000006 2.1615319962351998 39.650000000000013 315.50000000000006 0.87517750516004111 2.6796546119700082 4.9750000000000005 56.500000000000007 26.92265571526352 3.1000000000000005
decision_type=8 10 10 10 2 10 10 2 10 10 10 10 10 10 10 2 8 10 10 10 2 10 10 10 10 10 10 2 2 10
left_child=1 2 -1 4 5 6 7 -2 -8 10 11 -7 13 14 -13 -16 19 21 -19 20 -10 22 24 25 -18 -23 -27 -5 -29 -30
right_child=3 -3 -4 27 -6 9 8 -9 16 -11 -12 12 -14 -15 15 -17 17 18 -20 -21 -22 23 -24 -25 -26 26 -28 28 29 -31
leaf_value=-0.023698642090108184 -0.037910422168929009 -0.75259232278913268 0.59293061191665719 -0.048517664021442169 0.011577456665557187 -0.17737105113511184 -0.32436316816703137 0.91766119742393504 0.68826572082108928 0.59244802799075846 -0.51512928395412672 0.080616356663926289 -0.70272421330213553 -0.56361744128740754 -0.061953267753124243 0.89135776349476414 0.18324951502339293 0.40730250950129526 -0.19953600590174297 -0.13856527160309004 -0.013577870222238395 0.98457746325977258 -0.2993394319741231 0.037567509881531201 0.95049001127481469 -0.016265911020730672 0.66397719728095195 0.010086622091667772 -0.019688967372476916 -0.43879404903389513
leaf_weight=11412 29 32 29 5092 30183 245 46 50 45 32 39 902 20 26 20 35 96 53 98 178 65 63 53 48 28 38 70 32171 16211 80
leaf_count=11412 29 32 29 5092 30183 245 46 50 45 32 39 902 20 26 20 35 96 53 98 178 65 63 53 48 28 38 70 32171 16211 80
internal_value=1.77177e-11 -0.024173 -0.0221356 0.00322425 0.0170715 0.0898337 0.182659 0.566882 0.148206 0.0222731 0.00809629 0.0244471 0.0737446 0.0895426 0.107288 0.544699 0.174239 0.256061 0.0134603 0.018836 0.27354 0.348567 0.160117 0.500876 0.356497 0.630928 0.424632 -0.0051693 -0.000614598 -0.0217471
internal_weight=97489 11473 11441 86016 32462 2279 960 79 881 1319 1287 1248 1003 983 957 55 835 547 151 288 110 396 177 219 124 171 108 53554 48462 16291
internal_count=97489 11473 11441 86016 32462 2279 960 79 881 1319 1287 1248 1003 983 957 55 835 547 151 288 110 396 177 219 124 171 108 53554 48462 16291
is_linear=0
shrinkage=0.1


Tree=68
num_leaves=31
num_cat=0
split_feature=104 84 43 104 49 48 85 9 9 106 28 82 104 11 16 19 15 55 37 5 29 35 11 11 109 5 102 19 105 22
split_gain=725.634 1331.32 1098.78 1095.05 2116.89 2140.73 1499.29 1492.07 2132.25 1634.04 1797 1471.56 1434.26 1333.94 1469.86 1674.85 1534.77 1652.08 1282.84 1240.19 1144.63 1141.21 1133.97 1269.85 1098.08 1090.16 1087.77 1081.71 1057.41 1398.44
threshold=104.75000000000001 118.50000000000001 1.297417464888168 105.95000000000002 80.15000000000002 18.250000000000004 37.500000000000007 7.1898843614187529 10.388294526204151 144.50000000000003 2.1125000000000003 454.50000000000006 106.75000000000001 7.1021679122097616 6.552777777777778 4.0393888659823256 2.6031110483044313 60.500000000000007 1.6380804171854755 12.159011710045428 1.2090665032085124 0.52509732023766353 8.9792157621688258 8.5031727821110934 21.386721423682413 11.570233473503331 4.5000000000000009 1.3227406337702023 0.22500000000000003 11.125000000000002
decision_type=2 10 10 2 8 8 10 10 10 2 10 10 2 8 10 10 10 10 10 10 10 8 10 10 2 10 8 10 8 10
left_child=1 -1 -3 4 7 18 -7 -2 9 27 24 -8 13 -5 15 16 17 22 -6 21 -18 -16 23 -15 -11 -25 28 -9 29 -14
right_child=3 2 -4 12 5 6 11 8 -10 10 -12 -13 26 14 19 -17 20 -19 -20 -21 -22 -23 -24 25 -26 -27 -28 -29 -30 -31
leaf_value=-0.023518303889622876 0.0015389329878241678 -0.53237328403874451 -0.048834497745959993 -0.022384058390566699 0.45639946986647217 0.41563998632217675 -0.88352425393055789 0.23509440039725682 -0.30693332177811655 1.075706845521927 -0.51916817212104804 0.16609622099820306 -0.013263535382184652 -0.1563052982388346 -0.40049791387889694 0.61144171538560288 -0.31966872237421373 -1.0051444133986598 1.3796721877875153 -0.13454083759715343 -0.85067666759714489 0.36844802997385462 0.13146157594552885 -0.26666890156269074 0.3191319082518842 -1.2440080273719063 -0.036205005165736062 -0.26873881997367771 0.01291923953655162 -0.49288738931788773
leaf_weight=7006 2616 95 93 2941 34 88 22 76 87 20 25 34 17780 377 23 23 111 23 27 217 64 120 120 25 470 21 6505 97 58288 61
leaf_count=7006 2616 95 93 2941 34 88 22 76 87 20 25 34 17780 377 23 23 111 23 27 217 64 120 120 25 470 21 6505 97 58288 61
internal_value=-8.33278e-11 -0.0305652 -0.293176 0.0024352 0.0565083 0.36856 0.158237 0.0376435 0.159514 0.218498 0.307819 -0.246255 0.000192418 -0.057798 -0.15046 -0.228959 -0.255044 -0.175019 0.865061 0.0161304 -0.513866 0.244771 -0.139857 -0.216827 0.350013 -0.712845 0.00304513 -0.0474017 0.00639894 -0.0149034
internal_weight=97489 7194 188 90295 3596 205 144 3391 775 688 515 56 86699 4065 1124 764 741 566 61 360 175 143 543 423 490 46 82634 173 76129 17841
internal_count=97489 7194 188 90295 3596 205 144 3391 775 688 515 56 86699 4065 1124 764 741 566 61 360 175 143 543 423 490 46 82634 173 76129 17841
is_linear=0
shrinkage=0.1


Tree=69
num_leaves=31
num_cat=0
split_feature=34 110 86 102 88 18 109 36 111 16 86 38 71 24 108 10 17 40 15 43 107 41 40 48 19 102 104 34 107 86
split_gain=735.379 1323.11 1519.46 2558.77 1479.73 1422.37 1362.51 1726.51 1263.13 1241.22 1229.84 1263 1228.38 1543.49 1497.5 1365.99 1218.57 1254.11 1214.74 1635.12 1259.56 1198.07 1539.33 1337.71 1129.63 1116.21 1209.39 1109.52 1340.27 1094.55
threshold=0.97500000000000009 80.500000000000014 240.50000000000003 12.500000000000002 12.550000000000002 9.5000000000000018 22.613278576317594 3.3666666666666671 24.500000000000004 10.025000000000002 203.50000000000003 0.47222222222222227 3.5000000000000004 1.7083333333333337 10.500000000000002 3.9750000000000005 4.6508346710977122 2.3038461538461541 3.3837839669488079 0.64222852518808682 2015.5000000000002 1.7859379366115393 3.8535714285714291 34.45000000000001 5.6789066394987868 8.5000000000000018 107.05000000000001 1.8625000000000003 2015.5000000000002 228.50000000000003
decision_type=8 2 8 10 10 10 2 10 2 10 10 10 10 10 2 10 8 10 8 8 2 10 10 10 10 10 2 10 2 8
left_child=12 5 3 10 -5 9 8 -8 -4 27 11 -3 13 16 -14 -15 24 -18 20 -20 21 23 29 -17 -1 -13 -27 28 -2 -23
right_child=1 2 6 4 -6 -7 7 -9 -10 -11 -12 25 14 15 -16 18 17 -19 19 -21 -22 22 -24 -25 -26 26 -28 -29 -30 -31
leaf_value=-0.0015060871265734313 0.068355789596127328 -0.20855975867724502 0.6463231947273016 0.18033391811229565 -0.66161980295817013 -0.78039154942546585 -0.11567347061714071 0.5911085239715046 -0.12878169351153904 -0.35312895985553044 -0.26490081144528016 0.0012639718834353622 0.03304645421491674 0.61962414599698168 -0.027751049855161376 -0.044349188196810378 0.13518920197683276 0.82837225260405711 0.20547173291127732 -0.46941392669748327 -0.093678917327789102 0.27311553767585489 -0.24224330820143225 0.74562071507627314 0.52360925529061297 1.031500302553177 0.16316551313172153 -0.50386803646882372 -0.078959055041128878 1.0524848477728665
leaf_weight=49849 787 286 95 27 92 28 149 45 27 144 179 11888 21518 29 4991 836 261 29 47 152 2685 182 56 22 41 20 81 54 2869 20
leaf_count=49849 787 286 95 27 92 28 149 45 27 144 179 11888 21518 29 4991 836 261 29 47 152 2685 182 56 22 41 20 81 54 2869 20
internal_value=-7.54441e-12 -0.0190539 -0.00363913 -0.00908239 -0.470588 -0.0702339 0.212937 0.0482708 0.474784 -0.0650745 -0.00467262 -0.000877848 0.00395888 -0.00466778 0.0215998 -0.0642178 0.000113556 0.204508 -0.0691757 -0.310019 -0.0565664 0.032723 0.221671 -0.0240935 -0.00107454 0.00407645 0.335113 -0.0538939 -0.0472477 0.350281
internal_weight=97489 16771 12889 12573 119 3882 316 194 122 3854 12454 12275 80718 54209 26509 4029 50180 290 4000 199 3801 1116 258 858 49890 11989 101 3710 3656 202
internal_count=97489 16771 12889 12573 119 3882 316 194 122 3854 12454 12275 80718 54209 26509 4029 50180 290 4000 199 3801 1116 258 858 49890 11989 101 3710 3656 202
is_linear=0
shrinkage=0.1


Tree=70
num_leaves=31
num_cat=0
split_feature=104 21 15 87 23 36 103 30 13 4 90 47 90 16 97 7 83 21 20 35 90 41 39 83 94 12 9 33 19 79
split_gain=716.167 1423.26 1478.32 2026.51 2012.59 1408.44 1478.97 1453.88 1846.64 1600.24 1657.88 2242.94 1928.98 1683.76 1479.95 1329.97 1311.26 1678.02 1416.99 1308.21 1304.92 1301.62 1747.75 1292.32 1254.62 1227.39 1489.91 1791.05 1227.31 1417.73
threshold=112.45000000000002 1.0339469490010882 2.300965664032824 116.50000000000001 1.2942477002862909 3.3666666666666671 0.22550000000000003 0.55000000000000016 2.9762791030165432 59.757500000000014 10.500000000000002 1.27382001931588 5.5000000000000009 10.80909090909091 4.5000000000000009 4.6636864457561762 281.50000000000006 3.7305012396093891 11.15 0.88314752592331247 7.5000000000000009 2.3407148703876621 2.3154045343550531 305.50000000000006 3.5000000000000004 15.100000000000001 4.6541498423336591 1.4317807919044598 3.1224887344895973 7.5000000000000009
decision_type=2 8 10 8 10 10 2 10 8 10 10 10 10 10 2 10 10 10 10 10 10 10 10 8 8 10 10 10 10 10
left_child=1 2 -1 25 -5 21 19 16 -9 10 12 13 -10 15 -14 -12 20 18 23 -7 28 -2 -23 -18 -3 -4 -27 -28 -8 -30
right_child=5 24 3 4 -6 6 7 8 9 -11 11 -13 14 -15 -16 -17 17 -19 -20 -21 -22 22 -24 -25 -26 26 27 -29 29 -31
leaf_value=-0.0097651466325670636 0.0061814174393751134 -0.022425448156446138 0.057059231531418189 0.27539048903570401 1.3322000074954261 0.21094868147814716 0.045997083670197558 -0.12136093800826396 -0.094194745971840257 0.81377830561250453 -0.17321588210761549 -0.69068172874878042 1.1035875776410105 -0.25019770732674845 0.32085780073558134 0.74857685440116462 -0.50752063298000483 0.41070139890825247 -0.7931217822085681 0.86206948548555384 0.3568744211547798 -0.81693234933747194 0.034239149895998154 0.037875199302474495 0.020566499223501948 -1.0379276973860605 -0.44587312936782841 0.48287499167702413 -0.008824795573505002 0.58102329605473924
leaf_weight=6354 35596 38541 5542 127 21 135 596 732 98 32 24 53 30 78 124 45 53 71 29 40 310 45 52 241 8239 21 56 33 67 104
leaf_count=6354 35596 38541 5542 127 21 135 596 732 98 32 24 53 30 78 124 45 53 71 29 40 310 45 52 241 8239 21 56 33 67 104
internal_value=-1.01512e-10 -0.00693245 0.0235556 0.0600591 0.425343 0.0105967 0.0780939 0.0597484 -0.0211556 0.130395 0.0820136 -0.132964 0.252631 0.0681181 0.473338 0.427953 0.126628 -0.0294706 -0.126227 0.359776 0.183733 0.00518455 -0.360634 -0.0604445 -0.0148536 0.0504939 -0.280277 -0.101506 0.113754 0.349913
internal_weight=97489 58934 12154 5800 148 38555 2862 2687 1216 484 452 200 252 147 154 69 1471 394 323 175 1077 35693 97 294 46780 5652 110 89 767 171
internal_count=97489 58934 12154 5800 148 38555 2862 2687 1216 484 452 200 252 147 154 69 1471 394 323 175 1077 35693 97 294 46780 5652 110 89 767 171
is_linear=0
shrinkage=0.1


Tree=71
num_leaves=31
num_cat=0
split_feature=107 104 34 25 85 83 27 9 104 102 41 50 4 24 103 1 108 84 53 76 27 75 19 39 103 22 19 37 73 9
split_gain=704.067 1192.23 1221.53 2170.1 1583.16 1549.98 1679.16 1377.08 1191.69 1325.95 1200.51 1171.68 1487.79 1470.35 1129.63 1722.24 1411.52 1296.27 1255.64 1198.33 1712.41 1703.56 1266.1 1185.62 1221.22 1233.53 1448.76 1232.94 1200.31 1349.34
threshold=2021.5000000000002 108.15000000000002 1.7573529411764708 1.8027222972291639 163.50000000000003 86.500000000000014 1.4794846360821885 11.420254869118684 110.05000000000001 8.5000000000000018 1.260796825072459 -2.8999999999999995 39.697500000000019 1.9000000000000001 0.54350000000000021 16.412495239653456 4.5000000000000009 17.500000000000004 28.500000000000004 1.0000000180025095e-35 1.6683250231923858 11.500000000000002 2.8459956687007311 2.1615319962351998 0.61350000000000005 7.3750000000000009 2.5132957790129056 2.6645164420321694 8.5000000000000018 6.053465212206885
decision_type=2 2 10 10 8 10 8 10 2 8 8 8 10 10 2 10 2 10 8 10 10 10 10 10 2 10 10 10 10 10
left_child=1 2 7 4 5 6 -4 14 10 -10 -2 12 13 -3 -1 19 17 18 -17 21 22 23 -21 -16 27 26 28 -25 29 -26
right_child=8 11 3 -5 -6 -7 -8 -9 9 -11 -12 -13 -14 -15 15 16 -18 -19 -20 20 -22 -23 -24 24 25 -27 -28 -29 -30 -31
leaf_value=-0.034538746461728297 -0.026005789630961448 0.42888956387816041 -0.070150176486164395 0.64705123242896967 0.39880841484776253 -0.38437282588729205 -0.78626642735565411 -0.22365497278993166 -0.0021060007438971915 -0.094851424797415512 -0.18067235667069401 0.016477963230938027 -0.049674066714942455 -0.16967353220563383 0.0093868808661036196 0.032084580961907028 0.37835659692511292 0.1769306376827964 -0.75245935513692741 -0.15954540077237378 -0.95794553160667428 -0.84542120733986748 0.24871373242802092 0.18282088096130569 0.039416881118501938 0.0038866757116186508 0.77593216709792623 -0.33721068009734156 -0.28744790645261459 0.72760190372837008
leaf_weight=7079 1382 229 886 37 54 235 34 285 36743 1609 788 34684 176 50 11539 51 229 224 34 487 24 23 90 106 56 109 74 80 34 58
leaf_count=7079 1382 229 886 37 54 235 34 285 36743 1609 788 34684 176 50 11539 51 229 224 34 487 24 23 90 106 56 109 74 80 34 58
internal_value=-7.75013e-11 0.00716742 -0.0111877 -0.107333 -0.13042 -0.155163 -0.0966153 -0.00536718 -0.0100762 -0.00599699 -0.0821704 0.0185694 0.177999 0.32162 -0.0023021 0.0149625 0.190202 0.050761 -0.281733 0.00752723 -0.130291 0.0143845 -0.0958655 0.0160248 0.164178 0.279389 0.414658 -0.0408486 0.23402 0.389546
internal_weight=97489 56967 21828 1246 1209 1155 920 20582 40522 38352 2170 35139 455 279 20297 13218 538 309 85 12680 601 12079 577 12056 517 331 222 186 148 114
internal_count=97489 56967 21828 1246 1209 1155 920 20582 40522 38352 2170 35139 455 279 20297 13218 538 309 85 12680 601 12079 577 12056 517 331 222 186 148 114
is_linear=0
shrinkage=0.1


Tree=72
num_leaves=31
num_cat=0
split_feature=40 37 15 26 28 29 89 27 51 103 80 103 40 31 11 35 3 2 2 11 3 46 38 63 47 44 10 97 22 20
split_gain=712.133 1097.22 2022.29 942.626 961.361 856.947 1144.54 813.634 794.993 770.36 752.367 1143.88 1188.08 2027.22 1751.55 1619.32 1415.04 1395.96 1245.96 1210.04 1168.3 1314.8 1154.53 1109.99 1396.45 1362.45 1212.46 1164.81 1386.34 1331.34
threshold=5.0750000000000002 2.1794192844442732 2.5308804836935024 2.2678571428571432 1.6833333333333336 1.348542638748836 31.500000000000004 0.85793099469161826 90.050000000000011 0.59450000000000014 2191.0500000000006 0.22550000000000003 1.9045454545454548 0.64222852518808682 10.249454397954208 1.1879164292625664 18.052457511885578 31.245000000000001 31.795000000000005 5.8642538211359279 10.337165955819394 2.8090909090909095 1.6833333333333336 22.500000000000004 0.8946098389942575 0.68333333333333346 22.275000000000002 13.500000000000002 8.2071428571428573 9.1500000000000004
decision_type=10 10 10 10 10 10 10 10 10 2 10 2 10 10 10 10 10 10 10 10 10 10 10 10 10 10 10 2 10 10
left_child=10 3 -3 4 7 6 8 -2 -4 -6 23 -12 13 15 16 20 19 -14 -19 -15 22 -22 -13 27 25 -25 -26 28 29 -1
right_child=1 2 5 -5 9 -7 -8 -9 -10 -11 11 12 17 14 -16 -17 -18 18 -20 -21 21 -23 -24 24 26 -27 -28 -29 -30 -31
leaf_value=-0.0036350285613135748 0.69833960582812626 0.69609544536581747 0.56038480842113492 -0.28246854110197589 0.92518659376579793 -0.86593934908509262 -0.62429147208559099 -0.037160683521684612 -0.2638467911969532 0.20571918758479033 0.21572880204139133 -0.24385421586712061 0.33747492864310186 0.098467330861733204 -0.77455478892210994 -1.0493666595380222 0.78266895752061494 -0.76199595306230627 -0.024193808664900878 -0.16027277437790449 0.11712844303712762 -0.55404417682916696 -0.7349898152971921 -0.13616410353557859 -0.18505747425006636 0.70213627697843495 -0.77993772671772887 0.028606879395400658 0.11543710451444676 -0.63894064354174063
leaf_weight=75121 21 27 25 22 46 20 29 53 22 22 178 139 107 360 31 28 22 23 4739 363 116 39 73 47 282 33 39 14443 986 33
leaf_count=75121 21 27 25 22 46 20 29 53 22 22 178 139 107 360 31 28 22 23 4739 363 116 39 73 47 282 33 39 14443 986 33
internal_value=4.94534e-11 0.157289 -0.0684851 0.32662 0.420986 -0.283523 -0.130256 0.171562 0.174574 0.692418 -0.000464415 -0.0341182 -0.0414813 -0.131918 -0.0380454 -0.316337 -0.00739874 -0.0197311 -0.0277573 -0.0314395 -0.260411 -0.0517472 -0.412972 0.00183554 -0.164172 0.209635 -0.257333 0.00257044 -0.00236841 -0.00391399
internal_weight=97489 287 123 164 142 96 76 74 47 68 97202 6218 6040 1171 776 395 745 4869 4762 723 367 155 212 90984 401 80 321 90583 76140 75154
internal_count=97489 287 123 164 142 96 76 74 47 68 97202 6218 6040 1171 776 395 745 4869 4762 723 367 155 212 90984 401 80 321 90583 76140 75154
is_linear=0
shrinkage=0.1


Tree=73
num_leaves=31
num_cat=0
split_feature=111 2 10 81 13 37 109 92 108 17 41 56 107 1 104 38 86 48 110 5 109 59 41 47 25 17 104 107 102 102
split_gain=654.16 1236.85 1859.75 1532.9 1237.37 1116.56 1052.21 1044.18 1142.15 1032.8 1225.56 1127.61 963.39 1146.9 1204.38 1106 1376.19 1105.95 1002.59 962.013 1232.04 960.158 1494.29 945.782 965.564 938.515 887.618 1287.2 1229.28 1700.92
threshold=41.500000000000007 27.495000000000001 7.8062500000000012 288.50000000000006 4.2719978643909 1.0477225575051665 19.404517453798771 1.5000000000000002 6.5000000000000009 2.4738227183551849 1.0313244770591612 4.5000000000000009 2020.5000000000002 12.365981561921485 111.25000000000001 0.78888888888888908 3.5000000000000004 16.050000000000004 78.500000000000014 13.180802926562388 22.747433264887068 16.500000000000004 0.97989590668830773 1.8435520288767047 1.1178102700547354 3.1728997476149225 112.45000000000002 2021.5000000000002 131.50000000000003 12.500000000000002
decision_type=2 8 8 10 10 8 2 10 2 8 10 10 2 8 2 10 8 8 2 10 2 10 10 10 10 10 2 2 8 10
left_child=26 6 -3 5 23 -4 -2 -7 -9 -8 11 12 13 14 -11 16 -16 19 -17 20 -14 -22 -23 -5 -25 -18 27 28 29 -1
right_child=1 2 3 4 -6 7 9 8 -10 10 -12 -13 17 -15 15 18 25 -19 -20 -21 21 22 -24 24 -26 -27 -28 -29 -30 -31
leaf_value=0.0020802226233378818 0.49459650854511961 0.6089905016562519 -0.63035558640777356 0.0069661865389161973 -0.64775156676769263 -0.10793951752498679 0.0052564716715768709 -0.81556554663242131 0.06589453958329701 0.016960184466862809 -0.15562102662802887 0.55791004873586425 -0.32069771539294317 -0.1812537824253965 -0.23723599064119516 -0.22572396156462757 0.48037891369542962 -0.5709227842993515 0.42312159279272676 0.32929477059853174 -0.057584875561839215 1.0576907449960709 -0.04417737470939756 -0.12013505226509139 -0.93151592558080498 1.1709102814014141 0.016486674648650626 -0.038844554310564161 0.13082283503891093 -0.22482282616891661
leaf_weight=41855 41 34 83 641 34 221 8956 49 21 373 951 33 178 151 21 55 81 43 42 62 1477 20 32 44 22 26 31755 9121 734 333
leaf_count=41855 41 34 83 641 34 221 8956 49 21 373 951 33 178 151 21 55 81 43 42 62 1477 20 32 44 22 26 31755 9121 734 333
internal_value=-1.27829e-10 -0.0202658 -0.119569 -0.141785 -0.0584852 -0.306826 -0.0111684 -0.214548 -0.551128 -0.0128272 -0.0585132 -0.022912 -0.0303963 0.0650007 0.127182 0.309905 0.502909 -0.0698291 0.0552195 -0.0576488 -0.0717029 -0.042716 0.379618 -0.0301471 -0.390595 0.648172 0.00331104 -0.00472831 0.00252145 0.000289222
internal_weight=97489 13691 1149 1115 741 374 12542 291 70 12501 3545 2594 2561 749 598 225 128 1812 97 1769 1707 1529 52 707 66 107 83798 52043 42922 42188
internal_count=97489 13691 1149 1115 741 374 12542 291 70 12501 3545 2594 2561 749 598 225 128 1812 97 1769 1707 1529 52 707 66 107 83798 52043 42922 42188
is_linear=0
shrinkage=0.1


Tree=74
num_leaves=31
num_cat=0
split_feature=44 34 47 10 55 86 91 19 10 8 52 17 31 8 45 46 37 85 28 29 16 16 26 36 93 16 2 2 88 47
split_gain=650.291 1499.23 1298.85 1080.98 1039.36 1195.48 1140.29 2244.41 1398.2 1328.37 1291.74 1128.38 1294.4 2265.59 1390.3 1260.68 1323.03 1314.61 1339.48 1883.84 1793.71 1673.83 1660.63 1632.03 2095.59 1257.1 1490.2 1227.88 1665.01 1217.02
threshold=1.7321428571428574 1.2111111111111115 2.1603478758446975 14.105555555555556 39.500000000000007 248.50000000000003 3.5000000000000004 3.0165750888103111 16.522727272727277 15.105555555555556 4.5000000000000009 1.4547261073653117 1.1897227048854206 15.950000000000001 1.6541141089731559 1.948684210526316 2.7838676969280556 4.5000000000000009 1.0954545454545457 1.317099950526986 7.9083333333333341 4.9083333333333341 2.1125000000000003 2.1000000000000005 1.0000000180025095e-35 2.757352941176471 23.245000000000008 57.245000000000005 58.350000000000001 0.887333286460806
decision_type=8 10 10 10 10 10 10 10 10 10 10 10 10 10 10 10 10 8 10 10 10 10 10 10 10 10 10 10 10 10
left_child=2 -2 4 -4 5 6 7 8 -1 -10 -9 -6 15 29 -15 17 -17 -13 25 -20 21 -21 -23 24 -22 26 -19 -27 -29 -14
right_child=1 -3 3 -5 11 -7 -8 10 9 -11 -12 12 13 14 -16 16 -18 18 19 20 23 22 -24 -25 -26 27 -28 28 -30 -31
leaf_value=0.0019171240789524942 -0.0071290447300899748 -0.1144677251728486 -0.044194288299633906 -0.64364193222884625 0.25405807162782085 -0.64134366019018774 0.028706933398756518 -0.22174555376487595 -0.3208876874125921 -0.051141698283561826 0.064457563591648392 -0.075585878671560219 1.0922958326836427 0.087532916137205777 -0.36213662116270928 0.11308019790509605 0.88289688955182621 -0.014390772242437712 -0.06627420243832198 -0.12560036229235785 0.13878684696697055 0.36891605587101278 -0.009081903680519093 -0.0044487304778562655 -1.1728972311677603 0.0895658176535154 -0.76372228515775586 0.23681449322473436 -0.96036908466082349 0.33319141780745914
leaf_weight=38469 30612 1359 65 56 228 29 11574 732 195 2862 201 1698 24 1527 72 761 23 88 2527 140 21 405 163 297 29 3071 38 21 26 176
leaf_count=38469 30612 1359 65 56 228 29 11574 732 195 2862 201 1698 24 1527 72 761 23 88 2527 140 21 405 163 297 29 3071 38 21 26 176
internal_value=-4.54637e-11 -0.0116917 0.00570524 -0.321625 0.00631088 0.000538317 0.000882821 -0.00670182 -0.00325557 -0.0683483 -0.160088 0.033843 0.0293225 0.106974 0.0672851 0.0143145 0.135664 0.00315326 0.02274 -0.0194163 0.0928207 0.184105 0.260441 -0.0934316 -0.62199 0.0692886 -0.24038 0.0818025 -0.425457 0.424284
internal_weight=97489 31971 65518 121 65397 54062 54033 42459 41526 3057 933 11335 11107 1799 1599 9308 784 8524 6826 3582 1055 708 568 347 50 3244 126 3118 47 200
internal_count=97489 31971 65518 121 65397 54062 54033 42459 41526 3057 933 11335 11107 1799 1599 9308 784 8524 6826 3582 1055 708 568 347 50 3244 126 3118 47 200
is_linear=0
shrinkage=0.1


Tree=75
num_leaves=31
num_cat=0
split_feature=100 94 43 26 41 104 86 1 30 32 28 21 55 41 103 0 19 33 45 36 6 8 90 17 97 103 13 16 19 11
split_gain=626.638 957.98 1026.76 922.795 1312.52 1199.76 1016.15 1049.33 1309.66 1345.47 995.168 930.565 929.543 1492.56 1892.51 2662.59 1299.45 1246.71 1210.13 1179.2 1071.72 1059.89 1006.81 1004.05 947.898 2286.65 1577.7 1052.03 1358.94 1133.12
threshold=1.0000000180025095e-35 8.5000000000000018 2.0246950765959606 0.31666666666666671 1.2266144993819583 100.25000000000001 173.50000000000003 10.776641406201071 0.90000000000000013 0.18333333333333338 1.2565789473684212 0.71679496922166341 61.500000000000007 1.5723766234549204 0.62150000000000005 36.410000000000011 2.1407836215144651 0.85793099469161815 1.4317807919044603 3.9000000000000004 24.900000000000002 27.250000000000004 3.5000000000000004 2.0374775707018995 20.000000000000004 0.70200000000000007 4.6475675636443503 7.9750000000000005 3.820972227734059 8.1852723964487684
decision_type=2 10 10 8 10 2 8 10 10 10 10 10 10 10 2 10 10 10 10 10 10 10 10 10 2 2 10 10 8 10
left_child=1 3 -3 4 -1 10 7 8 9 -6 -5 -10 24 14 15 -14 17 -15 -17 22 -20 -22 -18 -24 -7 26 27 28 -26 -29
right_child=-2 2 -4 5 6 12 -8 -9 11 -11 -12 -13 13 16 -16 18 19 -19 20 -21 21 -23 23 -25 25 -27 -28 29 -30 -31
leaf_value=0.0071479362104009654 0.0079996804190690714 0.5445630937938889 -0.28278622746467591 -0.064279679741504739 0.013221651797919919 -0.016120229453133756 0.71586434512302799 -0.048646350904604868 -0.69650432155245834 0.35666162511725963 -0.45145857307527754 0.020546531335998128 1.4350243841608368 -0.12686330519266362 -0.35889540769926764 0.92461161430065442 -0.4465509371930047 -0.98121050760149964 -0.32488819807767871 0.53256581378610512 0.73650644510984431 0.062534475619239471 0.73812383238388146 -0.0013881631113670685 0.21951129705181735 -0.66550900082330455 -0.50239394948714311 0.13039029474193986 0.95172464406048807 -0.40845915607686312
leaf_weight=4976 48852 60 20 163 163 41030 29 279 21 380 112 131 24 117 34 26 38 20 32 57 40 56 23 91 414 37 36 148 27 53
leaf_count=4976 48852 60 20 163 163 41030 29 279 21 380 112 131 24 117 34 26 38 20 32 57 40 56 23 91 414 37 36 148 27 53
internal_value=-8.26e-11 -0.00803504 0.337726 -0.0086047 0.0281832 -0.0137706 0.132542 0.115174 0.180937 0.253566 -0.221967 -0.0785197 -0.0124172 0.115796 0.324735 0.455316 -0.0122236 -0.251586 0.302634 0.144679 0.176295 0.343356 -0.000779015 0.147812 -0.014131 0.100019 0.141796 0.177918 0.264341 -0.0116944
internal_weight=97489 48637 80 48557 5979 42578 1003 974 695 543 275 152 42303 558 212 178 346 137 154 209 128 96 152 114 41745 715 678 642 441 201
internal_count=97489 48637 80 48557 5979 42578 1003 974 695 543 275 152 42303 558 212 178 346 137 154 209 128 96 152 114 41745 715 678 642 441 201
is_linear=0
shrinkage=0.1


Tree=76
num_leaves=31
num_cat=0
split_feature=109 97 24 10 68 104 104 40 82 7 85 17 102 88 106 25 40 49 75 81 84 104 97 17 0 7 22 40 3 44
split_gain=609.234 926.772 1274.66 1337.58 1271.34 1255.87 1534.67 1442.78 1668.8 1731.67 1657.34 1231.17 1403.92 1354.88 1409.86 1214.9 1348.07 1184.66 1400.58 1356.81 1435.86 1369.05 1709.89 1200.49 1184.86 1182.93 1896.9 1420.93 1150.42 1132.98
threshold=31.563312799452433 12.500000000000002 1.6333333333333335 3.9750000000000005 1.5000000000000002 105.05000000000001 105.55000000000001 2.8090909090909095 134.50000000000003 7.2732353695572511 1.5000000000000002 1.9596406185896558 229.50000000000003 28.650000000000002 384.50000000000006 0.82657830373090091 3.215384615384616 61.350000000000001 8.5000000000000018 96.500000000000014 35.500000000000007 113.65000000000002 5.5000000000000009 3.4795943044239475 48.530000000000008 6.1967681008508757 10.225000000000001 3.8535714285714291 8.0473494601039608 3.5500000000000003
decision_type=2 2 8 8 8 2 2 10 10 10 10 8 10 8 2 10 10 10 10 10 10 2 2 10 10 10 10 10 10 10
left_child=1 2 -1 -4 5 -3 7 10 9 -9 -7 -6 13 14 -13 -10 -17 18 -5 -19 21 23 -23 -21 -24 27 29 -22 -20 -27
right_child=-2 4 3 17 11 6 -8 8 15 -11 -12 12 -14 -15 -16 16 -18 19 28 20 25 22 24 -25 -26 26 -28 -29 -30 -31
leaf_value=0.00080944833560445345 -0.029738950467005011 -0.023070998175179307 0.58430293473330408 -0.068086763832557781 -0.28168496635225088 0.69297759637591394 0.026547724289525718 0.48894400272299265 1.1252153271628964 -0.50621108892891142 0.04191253487129331 1.1005311770773516 -0.42698352153484642 0.20981201239139124 0.24911247878461273 0.94221314202166262 0.21700005991164636 -0.74004011231919997 0.13323995665363644 0.21616010896054802 -0.19211395985376911 0.94360249359970505 -0.21512836426496507 -0.24865919682630447 0.48295567319277793 0.15068389606095284 -0.8251302745193243 0.58359615921974184 -0.4224449324925259 -0.29563420787453654
leaf_weight=68153 6434 5068 33 3508 45 42 11391 34 31 36 566 41 26 214 37 36 89 23 46 157 426 46 40 86 62 511 23 25 196 64
leaf_count=68153 6434 5068 33 3508 45 42 11391 34 31 36 566 41 26 214 37 36 89 23 46 157 426 46 40 86 62 511 23 25 196 64
internal_value=1.22749e-10 0.00210137 -0.0028467 -0.0503452 0.0226713 0.0187835 0.0361348 0.167077 0.382809 -0.02285 0.0868874 0.207882 0.277161 0.339859 0.696653 0.564836 0.425861 -0.0543627 -0.0841383 0.0219587 0.0341295 0.197689 0.437458 0.0516562 0.209197 -0.0268348 0.0653861 -0.149115 -0.316819 0.101007
internal_weight=97489 91055 73399 5246 17656 17293 12225 834 226 70 608 363 318 292 78 156 125 5213 3750 1463 1440 391 148 243 102 1049 598 451 242 575
internal_count=97489 91055 73399 5246 17656 17293 12225 834 226 70 608 363 318 292 78 156 125 5213 3750 1463 1440 391 148 243 102 1049 598 451 242 575
is_linear=0
shrinkage=0.1


Tree=77
num_leaves=31
num_cat=0
split_feature=67 10 4 29 61 86 21 33 35 106 38 6 28 11 9 57 103 42 30 41 28 20 7 90 2 92 28 111 41 53
split_gain=597.205 1340.18 1132.04 1492.79 1412.31 1185.14 1381.29 1204.51 1610.71 1176.84 1163.94 1284.81 1251.72 1147.4 1262.44 1143.12 1322.81 1236.21 1192.05 1323.52 1171.25 1526.26 1500.91 1230.26 1142.77 1108.43 1087.61 1076.95 1107.9 1100.09
threshold=4.5000000000000009 30.075000000000006 37.007500000000014 0.5986938655656987 11.500000000000002 120.50000000000001 0.97386269437804185 0.9457461698162889 0.80154921746165264 662.50000000000011 4.4500000000000011 24.500000000000004 0.64852941176470602 7.145848997476568 6.736715309653059 9.5000000000000018 0.56500000000000006 3.1000000000000005 0.36666666666666675 2.0524146280280053 1.0250000000000001 5.4142857142857155 11.207139692871607 2.5000000000000004 31.090000000000003 1.5000000000000002 0.84807692307692317 1.5000000000000002 1.8679818286117473 21.500000000000004
decision_type=10 10 10 10 10 10 10 10 10 2 10 10 10 10 10 8 2 10 10 10 10 10 10 10 8 10 10 2 10 10
left_child=1 2 5 -4 9 27 -7 8 -8 15 11 13 -13 -6 -15 16 18 -18 -5 -20 23 22 -22 26 -9 -26 -17 29 -29 -1
right_child=-2 -3 3 4 10 6 7 24 -10 -11 -12 12 -14 14 -16 20 17 -19 19 -21 21 -23 -24 -25 25 -27 -28 28 -30 -31
leaf_value=0.42082861759284934 0.0084126590907432647 -0.82571418873965752 -0.39846101441080611 0.23247293021580948 0.0039740673279592782 0.60135460379719741 0.069139315726467504 0.17872178887797369 0.46232994578993863 -0.8406187861412765 0.53557598813678386 0.49437833850582441 -0.28379885260478266 0.93350641189082983 0.21886103795688661 0.027586489732405451 -0.35035889147928373 -1.1487847499549388 -0.12199200169788194 -0.9810889265754007 -0.13147665719651663 -0.49897453460545665 0.66128596299886711 -0.025312072639956763 -0.18133136082527251 -0.9088579974174501 0.85952299674352006 -0.0055067831023579115 -0.12222939152450521 0.065559314170922964
leaf_weight=101 45232 20 126 73 211 50 1108 74 115 20 54 24 149 31 122 33 101 24 97 22 534 113 25 1930 129 25 30 45452 828 636
leaf_count=101 45232 20 126 73 211 50 1108 74 115 20 54 24 149 31 122 33 101 24 97 22 534 113 25 1930 129 25 30 45452 828 636
internal_value=-1.27936e-11 -0.00728173 -0.00696838 -0.06014 -0.0482757 -0.00289267 0.0845798 0.0667722 0.106111 -0.0760936 0.0930261 0.0485239 -0.175844 0.15516 0.363658 -0.070966 -0.250485 -0.503657 -0.0856597 -0.280817 -0.0496123 -0.163781 -0.0960222 -0.011117 -0.144245 -0.299436 0.423747 -0.0056852 -0.00759508 0.114246
internal_weight=97489 52257 52237 3719 3593 48518 1501 1451 1223 3002 591 537 173 364 153 2982 317 125 192 119 2665 672 559 1993 228 154 63 47017 46280 737
internal_count=97489 52257 52237 3719 3593 48518 1501 1451 1223 3002 591 537 173 364 153 2982 317 125 192 119 2665 672 559 1993 228 154 63 47017 46280 737
is_linear=0
shrinkage=0.1


Tree=78
num_leaves=31
num_cat=0
split_feature=110 14 7 103 16 6 94 2 87 46 16 14 9 87 91 53 39 9 1 55 45 37 55 84 2 49 19 12 9 0
split_gain=585.144 1081.42 1029.1 1213.32 1052.12 1008.88 1002 902.224 1476.5 1179.42 1099.15 1044.91 1028.46 1025.94 904.452 1266.31 1181.72 875.938 872.426 871.954 1220.59 866.345 847.75 895.329 846.251 845.166 823.086 868.058 805.342 877.79
threshold=73.500000000000014 4.7071428571428582 2.0776550673994527 0.48100000000000004 1.552777777777778 14.675000000000002 6.5000000000000009 38.225000000000016 82.500000000000014 2.3568181818181824 2.2052631578947373 3.8166666666666669 5.2471265638635529 108.50000000000001 4.5000000000000009 33.500000000000007 0.67080761218861007 8.501307082764308 12.953860428444779 30.500000000000004 1.2494423429796104 1.9746794344808967 39.500000000000007 27.500000000000004 11.705000000000004 46.850000000000001 2.5980583915950093 3.1000000000000005 5.4124342195585262 23.790000000000006
decision_type=2 10 8 2 10 10 10 10 10 10 10 10 10 10 10 8 8 10 10 10 10 10 10 10 10 10 10 10 10 10
left_child=1 2 3 4 -1 25 7 8 14 11 12 -9 -10 -11 15 19 -16 18 26 20 21 -4 28 -24 -18 -3 27 -12 -21 -30
right_child=-2 5 6 -5 -6 -7 -8 9 10 13 17 -13 -14 -15 16 -17 24 -19 -20 22 -22 -23 23 -25 -26 -27 -28 -29 29 -31
leaf_value=-0.03744583782824603 0.0018747717873383717 -0.53784458430913784 -0.057798479915590298 -0.025335917337552499 0.49073129277676347 -0.98525322567332874 0.53662918686866756 0.41764852594245561 0.10051323965191841 -0.99427867435639916 0.17887850691351975 -0.43944098305702212 1.091325646232475 -0.25921114409456453 0.39596996150083014 -0.37966903424630427 0.5279552064836025 0.69873642433773397 -0.31584476754069329 -0.035010366914969573 -0.28601108046751172 -0.54132707526809287 0.051034230834671436 -0.37713556150595351 -0.026245364828338932 0.32682105183601379 0.29893256979558969 -0.2196406805799121 0.88070774211858716 0.21680233662979853
leaf_weight=55 92096 26 1490 228 120 22 30 33 20 31 114 25 22 49 72 146 28 22 56 106 315 38 140 75 1725 20 139 105 24 117
leaf_count=55 92096 26 1490 228 120 22 30 33 20 31 114 25 22 49 72 146 28 22 56 106 315 38 140 75 1725 20 139 105 24 117
internal_value=-4.59026e-11 -0.0320154 -0.0269551 0.126679 0.324733 -0.428281 -0.0395342 -0.0430675 -0.0357507 -0.295128 0.130933 0.0482134 0.61951 -0.54405 -0.0543837 -0.0940693 -0.0010853 0.0838679 0.0511937 -0.0759793 -0.106774 -0.0698234 0.0468645 -0.0983273 -0.0173933 -0.161903 0.108608 -0.0121923 0.173246 0.329808
internal_weight=97489 5393 5325 403 175 68 4922 4892 4754 138 478 58 42 80 4276 2451 1825 436 414 2305 1843 1528 462 215 1753 46 358 219 247 141
internal_count=97489 5393 5325 403 175 68 4922 4892 4754 138 478 58 42 80 4276 2451 1825 436 414 2305 1843 1528 462 215 1753 46 358 219 247 141
is_linear=0
shrinkage=0.1


Tree=79
num_leaves=31
num_cat=0
split_feature=80 49 41 4 44 104 25 19 103 103 103 104 109 9 36 5 19 3 89 34 1 8 19 36 86 48 91 81 25 39
split_gain=585.169 1142.95 1548.41 1569.44 1542.64 1398.8 1393.79 1440.53 1329.16 1254.91 1120.04 1480.62 1749.95 1223.92 1641.69 1186.93 1030.27 1020.64 1558.7 1963.12 1714.5 1378.03 1418.36 1239.38 1783.98 1222.66 1205.97 1126.43 1121.77 994.593
threshold=2191.0500000000006 70.65000000000002 0.85116346823802058 36.08250000000001 0.68333333333333346 102.25000000000001 1.2746500939737988 0.70710678118654779 0.20100000000000004 0.51950000000000018 0.56500000000000006 109.25000000000001 22.175222450376456 6.2734005747533486 3.1000000000000005 12.453382017829531 3.570707350120379 15.344311287154307 40.500000000000007 1.1937500000000003 11.420945670127322 22.650000000000002 1.8437094529227334 1.5500000000000003 120.50000000000001 18.050000000000004 6.5000000000000009 1863.5000000000002 1.1897227048854206 0.83996703462282196
decision_type=10 10 10 10 10 2 10 10 2 2 2 2 2 10 10 10 10 10 10 10 10 10 10 10 10 10 10 10 10 10
left_child=-1 6 -3 4 -4 -5 7 9 -9 -2 11 -8 -13 14 -12 16 -15 18 29 20 26 22 -19 -23 -25 -22 -20 -26 -24 -7
right_child=1 2 3 5 -6 17 10 8 -10 -11 13 12 -14 15 -16 -17 -18 21 19 -21 25 23 28 24 27 -27 -28 -29 -30 -31
leaf_value=0.0020488074939619644 -0.026124510248856887 -0.82583071968772193 1.1201264536899069 -0.30222496169430396 0.19339119927594212 0.46235563239703581 -0.28980456477547267 0.41457509288394995 -0.14069942828218773 0.72437918830562287 -0.24913115620613102 0.69242859783514243 -0.020726752107109982 0.3768524214949297 0.53605051584340424 -0.2524772439301014 1.1237743507732045 0.97528211824797306 0.73822226650746803 -1.1458232458680868 0.09403630150803205 -0.69857829332351695 -0.33875308549031619 0.73334177703619374 -0.032242515884715869 -0.70592416884111509 -0.27848197758197785 0.4741206847861702 0.57188902112745477 0.0026206612122285154
leaf_weight=91117 56 22 23 143 82 48 166 44 2127 37 95 41 214 115 37 25 22 37 28 24 29 20 24 41 317 56 20 51 31 2397
leaf_count=91117 56 22 23 143 82 48 166 44 2127 37 95 41 214 115 37 25 22 37 28 24 29 20 24 41 317 56 20 51 31 2397
internal_value=1.27753e-10 -0.0292971 0.0103873 0.0158447 0.39639 0.00361035 -0.0744966 -0.112936 -0.129446 0.272463 0.0472196 -0.0573718 0.0939374 0.196992 -0.0290424 0.381167 0.496796 0.0176143 -0.00796659 -0.3134 -0.163189 0.145372 0.496564 0.0700576 0.107644 -0.432996 0.314595 0.0379328 0.174518 0.0116461
internal_weight=97489 6372 3393 3371 105 3266 2979 2264 2171 93 715 421 255 294 132 162 137 3123 2602 157 133 521 92 429 409 85 48 368 55 2445
internal_count=97489 6372 3393 3371 105 3266 2979 2264 2171 93 715 421 255 294 132 162 137 3123 2602 157 133 521 92 429 409 85 48 368 55 2445
is_linear=0
shrinkage=0.1


Tree=80
num_leaves=31
num_cat=0
split_feature=36 12 27 105 94 30 14 80 21 40 23 14 81 19 80 42 104 97 13 52 4 35 7 89 9 73 28 88 82 86
split_gain=579.156 1372.63 981.398 976.488 1976.61 1400.6 1695.65 1471.34 1824.35 1967.47 1394.77 1330.2 1544.09 1234.26 1529.81 1233.76 1228.8 1604.68 1896.54 1992.22 1682.25 1353.59 1193.27 1167 1365.1 1120.65 1118.74 1541.99 1380.58 1209.09
threshold=0.45000000000000007 13.100000000000001 1.730445569110435 0.45000000000000007 5.5000000000000009 1.0000000180025095e-35 9.8500000000000032 2225.7500000000005 3.1841563400744577 3.5227272727272729 1.7316708885316061 10.950000000000001 1307.5000000000002 4.312756147804623 73.050000000000026 2.5500000000000003 108.05000000000001 12.500000000000002 2.5132957790129056 21.500000000000004 29.617500000000003 1.7899570253496859 14.812156784387836 42.500000000000007 11.161690297554662 9.5000000000000018 0.97500000000000009 18.050000000000004 390.50000000000006 150.50000000000003
decision_type=10 10 10 10 10 10 10 10 10 10 10 10 10 10 8 10 2 2 10 10 10 10 10 10 10 8 10 10 8 10
left_child=1 2 -1 16 13 -6 7 10 9 -9 -7 -8 -13 22 -15 -11 17 20 26 -20 -2 25 -5 24 -12 -22 28 -28 29 -19
right_child=3 -3 -4 4 5 6 11 8 -10 15 23 12 -14 14 -16 -17 -18 18 19 -21 21 -23 -24 -25 -26 -27 27 -29 -30 -31
leaf_value=-0.017530657649619485 -0.049230195654309326 -0.84854836106300358 -0.46600033088910336 0.013662575074419706 0.40438607000789156 -0.31486749186531293 0.74813437689034668 -0.54741307610743928 -0.87523149336512029 0.987652843906766 0.14437803532873447 -0.0023673801038127679 0.78272913834362323 -0.76446993761771442 -0.096261751491648853 -0.096326477328936261 0.0014725089668968798 0.15049133330432768 -0.058338359951339937 -0.82842234022477101 -0.19522354511041937 -0.7503180152108504 -0.24371286394352412 0.85115096799351952 -0.52609638012945659 0.45829960463775532 -0.27759372805083932 0.027999585838865939 -0.19095153928423922 0.85537703990936276
leaf_weight=11688 2644 20 49 37819 172 77 61 38 37 21 595 104 33 37 463 21 36160 914 2813 34 931 43 181 22 32 27 179 2129 120 25
leaf_count=11688 2644 20 49 37819 172 77 61 38 37 21 595 104 33 37 463 21 36160 914 2813 34 931 43 181 22 32 27 179 2129 120 25
internal_value=3.52377e-11 -0.0208134 -0.0194029 0.00285428 0.0143428 0.140031 0.0963526 0.0344994 -0.294593 -0.026048 0.0875349 0.359697 0.186743 0.0103828 -0.145709 0.445663 -0.00705996 -0.0383546 -0.00745591 -0.067535 -0.0910308 -0.201441 0.0124367 0.135278 0.110159 -0.176805 0.0433446 0.00429889 0.128441 0.169258
internal_weight=97489 11757 11737 85732 39713 1213 1041 843 117 80 726 198 137 38500 500 42 46019 9859 6214 2847 3645 1001 38000 649 627 958 3367 2308 1059 939
internal_count=97489 11757 11737 85732 39713 1213 1041 843 117 80 726 198 137 38500 500 42 46019 9859 6214 2847 3645 1001 38000 649 627 958 3367 2308 1059 939
is_linear=0
shrinkage=0.1


Tree=81
num_leaves=31
num_cat=0
split_feature=42 80 104 111 41 90 105 13 109 2 5 37 39 103 35 57 10 6 30 34 103 92 48 35 15 48 56 19 53 90
split_gain=579.756 1155.25 1099.97 1466.86 1283.11 1281.89 1270.35 1200.62 1250.92 1339.69 1189.4 1315.28 1235.52 1544.25 1216.31 1288.43 1057.81 1910.65 1794.81 1561.62 1484.87 1380.63 2006.33 1758.55 1660.26 1382.32 1332.99 1258.68 1209.6 1207.6
threshold=1.9000000000000001 17.250000000000004 113.85000000000001 7.5000000000000009 0.59869386556569859 15.500000000000002 0.63333333333333341 3.8546434438765464 27.943874058863795 24.41500000000001 14.105743041088724 2.6645164420321694 1.5057429613629392 0.36000000000000004 1.0234069615766179 19.500000000000004 21.025000000000002 16.225000000000005 1.5500000000000003 0.8377192982456142 0.59450000000000014 1.5000000000000002 24.550000000000004 0.80097773910573389 1.8272620441316243 12.950000000000001 1.0000000180025095e-35 3.8858505420655018 34.500000000000007 1.5000000000000002
decision_type=8 8 2 2 10 10 8 8 2 10 10 10 10 2 10 8 10 10 10 10 2 10 10 10 10 8 10 10 8 10
left_child=-1 -2 3 4 6 7 -3 16 9 -9 14 12 13 -12 -4 -16 17 -5 19 -19 27 22 23 25 -25 26 -22 29 -20 -18
right_child=1 2 10 5 -6 -7 -8 8 -10 -11 11 -13 -14 -15 15 -17 20 18 28 -21 21 -23 -24 24 -26 -27 -28 -29 -30 -31
leaf_value=0.0049074149972385336 -0.36398370358892668 0.11107459721656948 0.024707876678907392 -0.062773308700046604 0.0067679148569663051 0.55189034905698564 0.93712057265742077 -0.06153571923771365 0.11728531653466433 -0.38854083978343773 -0.25956287239958725 -0.57452721510614668 0.43402918505792815 0.31883202642918779 -0.16930551489763582 0.51607686193852587 0.12255717185807641 0.022492094775205605 -0.10795100247988137 0.24622854543468586 -0.075818603913250737 0.17518180994721366 0.3163720263032751 0.067228487957465027 -0.72647380073836387 -0.19313285520359927 0.49466586212317154 0.52112396359443669 -0.72188994726356204 -0.1781208271545339
leaf_weight=69389 93 52 6501 5077 7859 36 29 220 115 291 83 21 171 104 506 29 145 3552 93 342 95 327 110 38 86 281 72 28 49 1695
leaf_count=69389 93 52 6501 5077 7859 36 29 220 115 291 83 21 171 104 506 29 145 3552 93 342 95 327 110 38 86 281 72 28 49 1695
internal_value=7.03296e-11 -0.0121182 -0.0109498 -0.022842 0.010849 -0.0439854 0.406819 -0.0456858 -0.180696 -0.247756 0.0220758 0.19464 0.239759 0.0621113 0.0127805 -0.132154 -0.0386369 -0.0219478 0.0294078 0.0421423 -0.0915003 0.0062499 -0.0747482 -0.149964 -0.483242 -0.0577169 0.170139 -0.1443 -0.319803 -0.154426
internal_weight=97489 28100 28007 20592 7940 12652 81 12616 626 511 7415 379 358 187 7036 535 11990 9113 4036 3894 2877 1009 682 572 124 448 167 1868 142 1840
internal_count=97489 28100 28007 20592 7940 12652 81 12616 626 511 7415 379 358 187 7036 535 11990 9113 4036 3894 2877 1009 682 572 124 448 167 1868 142 1840
is_linear=0
shrinkage=0.1


Tree=82
num_leaves=31
num_cat=0
split_feature=24 8 36 49 16 88 36 85 32 28 6 22 82 106 21 103 47 3 45 18 106 12 37 92 5 90 32 30 21 21
split_gain=580.841 997.186 1168.51 1090.75 1481.23 1275.59 1207.9 1330.24 1006.25 1101.33 999.194 1882.26 1585.17 1153.07 1057.43 1564.41 1809.75 1807.58 1628.71 1189.11 1118.39 1321.27 1106.76 1042.53 1686.78 1369.28 971.627 1545.2 1647.47 1806.66
threshold=0.63333333333333341 33.95000000000001 3.6333333333333337 78.050000000000011 12.575000000000001 43.250000000000007 2.3666666666666671 81.500000000000014 0.47222222222222227 0.7947368421052633 28.900000000000002 6.9045454545454552 106.50000000000001 641.50000000000011 2.4081531845406459 0.55850000000000011 1.4969798664354272 10.088786404257931 1.5563326292120554 8.9000000000000021 380.50000000000006 7.5500000000000007 1.1178102700547354 1.0000000180025095e-35 11.784738529154417 6.5000000000000009 1.1055555555555558 1.2916666666666667 1.7575121394591104 1.4534378241651347
decision_type=8 10 10 10 10 10 10 10 10 10 10 10 10 2 10 2 10 10 10 10 2 10 8 10 10 10 10 10 8 10
left_child=1 2 3 26 6 -6 -5 8 -8 -10 14 13 -13 -12 22 16 23 -18 20 -19 -17 -22 -4 24 25 -16 -1 -28 29 -29
right_child=-2 -3 10 4 5 -7 7 -9 9 -11 11 12 -14 -15 15 18 17 19 -20 -21 21 -23 -24 -25 -26 -27 27 28 -30 -31
leaf_value=0.01142237573025825 -0.0065995436406269207 -0.51704602630601992 -0.35979276525608284 0.65255332436412583 0.28662492367956371 -0.4202460940359003 0.6226678598494757 0.84467367063397958 0.38716204716609076 -0.39820803003875832 -0.1394203530387445 0.019217471957206727 -1.0510237939896123 0.56621100266464053 0.56421684835638319 0.44948772278524213 -0.18879122018814087 1.0589688590594701 0.08760835430895289 0.12212663769721986 1.6650822704488579 0.62948490210941865 0.12026476265343487 0.18992699106577143 -1.0877291616254852 -0.48160525656515552 -0.11856247231456662 -0.0018497711253969438 -0.14615980424721772 0.21230291859325714
leaf_weight=34886 56319 36 57 80 45 59 21 23 26 57 55 25 31 40 21 62 30 42 60 20 22 28 305 58 23 31 1552 2382 621 472
leaf_count=34886 56319 36 57 80 45 59 21 23 26 57 55 25 31 40 21 62 30 42 60 20 22 28 305 58 23 31 1552 2382 621 472
internal_value=7.48575e-12 0.00902793 0.00948834 0.00695325 0.193504 -0.114388 0.348194 0.156471 0.00427289 -0.152188 0.121545 -0.113384 -0.573238 0.157688 0.168283 0.280993 0.107432 0.448429 0.508036 0.756762 0.733265 1.08515 0.0446756 -0.128445 -0.374653 -0.059254 0.00549965 -0.0356024 0.00144909 0.0335672
internal_weight=97489 41170 41134 40224 311 104 207 127 104 83 910 151 56 95 759 397 225 92 172 62 112 50 362 133 75 52 39913 5027 3475 2854
internal_count=97489 41170 41134 40224 311 104 207 127 104 83 910 151 56 95 759 397 225 92 172 62 112 50 362 133 75 52 39913 5027 3475 2854
is_linear=0
shrinkage=0.1


Tree=83
num_leaves=31
num_cat=0
split_feature=14 107 104 3 83 34 55 87 11 15 73 85 45 85 82 8 81 22 19 82 30 11 14 72 26 93 11 13 39 102
split_gain=569.33 548.97 995.329 1158.22 1552.18 1613.43 1298.78 1133.35 1005.88 2126.62 2002.08 1561.3 1267.75 1198.9 1173.25 1154.48 1557.73 1129.26 1112.53 1043.45 1012.13 1549.77 1413.77 979.465 957.386 955.358 1038.82 951.553 930.052 1119.52
threshold=17.950000000000003 2021.5000000000002 112.75000000000001 9.551803203540091 347.50000000000006 0.69615384615384623 28.500000000000004 1.5000000000000002 7.4906959751660365 4.3537976442773756 6.5000000000000009 56.500000000000007 0.6324555320336761 68.500000000000014 432.50000000000006 14.422222222222224 637.50000000000011 9.5250000000000021 3.5496199210869155 279.50000000000006 0.90000000000000013 7.711577071921135 11.15 4.5000000000000009 2.7500000000000004 2.5000000000000004 6.4145188924080445 4.1952184631314529 1.5965606452621615 2.5000000000000004
decision_type=10 2 2 10 10 8 10 8 10 10 10 10 10 10 10 10 10 10 10 10 10 10 10 10 10 10 10 10 10 10
left_child=1 2 24 4 5 6 -4 27 10 12 13 14 -10 25 18 16 -15 20 -12 -11 22 -22 -14 -3 -1 -5 -27 -7 29 -23
right_child=-2 23 3 8 -6 7 -8 -9 9 19 11 -13 17 15 -16 -17 -18 -19 -20 -21 21 28 -24 -25 -26 26 -28 -29 -30 -31
leaf_value=0.0015062663557173404 -0.52062585949897766 -0.0092481420153456059 -0.015094427994821066 0.078696005576438618 -0.38908396863511635 0.12598135873115918 0.1035650042056236 -0.14505715218976492 -0.50494720614423938 1.0519415180597986 0.24528571639037644 0.9588670533043997 0.046797223913925871 -0.39622017235772033 -0.29085686368601665 -0.51501531690359126 0.52139426010685996 -0.45294969632075388 0.78606366569345654 0.14291161691527005 -0.86771105485303068 -0.073902992244008231 0.83989562729130629 0.51259044856867853 -0.25408815161430365 0.20508608515325344 0.88887174720394213 -0.50525411568008938 -0.32869148992002012 0.65256333771193853
leaf_weight=47820 21 40486 1800 1939 98 293 1892 893 51 28 281 35 987 37 35 65 37 52 44 23 28 79 23 36 147 95 29 26 80 29
leaf_count=47820 21 40486 1800 1939 98 293 1892 893 51 28 281 35 987 37 35 65 37 52 44 23 28 79 23 36 147 95 29 26 80 29
internal_value=-1.05895e-10 0.000112172 0.00644295 0.0369998 0.00497495 0.0128497 0.0457137 -0.0872608 0.0772785 0.00828759 0.113939 0.321247 -0.0160304 0.0767518 0.259256 -0.207515 0.062587 0.00348032 0.318499 0.641987 0.0228395 -0.173635 0.0648579 -0.00878454 0.00072297 0.095905 0.365004 0.0745327 -0.0702623 0.121167
internal_weight=97489 97468 56946 8979 5002 4904 3692 1212 3977 1380 2597 395 1329 2202 360 139 74 1278 325 51 1226 216 1010 40522 47967 2063 124 319 188 108
internal_count=97489 97468 56946 8979 5002 4904 3692 1212 3977 1380 2597 395 1329 2202 360 139 74 1278 325 51 1226 216 1010 40522 47967 2063 124 319 188 108
is_linear=0
shrinkage=0.1


Tree=84
num_leaves=31
num_cat=0
split_feature=36 14 88 91 105 81 23 9 36 50 2 12 81 35 5 35 11 1 106 43 109 38 88 9 103 0 51 111 19 47
split_gain=528.528 1220.18 915.346 785.829 1044.37 752.208 680.591 1574.94 920.67 1271.46 843.544 880.375 1205.98 1063.87 877.025 965.823 888.126 840.643 827.605 1175.83 1124.75 1097.5 1583.94 1076.08 903.444 1238.86 1005.52 1331.63 1535.47 1146.54
threshold=1.0000000180025095e-35 1.0000000180025095e-35 31.850000000000005 3.5000000000000004 0.55000000000000016 304.50000000000006 0.68694219605279438 7.8382962921351664 2.4500000000000006 10.15 41.665000000000013 12.300000000000002 281.50000000000006 1.3152272739361701 12.302155887035616 0.57287686026881068 5.3427713926518239 10.141252382269597 46.500000000000007 1.5543320308680684 20.297056810403834 4.2928571428571436 61.150000000000013 3.8557305873716907 0.67600000000000016 6.3100000000000014 53.550000000000004 1.5000000000000002 0.92592714937812726 1.2815932199788433
decision_type=8 8 10 10 10 8 8 10 10 10 10 10 10 10 10 10 10 10 2 10 2 10 10 10 2 8 10 2 10 10
left_child=2 -2 3 -1 -5 -4 7 8 9 10 11 14 -13 -14 15 -3 -16 -15 19 24 21 22 23 -20 26 -26 27 28 -8 -30
right_child=1 6 5 4 -6 -7 18 -9 -10 -11 -12 12 13 17 16 -17 -18 -19 20 -21 -22 -23 -24 -25 25 -27 -28 -29 29 -31
leaf_value=-0.049873206321491309 0.72936190625895625 -0.014482583760575244 -0.77772187917463242 -0.12216833579753127 0.72037644597791861 -0.022940713944642442 0.74500695752600832 0.52427783210330936 0.66532997048419462 -0.39439872492482697 -0.60824702203273784 1.0392036858201028 -0.45608784623444082 0.0082397458453973126 0.28140742059510487 0.09676963502707274 -0.38130143707270153 0.86403072909875345 -0.14550705266495545 -0.12262193979100806 0.00097734076620918935 0.69787704317734167 -0.61917895870283246 0.12393576089459944 0.45239917065016927 0.041630856431358415 -0.14527327016123043 -0.022244612286767388 -0.10357944454818246 0.73987130761146558
leaf_weight=1963 23 1464 31 28 31 23 48 67 23 69 20 20 20 24 26 1671 91 22 168 1159 80402 29 32 1259 80 893 656 7044 83 20
leaf_count=1963 23 1464 31 28 31 23 48 67 23 69 20 20 20 24 26 1671 91 22 168 1159 80402 29 32 1259 80 893 656 7044 83 20
internal_value=-1.0422e-10 0.00108609 -0.0499167 -0.0390654 0.320525 -0.456241 0.000910492 0.0440822 0.0347567 0.0305247 0.039256 0.0431356 0.358939 0.152798 0.034784 0.0448164 -0.234033 0.417531 -0.00074217 -0.0279255 0.00257168 0.0887195 0.0766115 0.0922144 -0.0154875 0.0754042 -0.026752 -0.0159458 0.277885 0.0601974
internal_weight=97489 95413 2076 2022 59 54 95390 3517 3450 3427 3358 3338 86 66 3252 3135 117 46 91873 9983 81890 1488 1459 1427 8824 973 7851 7195 151 103
internal_count=97489 95413 2076 2022 59 54 95390 3517 3450 3427 3358 3338 86 66 3252 3135 117 46 91873 9983 81890 1488 1459 1427 8824 973 7851 7195 151 103
is_linear=0
shrinkage=0.1


Tree=85
num_leaves=31
num_cat=0
split_feature=42 89 17 35 10 72 25 39 109 72 55 21 25 2 8 87 81 27 48 7 90 86 7 24 0 14 9 88 3 8
split_gain=518.811 1052.8 1081.93 1158.31 1072.45 1019.58 1063.29 1097.27 1505.99 1026.39 987.65 985.817 1196.53 979.568 965.579 1539.51 1172.77 1062.22 947.768 938.322 973.807 922.13 920.281 879.756 926.969 1185.84 944.709 891.61 877.461 870.93
threshold=3.4500000000000006 50.500000000000007 1.3140754260045575 0.82202764200834411 34.875000000000007 1.5000000000000002 1.9746794344808967 2.5484197567010503 27.883641341546888 1.0000000180025095e-35 70.500000000000014 1.714318016993259 1.3779271744364847 49.500000000000014 33.95000000000001 45.500000000000007 1307.5000000000002 1.3354134215912965 42.850000000000001 14.812156784387836 4.5000000000000009 350.00000000000006 9.1323584042661228 0.77500000000000013 32.922500000000007 8.0500000000000025 8.3652720226869643 36.050000000000004 13.313337088691421 16.31666666666667
decision_type=10 10 8 8 10 10 10 10 2 10 10 10 10 10 10 8 8 10 10 10 10 10 8 10 10 10 10 10 10 10
left_child=10 2 -2 4 5 6 7 18 -9 -8 14 -12 -13 -7 21 -16 -17 -18 19 -4 -21 -1 23 27 29 26 -26 -5 -3 -25
right_child=1 28 3 22 -6 13 9 8 -10 -11 11 12 -14 -15 15 16 17 -19 -20 20 -22 -23 -24 24 25 -27 -28 -29 -30 -31
leaf_value=0.0015387312670917897 0.37697624766057536 0.90067520913752641 -0.014968532190046117 -0.14686232616609715 0.42461228854251359 -0.16080267402964335 -0.1201738167140219 0.038065829291576293 1.049050695611083 -0.99987057447433481 -0.15977053195238114 0.86952923027480533 -0.058702657974901651 -0.80894437321910151 -0.71139528109330918 0.4505757341928342 -0.49742747314696045 0.34295194858596445 0.60957815982401375 -0.030306256327616132 -0.97217240645771941 0.5971599817276001 -0.32274870286781754 -0.16364856333959671 -0.48190414790768882 0.11585900643197085 -0.014248173451814495 0.44146319219940588 -0.0030309521016620455 0.75841071635484703
leaf_weight=92704 62 22 3299 47 53 171 36 41 23 21 28 41 21 27 49 34 53 21 24 23 21 26 238 21 148 76 61 57 21 20
leaf_count=92704 62 22 3299 47 53 171 36 41 23 21 28 41 21 27 49 34 53 21 24 23 21 26 238 21 148 76 61 57 21 20
internal_value=-3.39365e-11 -0.0331154 -0.0378536 -0.0436897 -0.02202 -0.0284421 -0.0159113 -0.00879484 0.401389 -0.444273 0.00160703 0.332715 0.555128 -0.249186 0.00128621 -0.2465 -0.0355749 -0.258941 -0.0165916 -0.021087 -0.479833 0.00170573 -0.164981 -0.0776586 -0.158448 -0.222406 -0.345411 0.175585 0.45933 0.286136
internal_weight=97489 4512 4469 4407 3739 3686 3488 3431 64 57 92977 90 62 198 92887 157 108 74 3367 3343 44 92730 668 430 326 285 209 104 43 41
internal_count=97489 4512 4469 4407 3739 3686 3488 3431 64 57 92977 90 62 198 92887 157 108 74 3367 3343 44 92730 668 430 326 285 209 104 43 41
is_linear=0
shrinkage=0.1


Tree=86
num_leaves=31
num_cat=0
split_feature=104 84 43 1 3 14 82 1 90 92 26 16 109 24 81 83 109 80 111 87 87 44 82 80 4 17 3 34 71 24
split_gain=518.881 939.219 843.702 812.88 982.144 808.342 1174.04 990.946 1298.89 1112.68 1230.07 1217.74 934.445 1247.46 924.166 1920.08 916.662 915.977 919.9 900.582 1076.91 1204.47 963.424 1469.6 1268.06 1532.42 1484.12 1153.19 1110.62 1060.04
threshold=104.75000000000001 118.50000000000001 1.297417464888168 7.7029864335715095 11.436241126776915 3.0500000000000003 4.5000000000000009 13.117697967888811 1.0000000180025095e-35 4.5000000000000009 2.0500000000000003 5.3535714285714286 26.355920602327178 1.7750000000000001 57.500000000000007 10.500000000000002 24.453114305270365 3294.4499999999994 1.5000000000000002 170.50000000000003 146.50000000000003 2.683333333333334 479.50000000000006 2484.0500000000006 37.377500000000019 4.7593397497103211 8.9718510415051913 2.6583333333333337 7.5000000000000009 2.2250000000000005
decision_type=2 10 10 10 10 10 8 10 10 10 10 10 2 10 8 8 2 10 2 10 10 10 10 10 10 10 10 10 10 10
left_child=1 5 3 -3 -5 -1 -7 8 -8 10 12 -12 14 -14 -9 -16 -17 19 -19 20 22 -22 23 27 25 26 -24 28 29 -10
right_child=-2 2 -4 4 -6 6 7 9 17 -11 11 -13 13 -15 15 16 -18 18 -20 -21 21 -23 24 -25 -26 -27 -28 -29 -30 -31
leaf_value=0.048348472191409461 0.0020592510116224168 -0.93255142340293296 -0.032311053221584646 0.064301830530166623 -0.69417022735841816 -0.69465609281151386 0.40083507510923577 -0.33654214157614604 -0.042014257055701956 0.62592646998889523 -0.87397686223740934 -0.08182860444421354 -0.32884175557168732 0.42162821723946503 0.83260652246443856 0.040555272512900989 0.31592854830251338 0.8503849782726981 -0.028218515561177184 -0.50013301121269138 0.89248637604713454 -0.062476990904126853 0.18347711018773158 0.33435939448730401 -0.4498496573833009 0.69136579309900603 -0.44589774519205094 0.50978269415242339 -0.31987910679743503 -0.26640802904231742
leaf_weight=1390 90295 26 93 38 31 27 62 43 3499 33 27 69 106 28 38 537 156 22 26 47 25 28 67 96 146 24 85 35 166 224
leaf_count=1390 90295 26 93 38 31 27 62 43 3499 33 27 69 106 28 38 537 156 22 26 47 25 28 67 96 146 24 85 35 166 224
internal_value=1.16813e-11 -0.0258465 -0.246421 -0.456023 -0.276461 -0.0199276 -0.0368265 -0.0336485 -0.0537462 0.054572 0.0357924 -0.30462 0.0717832 -0.172027 0.113993 0.140495 0.102544 -0.0600233 0.374475 -0.0647185 -0.0600621 0.387977 -0.0655311 -0.0521996 -0.231968 -0.0512248 -0.168476 -0.0616567 -0.0667995 -0.0555153
internal_weight=97489 7194 188 95 69 7006 5616 5589 4552 1037 1004 96 908 134 774 731 693 4490 48 4442 4395 53 4342 4020 322 176 152 3924 3889 3723
internal_count=97489 7194 188 95 69 7006 5616 5589 4552 1037 1004 96 908 134 774 731 693 4490 48 4442 4395 53 4342 4020 322 176 152 3924 3889 3723
is_linear=0
shrinkage=0.1


Tree=87
num_leaves=31
num_cat=0
split_feature=105 71 48 106 89 26 27 85 22 103 1 49 13 53 102 22 10 55 90 82 104 23 13 52 37 1 1 109 15 106
split_gain=514.955 1670.77 2058.07 2154.15 1144.82 1010.57 1064.14 1002.66 988.289 984.31 1598.44 1139.62 1040.62 1198.08 1128.52 956.828 1427.56 1320.18 1306.53 1314.12 1175.17 1603.61 1559.93 1212.52 1313.94 1206.21 1156.62 1140.07 1796.56 1535.2
threshold=0.22500000000000003 8.5000000000000018 9.9500000000000011 388.50000000000006 28.500000000000004 1.2928571428571431 1.2326528377441648 156.50000000000003 11.125000000000002 0.26200000000000007 6.1972574574153851 73.850000000000009 5.3150708251244296 61.500000000000007 194.50000000000003 8.5750000000000011 24.116666666666671 60.500000000000007 10.500000000000002 612.50000000000011 113.65000000000002 3.0426787521539924 2.0776550673994532 15.500000000000002 1.7604525947843548 8.7352160818564588 7.0178344223624611 23.264887063655035 2.6624934691584596 420.50000000000006
decision_type=8 10 10 2 10 10 10 10 10 2 8 10 10 8 8 10 10 10 10 10 2 10 10 10 10 10 10 2 10 2
left_child=1 7 3 -3 5 -4 -7 8 15 10 11 -2 13 -12 -15 16 17 -1 19 20 21 22 25 24 -23 26 -18 28 -22 -29
right_child=9 2 4 -5 -6 6 -8 -9 -10 -11 12 -13 -14 14 -16 -17 18 -19 -20 -21 27 23 -24 -25 -26 -27 -28 29 -30 -31
leaf_value=-0.014485651388588192 -0.052737585138964461 1.3279769250031177 0.097625409479448463 0.27539908094489474 0.59033560369695937 -0.86203978382624113 0.034289982307840278 0.59114488686124489 -0.41099047930911187 0.0015473469025884283 0.10398845451764971 -0.81965448513627059 0.51034170706741155 -0.86425193452835092 0.032446315791457896 0.12105224451750091 -0.25015123907725018 0.39265635368414226 -0.32471001623390816 0.71206599984850205 -0.69524818994104864 -1.1114911249705723 0.01517639621602793 0.10863321554802714 -0.2271221408886569 -0.10946330731713223 -0.84482167697800647 0.30020711697870867 0.39603633013638584 -0.060982533295540833
leaf_weight=17779 621 29 162 59 35 26 27 27 64 74279 2038 20 61 25 32 487 75 80 242 21 48 42 411 21 28 174 58 192 22 304
leaf_count=17779 621 29 162 59 35 26 27 27 64 74279 2038 20 61 25 32 487 75 80 242 21 48 42 411 21 28 174 58 192 22 304
internal_value=1.80121e-10 -0.0141225 0.20636 0.622271 0.0599594 -0.0263809 -0.405419 -0.0178348 -0.0186549 0.00374025 0.0619765 -0.0766663 0.103196 0.0913415 -0.360842 -0.0173985 -0.0208567 -0.0126618 -0.110205 -0.0730197 -0.0850101 -0.162337 -0.112215 -0.55781 -0.757744 -0.282761 -0.509481 0.0255158 -0.352273 0.0788328
internal_weight=97489 20413 338 88 250 215 53 20075 20048 77076 2797 641 2156 2095 57 19984 19497 17859 1638 1396 1375 809 718 91 70 307 133 566 70 496
internal_count=97489 20413 338 88 250 215 53 20075 20048 77076 2797 641 2156 2095 57 19984 19497 17859 1638 1396 1375 809 718 91 70 307 133 566 70 496
is_linear=0
shrinkage=0.1


Tree=88
num_leaves=31
num_cat=0
split_feature=109 34 37 10 103 1 6 22 82 38 37 3 37 35 86 103 16 86 32 27 28 38 93 39 103 3 1 104 6 89
split_gain=511.956 882.055 947.825 1409.03 1237.85 1181.89 1206.96 1112.45 1088.37 1031.8 981.385 978.415 1209.61 1279.14 1227.16 958.472 1681.05 1041.03 1238.59 1326.44 947.346 1352.07 1393.8 1333.83 1238.33 1160.4 1312.75 1137.15 1118.83 1450.43
threshold=31.563312799452433 0.14642857142857144 1.5543320308680684 27.575000000000006 0.55850000000000011 6.9429820667531104 27.900000000000002 7.0750000000000002 506.50000000000006 3.3166666666666669 3.1224887344895973 11.12169551422404 1.8482852758687625 0.52269066582384538 42.500000000000007 0.43500000000000005 6.5131578947368434 124.50000000000001 0.68333333333333346 0.96175944541781722 1.1464285714285716 1.6833333333333336 1.5000000000000002 1.4414292762296912 0.58700000000000008 11.474476506783615 9.0323308176793464 119.00000000000001 10.900000000000002 17.500000000000004
decision_type=2 10 10 10 2 10 10 10 10 8 10 10 10 10 10 2 10 8 10 10 10 10 10 10 2 10 10 2 10 10
left_child=-1 -2 3 20 5 6 -4 9 -6 -5 11 12 14 -14 -7 16 -13 18 -17 -20 21 -3 27 24 28 26 -26 -23 -22 -30
right_child=1 2 4 7 8 10 -8 -9 -10 -11 -12 15 13 -15 -16 17 -18 -19 19 -21 23 22 -24 -25 25 -27 -28 -29 29 -31
leaf_value=0.0019263143417863589 0.12094060830037706 -0.06133197608096317 -0.33901635551929177 -0.41240252626261542 0.10234329552637943 -0.24176979247404606 0.29825378043310985 -0.84962459704074722 0.72790709333173165 0.051234428189872276 -0.67449446678161618 0.25964715669934568 -0.71425625539638782 -0.1078160774882838 0.39221905667196821 -0.062052567033882601 -0.34182190361122289 0.75655753263613079 -0.036409321816071226 0.95286709467569985 -0.24008003447759357 0.16394052043319493 -0.21804555276076695 -0.30321488418652642 -0.36249155438792435 -0.60933454831441247 0.20058268493897208 -0.43636272703156326 0.33316146649929307 -0.039126483049480416
leaf_weight=91055 378 2144 197 112 679 49 35 32 29 84 20 104 44 166 81 83 84 41 23 33 131 721 129 308 94 66 74 33 161 299
leaf_count=91055 378 2144 197 112 679 49 35 32 29 84 20 104 44 166 81 83 84 41 23 33 131 721 129 308 94 66 74 33 161 299
internal_value=-8.67822e-11 -0.0272615 -0.0365119 -0.0609033 0.0276543 -0.046326 -0.242876 -0.302953 0.127967 -0.213701 0.0163109 0.0358252 -0.0864756 -0.23488 0.153254 0.148821 -0.00909434 0.313754 0.183143 0.546557 -0.0476371 -0.0184415 0.0857002 -0.125638 -0.0593424 -0.254048 -0.114471 0.137667 0.0177491 0.0911743
internal_weight=97489 6434 6056 4388 1668 960 232 228 708 196 728 708 340 210 130 368 188 180 139 56 4160 3027 883 1133 825 234 168 754 591 460
internal_count=97489 6434 6056 4388 1668 960 232 228 708 196 728 708 340 210 130 368 188 180 139 56 4160 3027 883 1133 825 234 168 754 591 460
is_linear=0
shrinkage=0.1


Tree=89
num_leaves=31
num_cat=0
split_feature=67 90 3 90 13 3 105 24 3 20 15 2 81 57 24 19 87 9 16 46 94 52 48 13 36 37 21 3 18 47
split_gain=532.859 1899.48 1666.26 1136.82 1571.35 1806.84 1290.58 1031.38 1281.98 1511.79 1302.9 1187.14 1135.1 1664.81 1005.31 973.001 1059.99 958.546 1117.34 1029.81 957.269 1152.28 941.726 936.088 927.875 1362.01 1239.18 1345.73 1148.68 926.267
threshold=5.5000000000000009 21.500000000000004 12.308799923368582 17.500000000000004 4.2543932443297976 12.255157644378148 0.90000000000000013 0.36666666666666675 13.091653405342161 6.0500000000000007 2.617401799439194 34.455000000000005 1046.5000000000002 13.500000000000002 1.7083333333333337 1.3779271744364847 20.500000000000004 3.5307040205948286 7.2052631578947377 0.44722222222222224 6.5000000000000009 4.5000000000000009 50.900000000000013 5.059634605717835 2.9000000000000004 1.8027222972291639 1.4161750273926363 9.9701666095456023 2.2250000000000005 1.3950098240395692
decision_type=10 10 10 10 10 10 8 10 10 10 10 8 10 10 10 10 10 10 10 8 10 10 10 10 10 10 10 10 8 10
left_child=14 3 -3 7 5 -5 15 8 9 12 -11 -10 13 -2 22 -6 -17 18 -16 23 -21 -22 -1 24 26 -26 27 -19 -28 -24
right_child=1 2 -4 4 6 -7 -8 -9 11 10 -12 -13 -14 -15 17 16 -18 19 -20 20 21 -23 29 -25 25 -27 28 -29 -30 -31
leaf_value=-0.0016394901773292064 0.20065022483826259 -1.2621639685971398 -0.17120702607291086 0.31003440515862574 0.94418432660724805 -0.65585491613430147 -0.28043375045061109 0.0086337903083007466 -0.44228191971778874 0.022291581383482976 -0.93507051226638616 0.24618503978619211 -0.21098240959857192 0.73743665128946301 -0.16675003512475128 -0.16763044953346254 0.66242544382810598 0.68149322023571923 -0.86565837061405182 -0.064719746863543079 -0.20338028676807884 0.78327098370626058 0.065645702910977752 0.53411742527451789 0.71652288508156081 -0.10471199187967513 -0.65888532510934739 -0.0036643716095145357 -0.057136000131859502 0.7969548653425842
leaf_weight=70746 520 21 42 45 46 34 20 21485 70 44 21 39 56 65 269 25 40 43 25 3290 20 29 43 45 46 36 39 86 170 29
leaf_count=70746 520 21 42 45 46 34 20 21485 70 44 21 39 56 65 269 25 40 43 25 3290 20 29 43 45 46 36 39 86 170 29
internal_value=-1.60594e-10 0.0134686 -0.534859 0.0150032 0.246584 -0.105665 0.459008 0.0128224 0.123242 0.172522 -0.28701 -0.19595 0.219121 0.260293 -0.00405822 0.592241 0.343173 -0.052214 -0.226181 -0.0387686 -0.0581853 0.380556 -0.00127161 0.100656 0.0542139 0.355981 -0.0189958 0.224721 -0.169424 0.360201
internal_weight=97489 22573 63 22510 210 79 131 22300 815 706 65 109 641 585 74916 111 65 4098 294 3804 3339 49 70818 465 420 82 338 129 209 72
internal_count=97489 22573 63 22510 210 79 131 22300 815 706 65 109 641 585 74916 111 65 4098 294 3804 3339 49 70818 465 420 82 338 129 209 72
is_linear=0
shrinkage=0.1


Tree=90
num_leaves=31
num_cat=0
split_feature=110 11 32 85 72 102 82 45 19 19 41 6 18 104 2 51 13 0 14 48 37 52 52 17 14 16 45 9 19 86
split_gain=510.994 1009.23 891.719 1385.23 935.019 1015.42 862.044 796.778 792.672 1820.65 791.117 816.831 754.941 733.488 682.922 933.631 957.985 912.342 1012.58 981.213 869.559 851.015 905.656 893.986 1231.35 820.015 802.019 927.604 1180.8 1118.28
threshold=73.500000000000014 8.0376580269230384 0.18333333333333338 16.500000000000004 1.5000000000000002 7.5000000000000009 236.50000000000003 1.2671032908556688 4.110942966000751 3.9242626900637481 1.804029002947442 12.900000000000002 3.1000000000000005 109.85000000000001 38.045000000000016 51.350000000000001 1.1474379817391951 16.610000000000003 1.7071428571428573 6.2500000000000009 1.6380804171854755 1.0000000180025095e-35 2.5000000000000004 2.2314185840186407 2.683333333333334 2.0513157894736849 1.3395671481745666 4.2901464722126743 2.9580278177943957 42.500000000000007
decision_type=2 10 8 10 10 10 10 10 10 10 10 10 10 2 10 8 10 10 10 10 10 10 10 8 10 10 10 10 10 10
left_child=1 2 3 6 5 -4 8 -6 9 14 11 12 -3 -7 15 17 20 21 -19 26 25 23 -23 24 -1 -17 27 -20 -29 -30
right_child=-2 10 4 -5 7 13 -8 -9 -10 -11 -12 -13 -14 -15 -16 16 -18 18 19 -21 -22 22 -24 -25 -26 -27 -28 28 29 -31
leaf_value=0.0015655956867556631 0.0017519624904886622 -0.21360941021530719 -0.061878168230880673 0.78980061262846002 -0.010021638444491797 0.002950597351247614 0.60735823313395187 0.77518814935659375 -0.31972596853563234 0.86363920617103584 -0.53714797804432535 -0.27211326968352328 0.49939652518792593 -0.57026112217834035 -0.35257390354616713 0.6565450432319796 0.037619723283390714 -0.39911791802825114 -0.13287404323722016 -0.26714768476232126 0.73752727881073954 0.52128261188045144 -0.16932358355433852 0.47002695053815846 -0.55367034501950474 0.092835428077098617 -0.35849107167400096 0.39818710987530059 0.38756607494183948 -0.56389231681823737
leaf_weight=815 92096 27 2145 23 28 33 24 24 73 25 62 122 33 69 52 31 831 114 113 167 34 64 27 38 42 154 46 126 21 30
leaf_count=815 92096 27 2145 23 28 33 24 24 73 25 62 122 33 69 52 31 831 114 113 167 34 64 27 38 42 154 46 126 21 30
internal_value=1.59805e-11 -0.0299182 -0.0205011 0.0168755 -0.0668358 -0.0765373 0.0105871 0.352383 0.00547735 0.0141733 -0.228641 -0.123545 0.178544 -0.38481 0.00632238 0.0133569 0.0866547 -0.0346548 -0.130024 -0.0690364 0.272719 0.0250235 0.316377 -0.00460019 -0.0256455 0.187295 0.0294296 0.0909618 0.233863 -0.172115
internal_weight=97489 5393 5149 2850 2299 2247 2827 52 2803 2730 244 182 60 102 2705 2653 1050 1603 617 503 219 986 91 895 857 185 336 290 177 51
internal_count=97489 5393 5149 2850 2299 2247 2827 52 2803 2730 244 182 60 102 2705 2653 1050 1603 617 503 219 986 91 895 857 185 336 290 177 51
is_linear=0
shrinkage=0.1


Tree=91
num_leaves=31
num_cat=0
split_feature=34 7 19 36 86 103 44 106 8 49 50 54 94 103 83 53 3 43 24 18 27 21 89 93 28 36 104 5 90 13
split_gain=510.425 1085.5 945.667 2535.9 1269.85 1195.23 1487.26 1238.93 1608.78 1530.36 1317.85 1206.77 1719.45 1476.22 1181.5 1488.51 1527.33 1382.47 1272.42 1202.31 1662.36 1173.82 1154.29 1312.7 1377.27 1308.6 1140.21 1099.31 1076.98 1066.37
threshold=0.97500000000000009 1.7604525947843552 2.2041230063145054 5.1000000000000005 248.50000000000003 0.5525000000000001 1.4142857142857144 216.50000000000003 25.350000000000005 80.750000000000014 9.5000000000000018 3.5000000000000004 3.5000000000000004 0.72700000000000009 74.500000000000014 42.500000000000007 9.4169557476083785 1.607065995969821 0.22500000000000003 4.7083333333333348 0.94574616981628878 1.2888391932218626 22.500000000000004 4.5000000000000009 0.65833333333333344 2.3666666666666671 118.25000000000001 8.9755633161265056 6.5000000000000009 3.1780107723513216
decision_type=8 8 8 10 10 2 10 2 10 8 10 10 10 2 10 10 10 10 10 10 10 10 8 10 8 10 2 10 10 10
left_child=-1 -2 4 22 5 6 7 8 9 -3 -9 -7 13 -13 17 16 19 18 -8 -16 -21 -14 26 24 25 -24 -4 -18 -17 -23
right_child=1 2 3 -5 -6 11 14 10 -10 -11 -12 12 21 -15 15 28 27 -19 -20 20 -22 29 23 -25 -26 -27 -28 -29 -30 -31
leaf_value=0.0032982405320548316 -0.18455961775683846 -0.0067833658279807104 -0.0942578528763236 -1.0864994827037058 0.56913279050435772 -0.048928465142361002 0.10720494596068474 0.080312505642526108 -0.83535666984060541 0.48402621837762694 0.65084101586807064 0.10619313338934218 -0.10533061392605306 -0.69345505306353938 -0.23068311674570718 -0.44257024140447704 0.93681026463923256 0.064060334278139217 -0.27784959429912892 0.81474763393402105 -0.31524424397427109 0.44134590393967099 0.98434657513030954 -0.75012060864405194 0.0028416641914092082 0.12736584560907618 -0.55723590563644065 0.21693015392705961 0.0053196982995746293 1.3130425681238591
leaf_weight=80718 373 2806 1620 24 39 5268 102 3234 23 65 41 206 20 26 148 93 23 241 541 30 23 36 28 22 1212 49 55 273 127 23
leaf_count=80718 373 2806 1620 24 39 5268 102 3234 23 65 41 206 20 26 148 93 23 241 541 30 23 36 28 22 1212 49 55 273 127 23
internal_value=-7.17786e-11 -0.0158743 -0.0120372 -0.0626836 -0.000650511 -0.00231517 0.0230402 0.0453282 -0.00234472 0.00432866 0.087455 -0.0376281 0.153787 0.0165774 -0.0628403 0.0325465 0.128409 -0.140207 -0.216768 -0.0843248 0.324374 0.556732 -0.0544547 0.0158231 0.0288958 0.438995 -0.10946 0.272867 -0.184016 0.78116
internal_weight=97489 16771 16398 3010 13388 13349 7770 6169 2894 2871 3275 5579 311 232 1601 717 497 884 643 201 53 79 2986 1311 1289 77 1675 296 220 59
internal_count=97489 16771 16398 3010 13388 13349 7770 6169 2894 2871 3275 5579 311 232 1601 717 497 884 643 201 53 79 2986 1311 1289 77 1675 296 220 59
is_linear=0
shrinkage=0.1


Tree=92
num_leaves=31
num_cat=0
split_feature=111 11 5 88 6 29 5 104 17 10 5 59 87 50 1 103 11 17 106 106 104 40 11 27 89 12 21 13 95 11
split_gain=518.608 1042.99 1027.83 890.328 799.503 795.842 778.143 838.688 834.193 1107.87 1035.5 1134.89 1148.86 1003.18 1104.71 955.09 946.891 870.072 845.068 830.222 916.944 839.62 810.417 807.498 1266.02 943.875 820.372 804.74 796.613 841.818
threshold=41.500000000000007 8.9792157621688258 14.534779975870071 51.050000000000004 18.675000000000004 0.94043231754460754 13.996448320483653 115.35000000000001 2.0674305274531908 9.2111111111111121 9.6839394983855716 16.500000000000004 6.5000000000000009 1.0000000180025095e-35 9.5777868005753195 0.76750000000000018 4.5246401403769907 2.5251310052156573 567.50000000000011 225.50000000000003 106.85000000000001 0.67543859649122817 7.4352467580576773 0.81988459163814553 25.500000000000004 1.2916666666666667 1.4414292762296912 2.4949899597988741 4.5000000000000009 6.3947964034867733
decision_type=2 10 10 10 10 10 10 2 8 8 8 10 10 10 10 2 8 10 2 2 2 8 10 10 10 10 10 10 10 10
left_child=-1 2 3 6 -3 -5 8 -8 15 18 11 12 -11 16 -15 23 -12 -16 -10 21 -21 -18 -14 24 25 -2 -26 -24 -27 -30
right_child=1 4 -4 5 -6 -7 7 -9 9 10 13 -13 22 14 17 -17 19 -19 -20 20 -22 -23 27 -25 26 28 -28 -29 29 -31
leaf_value=0.00294810176186267 -0.049160715501420073 -0.17202630766322105 -0.2850467804366989 -0.88525153994560246 -0.79327028850438419 -0.068037123405016386 0.59312044146449072 -0.14478016607463359 -0.0012863184502550765 -0.3901026625109395 0.43331861604625987 0.24780422072381453 -0.049010882977730069 -0.21134183305833076 0.80019929293663283 0.24115338428259903 -0.66774631928441663 -0.045793964862823493 -0.30436253221705556 -0.69053102811941747 -0.081118266394323846 -0.24806499451704381 0.7987019979050789 -0.033329324711867163 0.15830848537958586 0.076605100922012614 0.97819311911969076 -0.057508761826015657 0.030359944232084136 -0.58398781599918093
leaf_weight=83798 1026 89 140 22 27 26 43 24 4324 97 24 133 943 45 31 178 53 20 94 26 490 474 23 2841 26 2336 23 21 54 38
leaf_count=83798 1026 89 140 22 27 26 43 24 4324 97 24 133 943 45 31 178 53 20 94 26 490 474 23 2841 26 2336 23 21 54 38
internal_value=7.05445e-12 -0.0180443 -0.0154929 -0.012684 -0.316626 -0.442594 -0.0111426 0.328798 -0.0128525 -0.0373646 -0.0923665 -0.0278856 -0.061711 -0.159841 0.149791 0.012697 -0.1877 0.468437 -0.00773475 -0.20199 -0.111825 -0.290272 -0.0294375 0.00628694 0.0384165 0.0312561 0.543152 0.390056 0.0652378 -0.223392
internal_weight=97489 13691 13575 13435 116 48 13387 67 13320 6798 2380 1217 1084 1163 96 6522 1067 51 4418 1043 516 527 987 6344 3503 3454 49 44 2428 92
internal_count=97489 13691 13575 13435 116 48 13387 67 13320 6798 2380 1217 1084 1163 96 6522 1067 51 4418 1043 516 527 987 6344 3503 3454 49 44 2428 92
is_linear=0
shrinkage=0.1


Tree=93
num_leaves=31
num_cat=0
split_feature=67 10 4 106 82 86 29 27 37 6 7 51 61 83 44 2 56 29 55 15 43 111 29 110 15 89 65 84 86 80
split_gain=497.695 1027.73 898.742 1708.54 1388.59 1224.96 1132.12 1108.77 1042.9 1109.65 1277.44 1173.98 1105.25 1032.35 1330.11 1069.23 1101.82 1009.46 1379.3 1027.62 994.319 994.187 1195.71 2311.21 1073.11 985.612 979.481 972.313 1585.39 1301.09
threshold=4.5000000000000009 30.075000000000006 36.26250000000001 691.50000000000011 120.50000000000001 35.500000000000007 1.2778038643646477 1.1831231205715003 1.3227406337702019 24.300000000000001 8.2006091667825789 74.800000000000026 9.5000000000000018 377.50000000000006 2.9500000000000006 33.985000000000014 2.5000000000000004 1.0960414380584826 41.500000000000007 2.759543231788613 1.297417464888168 4.5000000000000009 0.31154763663392609 80.500000000000014 1.4414292762296914 31.500000000000004 2.5000000000000004 58.500000000000007 174.50000000000003 2128.0500000000006
decision_type=10 10 10 2 10 10 10 10 8 10 10 10 10 10 10 10 10 10 10 8 10 2 10 2 10 10 8 10 10 10
left_child=1 2 21 4 7 -6 13 8 9 10 17 -12 -10 15 25 -7 -17 18 -4 -20 -11 22 23 -1 -24 -15 -9 -23 29 -29
right_child=-2 -3 3 -5 5 6 -8 26 12 20 11 -13 -14 14 -16 16 -18 -19 19 -21 -22 27 24 -25 -26 -27 -28 28 -30 -31
leaf_value=0.098502733749474464 0.0076798541576959369 -0.72335461427457637 -0.17272333471311463 -0.78986298961024137 0.26206902597063725 0.25393489055466234 0.47822034751827069 0.5356391789881807 -0.35451904243464211 -0.82544510184276487 0.86369758569635458 -0.098544974837984356 -0.034621409803935112 0.22246218868872014 -0.31825413248118234 -0.12605941958876674 0.0016154193726630529 -0.66225041389465344 0.11767513578676658 0.96191239470527279 -0.098879192008947348 -0.0090395136874942949 -0.11060439722305662 1.2229450246989728 0.057237016198184991 0.90963099258286617 -0.035130083633379806 0.10246203271256892 0.72096015155119331 -0.25246708084957609
leaf_weight=68 45232 20 135 31 156 114 44 38 415 31 32 21 146 82 34 1281 1431 25 46 21 48 43035 431 25 3279 28 144 942 38 116
leaf_count=68 45232 20 135 31 156 114 44 38 415 31 32 21 146 82 34 1281 1431 25 46 21 48 43035 431 25 3279 28 144 942 38 116
internal_value=8.04707e-11 -0.00664744 -0.00637303 -0.0501519 -0.0447841 -0.0111692 -0.0253116 -0.14148 -0.186095 -0.0529995 0.0403864 0.482432 -0.271266 -0.0327714 0.228409 -0.0460799 -0.0586912 -0.0628224 0.0113642 0.382287 -0.383987 -0.00244304 0.0466162 0.400772 0.0377385 0.397378 0.0840415 -0.00667073 0.0863408 0.0635473
internal_weight=97489 52257 52237 4303 4272 3170 3014 1102 920 359 280 53 561 2970 144 2826 2712 227 202 67 79 47934 3803 93 3710 110 182 44131 1096 1058
internal_count=97489 52257 52237 4303 4272 3170 3014 1102 920 359 280 53 561 2970 144 2826 2712 227 202 67 79 47934 3803 93 3710 110 182 44131 1096 1058
is_linear=0
shrinkage=0.1


Tree=94
num_leaves=31
num_cat=0
split_feature=80 19 13 11 16 103 91 86 29 111 15 9 7 39 3 83 38 104 86 10 48 8 9 37 37 105 21 81 10 19
split_gain=504.756 1052.32 1875.76 1958.77 1580.84 1205.78 1299.78 1121.16 1030.58 1762.69 1005.44 984.638 1304.07 1281.33 1049.66 2028.25 2086.78 979.968 1816.85 1195.88 1646.98 1192.05 1466.84 1019.67 982.83 1502.15 1019 975.448 1599.3 1225.6
threshold=2191.0500000000006 3.3316324482458519 1.8818990709935315 7.3354679826933618 5.1055555555555561 0.38450000000000006 6.5000000000000009 143.50000000000003 1.3420501978246826 13.500000000000002 4.7252277651132406 4.8125991707147557 2.783867696928056 1.2526159490452955 15.344311287154307 90.500000000000014 1.788888888888889 115.35000000000001 162.50000000000003 32.375000000000007 29.750000000000004 28.050000000000004 5.6984401447801583 3.1463864143340428 1.1897227048854206 0.45000000000000007 2.4877467519526903 1353.5000000000002 29.625000000000004 4.1952184631314529
decision_type=10 10 10 10 10 2 10 10 10 2 10 10 10 10 10 10 10 2 10 10 10 10 10 10 10 8 10 10 10 10
left_child=-1 11 7 4 -4 -6 -7 -3 9 -8 27 12 13 -2 17 -16 -17 19 21 23 24 22 -19 -13 -21 -26 -27 29 -29 -5
right_child=1 2 3 10 5 6 8 -9 -10 -11 -12 14 -14 -15 15 16 -18 18 -20 20 -22 -23 -24 -25 25 26 -28 28 -30 -31
leaf_value=0.0019028356504557763 0.18116815109615741 1.0331878866255284 0.42867626924725144 0.075619434103181102 -0.71161138642917976 0.15599299160142741 -0.31267401928964417 0.25010732439447175 0.16682785004377365 -1.367794974371791 0.77706517266190578 -0.086900239751293018 0.13544767017815079 -0.49448876217421561 0.97353047082821531 -0.56049734168457543 0.10419456264050249 0.54908428165701129 -0.1689102458036863 0.31201129016280177 -1.2052545995939346 0.70234302785661484 -0.02538687089446244 0.463255763886606 -1.1552818185091018 -0.57830094264021947 0.26745631294003847 0.4261595903763693 -0.096673783864825974 -0.62835889015760693
leaf_weight=91117 46 20 34 79 55 72 76 213 27 20 23 3684 547 72 24 53 434 62 195 25 21 45 157 34 20 28 29 141 100 36
leaf_count=91117 46 20 34 79 55 72 76 213 27 20 23 3684 547 72 24 53 434 62 195 25 21 45 157 34 20 28 29 141 100 36
internal_value=-3.12302e-11 -0.0272098 0.0732548 -0.0125193 -0.211081 -0.298088 -0.181453 0.317325 -0.378982 -0.532491 0.136271 -0.0436481 0.0704066 -0.231097 -0.0594133 0.0760838 0.0318564 -0.0755154 0.0625826 -0.0920181 -0.398796 0.233572 0.137249 -0.0818692 -0.23276 -0.409634 -0.148003 0.0948712 0.209216 -0.144756
internal_weight=97489 6372 896 663 284 250 195 233 123 96 379 5476 665 118 4811 511 487 4300 459 3841 123 264 219 3718 102 77 57 356 241 115
internal_count=97489 6372 896 663 284 250 195 233 123 96 379 5476 665 118 4811 511 487 4300 459 3841 123 264 219 3718 102 77 57 356 241 115
is_linear=0
shrinkage=0.1


Tree=95
num_leaves=31
num_cat=0
split_feature=100 32 41 21 77 41 109 7 73 28 50 81 2 103 69 41 34 31 29 22 23 56 0 24 47 29 31 86 35 39
split_gain=496.979 804.257 1292.38 1728.17 1285.86 1356.84 1280.25 1317.76 1220.83 1228.58 1238.84 1152.01 1145.48 1125.27 1094.96 1064.08 1149.84 1078.9 1198.66 1057.04 1030.4 1012.37 1551.6 1771.72 1002.02 1271.94 1188.09 1584.96 1431.47 1270.39
threshold=1.0000000180025095e-35 1.2111111111111115 0.94520927215762529 1.714318016993259 1.0000000180025095e-35 1.605185168213499 21.263518138261471 7.1693759394958292 7.5000000000000009 0.75735294117647067 2.0500000000000003 1173.5000000000002 51.835000000000008 0.72700000000000009 3.5000000000000004 1.0464164822528808 1.8117647058823532 0.64222852518808682 1.2815932199788433 0.51315789473684215 1.2753683057352989 5.5000000000000009 50.310000000000009 1.1000000000000003 1.2529662612913215 1.3198868466478635 1.9746794344808967 141.50000000000003 1.8210513599768416 1.1761495463774236
decision_type=2 10 10 8 10 10 2 10 10 10 10 10 10 2 10 10 10 10 10 10 10 10 10 10 10 10 10 10 10 10
left_child=1 -1 3 -3 6 8 7 19 9 10 -6 -8 -10 21 -12 16 -11 18 -17 -4 -21 -7 -23 -24 25 26 27 29 -28 -19
right_child=-2 2 4 -5 5 13 11 -9 12 15 14 -13 -14 -15 -16 17 -18 24 -20 20 -22 22 23 -25 -26 -27 28 -29 -30 -31
leaf_value=-0.0026820163606934601 0.0071241554829003344 -0.098839197598252257 -0.55889163381523554 -0.50644385760029154 -0.13826670677303093 0.033133586736508666 0.10290830510042666 -0.83559532681549042 0.65918082982301718 -0.08307987454978899 -0.41318020597100258 -0.59645516670619447 -0.15068194678714197 -0.4846869833968781 0.15008644318292316 -0.33167120190337301 0.63486436694860471 -0.39651074519623886 -1.1733643504912439 0.2469944009353974 -0.3715853662062914 0.94964993214234716 0.82826789565708325 -0.24284098180050548 -0.35446222692380158 0.21059539679589931 -0.88426959413163209 0.62044260546013164 0.052297472000122074 -0.053180535126226086
leaf_weight=43386 48852 781 36 120 475 628 1265 27 40 87 38 24 31 37 376 64 30 161 23 87 39 32 23 47 257 98 47 27 25 326
leaf_count=43386 48852 781 36 120 475 628 1265 27 40 87 38 24 31 37 376 64 30 161 23 87 39 32 23 47 257 98 47 27 25 326
internal_value=1.13251e-11 -0.00715565 -0.0441187 -0.153126 -0.0215404 -0.0605432 0.0542487 -0.188807 -0.102033 -0.116262 -0.0280597 0.0898868 0.305579 0.0533245 0.0983856 -0.184743 0.101008 -0.217266 -0.554188 -0.0810087 0.0555292 0.0805936 0.372798 0.109095 -0.186116 -0.122863 -0.178629 -0.125337 -0.559073 -0.166684
internal_weight=97489 48637 5251 901 4350 2872 1478 189 2105 2034 889 1289 71 767 414 1145 117 1028 87 162 126 730 102 70 941 684 586 514 72 487
internal_count=97489 48637 5251 901 4350 2872 1478 189 2105 2034 889 1289 71 767 414 1145 117 1028 87 162 126 730 102 70 941 684 586 514 72 487
is_linear=0
shrinkage=0.1


Tree=96
num_leaves=31
num_cat=0
split_feature=17 86 9 0 48 83 2 49 109 86 94 51 13 18 21 6 85 105 94 17 39 9 50 48 46 8 110 57 90 22
split_gain=494.528 1297.27 1960.79 1340.44 1027.32 864.22 613.784 608.38 759.157 536.815 489.891 1387.93 1212.07 1058.61 1039.06 1134.88 1441.03 996.543 1317.32 1150.41 1056.4 1042.8 975.425 1068.96 1821.31 1400.32 1076.07 980.09 974.445 990.188
threshold=5.41865682035096 95.500000000000014 7.3880529509850144 20.270000000000007 14.450000000000001 23.500000000000004 35.755000000000017 74.050000000000011 25.783709787816566 55.500000000000007 1.0000000180025095e-35 99.000000000000014 7.1937464455388271 2.9000000000000004 0.9689585494434233 12.633333333333335 113.50000000000001 0.45000000000000007 5.5000000000000009 1.3812164809546956 3.0147761617743982 11.161690297554662 17.850000000000005 28.250000000000004 2.9045454545454548 25.750000000000004 76.500000000000014 16.500000000000004 16.500000000000004 2.757352941176471
decision_type=10 10 10 10 10 8 10 10 2 8 10 10 10 10 8 10 10 10 10 10 10 10 10 10 10 10 2 10 10 10
left_child=10 2 3 -2 -3 6 -5 8 -7 -4 11 14 17 -13 15 -1 28 -12 20 -20 -19 -21 23 -16 25 27 -26 -25 29 -17
right_child=1 4 9 5 -6 7 -8 -9 -10 -11 12 13 -14 -15 22 16 -18 18 19 21 -22 -23 -24 24 26 -27 -28 -29 -30 -31
leaf_value=0.0041937811090844053 0.5943241664829354 0.61973590152604241 -0.52548858936016385 0.55390964567661294 -0.11788618717251756 0.083937603027066765 -0.18295022684794207 -0.88157664358615873 -0.57063013310670052 -1.2052631321407501 -0.0067406178255202363 0.0016875940561294556 0.37984517171632415 0.80105089045859668 -0.02797906477844779 0.11414250843754262 -0.55709900716940564 0.012538553324236257 0.87146691054105752 0.13026244600345047 0.65022359031897325 -0.26493945362072596 -0.48572694516700249 0.073969701696423043 1.1186395256607622 -0.33514338406578953 0.27304339844952613 0.65213759591182074 0.83780210256576548 0.80956205526987712
leaf_weight=6891 24 35 26 20 41 34 26 20 37 21 38408 30 86 37 17588 819 30 31665 20 1120 26 71 46 158 27 72 34 36 20 21
leaf_count=6891 24 35 26 20 41 34 26 20 37 21 38408 30 86 37 17588 819 30 31665 20 1120 26 71 46 158 27 72 34 36 20 21
internal_value=8.32611e-11 -0.131766 -0.260956 -0.0950665 0.221808 -0.215836 0.137424 -0.394406 -0.257175 -0.829218 0.000384975 -0.0114225 0.00465327 0.443127 -0.0126056 0.0179188 0.124187 0.00420079 0.0169732 0.119333 0.0130617 0.106703 -0.0258292 -0.0246484 0.154497 0.0414806 0.647324 0.181259 0.147953 0.131528
internal_weight=97489 284 208 161 76 137 46 91 71 47 97205 25809 71396 67 25742 7781 890 71310 32902 1211 31691 1191 17961 17915 327 266 61 194 860 840
internal_count=97489 284 208 161 76 137 46 91 71 47 97205 25809 71396 67 25742 7781 890 71310 32902 1211 31691 1191 17961 17915 327 266 61 194 860 840
is_linear=0
shrinkage=0.1


Tree=97
num_leaves=31
num_cat=0
split_feature=26 111 71 16 53 17 14 48 4 88 8 34 81 86 49 4 51 0 19 3 97 56 19 19 35 8 37 103 106 41
split_gain=493.855 892.413 1070.14 1876.69 1716.63 1070.84 1491.27 1340.54 997.063 966.983 949.763 1076.09 862.636 1122.36 1410.12 1104.95 1609.59 1295.68 1129.92 1244.31 1125.7 1128.67 1121.7 1198.25 1674.22 1125.1 1060.92 1392.46 1020.13 1377.46
threshold=0.95000000000000007 4.5000000000000009 8.5000000000000018 11.675000000000002 38.500000000000007 4.5784101614887982 12.850000000000003 18.650000000000002 52.487500000000004 74.65000000000002 33.45000000000001 0.29705882352941182 51.500000000000007 54.500000000000007 66.750000000000014 31.200000000000006 50.350000000000001 24.470000000000006 2.4949899597988741 9.5241943374419336 3.5000000000000004 1.0000000180025095e-35 3.0523202998496379 2.6645164420321699 0.747214234817975 25.550000000000004 1.3779271744364847 0.49400000000000005 68.500000000000014 1.2815932199788433
decision_type=8 2 10 10 10 10 10 10 10 10 10 10 8 10 10 10 10 10 10 10 2 10 10 10 10 10 10 2 2 10
left_child=1 2 5 4 -4 12 7 -7 -5 10 -3 -12 -1 14 -14 16 17 20 -18 -20 -15 -22 23 28 -25 26 27 -24 -17 -30
right_child=-2 9 3 8 -6 6 -8 -9 -10 -11 11 -13 13 15 -16 22 18 -19 19 -21 21 -23 25 24 -26 -27 -28 -29 29 -31
leaf_value=0.17073796759462009 -0.0086833075054682032 0.0012937945710059604 1.4672918874025347 0.30293575640491865 0.35383434456255702 0.29008099029461548 -0.21154651229198163 1.3318113911719551 -0.5829113904386759 0.64946188732333809 0.032498147934675217 -1.0048498463630675 -0.0082238435051318285 0.71161973694960279 -0.31895569112248623 0.22661290123440705 0.31854545534871054 -0.21947019328643758 0.46646985534359431 -0.2613334535817175 -0.013713659688563092 0.63961424390474964 0.29290297505183099 0.13581183494635574 -0.3954451068432745 0.41295918207477644 0.23290133806844274 -0.45663948709090407 -0.19151889858539703 0.039990014481819096
leaf_weight=409 39177 51085 20 27 45 30 26 21 24 23 20 20 2827 30 154 217 486 166 34 76 223 30 39 92 167 135 143 68 317 1358
leaf_count=409 39177 51085 20 27 45 30 26 21 24 23 20 20 2827 30 154 217 486 166 34 76 223 30 39 92 167 135 143 68 317 1358
internal_value=-1.03458e-10 0.00583389 0.0388891 0.340153 0.696437 0.0339308 0.404809 0.719029 -0.113933 0.00120404 0.0009124 -0.486176 0.0298341 0.0210518 -0.0242764 0.0587852 0.145319 0.00233145 0.25304 -0.0363761 0.132434 0.0637561 0.0231275 -0.00500916 -0.206736 0.180328 0.0547065 -0.183442 0.0226057 -0.00382391
internal_weight=97489 58312 7164 116 65 7048 77 51 51 51148 51125 40 6971 6562 2981 3581 1045 449 596 110 283 253 2536 2151 259 385 250 107 1892 1675
internal_count=97489 58312 7164 116 65 7048 77 51 51 51148 51125 40 6971 6562 2981 3581 1045 449 596 110 283 253 2536 2151 259 385 250 107 1892 1675
is_linear=0
shrinkage=0.1


Tree=98
num_leaves=31
num_cat=0
split_feature=107 104 81 35 95 107 3 20 89 51 37 2 44 35 8 100 87 23 1 107 90 0 109 111 83 39 19 9 19 39
split_gain=474.091 891.275 997.895 1009.66 1133.83 1273.64 2185.4 1480.02 1217.78 985.56 1136.26 1130.34 1110.68 1380.68 1287.26 1073.99 1189 1263.92 1344.93 1115.55 1063.97 1062.28 1294.85 965.113 949.292 936.503 915.547 1315.55 1041.29 939.172
threshold=2021.5000000000002 110.75000000000001 19.500000000000004 0.82601002110776411 2.5000000000000004 2019.5000000000002 8.1690132663934705 7.5357142857142865 19.500000000000004 70.050000000000011 2.9580278177943957 34.605000000000011 0.5277777777777779 0.5986938655656987 22.225000000000005 1.0000000180025095e-35 101.50000000000001 1.804029002947442 15.321096551171639 2018.5000000000002 4.5000000000000009 46.345000000000006 22.175222450376456 1.5000000000000002 395.50000000000006 1.5509204235016323 1.1474379817391951 7.4717988222091574 2.1794192844442732 2.2558511982631542
decision_type=2 2 8 10 10 2 10 10 10 8 10 8 8 10 10 2 10 10 10 2 10 10 2 2 10 10 8 10 8 10
left_child=1 -1 25 9 -5 6 8 23 -6 10 21 20 13 14 -13 16 26 -18 19 -19 -11 24 -23 -8 -4 -3 27 -14 -28 -30
right_child=-2 2 3 4 5 -7 7 -9 -10 11 -12 12 15 -15 -16 -17 17 18 -20 -21 -22 22 -24 -25 -26 -27 28 -29 29 -31
leaf_value=-0.0030502681237719355 -0.0082683543044000645 -0.057902803574856235 0.029525123057536462 0.011308984523588941 -0.074100255966186523 -0.20986309934807121 0.63099471443685995 0.9197511504093806 -1.0426771051883699 0.099398263114981539 0.63517387192095487 0.46000329143538771 0.020330180210823362 -0.45471326558915681 -0.24183186782257901 0.019449390041904192 -0.77529191479086879 0.63748844354539314 -0.66455318150313003 0.024000329109871349 0.42832993904335637 0.1219058993458748 -0.63176764138745822 0.012283697839913205 0.42199963155773379 -0.48299981153437072 0.027256491734665267 1.0018654139091572 0.24045545359193865 0.6753563363353412
leaf_weight=37729 40522 695 10266 4922 27 522 29 24 25 205 31 49 22 86 56 877 20 37 23 149 189 40 53 193 62 56 196 36 288 60
leaf_count=37729 40522 695 10266 4922 27 522 29 24 25 205 31 49 22 86 56 877 20 37 23 149 189 40 53 193 62 56 196 36 288 60
internal_value=7.36535e-11 0.00588148 0.0233982 0.0279885 -0.00682858 -0.115698 0.0492483 0.173755 -0.539762 0.0436747 0.0306498 0.103045 0.0710643 -0.157632 0.0856912 0.0966387 0.178101 -0.0158403 0.0568344 0.146038 0.257185 0.0288515 -0.307607 0.0931063 0.0318812 -0.0896011 0.251876 0.629559 0.211608 0.315438
internal_weight=97489 56967 19238 18487 5742 820 298 246 52 12745 10452 2293 1899 191 105 1708 831 229 209 186 394 10421 93 222 10328 751 602 58 544 348
internal_count=97489 56967 19238 18487 5742 820 298 246 52 12745 10452 2293 1899 191 105 1708 831 229 209 186 394 10421 93 222 10328 751 602 58 544 348
is_linear=0
shrinkage=0.1


Tree=99
num_leaves=31
num_cat=0
split_feature=104 47 21 37 87 106 42 45 86 7 5 11 103 87 23 88 29 48 65 69 9 86 11 6 85 89 1 38 23 33
split_gain=491.595 993.409 1107.95 1111.7 1105.68 1865.44 1421.4 1838.23 1279.72 1399.1 1523.9 1245.69 1171.12 1100.63 1366.98 1096.68 1410.92 1283.52 1154.38 1104.02 1011.78 986.607 1079.42 1039.28 1523.19 978.896 1363.51 946.005 2004.92 1469.44
threshold=114.25000000000001 0.46991528214774475 3.0304002658590568 2.0615171442623468 120.50000000000001 452.50000000000006 3.4500000000000006 1.5652465782067826 199.50000000000003 5.4543541314789801 8.472641730576024 8.9108892503581156 0.26200000000000007 11.500000000000002 1.4192787776102642 48.650000000000013 1.3223781467535418 13.550000000000002 3.5000000000000004 2.5000000000000004 4.0797594325087374 147.50000000000003 5.9200817750650199 14.900000000000002 18.500000000000004 21.500000000000004 11.750638280516826 1.1180555555555558 0.68694219605279438 1.9134024677363375
decision_type=2 8 10 10 10 2 10 10 10 10 10 10 2 10 10 10 10 10 10 10 10 10 10 10 10 10 10 10 10 10
left_child=-1 2 3 13 -3 6 8 -8 9 12 -11 -10 -6 27 -15 16 18 19 -12 -17 -7 22 -14 24 -24 -22 -27 -2 -29 -30
right_child=1 4 -4 -5 5 20 7 -9 11 10 15 -13 21 14 -16 17 -18 -19 -20 -21 25 -23 23 -25 -26 26 -28 28 29 -31
leaf_value=-0.003896239554416809 0.0096209304415117228 -0.0027258767325181186 0.49515666153471349 -0.27904846965874497 0.48440151322971697 -0.66111635909630706 -0.74946137614773978 0.060395298738493232 -0.60081200629472731 0.89234157505755629 0.09280524021800024 0.38851057220250373 -0.2753859189649423 0.91502873257679096 0.082623880863823787 1.4483555791278682 -0.46433972274815594 0.11290326692439892 0.45377313958971127 0.45551351706186938 0.080950129859977293 -0.59813946684201558 0.0018487731218338012 -0.031497472168794324 1.0850926515128878 -0.016430568588195277 -0.50111810526427103 -0.59684594861558959 0.17628434409176974 -0.37312142372715712
leaf_weight=74931 1655 17802 59 95 55 26 33 186 35 48 166 20 66 34 47 24 27 27 190 21 369 27 25 67 27 183 85 37 1071 51
leaf_count=74931 1655 17802 59 95 55 26 33 186 35 48 166 20 66 34 47 24 27 27 190 21 369 27 25 67 27 183 85 37 1071 51
internal_value=-2.63017e-11 0.0129422 0.0660248 0.057557 0.00464604 0.0815264 0.164833 -0.0616379 0.224951 0.258237 0.356446 -0.241058 0.0732219 0.0686028 0.432028 0.299912 0.232599 0.657982 0.285457 0.985029 -0.0496535 -0.0334521 0.0489617 0.228852 0.564302 -0.0246958 -0.170156 0.0581417 0.127427 0.151311
internal_weight=97489 22558 3049 2990 19509 1707 1044 219 825 770 503 55 267 2895 81 455 383 72 356 45 663 212 185 119 52 637 268 2814 1159 1122
internal_count=97489 22558 3049 2990 19509 1707 1044 219 825 770 503 55 267 2895 81 455 383 72 356 45 663 212 185 119 52 637 268 2814 1159 1122
is_linear=0
shrinkage=0.1


end of trees

feature_importances:
opponent_win_pct=156
fantasy_pts_rolling_20g_avg=137
fantasy_pts_lag_1=99
opponent_def_rating=95
days_rest=88
fantasy_pts_rolling_5g_avg=80
fantasy_pts_season_max=73
fantasy_pts_rolling_10g_avg=70
draft_pick_numeric=63
fantasy_pts_career_max=61
tov_rolling_5g_avg=60
fantasy_pts_rolling_10g_std=49
fantasy_pts_season_min=48
ast_rolling_5g_std=46
tov_season_cumulative_total=46
pts_rolling_20g_std=43
fantasy_pts_rolling_20g_std=40
career_games_played=40
age_at_game=40
tov_rolling_20g_avg=39
tov_rolling_20g_std=39
pts_rolling_20g_avg=38
pts_lag_1=38
tov_lag_1=36
season_start_year=36
tov_rolling_5g_std=34
fantasy_pts_rolling_5g_std=33
ast_rolling_10g_std=33
pts_season_max=33
reb_lag_1=33
home_game=33
pts_rolling_5g_std=32
pts_rolling_10g_avg=32
pts_rolling_10g_std=32
reb_rolling_10g_std=32
reb_rolling_10g_avg=31
pts_career_max=31
ast_season_cumulative_total=31
reb_rolling_5g_std=29
pts_season_cumulative_total=29
reb_rolling_20g_avg=28
reb_rolling_20g_std=27
ast_rolling_20g_std=27
stl_rolling_20g_avg=27
stl_rolling_20g_std=27
tov_rolling_10g_std=27
ast_rolling_20g_avg=26
stl_rolling_10g_std=26
tov_rolling_10g_avg=25
3pm_rolling_20g_std=25
fantasy_pts_season_cumulative_total=25
3pm_season_cumulative_total=25
pts_rolling_5g_avg=24
stl_rolling_5g_avg=24
blk_rolling_20g_std=24
reb_season_cumulative_total=24
blk_season_cumulative_total=23
stl_rolling_10g_avg=21
3pm_rolling_20g_avg=21
reb_season_max=21
blk_rolling_20g_avg=20
3pm_rolling_10g_std=20
stl_rolling_5g_std=19
3pm_rolling_10g_avg=19
blk_career_max=18
3pm_rolling_5g_std=17
3pm_rolling_5g_avg=16
reb_season_min=16
reb_career_max=16
stl_career_max=16
pts_season_min=15
opponent_recent_form=15
ast_rolling_5g_avg=14
blk_rolling_10g_avg=14
tov_season_max=14
SEASON_EXP=14
reb_rolling_5g_avg=13
height_inches=13
ast_rolling_10g_avg=12
blk_rolling_10g_std=12
ast_lag_1=12
blk_rolling_5g_avg=11
fantasy_pts_career_min=11
stl_season_cumulative_total=10
blk_rolling_5g_std=9
ast_season_max=9
WEIGHT=9
tov_season_min=8
ast_career_max=7
stl_lag_1=7
3pm_lag_1=7
blk_season_max=6
season_number=6
ast_season_min=5
tov_career_max=5
3pm_season_max=5
blk_lag_1=5
pts_career_min=4
stl_season_max=4
blk_season_min=4
3pm_career_max=4
3pm_season_min=2
FROM_YEAR=2

parameters:
[boosting: gbdt]
[objective: regression]
[metric: l2]
[tree_learner: serial]
[device_type: cpu]
[data_sample_strategy: bagging]
[data: ]
[valid: ]
[num_iterations: 100]
[learning_rate: 0.1]
[num_leaves: 31]
[num_threads: 10]
[seed: 42]
[deterministic: 0]
[force_col_wise: 0]
[force_row_wise: 0]
[histogram_pool_size: -1]
[max_depth: -1]
[min_data_in_leaf: 20]
[min_sum_hessian_in_leaf: 0.001]
[bagging_fraction: 1]
[pos_bagging_fraction: 1]
[neg_bagging_fraction: 1]
[bagging_freq: 0]
[bagging_seed: 400]
[bagging_by_query: 0]
[feature_fraction: 1]
[feature_fraction_bynode: 1]
[feature_fraction_seed: 30056]
[extra_trees: 0]
[extra_seed: 12879]
[early_stopping_round: 0]
[early_stopping_min_delta: 0]
[first_metric_only: 0]
[max_delta_step: 0]
[lambda_l1: 0]
[lambda_l2: 0]
[linear_lambda: 0]
[min_gain_to_split: 0]
[drop_rate: 0.1]
[max_drop: 50]
[skip_drop: 0.5]
[xgboost_dart_mode: 0]
[uniform_drop: 0]
[drop_seed: 17869]
[top_rate: 0.2]
[other_rate: 0.1]
[min_data_per_group: 100]
[max_cat_threshold: 32]
[cat_l2: 10]
[cat_smooth: 10]
[max_cat_to_onehot: 4]
[top_k: 20]
[monotone_constraints: ]
[monotone_constraints_method: basic]
[monotone_penalty: 0]
[feature_contri: ]
[forcedsplits_filename: ]
[refit_decay_rate: 0.9]
[cegb_tradeoff: 1]
[cegb_penalty_split: 0]
[cegb_penalty_feature_lazy: ]
[cegb_penalty_feature_coupled: ]
[path_smooth: 0]
[interaction_constraints: ]
[verbosity: -1]
[saved_feature_importance_type: 0]
[use_quantized_grad: 0]
[num_grad_quant_bins: 4]
[quant_train_renew_leaf: 0]
[stochastic_rounding: 1]
[linear_tree: 0]
[max_bin: 255]
[max_bin_by_feature: ]
[min_data_in_bin: 3]
[bin_construct_sample_cnt: 200000]
[data_random_seed: 175]
[is_enable_sparse: 1]
[enable_bundle: 1]
[use_missing: 1]
[zero_as_missing: 0]
[feature_pre_filter: 1]
[pre_partition: 0]
[two_round: 0]
[header: 0]
[label_column: ]
[weight_column: ]
[group_column: ]
[ignore_column: ]
[categorical_feature: ]
[forcedbins_filename: ]
[precise_float_parser: 0]
[parser_config_file: ]
[objective_seed: 16083]
[num_class: 1]
[is_unbalance: 0]
[scale_pos_weight: 1]
[sigmoid: 1]
[boost_from_average: 1]
[reg_sqrt: 0]
[alpha: 0.9]
[fair_c: 1]
[poisson_max_delta_step: 0.7]
[tweedie_variance_power: 1.5]
[lambdarank_truncation_level: 30]
[lambdarank_norm: 1]
[label_gain: ]
[lambdarank_position_bias_regularization: 0]
[eval_at: ]
[multi_error_top_k: 1]
[auc_mu_weights: ]
[num_machines: 1]
[local_listen_port: 12400]
[time_out: 120]
[machine_list_filename: ]
[machines: ]
[gpu_platform_id: -1]
[gpu_device_id: -1]
[gpu_use_dp: 0]
[num_gpu: 1]

end of parameters

pandas_categorical:[]
