tree
version=v4
num_class=1
num_tree_per_iteration=1
label_index=0
max_feature_idx=115
objective=regression
feature_names=fantasy_pts_rolling_5g_avg fantasy_pts_rolling_5g_std fantasy_pts_rolling_10g_avg fantasy_pts_rolling_10g_std fantasy_pts_rolling_20g_avg fantasy_pts_rolling_20g_std pts_rolling_5g_avg pts_rolling_5g_std pts_rolling_10g_avg pts_rolling_10g_std pts_rolling_20g_avg pts_rolling_20g_std reb_rolling_5g_avg reb_rolling_5g_std reb_rolling_10g_avg reb_rolling_10g_std reb_rolling_20g_avg reb_rolling_20g_std ast_rolling_5g_avg ast_rolling_5g_std ast_rolling_10g_avg ast_rolling_10g_std ast_rolling_20g_avg ast_rolling_20g_std stl_rolling_5g_avg stl_rolling_5g_std stl_rolling_10g_avg stl_rolling_10g_std stl_rolling_20g_avg stl_rolling_20g_std blk_rolling_5g_avg blk_rolling_5g_std blk_rolling_10g_avg blk_rolling_10g_std blk_rolling_20g_avg blk_rolling_20g_std tov_rolling_5g_avg tov_rolling_5g_std tov_rolling_10g_avg tov_rolling_10g_std tov_rolling_20g_avg tov_rolling_20g_std 3pm_rolling_5g_avg 3pm_rolling_5g_std 3pm_rolling_10g_avg 3pm_rolling_10g_std 3pm_rolling_20g_avg 3pm_rolling_20g_std fantasy_pts_season_min fantasy_pts_season_max fantasy_pts_career_min fantasy_pts_career_max pts_season_min pts_season_max pts_career_min pts_career_max reb_season_min reb_season_max reb_career_min reb_career_max ast_season_min ast_season_max ast_career_min ast_career_max stl_season_min stl_season_max stl_career_min stl_career_max blk_season_min blk_season_max blk_career_min blk_career_max tov_season_min tov_season_max tov_career_min tov_career_max 3pm_season_min 3pm_season_max 3pm_career_min 3pm_career_max fantasy_pts_season_cumulative_total pts_season_cumulative_total reb_season_cumulative_total ast_season_cumulative_total stl_season_cumulative_total blk_season_cumulative_total tov_season_cumulative_total 3pm_season_cumulative_total fantasy_pts_lag_1 pts_lag_1 reb_lag_1 ast_lag_1 stl_lag_1 blk_lag_1 tov_lag_1 3pm_lag_1 WEIGHT SEASON_EXP FROM_YEAR TO_YEAR home_game away_game days_rest opponent_win_pct opponent_def_rating opponent_recent_form career_games_played season_start_year season_number age_at_game height_inches draft_pick_numeric is_undrafted position_Center position_Forward position_Guard
feature_infos=[-1:80.739999999999995] [0:33.644568655282235] [-1:71.920000000000016] [0:27.550241983208302] [-1:69.315000000000012] [0:27.550241983208302] [0:52.200000000000003] [0:24.785076154815421] [0:45.899999999999999] [0:19.406757127923825] [0:42.950000000000003] [0:15.874839410708679] [0:21.600000000000001] [0:10.329569206893384] [0:19.300000000000001] [0:8.2219219164377861] [0:17.649999999999999] [0:7.7781745930520225] [0:18.800000000000001] [0:7.334848328356899] [0:16] [0:6.7330032922413849] [0:14.1] [0:5.6568542494923806] [0:5.7999999999999998] [0:4.2190046219457971] [0:4] [0:3.0550504633038935] [0:4] [0:3.0550504633038935] [0:6.5999999999999996] [0:4.9497474683058327] [0:5.2000000000000002] [0:4.9497474683058327] [0:5] [0:4.9497474683058327] [0:8.1999999999999993] [0:4.6151923036857303] [0:6.9000000000000004] [0:3.5355339059327378] [0:6.6500000000000004] [0:3.5355339059327378] [0:9.1999999999999993] [0:5.9413803110051786] [0:7.2000000000000002] [0:4.3153472887152686] [0:7] [0:4.2426406871192848] [-3.5:99.5] [-2:105.2] [-3.5:55.700000000000003] [-1:105.2] [0:50] [0:73] [0:27] [0:73] [0:23] [0:31] [0:12] [0:31] [0:17] [0:24] [0:9] [0:24] [0:7] [0:10] [0:4] [0:10] [0:9] [0:10] [0:5] [0:10] [0:9] [0:12] [0:6] [0:12] [0:8] [0:14] [0:7] [0:14] [-2:4882.8000000000011] [0:2779] [0:1229] [0:895] [0:177] [0:252] [0:460] [0:392] [-3.5:105.2] [0:73] [0:31] [0:24] [0:10] [0:10] [0:12] [0:14] [164:290] [1:22] [2003:2024] none [0:1] [0:1] [1:2024] [0.106:0.89000000000000001] [93.099999999999994:119.59999999999999] [0:1] [0:1541] [2003:2024] [1:22] [18.828199863107461:40.142368240930871] [72:88] [1:61] [0:1] [0:1] [0:1] [0:1]
tree_sizes=2825 2933 2942 2939 2934 2902 2951 2921 2936 2927 2963 2943 2948 2945 2931 2926 2949 2928 2959 2952 2912 2918 2929 2931 2953 2960 2943 2916 2937 2881 2904 2927 2922 2896 2936 2895 2895 2928 2907 2883 2913 2906 2835 2925 2866 2862 2890 2874 2879 2940 2853 2936 2875 2886 2883 2871 2891 2828 2834 2824 2837 2846 2850 2777 2883 2821 2885 2841 2813 2749 2853 2896 2787 2818 2796 2815 2851 2807 2848 2866 2821 2808 2819 2829 2853 2827 2830 2834 2826 2833 2840 2812 2867 2791 2813 2849 2830 2833 2824 2829

Tree=0
num_leaves=31
num_cat=0
split_feature=16 16 16 14 16 16 16 16 16 16 16 113 16 16 14 22 12 12 14 12 50 12 96 12 88 14 16 12 59 8
split_gain=472954 74033.6 69437 13077.9 12912.2 12520.6 8094.93 3141.43 2063.45 2048.8 1714.04 1443.19 1377.24 904.521 893.162 799.921 729.589 726.864 710.412 663.766 573.863 521.927 413.093 398.14 396.849 395.911 394.859 390.34 380.127 367.641
threshold=6.452272727272728 3.8062500000000004 9.4583333333333339 2.183333333333334 5.0250000000000012 11.725000000000001 7.8535714285714286 3.0250000000000004 5.9750000000000005 14.125000000000002 4.4058823529411777 1.0000000180025095e-35 1.552777777777778 7.3038461538461545 10.52777777777778 1.341666666666667 4.9000000000000012 6.7083333333333348 8.5277777777777803 3.5500000000000003 -1.3999999999999997 5.1000000000000005 236.00000000000003 4.7750000000000012 16.650000000000002 4.6125000000000007 15.875000000000002 6.6333333333333337 20.500000000000004 6.5277777777777786
decision_type=10 10 10 10 10 10 10 10 10 10 10 2 8 10 10 10 10 10 10 10 10 10 2 10 10 10 10 10 10 10
left_child=1 3 6 12 10 14 13 19 17 15 23 29 -1 27 -4 -7 24 25 -13 -5 -16 -12 -10 -3 -9 -6 -11 -2 -20 -8
right_child=2 4 5 7 8 9 11 16 22 26 21 18 -14 -15 20 -17 -18 -19 28 -21 -22 -23 -24 -25 -26 -27 -28 -29 -30 -31
leaf_value=4.8304619129580724 5.3335039234429589 5.0764161754392507 5.665582051494817 4.9539896518639344 5.152213442323804 6.0295950766634023 5.0655472554697258 5.0011703045070943 5.2734049409288533 6.0759202319795325 5.1300667363710888 5.51592963938959 4.903165529107647 5.4260606865092003 5.8967620728852861 5.8843931039847472 5.1123087746366913 5.2773950581059701 5.5640432242124636 5.0140294328963231 5.7301937312205524 5.180669910937107 5.3369081054043956 5.1197730235316294 5.0385086057306969 5.2127014061353965 6.2779168708711266 5.383516408468858 5.6463709900397143 5.47585520754828
leaf_weight=4516 2786 7649 3136 9807 1262 464 22 4014 2757 468 5775 1688 6159 3304 226 2081 1099 1596 1227 2267 2439 3150 1630 2929 9787 7590 122 3548 1033 2958
leaf_count=4516 2786 7649 3136 9807 1262 464 22 4014 2757 468 5775 1688 6159 3304 226 2081 1099 1596 1227 2267 2439 3150 1630 2929 9787 7590 122 3548 1033 2958
internal_value=5.19404 5.06295 5.5641 4.9661 5.16913 5.78877 5.44291 5.00317 5.23944 5.94979 5.11565 5.52536 4.87241 5.38364 5.70175 5.91087 5.03389 5.21528 5.56501 4.96526 5.74432 5.14793 5.297 5.08842 5.02765 5.20408 6.11769 5.36152 5.60167 5.47283
internal_weight=97489 71987 25502 37649 34338 8936 16566 26974 14835 3135 19503 6928 10675 9638 5801 2545 14900 10448 3948 12074 2665 8925 4387 10578 13801 8852 590 6334 2260 2980
internal_count=97489 71987 25502 37649 34338 8936 16566 26974 14835 3135 19503 6928 10675 9638 5801 2545 14900 10448 3948 12074 2665 8925 4387 10578 13801 8852 590 6334 2260 2980
is_linear=0
shrinkage=1


Tree=1
num_leaves=31
num_cat=0
split_feature=16 16 16 16 14 16 16 16 16 16 12 113 16 12 12 12 14 22 14 59 50 96 88 88 14 55 16 35 90 88
split_gain=383153 61250.5 54876.1 11016.5 10593.1 9028.26 7380.02 2585.32 2472.64 1552.92 1189.72 1146.47 1116.99 875.737 695.615 682.11 674.703 636.675 632.357 587.538 526.728 513.078 486.7 436.861 419.068 378.507 366.12 356.387 354.809 350.447
threshold=6.5131578947368434 3.8062500000000004 9.658333333333335 5.3535714285714286 2.183333333333334 11.825000000000001 8.1026315789473689 2.9045454545454548 4.4058823529411777 14.125000000000002 1.3666666666666669 1.0000000180025095e-35 7.4058823529411777 7.366666666666668 4.366666666666668 4.5500000000000007 10.52777777777778 1.341666666666667 8.6333333333333346 15.500000000000002 -1.3999999999999997 220.50000000000003 11.450000000000001 22.250000000000004 8.3166666666666682 45.500000000000007 5.9750000000000005 0.82049110696642413 14.500000000000002 20.850000000000005
decision_type=10 10 10 10 10 10 10 10 10 10 8 2 10 10 10 10 10 10 10 10 10 2 10 10 10 10 10 10 10 10
left_child=1 4 6 8 10 16 12 22 -3 17 -1 -8 24 19 -10 29 -4 -7 -13 -5 -18 -16 -6 -20 -2 -22 -21 -15 -19 -9
right_child=2 3 5 13 7 9 11 15 14 -11 -12 18 -14 27 21 -17 20 28 23 26 25 -23 -24 -25 -26 -27 -28 -29 -30 -31
leaf_value=-0.33103528553312955 0.15063195994241441 -0.095058823309276716 0.43253083465909292 0.030255446515374013 -0.24629303441561282 0.7568638881573877 0.26369922987056021 -0.17278814115043897 -0.065263571795595748 0.8312819521495346 -0.26265719868478116 0.30084572666693288 0.22346701506342923 0.085936698851419649 -0.035513496058224341 -0.095047997865934611 0.64106605352149182 0.59697890310906032 0.2870420010966323 0.048950515799927263 0.46832919460821643 0.011964950242664163 -0.19764513230174899 0.40279815576252898 0.26462979346513749 0.56211983501080354 0.11040977223166104 0.18442846588233172 0.69009562022539794 -0.14132909398988847
leaf_weight=4186 6255 10578 2622 5495 2820 453 2332 6306 3979 590 6489 1473 4004 748 5349 2176 253 1351 389 1855 1903 3962 7596 2014 340 556 2030 722 587 8076
leaf_count=4186 6255 10578 2622 5495 2820 453 2332 6306 3979 590 6489 1473 4004 748 5349 2176 253 1351 389 1855 1903 3962 7596 2014 340 556 2030 722 587 8076
internal_value=2.71002e-10 -0.116806 0.336474 -0.021002 -0.205152 0.5466 0.232518 -0.171782 -0.0589816 0.685985 -0.28947 0.319102 0.181804 0.0625462 -0.0302664 -0.147228 0.468702 0.650131 0.352436 0.0512994 0.503672 -0.0153106 -0.210816 0.384059 0.156509 0.489536 0.0810644 0.134312 0.625183 -0.155123
internal_weight=97489 72367 25122 34718 37649 8315 16807 26974 23868 2981 10675 6208 10599 10850 13290 16558 5334 2391 3876 9380 2712 9311 10416 2403 6595 2459 3885 1470 1938 14382
internal_count=97489 72367 25122 34718 37649 8315 16807 26974 23868 2981 10675 6208 10599 10850 13290 16558 5334 2391 3876 9380 2712 9311 10416 2403 6595 2459 3885 1470 1938 14382
is_linear=0
shrinkage=0.1


Tree=2
num_leaves=31
num_cat=0
split_feature=16 16 16 16 14 16 16 16 16 14 16 12 16 12 14 22 96 14 12 12 87 88 12 114 96 88 110 16 97 0
split_gain=310573 53629.1 41905 10404.1 7929.39 7155.12 5034.31 1992.59 1461.2 1352.47 1041.32 831.12 798.859 781.999 764.467 588.741 527.202 521.677 516.374 485.312 487.562 440.895 393.277 385.946 349.213 346.328 340.373 340.107 336.831 333.698
threshold=6.1583333333333341 9.0607142857142886 3.7029411764705888 11.575000000000001 2.0500000000000003 4.7573529411764719 7.6076923076923082 2.9045454545454548 14.125000000000002 5.4142857142857155 9.9250000000000025 4.7750000000000012 6.6076923076923082 9.2666666666666675 1.0500000000000003 1.3514705882352944 224.50000000000003 8.5277777777777803 3.3666666666666671 6.7083333333333348 19.500000000000004 11.450000000000001 13.500000000000002 1.0000000180025095e-35 205.50000000000003 12.350000000000003 79.500000000000014 4.3038461538461545 8.5000000000000018 17.122500000000006
decision_type=10 10 10 10 8 10 10 10 10 10 10 10 10 10 10 10 2 10 10 10 8 10 10 2 2 10 2 10 2 10
left_child=2 6 4 10 14 11 12 21 15 -7 -3 27 -2 23 -1 -5 -13 29 -9 -11 -21 -6 -12 -8 -23 -16 -20 -4 -17 -14
right_child=1 3 5 8 7 9 13 18 -10 19 22 16 17 -15 25 28 -18 -19 26 20 -22 24 -24 -25 -26 -27 -28 -29 -30 -31
leaf_value=-0.31756262099605287 0.094504687835679849 0.34434071504647118 -0.10331449521641028 0.671116152825733 -0.22185249096384016 -0.012213586509349806 0.26278754036407631 -0.15585480276214947 0.74815376348919793 0.030151289849215335 0.41649810288388001 -0.06399245286882925 -0.012710893176894151 0.30005655071687176 -0.27153010180976511 0.41885199533032547 0.0040486312057078843 0.26731666542388299 -0.12730490722285753 0.14612737628653574 0.048698142409190404 -0.19452204759277048 0.56677941381931307 0.20391694891788037 -0.15145226961421199 -0.22680890168304796 -0.068320476866534183 -0.067693622164167133 0.56403130885064312 0.14849274969271539
leaf_weight=2339 3739 2804 8146 518 3438 8302 1607 7111 590 5330 4030 4167 131 1700 3873 173 1567 370 6489 836 1332 5292 182 3627 2922 3132 1152 3995 2096 6499
leaf_count=2339 3739 2804 8146 518 3438 8302 1607 7111 590 5330 4030 4167 131 1700 3873 173 1567 370 6489 836 1332 5292 182 3627 2922 3132 1152 3995 2096 6499
internal_value=-8.22751e-10 0.280715 -0.113486 0.460973 -0.188893 -0.0334376 0.17471 -0.160875 0.605188 0.015591 0.391558 -0.0767747 0.131823 0.241131 -0.268063 0.574923 -0.045398 0.151757 -0.136461 0.046377 0.0862677 -0.191785 0.422992 0.221992 -0.179201 -0.251535 -0.118412 -0.0915934 0.552962 0.145308
internal_weight=97489 28066 69423 10393 35748 33675 17673 26404 3377 15800 7016 17875 10739 6934 9344 2787 5734 7000 14752 7498 2168 11652 4212 5234 8214 7005 7641 12141 2269 6630
internal_count=97489 28066 69423 10393 35748 33675 17673 26404 3377 15800 7016 17875 10739 6934 9344 2787 5734 7000 14752 7498 2168 11652 4212 5234 8214 7005 7641 12141 2269 6630
is_linear=0
shrinkage=0.1


Tree=3
num_leaves=31
num_cat=0
split_feature=16 16 16 16 14 16 16 16 16 12 16 12 12 14 16 59 22 96 90 59 16 12 47 50 0 96 16 0 16 103
split_gain=251724 45691.9 32227 8889.58 5859.03 5798.35 4027.94 1374.88 1183.57 1028.19 983.088 785.039 759.379 712.814 658.364 482.075 478.573 450.329 436.466 387.357 380.055 375.717 367.153 349.346 363.586 388.636 336.492 325.523 319.836 319.37
threshold=6.052777777777778 8.9750000000000014 3.6055555555555561 11.575000000000001 2.0500000000000003 4.7573529411764719 7.4058823529411777 2.757352941176471 14.125000000000002 5.9000000000000012 9.9250000000000025 4.7750000000000012 9.2666666666666675 7.0500000000000007 1.4522727272727274 15.500000000000002 1.341666666666667 224.50000000000003 6.5000000000000009 12.500000000000002 5.4058823529411777 3.7750000000000004 0.50544733132567321 -1.3999999999999997 50.770000000000017 242.50000000000003 4.3038461538461545 18.590000000000007 15.875000000000002 0.48100000000000004
decision_type=10 10 10 10 8 10 10 10 10 10 10 10 10 10 10 10 10 2 10 10 10 10 8 10 10 2 10 10 10 2
left_child=2 6 4 10 14 11 13 21 16 20 29 26 22 15 -1 -2 -5 -13 27 -11 -7 -6 -8 -12 25 -25 -4 -9 -10 -3
right_child=1 3 5 8 7 9 12 18 28 19 23 17 -14 -15 -16 -17 -18 -19 -20 -21 -22 -23 -24 24 -26 -27 -28 -29 -30 -31
leaf_value=-0.27273164488250534 0.055528395242750862 0.34545023595033153 -0.095367631430152977 0.60827694766533869 -0.18482770598036169 -0.022387830428426975 0.22830957093934623 -0.15609965225055394 0.6357464426475713 0.00035488076514000899 0.4886149959891502 -0.058744992447220062 0.26509336019125007 0.14576181146665221 -0.2188698981778513 0.11084491017360043 0.49852852567119621 0.0028395368852618288 -0.068598872464906188 0.064985914168729716 0.018076779098346315 -0.11603044442594324 0.17345319606827314 0.27804190042932986 0.43653341862303174 0.37355986266354407 -0.060924261314648724 -0.12368963085505019 0.81754344215647112 0.28113785949650499
leaf_weight=3885 2471 1298 9780 480 8461 6453 1690 4610 468 1251 280 4387 1656 3608 5457 4347 2307 1628 1089 3584 3625 876 4388 506 733 2693 3995 9455 122 1906
leaf_count=3885 2471 1298 9780 480 8461 6453 1690 4610 468 1251 280 4387 1656 3608 5457 4347 2307 1628 1089 3584 3625 876 4388 506 733 2693 3995 9455 122 1906
internal_value=1.92769e-10 0.247228 -0.104441 0.41018 -0.17389 -0.0367336 0.150381 -0.148188 0.544669 0.0103543 0.348937 -0.0722172 0.205062 0.109818 -0.241269 0.0907969 0.51743 -0.0420767 -0.12959 0.0482634 -0.00783294 -0.178373 0.188706 0.380693 0.373007 0.358451 -0.0853784 -0.134312 0.673338 0.307192
internal_weight=97489 28953 68536 10793 33833 34703 18160 24491 3377 14913 7416 19790 7734 10426 9342 6818 2787 6015 15154 4835 10078 9337 6078 4212 3932 3199 13775 14065 590 3204
internal_count=97489 28953 68536 10793 33833 34703 18160 24491 3377 14913 7416 19790 7734 10426 9342 6818 2787 6015 15154 4835 10078 9337 6078 4212 3932 3199 13775 14065 590 3204
is_linear=0
shrinkage=0.1


Tree=4
num_leaves=31
num_cat=0
split_feature=16 14 16 16 16 16 16 16 59 14 16 16 113 12 14 12 30 110 110 67 88 35 0 12 0 49 106 96 0 96
split_gain=204034 32773 29269.4 6477.12 5447.34 5428.91 3431.36 1187.5 1159.69 1051.57 808.595 783.81 629.909 604.932 597.823 590.358 475.613 403.773 402.461 383.257 368.75 349.572 369.016 348.267 318.467 301.361 300.37 297.039 318.708 288.512
threshold=6.5131578947368434 3.7071428571428577 9.4583333333333339 5.0250000000000012 11.825000000000001 2.5131578947368425 8.0250000000000021 1.6583333333333334 11.500000000000002 5.8166666666666673 14.125000000000002 3.2052631578947373 1.0000000180025095e-35 5.1000000000000005 8.0500000000000025 11.100000000000001 1.2916666666666667 80.500000000000014 77.500000000000014 2.5000000000000004 10.550000000000002 1.4265122173833114 53.230000000000011 8.5500000000000025 12.990000000000002 73.15000000000002 188.50000000000003 221.50000000000003 23.790000000000006 205.50000000000003
decision_type=10 10 10 10 10 10 10 8 10 10 10 10 2 10 10 10 10 2 2 10 8 8 10 10 10 8 2 2 10 2
left_child=1 5 6 8 15 7 14 -1 18 27 21 -7 -8 -10 17 19 -11 -2 -3 -4 -9 -6 26 25 -13 -14 -23 -5 -29 -22
right_child=2 3 4 9 10 11 12 20 13 16 -12 24 23 -15 -16 -17 -18 -19 -20 -21 29 22 -24 -25 -26 -27 -28 28 -30 -31
leaf_value=-0.23783217184929129 0.095608037990109182 -0.093149616600460672 0.082141372582442335 -0.011589004740053928 0.45231917412293249 -0.14001672412188509 0.18583163344375672 -0.20597753599720348 -0.045909477591872479 0.050493401919440496 0.60600453262106857 -0.14949799776794248 0.20465946948013083 0.006848851332078288 0.18048724577088127 0.37822620720030475 0.12491453442227077 0.13999387763097981 -0.054708772378802444 0.31664652827155954 -0.178942257779099 0.37331541722915218 0.40007892611886375 0.27694448466013832 -0.095797173938097752 0.43530182401507589 0.61057453871542866 -0.007457557152735857 0.046519891461842509 -0.13239041354143025
leaf_weight=5257 4099 6165 71 3894 1757 10727 2504 3174 6870 5578 590 1247 1423 3179 1868 2100 1015 4099 4879 3784 4133 61 147 2134 9653 59 426 1771 2861 1964
leaf_count=5257 4099 6165 71 3894 1757 10727 2504 3174 6870 5578 590 1247 1423 3179 1868 2100 1015 4099 4879 3784 4133 61 147 2134 9653 59 426 1771 2861 1964
internal_value=-3.87981e-10 -0.0852373 0.245537 -0.0179945 0.390807 -0.152586 0.165335 -0.199865 -0.0538006 0.0319597 0.501159 -0.120826 0.224385 -0.0292194 0.129434 0.335566 0.0619506 0.117801 -0.0761673 0.312327 -0.178336 0.475288 0.538941 0.251082 -0.101941 0.213842 0.580856 0.0087683 0.0258821 -0.163947
internal_weight=97489 72367 25122 36212 8936 36155 16186 14528 21093 15119 2981 21627 6120 10049 10066 5955 6593 8198 11044 3855 9271 2391 634 3616 10900 1482 487 8526 4632 6097
internal_count=97489 72367 25122 36212 8936 36155 16186 14528 21093 15119 2981 21627 6120 10049 10066 5955 6593 8198 11044 3855 9271 2391 634 3616 10900 1482 487 8526 4632 6097
is_linear=0
shrinkage=0.1


Tree=5
num_leaves=31
num_cat=0
split_feature=16 16 14 16 14 16 16 14 59 16 14 59 59 79 88 8 59 16 49 103 12 90 90 0 96 12 14 97 9 49
split_gain=165629 31534.9 20281.4 5896.39 4083.5 3322.9 2939.21 975.534 767.652 707.799 663.447 657.804 634.297 591.293 491.716 475.692 558.234 454.962 429.832 408.381 375.254 319.702 317.314 306.517 311.702 305.414 301.968 301.204 302.946 475.3
threshold=5.9750000000000005 8.9750000000000014 3.4142857142857146 11.475000000000001 4.6125000000000007 2.1026315789473689 7.3038461538461545 12.750000000000002 12.500000000000002 2.9045454545454548 10.15 12.500000000000002 15.500000000000002 3.5000000000000004 5.6500000000000012 7.0500000000000007 20.500000000000004 15.875000000000002 63.850000000000001 0.5525000000000001 5.9000000000000012 12.500000000000002 17.500000000000004 8.2900000000000027 218.50000000000003 6.366666666666668 6.5277777777777786 7.5000000000000009 6.4743075032554946 61.850000000000001
decision_type=10 10 10 10 10 8 10 10 10 10 10 10 10 10 10 10 10 10 10 2 10 10 10 8 2 10 10 2 10 8
left_child=2 6 5 10 11 14 12 22 -6 23 -3 -4 26 15 -1 -8 -17 27 -18 -12 -10 -15 -5 -7 -25 -14 -2 -9 -29 -30
right_child=1 3 4 7 8 9 13 17 20 -11 19 -13 25 21 -16 16 18 -19 -20 -21 -22 -23 -24 24 -26 -27 -28 28 29 -31
leaf_value=-0.22882241662266783 0.025363565516280068 0.25244804913782543 -0.078622908519321189 0.37200083749706048 -0.025771035466853623 -0.19880930689128284 0.030882122467362112 0.18070237534668518 0.0033437630051588391 -0.10669698183941667 0.34328663538613502 -0.039267506177568523 0.07682935452596959 0.1372757591696121 -0.18010542101456573 0.18391967472228327 0.27154406960907868 0.67518862033965155 0.64165032361492969 0.27391757031579056 0.043943375510550657 0.22277896444149567 0.55404312677827539 -0.14633178831205515 -0.1013906552135182 0.12028514621331106 0.080395385135984959 0.51562844135519126 0.15575771360650081 0.45507308710037081
leaf_weight=3153 2020 3818 14061 1563 6736 899 155 34 6296 10659 1941 6085 2701 5136 6042 1934 639 122 33 1508 3566 478 102 8202 1901 4031 1969 1025 58 622
leaf_count=3153 2020 3818 14061 1563 6736 899 155 34 6296 10659 1941 6085 2701 5136 6042 1934 639 122 33 1508 3566 478 102 8202 1901 4031 1969 1025 58 622
internal_value=-3.24942e-10 0.196023 -0.0866707 0.332652 -0.0364767 -0.146443 0.118802 0.438762 0.000250676 -0.125062 0.281166 -0.0667358 0.0841263 0.16319 -0.196811 0.201079 0.211202 0.488514 0.289719 0.312957 0.0180242 0.144556 0.383153 -0.142855 -0.137876 0.10285 0.0525277 0.475418 0.481295 0.429543
internal_weight=97489 29889 67600 10793 36744 30856 19096 3526 16598 21661 7267 20146 10721 8375 9195 2761 2606 1861 672 3449 9862 5614 1665 11002 10103 6732 3989 1739 1705 680
internal_count=97489 29889 67600 10793 36744 30856 19096 3526 16598 21661 7267 20146 10721 8375 9195 2761 2606 1861 672 3449 9862 5614 1665 11002 10103 6732 3989 1739 1705 680
is_linear=0
shrinkage=0.1


Tree=6
num_leaves=31
num_cat=0
split_feature=14 16 16 16 16 14 16 12 12 13 59 16 110 14 110 12 59 16 0 0 65 47 110 29 96 51 41 88 88 96
split_gain=134403 21789.9 19561.3 4373.21 3504.08 3181.77 2801.16 1039.43 714.937 678.612 650.882 601.13 537.825 525.22 462.435 437.786 432.641 429.868 426.944 422.901 359.014 334.288 321.519 316.435 311.301 309.095 300.154 292.341 278.65 276.923
threshold=6.5277777777777786 3.9750000000000005 9.658333333333335 2.6055555555555561 5.3535714285714286 12.550000000000002 8.3038461538461572 1.5500000000000003 3.3666666666666671 4.8218225929878944 11.500000000000002 7.0544117647058835 79.500000000000014 11.450000000000001 79.500000000000014 4.366666666666668 20.500000000000004 14.125000000000002 20.130000000000006 29.500000000000007 4.5000000000000009 0.46991528214774475 77.500000000000014 0.65858598855265582 205.50000000000003 72.700000000000003 1.2747539381422459 24.850000000000005 6.8500000000000005 213.50000000000003
decision_type=10 10 10 10 10 10 10 8 10 10 10 10 2 10 2 10 10 10 10 10 8 8 2 8 2 10 10 10 10 2
left_child=1 3 6 7 10 9 11 -1 28 13 22 -2 29 25 -10 -12 -8 -7 -14 20 -18 -13 -3 -15 27 -4 -23 -9 -5 -6
right_child=2 4 5 8 12 17 16 24 14 -11 15 21 18 23 -16 -17 19 -19 -20 -21 -22 26 -24 -25 -26 -27 -28 -29 -30 -31
leaf_value=-0.19448078306580202 0.084085059687213248 -0.073498245049753427 0.22004565102425466 -0.15267365317780229 -0.024921122244675908 0.40112235183581402 0.17657178045799848 -0.16694844180455523 -0.083218816457044362 0.36588045225961952 -0.041210179524054327 0.17087402048565839 0.0027760896827927011 0.16393978986385707 -0.03081933136639042 -0.0027581870295480034 0.1487862913076908 0.50189903820532822 0.071957393259252586 0.27189536077878534 0.41591952085833661 0.084143006146463903 -0.033947469942760794 0.34000041510720752 -0.11881112435061923 0.27776813403051309 0.13479642033881986 -0.11943362993869913 -0.10364127980005991 0.028611737792502059
leaf_weight=5409 5111 4029 1580 1299 1317 1604 3321 4780 10391 927 4737 1518 1096 111 2010 7897 590 575 4794 1205 55 1774 4196 1271 4049 2247 3435 1776 10756 3629
leaf_count=5409 5111 4029 1580 1299 1317 1604 3321 4780 10391 927 4737 1518 1096 111 2010 7897 590 575 4794 1205 55 1774 4196 1271 4049 2247 3435 1776 10756 3629
internal_value=-3.01416e-10 -0.0695552 0.198209 -0.118184 -0.00746316 0.323911 0.136759 -0.158807 -0.0915833 0.287048 -0.0314283 0.109938 0.038669 0.273019 -0.0747257 -0.0171754 0.198161 0.427716 0.0590843 0.236915 0.171565 0.12958 -0.0533213 0.32586 -0.140612 0.253937 0.117546 -0.154077 -0.108925 0.0143572
internal_weight=97489 72165 25324 40470 31695 8315 17009 16014 24456 6136 20859 11838 10836 5209 12401 12634 5171 2179 5890 1850 645 6727 8225 1382 10605 3827 5209 6556 12055 4946
internal_count=97489 72165 25324 40470 31695 8315 17009 16014 24456 6136 20859 11838 10836 5209 12401 12634 5171 2179 5890 1850 645 6727 8225 1382 10605 3827 5209 6556 12055 4946
is_linear=0
shrinkage=0.1


Tree=7
num_leaves=31
num_cat=0
split_feature=16 16 14 14 16 16 14 14 34 14 59 96 103 59 59 57 0 59 16 89 96 88 9 111 90 32 52 49 10 110
split_gain=109043 18708.8 14832.8 4826.4 3386.31 1891.63 1269.83 1190.91 633.31 596.522 531.936 511.609 468.333 419.757 411.799 392.529 392.202 354.753 348.252 331.453 319.026 318.757 309.314 297.353 292.822 277.484 274.47 268.405 314.56 292.773
threshold=6.6076923076923082 4.3038461538461545 9.3166666666666682 2.8166666666666669 11.475000000000001 5.5562500000000012 8.0500000000000025 1.6125000000000003 0.39444444444444454 13.250000000000002 21.500000000000004 220.50000000000003 0.55850000000000011 20.500000000000004 10.500000000000002 16.500000000000004 12.990000000000002 15.500000000000002 7.5562500000000012 4.5000000000000009 242.50000000000003 38.45000000000001 6.5887106680451932 4.5000000000000009 8.5000000000000018 1.0500000000000003 14.500000000000002 64.450000000000017 16.418750000000003 81.500000000000014
decision_type=10 10 10 10 10 10 10 8 10 10 10 2 2 10 10 10 10 10 10 8 2 10 10 2 10 10 10 8 10 2
left_child=1 3 6 7 10 11 18 -1 14 27 15 23 -12 -8 -5 -4 -13 25 -2 -9 -15 -14 -11 -3 -10 -7 -22 29 -29 -6
right_child=2 5 4 8 9 17 13 19 24 22 12 16 21 20 -16 -17 -18 -19 -20 -21 26 -23 -24 -25 -26 -27 -28 28 -30 -31
leaf_value=-0.17409753680378559 0.082029536784253565 0.0062803122355668695 0.17029983407639188 -0.099120281854722755 0.13727276586912204 0.012821566927085044 0.13979407940840927 -0.14446732445062202 -0.055663915199088289 0.44349064249089515 0.30896647518568882 -0.086111733026525958 0.17068379564181771 0.12503601583815235 -0.066023257032386554 0.2368173821120263 0.012263534732259145 0.062490976863126796 0.12314632959086791 -0.11100341498137761 0.21869176196350659 0.28025944460099927 0.3445358389586945 -0.03719095168388472 0.03378366692529839 0.074625549116145481 0.51557541652582584 0.47695867162182043 0.3333764523001233 0.3047960420734146
leaf_weight=5786 5835 1961 1451 8272 122 4141 3990 4129 10660 899 1396 431 578 417 6891 2283 6787 4428 3184 10453 1159 491 487 7963 379 881 32 177 1106 720
leaf_count=5786 5835 1961 1451 8272 122 4141 3990 4129 10660 899 1396 431 578 417 6891 2283 6787 4428 3184 10453 1159 491 487 7963 379 881 32 177 1106 720
internal_value=-3.53566e-10 -0.060985 0.183409 -0.0991972 0.279213 0.00593531 0.119766 -0.135711 -0.0708138 0.357683 0.23477 -0.0138675 0.270823 0.157178 -0.084079 0.210969 0.00638937 0.0418571 0.0965451 -0.120479 0.200312 0.221013 0.408721 -0.028601 -0.0525929 0.0236637 0.226668 0.324394 0.353185 0.280523
internal_weight=97489 73162 24327 46570 9710 26592 14617 20368 26202 3511 6199 17142 2465 5598 15163 3734 7218 9450 9019 14582 1608 1069 1386 9924 11039 5022 1191 2125 1283 842
internal_count=97489 73162 24327 46570 9710 26592 14617 20368 26202 3511 6199 17142 2465 5598 15163 3734 7218 9450 9019 14582 1608 1069 1386 9924 11039 5022 1191 2125 1283 842
is_linear=0
shrinkage=0.1


Tree=8
num_leaves=31
num_cat=0
split_feature=14 16 14 16 16 14 16 12 14 16 103 88 90 59 96 113 12 88 59 4 8 35 0 51 0 110 0 96 59 5
split_gain=88636.4 14447.8 12863.1 2742.67 2730.22 2461.53 1259.28 726.658 652.97 497.771 454.626 416.886 414.164 383.769 367.245 359.238 356.576 356.248 352.128 314.606 307.795 334.538 388.754 349.383 293.013 289.834 283.941 369.367 273.284 261.272
threshold=6.5277777777777786 3.759615384615385 9.3166666666666682 11.475000000000001 5.3535714285714286 2.0500000000000003 7.8535714285714286 3.4500000000000006 4.6125000000000007 14.775000000000002 0.5335000000000002 20.250000000000004 7.5000000000000009 21.500000000000004 233.00000000000003 1.0000000180025095e-35 9.1000000000000014 12.350000000000003 16.500000000000004 31.200000000000006 9.6125000000000025 1.4265122173833114 46.010000000000012 76.750000000000014 12.530000000000003 79.500000000000014 21.550000000000008 222.50000000000003 14.500000000000002 10.016758983133775
decision_type=10 10 10 10 10 8 10 10 10 10 2 10 10 10 2 2 10 10 10 10 10 8 10 10 10 2 10 2 10 10
left_child=1 5 6 10 8 17 16 11 18 20 13 -7 26 -4 -14 -8 28 -1 24 -12 -5 23 -23 -22 -3 -9 -6 -28 -2 -25
right_child=2 4 3 9 12 7 15 25 -10 -11 19 -13 14 -15 -16 -17 -18 -19 -20 -21 21 22 -24 29 -26 -27 27 -29 -30 -31
leaf_value=-0.15986385560197544 0.042872188506545686 -0.11044713081878109 0.20948349065705019 0.10271049770925728 -0.018635755869106093 -0.11036522414042188 0.11162765503589299 -0.069651159878047431 -0.010363885690844682 0.44184968390162027 0.11975979654602019 -0.080360789595539064 0.037480475148525448 0.2797598809158201 0.11724851124832961 0.16064743930969339 0.14418217934303101 -0.11950520551335296 0.014089133843341074 0.19977854883874599 0.24417420803784179 0.42911374809454755 0.28843476073926633 0.41353241695590298 -0.044100231347872519 -0.020679903387316859 0.0011164058006819303 0.048432805903137782 0.085427025753827546 0.30484537894791885
leaf_weight=5856 1949 703 1980 70 1538 10014 2581 7258 10420 315 623 8614 1578 1279 910 3553 837 3491 994 2325 845 469 338 271 12529 1450 2806 4004 6686 1203
leaf_count=5856 1949 703 1980 70 1538 10014 2581 7258 10420 315 623 8614 1578 1279 910 3553 837 3491 994 2325 845 469 338 271 12529 1450 2806 4004 6686 1203
internal_value=-2.97783e-10 -0.0564847 0.160963 0.251279 -0.0109894 -0.100491 0.104722 -0.0853431 -0.0293826 0.321914 0.211324 -0.0964905 0.030845 0.237064 0.0666561 0.140021 0.0818627 -0.14479 -0.0433131 0.182868 0.310093 0.314737 0.370192 0.295439 -0.0476252 -0.0614968 0.020172 0.0289365 0.075822 0.324828
internal_weight=97489 72165 25324 9718 35482 36683 15606 27336 24646 3511 6207 18628 10836 3259 2488 6134 9472 9347 14226 2948 3196 3126 807 2319 13232 8708 8348 6810 8635 1474
internal_count=97489 72165 25324 9718 35482 36683 15606 27336 24646 3511 6207 18628 10836 3259 2488 6134 9472 9347 14226 2948 3196 3126 807 2319 13232 8708 8348 6810 8635 1474
is_linear=0
shrinkage=0.1


Tree=9
num_leaves=31
num_cat=0
split_feature=16 16 16 14 14 16 14 14 90 110 57 59 14 0 88 96 59 13 51 96 14 49 16 14 17 103 59 49 21 82
split_gain=71862.2 13760.1 9138.82 2616.72 2082.74 1331.68 1202.07 519.744 478.736 445.82 413.554 390.514 377.006 371.465 352.939 458.293 346.431 336.968 322.925 311.98 311.085 299.51 295.2 278.292 273.731 270.902 257.355 248.473 243.706 242.878
threshold=5.9750000000000005 8.9250000000000025 3.3038461538461541 11.450000000000001 4.6125000000000007 1.9045454545454548 7.2250000000000005 12.750000000000002 2.5000000000000004 79.500000000000014 6.5000000000000009 22.500000000000004 8.6333333333333346 20.130000000000006 20.250000000000004 225.50000000000003 15.500000000000002 3.3640244544575082 55.550000000000004 208.50000000000003 9.8500000000000032 60.45000000000001 15.875000000000002 6.3166666666666673 2.5609242421478102 0.57100000000000006 11.500000000000002 8.0500000000000025 1.8272620441316241 717.50000000000011
decision_type=10 10 10 10 10 8 10 10 10 2 8 10 10 10 10 2 10 10 10 2 10 10 10 10 10 2 8 8 10 10
left_child=2 6 5 17 14 -1 16 21 -7 26 -8 12 -12 -11 27 -16 -2 18 -3 -10 -13 28 -9 -15 -21 -20 -6 -4 -5 -23
right_child=1 3 4 7 9 8 10 22 19 13 11 20 -14 23 15 -17 -18 -19 25 24 -22 29 -24 -25 -26 -27 -28 -29 -30 -31
leaf_value=-0.1378465071835118 0.027272120932760657 0.066613189713456311 -0.25118520477975625 0.23405261222755744 -0.035765513628078435 -0.10327752011879815 -0.13336822873313134 0.30984351111407371 -0.087246555176674956 -0.018105140204230943 0.08766460255606201 0.16288883936909229 0.13688733046174448 0.027696923766562943 -0.042677314423615081 0.012911790262149302 0.066767579839894037 0.20613884560977952 0.19230391462138691 -0.060823403203966175 0.44772049406679665 0.25881441956210977 0.4704869394908186 0.1015993107526823 0.02067665449015748 0.13592263354583578 -0.0014873201696908541 -0.060623586417195265 0.10691478174471636 0.38528139931573113
leaf_weight=7253 3383 325 69 494 3115 10299 73 1834 6103 1647 6276 592 2069 3819 13250 1670 6465 3110 2223 3749 41 1107 122 588 463 1382 7378 8197 217 176
leaf_count=7253 3383 325 69 494 3115 10299 73 1834 6103 1647 6276 592 2069 3819 13250 1670 6465 3110 2223 3749 41 1107 122 588 463 1382 7378 8197 217 176
internal_value=-1.15865e-10 0.129119 -0.0570893 0.218096 -0.0262971 -0.100993 0.0773781 0.283238 -0.0880263 0.000804542 0.103685 0.105613 0.0998685 0.0224142 -0.0456385 -0.0364552 0.0532 0.181545 0.162083 -0.0727988 0.181338 0.247312 0.319863 0.0375573 -0.0518646 0.17069 -0.0116633 -0.0622143 0.19525 0.276163
internal_weight=97489 29889 67600 10990 39733 27867 18899 3950 20614 16547 9051 8978 8345 6054 23186 14920 9848 7040 3930 10315 633 1994 1956 4407 4212 3605 10493 8266 711 1283
internal_count=97489 29889 67600 10990 39733 27867 18899 3950 20614 16547 9051 8978 8345 6054 23186 14920 9848 7040 3930 10315 633 1994 1956 4407 4212 3605 10493 8266 711 1283
is_linear=0
shrinkage=0.1


Tree=10
num_leaves=31
num_cat=0
split_feature=16 14 16 14 12 14 14 59 88 34 90 12 110 113 88 103 96 103 59 114 53 96 0 0 88 59 96 49 16 69
split_gain=58371.9 10148.4 8065.95 2001.09 1721.07 1283.2 1244.05 663.42 498.815 443.895 387.578 365.361 354.187 340.961 337.894 398.356 315.491 314.594 326.949 271.425 263.085 268.697 258.199 251.996 250.47 249.843 242.121 240.01 239.335 238.9
threshold=6.6076923076923082 3.7071428571428577 9.8062500000000021 5.4142857142857155 2.1000000000000005 12.750000000000002 8.5277777777777803 14.500000000000002 12.950000000000001 0.34166666666666673 17.500000000000004 7.5500000000000007 80.500000000000014 1.0000000180025095e-35 23.850000000000005 0.48700000000000004 221.50000000000003 0.57100000000000006 21.500000000000004 1.0000000180025095e-35 10.500000000000002 213.50000000000003 13.190000000000003 25.29000000000001 17.050000000000004 10.500000000000002 205.50000000000003 57.550000000000004 15.875000000000002 4.5000000000000009
decision_type=10 10 10 10 10 10 10 10 8 10 10 10 2 2 10 2 2 2 10 2 8 2 10 10 10 10 2 10 10 10
left_child=1 4 6 7 8 10 12 16 26 25 17 20 -2 -8 -15 -16 24 18 -4 -14 -5 -22 -18 -21 -3 -6 -1 -20 -7 -12
right_child=2 3 5 11 9 28 13 -9 -10 -11 29 -13 19 14 15 -17 22 -19 27 23 21 -23 -24 -25 -26 -27 -28 -29 -30 -31
leaf_value=-0.14650379316083303 0.056083968840406909 -0.068922050329311674 0.17211408374935841 -0.10429939073868669 -0.087433851770378712 0.27878193048094885 0.1012708776236948 0.007261677967580882 -0.088519896994251987 -0.050896539983506406 0.24931891913918747 0.070901965948223247 0.12557301443536378 0.090384639155936919 0.21730143023546528 0.13808224083467682 -0.079459955630497459 0.15974386781718336 0.18663795552339735 0.027033583006726883 -0.0098142784607802708 0.030188606496686143 -0.0036711991158094831 0.089625054631252365 -0.03375700807503669 -0.059252143449939058 -0.10908248128734184 0.26015418425675307 0.42343823854796225 0.45829661762341856
leaf_weight=4041 5050 2427 1458 169 9760 1830 1904 5468 4726 9964 173 1597 1716 658 1075 1550 497 2238 680 777 2143 7757 4705 3736 12244 4642 3022 1280 122 80
leaf_count=4041 5050 2427 1458 169 9760 1830 1904 5468 4726 9964 173 1597 1716 658 1075 1550 497 2238 680 777 2143 7757 4705 3736 12244 4642 3022 1280 122 80
internal_value=-1.69869e-10 -0.0446196 0.134191 -0.00780683 -0.0822998 0.217528 0.0944049 -0.0235844 -0.113666 -0.0671237 0.194306 0.0264654 0.0757648 0.134937 0.154462 0.170524 -0.0320716 0.18889 0.207974 0.0917206 0.0194175 0.0215294 -0.0109121 0.0788487 -0.0395743 -0.0783504 -0.130493 0.234649 0.287823 0.315399
internal_weight=97489 73162 24327 37007 36155 7861 16466 25341 11789 24366 5909 11666 11279 5187 3283 2625 19873 5656 3418 6229 10069 9900 5202 4513 14671 14402 7063 1960 1952 253
internal_count=97489 73162 24327 37007 36155 7861 16466 25341 11789 24366 5909 11666 11279 5187 3283 2625 19873 5656 3418 6229 10069 9900 5202 4513 14671 14402 7063 1960 1952 253
is_linear=0
shrinkage=0.1


Tree=11
num_leaves=31
num_cat=0
split_feature=14 16 16 16 0 16 16 110 0 96 59 103 96 47 102 59 49 6 50 59 48 31 0 103 50 48 110 106 90 56
split_gain=47447.7 7836.3 6946.39 1561.09 1368.51 1172.92 988.236 553.134 502.39 495.188 453.719 386.606 358.967 342.05 327.752 325.882 322.135 303.214 335.041 300.119 278.328 263.287 255.578 255.22 239.538 236.51 231.886 231.282 226.514 222.443
threshold=6.5277777777777786 3.7029411764705888 9.658333333333335 4.8062500000000012 13.190000000000003 11.825000000000001 8.4058823529411786 77.500000000000014 22.822500000000005 205.50000000000003 15.500000000000002 0.59450000000000014 225.50000000000003 0.37049093658260052 3.5000000000000004 24.500000000000004 29.750000000000004 28.900000000000002 -1.3999999999999997 18.500000000000004 9.1500000000000004 1.6121532512998444 17.810000000000006 0.29500000000000004 3.1500000000000008 0.3000000000000001 81.500000000000014 388.50000000000006 3.5000000000000004 1.5000000000000002
decision_type=10 10 10 10 10 10 10 2 10 2 10 2 2 8 10 10 8 10 10 10 10 10 10 2 10 8 2 2 10 8
left_child=1 4 6 12 9 17 13 8 -6 -1 16 15 -3 25 26 -7 -5 18 -4 -15 -20 -19 -14 -8 -17 -2 -11 -26 -18 -12
right_child=2 3 5 10 7 11 23 -9 -10 14 29 -13 22 19 -16 24 28 21 20 -21 -22 -23 -24 -25 27 -27 -28 -29 -30 -31
leaf_value=-0.12607061287980964 -0.0020659188179353491 -0.036038010567724953 0.24809850261203553 -0.077071534267606892 -0.089407583413391778 0.20933506508238461 0.1815271933705761 -0.038142377009043382 -0.055266199888547973 -0.083132750362859997 0.01531281025151298 0.18832793937515946 -0.03290108375532419 0.044736931892975063 -0.1256569043838108 0.26746367656216363 -0.022268628253330217 0.21827725555514241 0.097484858408045938 0.080808321576779155 0.16190458092447782 0.46608370166956165 0.019593748343317882 0.11122405716304945 0.28950913740222212 0.1100679384734124 -0.029488984593921182 0.43993305397675714 0.012025551479809033 0.051611271908307936
leaf_weight=5221 206 14753 380 517 8026 671 590 7227 9309 3487 3488 904 1562 6258 1429 994 2536 343 817 3653 3745 49 2283 4138 224 2164 1048 188 8007 3272
leaf_count=5221 206 14753 380 517 8026 671 590 7227 9309 3487 3488 904 1562 6258 1429 994 2536 343 817 3653 3745 49 2283 4138 224 2164 1048 188 8007 3272
internal_value=-1.81887e-10 -0.0413269 0.117768 -0.00867909 -0.0745875 0.192675 0.081149 -0.061384 -0.0710735 -0.103582 0.0124721 0.242915 -0.0289455 0.0661931 -0.0838954 0.266673 -2.76978e-06 0.164597 0.157882 0.0580321 0.150368 0.249253 -0.00173185 0.119997 0.294037 0.100321 -0.0707361 0.358149 0.00377647 0.0328821
internal_weight=97489 72165 25324 36418 35747 8315 17009 24562 17335 11185 17820 2981 18598 12281 5964 2077 11060 5334 4942 9911 4562 392 3845 4728 1406 2370 4535 412 10543 6760
internal_count=97489 72165 25324 36418 35747 8315 17009 24562 17335 11185 17820 2981 18598 12281 5964 2077 11060 5334 4942 9911 4562 392 3845 4728 1406 2370 4535 412 10543 6760
is_linear=0
shrinkage=0.1


Tree=12
num_leaves=31
num_cat=0
split_feature=16 14 12 16 16 16 14 110 88 114 110 49 79 67 57 88 88 110 4 27 75 90 35 53 85 7 87 96 111 110
split_gain=38521.6 7371.92 5125 1225.26 1070.97 978.968 942.976 376.587 362.356 352.802 321.654 316.044 308.358 341.016 304.113 295.217 294.029 292.077 285.216 269.723 268.398 253.904 245.807 270.38 378.286 242.18 238.337 228.888 226.058 225.092
threshold=5.9750000000000005 9.3166666666666682 3.4500000000000006 11.475000000000001 2.552777777777778 4.4058823529411777 7.6125000000000007 80.500000000000014 4.2500000000000009 1.0000000180025095e-35 79.500000000000014 28.450000000000003 1.5000000000000002 5.5000000000000009 16.500000000000004 26.050000000000004 12.550000000000002 75.500000000000014 43.197500000000012 1.1377339247471161 4.5000000000000009 6.5000000000000009 1.5234991460206053 18.500000000000004 30.500000000000004 3.3640244544575082 17.500000000000004 224.50000000000003 44.500000000000007 77.500000000000014
decision_type=10 10 10 10 10 10 10 2 8 2 2 8 10 10 10 10 10 2 10 10 10 10 8 8 8 10 8 2 2 2
left_child=2 6 4 14 8 17 7 -2 -1 -8 -7 -6 13 22 -3 28 -9 -4 19 -14 -11 -19 -5 -24 -25 -20 -17 -10 -12 -13
right_child=1 3 5 12 11 10 9 16 27 20 15 29 18 -15 -16 26 -18 21 25 -21 -22 -23 23 24 -26 -27 -28 -29 -30 -31
leaf_value=-0.12033754849179301 0.027195374975073506 0.1075232951459809 -0.056714222533189723 0.17546672243951042 -0.086425144984785984 -0.0089566756791703405 0.11676075038960301 -0.022570097551646611 -0.086866368765519605 -0.0075971001640380348 0.0083643558189749403 -0.058177760145334816 0.15199059880868285 0.3138493654007713 0.15475954073304682 0.082703687398875347 0.068884993302964326 -0.031708012374844677 0.34046833794124015 -0.058291304426599445 0.078424498714506574 0.0045189212252300026 0.064238848195721718 0.72935480248360407 0.2877332642981984 0.19660048405357988 0.022539819496755695 -0.039372860335004492 -0.070839024319966304 -0.033480889948296573
leaf_weight=3181 6874 2021 3802 614 2593 11332 2650 378 10187 392 3086 9644 371 516 4186 968 5022 10882 127 73 4855 2353 48 21 254 1487 2059 1127 408 5978
leaf_count=3181 6874 2021 3802 614 2593 11332 2650 378 10187 392 3086 9644 371 516 4186 968 5022 10882 127 73 4855 2353 48 21 254 1487 2059 1127 408 5978
internal_value=-6.98435e-11 0.0945348 -0.0417981 0.166085 -0.0702351 -0.0151379 0.0600634 0.0427204 -0.0905191 0.087019 0.00122555 -0.0540936 0.213297 0.248566 0.139379 0.0189199 0.0624831 -0.0322851 0.188395 0.117417 0.0719979 -0.0252674 0.212616 0.283233 0.321457 0.207921 0.0417795 -0.0821355 -0.00088435 -0.0487271
internal_weight=97489 29889 67600 9718 32710 34890 20171 12274 14495 7897 17853 18215 3511 1453 6207 6521 5400 17037 2058 444 5247 13235 937 323 275 1614 3027 11314 3494 15622
internal_count=97489 29889 67600 9718 32710 34890 20171 12274 14495 7897 17853 18215 3511 1453 6207 6521 5400 17037 2058 444 5247 13235 937 323 275 1614 3027 11314 3494 15622
is_linear=0
shrinkage=0.1


Tree=13
num_leaves=31
num_cat=0
split_feature=14 16 12 14 59 0 12 96 96 4 0 110 0 35 88 49 103 51 111 35 102 20 88 49 81 114 0 97 90 103
split_gain=31348.4 5657.42 4361.79 1152.8 1060.35 932.483 582.035 498.432 435.716 410.237 353.948 337.2 360.205 328.699 279.611 260.789 256.437 266.089 261.174 295.468 251.672 285.424 247.947 236.083 235.722 222.608 279.889 245.981 215.688 214.817
threshold=6.1055555555555561 8.9750000000000014 3.4500000000000006 11.450000000000001 14.500000000000002 8.2900000000000027 9.1000000000000014 205.50000000000003 221.50000000000003 31.470000000000006 22.970000000000006 79.500000000000014 15.200000000000003 1.356536515387968 34.45000000000001 14.850000000000003 0.48700000000000004 71.450000000000003 10.500000000000002 1.6005742349182466 1.5000000000000002 1.0500000000000003 22.250000000000004 64.450000000000017 198.50000000000003 1.0000000180025095e-35 26.110000000000003 16.500000000000004 5.5000000000000009 0.54700000000000015
decision_type=10 10 10 10 8 8 10 2 2 10 10 2 10 10 10 8 2 10 2 10 10 10 8 10 10 2 10 2 10 2
left_child=2 6 5 16 8 -1 11 10 14 -5 -7 -2 -13 23 -4 -14 -3 -18 19 -19 -15 24 -9 29 -22 27 -27 -17 -10 -11
right_child=1 3 4 9 -6 7 -8 22 28 13 -12 12 15 20 -16 25 17 18 -20 -21 21 -23 -24 -25 -26 26 -28 -29 -30 -31
leaf_value=-0.10241827340213715 0.022829650932507415 0.14304393122665734 -0.039177365482291192 -0.0017020793178597012 0.01698521312847109 -0.07943774903554883 0.098079800260433364 -0.051093936746324578 -0.015618533513667333 0.17929440290565923 -0.048564823374561028 -0.1169219010261198 -0.27909755862277486 0.13126371856380434 -0.014027506868568719 0.10600939988044163 0.076421949246518864 0.067699542518326716 0.16159665507508403 0.21313851739385883 0.65614425788323094 0.22967586979269983 -0.020918152275099165 0.19873575350500289 0.32314186803245498 0.016021540167165376 0.060172056907581678 0.014223779656491074 0.019450344128128388 0.090407080450602403
leaf_weight=5101 4460 2826 12742 111 9026 9682 2495 7753 4485 589 6024 120 23 187 6769 1564 1890 854 1108 167 24 770 4197 1575 186 1792 7225 359 2880 505
leaf_count=5101 4460 2826 12742 111 9026 9682 2495 7753 4485 589 6024 120 23 187 6769 1564 1890 854 1108 167 24 770 4197 1575 186 1792 7225 359 2880 505
internal_value=-1.87442e-10 0.0875097 -0.0367454 0.14478 -0.0126699 -0.0631325 0.0532453 -0.0558864 -0.0226292 0.187821 -0.0675965 0.0460483 0.0553919 0.193305 -0.0304521 0.0572781 0.119962 0.103731 0.127975 0.0914883 0.237574 0.257859 -0.0404958 0.173949 0.361199 0.0579853 0.0513978 0.0888742 -0.00190525 0.138263
internal_weight=97489 28830 68659 10792 35902 32757 18038 27656 26876 3947 15706 15543 11083 3836 19511 10963 6845 4019 2129 1021 1167 980 11950 2669 210 10940 9017 1923 7365 1094
internal_count=97489 28830 68659 10792 35902 32757 18038 27656 26876 3947 15706 15543 11083 3836 19511 10963 6845 4019 2129 1021 1167 980 11950 2669 210 10940 9017 1923 7365 1094
is_linear=0
shrinkage=0.1


Tree=14
num_leaves=31
num_cat=0
split_feature=16 16 14 88 14 96 59 59 103 0 96 56 111 53 16 96 102 0 57 0 104 88 7 37 9 54 37 110 106 110
split_gain=25504.2 4542.46 3580.6 1272.63 653.949 561.824 520.576 510.642 462.725 333.199 331.644 321.937 272.27 267.437 266.013 264.982 263.149 261.371 260.554 243.759 237.091 236.982 277.789 341.902 228.618 227.266 238.937 216.631 205.7 204.512
threshold=6.6076923076923082 4.3038461538461545 10.15 11.450000000000001 8.5277777777777803 205.50000000000003 21.500000000000004 14.500000000000002 0.5525000000000001 20.990000000000006 216.50000000000003 5.5000000000000009 44.500000000000007 6.5000000000000009 15.025000000000002 267.50000000000006 1.5000000000000002 33.370000000000012 10.500000000000002 7.5900000000000007 114.65000000000002 42.45000000000001 4.135196948141604 1.8482852758687625 4.1856234247101085 1.5000000000000002 2.2041230063145054 73.500000000000014 228.50000000000003 79.500000000000014
decision_type=10 10 10 10 10 2 10 10 2 10 2 10 2 8 10 2 10 10 10 10 2 10 10 10 10 10 10 2 2 2
left_child=1 3 4 10 24 9 -4 13 14 -5 19 18 -9 -3 16 -15 -8 -10 -7 -1 -6 -18 23 -23 -2 26 -19 -11 -27 -26
right_child=2 7 6 5 20 11 8 12 17 27 -12 -13 -14 15 -16 -17 21 25 -20 -21 -22 22 -24 -25 29 28 -28 -29 -30 -31
leaf_value=-0.11300174301999635 0.017712021715703668 -0.13828626746813266 0.11204148451270107 -0.068327386052307232 0.081634191294730207 -0.030510129572511081 0.11686519849779352 0.024519424444580572 0.044303045134680974 -0.064846486464543399 -0.053499123375497205 0.15842988598160446 -0.038050216873029286 -0.0079669130140040262 0.33062750360928478 0.12738761113038008 0.1711473134658511 0.1496636082670568 0.0072568580249055721 -0.075750162405882782 0.1333914889909478 0.42810462485998874 0.21612645526886301 0.030862849005139793 0.027869998392886137 0.18724643052913822 0.29579242211384854 -0.032970643655679144 -0.012293451868630702 0.063839978611797604
leaf_weight=2563 1828 156 2525 6449 4764 13166 420 10080 288 2758 4440 96 747 15463 140 146 1056 1351 2121 5583 1087 130 807 26 1999 78 122 9394 153 7553
leaf_count=2563 1828 156 2525 6449 4764 13166 420 10080 288 2758 4440 96 747 15463 140 146 1056 1351 2121 5583 1087 130 807 26 1999 78 122 9394 153 7553
internal_value=-2.45108e-12 -0.0294937 0.0887006 -0.0483226 0.0640807 -0.0382625 0.148484 0.00348097 0.168615 -0.0499552 -0.0754865 -0.0241237 0.0202025 -0.00800295 0.196577 -0.00670086 0.188883 0.132413 -0.0252701 -0.0874707 0.0912497 0.203864 0.23974 0.361898 0.0501119 0.147304 0.161767 -0.0402051 0.0550837 0.0563123
internal_weight=97489 73162 24327 46570 17231 33984 7096 26592 4571 18601 12586 15383 10827 15765 2579 15609 2439 1992 15287 8146 5851 2019 963 156 11380 1704 1473 12152 231 9552
internal_count=97489 73162 24327 46570 17231 33984 7096 26592 4571 18601 12586 15383 10827 15765 2579 15609 2439 1992 15287 8146 5851 2019 963 156 11380 1704 1473 12152 231 9552
is_linear=0
shrinkage=0.1


Tree=15
num_leaves=31
num_cat=0
split_feature=14 16 12 57 113 88 16 12 110 88 56 57 59 51 88 88 80 29 43 87 26 61 57 89 49 12 34 86 12 67
split_gain=20767 3567.57 3107 865.102 652.065 613.863 510.506 460.928 424.431 416.863 385.71 357.611 350.527 274.029 262.67 246.841 238.564 223.453 215.42 268.944 271.578 238.733 208.927 208.626 208.533 200.092 198.581 259.652 198.478 194.858
threshold=6.5277777777777786 3.5147058823529416 10.100000000000001 10.500000000000002 1.0000000180025095e-35 11.15 11.575000000000001 8.1000000000000014 79.500000000000014 21.050000000000004 1.5000000000000002 21.500000000000004 15.500000000000002 60.850000000000001 27.850000000000005 15.050000000000002 17.250000000000004 1.0771240531701662 0.52386127875258326 60.500000000000007 1.9500000000000002 8.5000000000000018 11.500000000000002 1.0000000180025095e-35 21.650000000000002 18.900000000000002 1.3568181818181821 105.50000000000001 0.90000000000000013 2.5000000000000004
decision_type=10 10 10 8 2 8 10 10 2 10 10 10 10 10 10 10 10 10 10 10 10 10 8 10 8 10 10 8 10 10
left_child=1 5 4 9 13 28 -4 24 14 16 23 15 -11 -2 -7 -9 -3 -17 19 20 25 -20 -15 -5 -6 -8 -22 -28 -1 -12
right_child=2 3 6 10 7 8 18 11 -10 12 29 -13 -14 22 -16 17 -18 -19 21 -21 26 -23 -24 -25 -26 -27 27 -29 -30 -31
leaf_value=-0.10134995901510196 0.0077835079383484582 -0.1436021245622921 0.10934570516996774 -0.070608344471921727 -0.18704405990806786 -0.055669173815753398 0.16646510661689051 -0.021613950881934199 -0.00062099999956817867 -0.01652623199959298 0.17129576572872424 0.19788855004257389 0.02927071600668632 0.0040532625353971157 -0.031118216638774 0.083197852145251813 -0.03669359078524264 0.14568533430584585 0.070902779220173559 0.54853369185701017 0.62282655931776398 0.16079484137848091 0.054010903658946278 0.0039701583020716157 0.051516765724224228 0.45725238161782428 0.0039736613929271698 0.39493626718813518 -0.065809391389657579 0.034853409496886499
leaf_weight=1942 2471 215 4587 386 37 13029 1688 194 2147 13830 108 322 1901 980 6548 3354 7155 690 442 20 20 891 5742 13278 3784 24 25 53 8232 3394
leaf_count=1942 2471 215 4587 386 37 13029 1688 194 2147 13830 108 322 1901 980 6548 3354 7155 690 442 20 20 891 5742 13278 3784 24 25 53 8232 3394
internal_value=-1.01026e-10 -0.0273408 0.0779123 -0.00755154 0.0546518 -0.0523222 0.130658 0.0748257 -0.0428286 -0.0201866 0.00945202 0.0962929 -0.0109919 0.0362597 -0.0474575 0.0885737 -0.0398124 0.0938597 0.161566 0.183839 0.179809 0.130988 0.0467276 0.00186336 0.0492067 0.170542 0.341709 0.269628 -0.0725933 0.0390612
internal_weight=97489 72165 25324 40267 17574 31898 7750 8381 21724 23101 17166 4560 15731 9193 19577 4238 7370 4044 3163 1830 1810 1333 6722 13664 3821 1712 98 78 10174 3502
internal_count=97489 72165 25324 40267 17574 31898 7750 8381 21724 23101 17166 4560 15731 9193 19577 4238 7370 4044 3163 1830 1810 1333 6722 13664 3821 1712 98 78 10174 3502
is_linear=0
shrinkage=0.1


Tree=16
num_leaves=31
num_cat=0
split_feature=12 16 16 14 59 110 102 110 59 0 90 103 110 96 111 22 86 0 29 80 6 88 5 33 19 71 47 96 13 2
split_gain=16930.3 3551.48 1987.01 895.157 597.431 495.29 388.46 348.287 321.115 360.916 291.766 273.968 265.579 259.21 257.477 236.847 226.012 220.678 243.684 217.963 203.784 201.528 228.191 289.256 214.265 198.989 197.706 191.428 183.598 177.248
threshold=7.1000000000000005 4.3038461538461545 10.410526315789475 3.0500000000000003 14.500000000000002 80.500000000000014 3.5000000000000004 81.500000000000014 20.500000000000004 28.840000000000003 14.500000000000002 0.52600000000000013 73.500000000000014 205.50000000000003 40.500000000000007 8.5750000000000011 5.5000000000000009 33.510000000000012 0.63930342354034497 17.250000000000004 6.2250000000000005 40.250000000000007 11.938083135361678 1.8794438991510596 1.8818990709935315 2.5000000000000004 0.37049093658260052 221.50000000000003 4.7169875885014703 17.972500000000004
decision_type=10 10 10 10 10 2 10 2 10 10 10 2 2 2 2 10 8 10 10 8 10 10 10 10 10 10 8 2 8 10
left_child=1 3 5 6 16 15 13 -4 -7 -10 11 28 -5 20 25 26 -3 18 -13 -14 -1 -12 23 -23 -24 -6 -2 -18 -9 -8
right_child=2 4 7 12 14 8 29 10 9 -11 21 17 19 -15 -16 -17 27 -19 -20 -21 -22 22 24 -25 -26 -27 -28 -29 -30 -31
leaf_value=-0.075325437965961806 0.090564228423373652 -0.057594410554978361 0.081496556566688722 -0.066605063129986472 -0.02027365328089506 0.060425816812540833 -0.094305802852239426 0.13497119047461859 0.041556376148917946 0.11870935908052094 0.095810882751829918 -0.22399857661409961 -0.13917401620134148 -0.033474861749990301 -0.032036738665826785 0.097093361398339351 -0.015049478378444515 0.11169772446304892 0.050287664461916751 -0.021651286716400969 -0.047776647598193528 0.22535236583789811 0.19907153326145918 0.55512988897306581 0.069859277709688555 0.027060090673466521 0.024522545422064859 0.0084758165304519625 0.21661244481344402 -0.040401426146357021
leaf_weight=3984 498 889 1319 1461 959 6537 2907 1351 813 2385 240 37 159 7855 890 590 8649 1294 260 21113 8236 531 346 28 204 12022 5050 5764 346 772
leaf_count=3984 498 889 1319 1461 959 6537 2907 1351 813 2385 240 37 159 7855 890 590 8649 1294 260 21113 8236 531 346 28 204 12022 5050 5764 346 772
internal_value=-5.12579e-11 -0.0223841 0.0775838 -0.0395472 0.00496526 0.0591026 -0.0531223 0.126837 0.073129 0.0990954 0.139734 0.123667 -0.0253623 -0.0476478 0.0199958 0.0368565 -0.00865964 0.0938552 0.0161173 -0.0225297 -0.0567582 0.178896 0.196876 0.241871 0.151146 0.0235632 0.0304506 -0.00564132 0.151617 -0.0829945
internal_weight=97489 75660 21829 46487 29173 15873 23754 5956 9735 3198 4637 3288 22733 20075 13871 6138 15302 1591 297 21272 12220 1349 1109 559 550 12981 5548 14413 1697 3679
internal_count=97489 75660 21829 46487 29173 15873 23754 5956 9735 3198 4637 3288 22733 20075 13871 6138 15302 1591 297 21272 12220 1349 1109 559 550 12981 5548 14413 1697 3679
is_linear=0
shrinkage=0.1


Tree=17
num_leaves=31
num_cat=0
split_feature=12 12 12 59 59 12 59 0 33 88 79 88 59 103 28 111 13 39 59 48 110 0 1 21 82 84 48 55 39 110
split_gain=13825.4 2406.47 2130.54 640.797 548.704 501.824 375.096 289.115 263.36 263.014 241.947 259.489 237.578 350.525 236.185 225.535 209.888 206.431 263.58 255.298 199.372 195.525 249.229 225.852 192.075 184.802 207.153 182.906 177.317 175.079
threshold=6.366666666666668 9.2666666666666675 3.6333333333333337 13.500000000000002 9.5000000000000018 12.100000000000001 18.500000000000004 33.977500000000013 0.32478054967508568 43.050000000000004 2.5000000000000004 20.450000000000003 20.500000000000004 0.58700000000000008 0.39444444444444454 44.500000000000007 5.4543541314789801 1.7654076557347687 22.500000000000004 32.150000000000013 75.500000000000014 31.489999999999998 13.197329274933962 2.8915507761801984 222.50000000000003 58.500000000000007 10.250000000000002 19.500000000000004 1.9013359187939571 79.500000000000014
decision_type=10 10 10 10 10 10 10 10 8 10 10 10 10 2 10 2 8 10 10 10 2 10 10 10 8 10 8 10 10 2
left_child=2 6 4 20 8 12 10 9 -1 -7 11 16 -3 21 -15 29 -2 18 27 -20 -4 25 -23 -24 -6 26 -14 -8 -16 -5
right_child=1 5 3 15 24 7 17 -9 -10 -11 -12 -13 13 14 28 -17 -18 -19 19 -21 -22 22 23 -25 -26 -27 -28 -29 -30 -31
leaf_value=-0.068947158138616252 0.015238048870856473 0.063158190846401938 -0.038231865313744673 0.0030534372126774676 -0.033216457584393067 -0.034313159682816528 0.27590429264331057 0.13835300700995234 -0.04317893244033346 0.33404506201093853 0.017503855761384069 0.078270477975898034 -0.031926337273606144 -0.13444861002739458 0.050396297708944798 -0.029337738857251158 -0.24029144416837134 0.088037194397301122 0.078685546070981147 0.36921327585174191 -0.012550415537200686 0.11157882487866476 0.21427402304469279 0.048872668691205261 -0.0021595875897246794 0.34462199949405414 0.10374249223701276 0.032108188578418434 0.1763051380240728 0.026536140860485086
leaf_weight=7097 589 3307 3745 6452 17690 163 31 2958 8991 22 8567 1474 191 63 996 1286 34 1472 1244 31 15678 1688 497 99 2244 22 274 4207 126 6251
leaf_count=7097 589 3307 3745 6452 17690 163 31 2958 8991 22 8567 1474 191 63 996 1286 34 1472 1244 31 15678 1688 497 99 2244 22 274 4207 126 6251
internal_value=-7.29624e-11 0.0592436 -0.0239375 -0.00574925 -0.040808 0.0973855 0.0367548 0.130768 -0.0545462 0.0094916 0.0249561 0.055401 0.0829395 0.0994757 0.0539569 0.010569 0.00129262 0.0547678 0.0458847 0.0857494 -0.0175021 0.118941 0.131207 0.1868 -0.0297203 0.0614152 0.0480162 0.0338915 0.0645358 0.014609
internal_weight=97489 28055 69434 33412 36022 10406 17649 3143 16088 185 10664 2097 7263 3956 1185 13989 623 6985 5513 1275 19423 2771 2284 596 19934 487 465 4238 1122 12703
internal_count=97489 28055 69434 33412 36022 10406 17649 3143 16088 185 10664 2097 7263 3956 1185 13989 623 6985 5513 1275 19423 2771 2284 596 19934 487 465 4238 1122 12703
is_linear=0
shrinkage=0.1


Tree=18
num_leaves=31
num_cat=0
split_feature=14 12 12 110 88 59 103 88 59 57 0 40 55 102 59 79 114 103 82 16 96 23 31 56 88 109 43 34 41 53
split_gain=11200.8 2028.01 1697.13 576.573 426.947 418.129 423.621 333.695 332.98 331.453 273.032 240.316 222.578 210.083 248.596 222.799 206.728 226.016 239.997 201.452 200.779 203.315 197.637 213.667 193.155 307.771 200.443 192.404 189.567 187.645
threshold=6.1055555555555561 9.2666666666666675 3.1000000000000005 79.500000000000014 27.850000000000005 21.500000000000004 0.58700000000000008 4.7500000000000009 9.5000000000000018 14.500000000000002 31.489999999999998 1.4409722222222225 11.500000000000002 3.5000000000000004 20.500000000000004 1.5000000000000002 1.0000000180025095e-35 0.57100000000000006 539.50000000000011 15.025000000000002 221.50000000000003 0.68184354922134705 0.52386127875258326 5.5000000000000009 29.450000000000003 22.175222450376456 1.4487266298961141 0.43303571428571436 2.1737064908576609 15.500000000000002
decision_type=10 10 10 2 10 10 2 10 8 8 10 10 10 10 10 10 2 2 10 10 2 8 10 10 10 2 10 10 10 10
left_child=2 9 8 4 -4 -3 10 11 27 12 -7 -5 -2 14 15 -9 17 18 -11 -12 21 -6 -14 -24 25 -8 -26 -1 -18 -19
right_child=1 5 3 7 20 6 24 13 -10 16 19 -13 22 -15 -16 -17 28 29 -20 -21 -22 -23 23 -25 26 -27 -28 -29 -30 -31
leaf_value=-0.057578565224588631 -0.25105747669935224 0.067402157026581963 -0.029264933148397416 -0.092213274138621085 0.29317101864990863 0.046644842991658345 0.29425755118330321 0.046071583099761573 -0.030526453757551808 0.080061859939507402 0.12970017082829829 0.20032618355626863 -0.0027605052421314242 -0.028305968167389468 0.092454905531679593 0.0067896444477024646 0.034435341221180048 -0.14781019036416654 0.19671596681671633 0.24211669597286908 0.019617751605457118 -0.011075014458736279 0.025475151082204855 0.098070397083517002 0.090440754459226419 -0.043814147556972598 -0.082456534233888698 -0.020575817431615618 0.18244581230154092 0.04421023639083347
leaf_weight=11702 30 5160 14597 439 22 387 30 1762 12769 1344 3117 30 2519 1131 420 7997 5188 54 203 168 2627 13566 7690 428 1206 263 71 1597 88 884
leaf_count=11702 30 5160 14597 439 22 387 30 1762 12769 1344 3117 30 2519 1131 420 7997 5188 54 203 168 2627 13566 7690 428 1206 263 71 1597 88 884
internal_value=-3.922e-11 0.0523085 -0.0219644 -0.00966444 -0.0168583 0.08761 0.107502 0.00915359 -0.0420606 0.032382 0.12609 -0.0735007 0.0209424 0.0125811 0.0171241 0.013882 0.0481049 0.0718859 0.0953694 0.135449 -0.00568967 -0.0105824 0.0217095 0.0293025 0.0640266 -0.0091993 0.0808278 -0.0531351 0.0369041 0.0331558
internal_weight=97489 28830 68659 42591 30812 10402 5242 11779 26068 18428 3672 469 10667 11310 10179 9759 7761 2485 1547 3285 16215 13588 10637 8118 1570 293 1277 13299 5276 938
internal_count=97489 28830 68659 42591 30812 10402 5242 11779 26068 18428 3672 469 10667 11310 10179 9759 7761 2485 1547 3285 16215 13588 10637 8118 1570 293 1277 13299 5276 938
is_linear=0
shrinkage=0.1


Tree=19
num_leaves=31
num_cat=0
split_feature=12 12 16 57 110 102 59 110 103 90 28 102 48 18 6 24 82 0 80 9 104 59 90 111 6 18 57 52 77 103
split_gain=9166.29 1557.6 1456.31 466.536 434.657 384.382 315.333 279.207 278.478 323.313 263.782 248.568 241.784 214.455 209.273 208.948 269.831 208.134 240.926 206.989 304.946 206.123 202.604 194.789 191.034 189.145 178.206 174.988 169.752 165.348
threshold=6.366666666666668 10.100000000000001 3.3038461538461541 10.500000000000002 80.500000000000014 3.5000000000000004 20.500000000000004 77.500000000000014 0.40850000000000003 16.500000000000004 0.324561403508772 6.5000000000000009 19.650000000000002 4.5500000000000007 9.2666666666666675 2.1000000000000005 513.50000000000011 24.070000000000004 29.250000000000004 5.5981147400420133 103.10000000000001 22.500000000000004 4.5000000000000009 42.500000000000007 6.4500000000000011 7.9000000000000012 4.5000000000000009 14.500000000000002 2.5000000000000004 0.25000000000000006
decision_type=10 10 10 8 2 10 10 2 2 10 10 10 10 10 10 10 10 10 8 10 2 10 8 2 10 10 10 10 8 2
left_child=2 4 5 11 25 7 17 24 21 10 -10 12 26 27 -12 -16 -17 18 -6 -11 -21 -3 -9 -5 -1 -2 -4 -8 29 -19
right_child=1 8 3 23 6 -7 13 22 9 19 14 -13 -14 -15 15 16 -18 28 -20 20 -22 -23 -24 -25 -26 -27 -28 -29 -30 -31
leaf_value=-0.05793219934760882 0.012944230972085967 0.087180015434349722 -0.071209578969284912 0.0094570660932456214 -0.34836832329630857 -0.065693941752178672 0.060650864834731526 -0.025068485910902955 -0.071721686335170981 0.2027039970853366 -0.038472836064120941 -0.071213787618163923 0.0099901831119755327 0.14757770406252926 0.068888560679684879 0.11113688222256052 0.38484092950820925 0.15488919959916325 0.0020086045423211261 -0.22530595064163209 0.11533207632514222 0.1501571499418177 0.014775193822573069 -0.027557006678200199 -0.033291640345041937 0.058239375111594362 -0.016672550858675202 0.21860384631695018 0.029347158013974296 0.055330125340181641
leaf_weight=4340 8372 1074 617 14361 20 4045 2712 6418 136 288 173 790 3534 352 4408 166 46 178 1047 28 428 1007 1593 1578 11440 1036 20718 72 3857 2655
leaf_count=4340 8372 1074 617 14361 20 4045 2712 6418 136 288 173 790 3534 352 4408 166 46 178 1047 28 428 1007 1593 1578 11440 1036 20718 72 3857 2655
internal_value=-8.2692e-11 0.0482392 -0.0194912 -0.00764421 0.033677 -0.0371952 0.0472754 -0.0323498 0.086365 0.0748871 0.0656121 -0.015991 -0.0142367 0.0740344 0.0695089 0.0735524 0.170525 0.0364573 -0.00455891 0.136334 0.0944157 0.117655 -0.0171455 0.00579258 -0.0400686 0.0179321 -0.0182497 0.0647359 0.0429991 0.0615855
internal_weight=97489 28055 69434 41598 20301 27836 10893 23791 7754 5673 4929 25659 24869 3136 4793 4620 212 7757 1067 744 456 2081 8011 15939 15780 9408 21335 2784 6690 2833
internal_count=97489 28055 69434 41598 20301 27836 10893 23791 7754 5673 4929 25659 24869 3136 4793 4620 212 7757 1067 744 456 2081 8011 15939 15780 9408 21335 2784 6690 2833
is_linear=0
shrinkage=0.1


Tree=20
num_leaves=31
num_cat=0
split_feature=12 12 57 88 110 51 96 44 110 6 56 0 100 103 81 96 33 90 107 93 5 52 90 6 41 24 6 53 16 103
split_gain=7453.05 1666.43 907.099 566.304 423.538 282.4 282.105 272.484 259.295 255.103 232.674 202.594 196.29 195.741 187.469 175.399 203.98 173.823 268.313 273.29 191.354 173.217 169.819 169.616 168.923 169.865 209.115 167.362 169.856 166.125
threshold=7.1000000000000005 4.291666666666667 17.500000000000004 19.650000000000002 79.500000000000014 76.750000000000014 218.50000000000003 1.3166666666666669 77.500000000000014 6.2250000000000005 1.5000000000000002 7.5900000000000007 1.0000000180025095e-35 0.24000000000000002 7.5000000000000009 255.50000000000003 1.4317807919044598 11.500000000000002 2017.5000000000002 3.5000000000000004 17.341073327040601 4.5000000000000009 19.500000000000004 8.9000000000000021 2.4812454286235979 2.1000000000000005 14.900000000000002 22.500000000000004 10.025000000000002 0.31850000000000006
decision_type=10 10 10 10 2 10 2 10 2 10 10 10 2 2 8 2 10 10 2 10 10 8 10 10 10 10 10 8 10 2
left_child=1 3 7 6 -3 13 11 12 -5 -6 -7 -1 14 -4 -2 -15 23 20 27 29 -16 -8 -18 -17 25 -12 -27 -19 -29 -20
right_child=2 4 5 8 9 10 21 -9 -10 -11 24 -13 -14 15 17 16 22 18 19 -21 -22 -23 -24 -25 -26 26 -28 28 -30 -31
leaf_value=-0.068980963478324164 -0.25857966108755631 -0.0067979149185176113 0.15789418943412603 -0.02291144941506823 -0.022764939223775496 0.039074087009317894 -0.026651703544641799 0.019187384541807528 0.00032901873008921113 0.022173060657289197 0.10696255979123998 -0.03987748837885683 0.062712555299341874 0.040216684135752162 0.021006002684988714 -0.14118696633530289 0.14074333574305825 0.12094444986881621 0.21118530448602169 0.36774701962835699 0.30439875566711033 0.025958784515548596 0.43754752576351169 0.073546899182479017 -0.11776315080933274 0.47407717907428748 0.16384622710083713 0.0064776192594479809 -0.17922008421772451 0.069460201025193666
leaf_weight=2930 22 17340 200 14594 1421 533 7133 5534 7154 11379 2781 13023 4312 2459 3295 38 235 83 98 38 24 686 21 1150 32 25 166 186 67 530
leaf_count=2930 22 17340 200 14594 1421 533 7133 5534 7154 11379 2781 13023 4312 2459 3295 38 235 83 98 38 24 686 21 1150 32 25 166 186 67 530
internal_value=-8.52963e-11 -0.0148516 0.0514761 -0.0269278 0.00338694 0.0792565 -0.0375962 0.0365178 -0.0152665 0.0171842 0.0999636 -0.0452228 0.0475989 0.061406 0.032593 0.0564617 0.0841254 0.0340755 0.0705788 0.107334 0.0230552 -0.0220359 0.165091 0.0666783 0.110767 0.113228 0.204452 -0.00227535 -0.0426992 0.0915765
internal_weight=97489 75660 21829 45520 30140 7640 23772 14189 21748 12800 3537 15953 8655 4103 4343 3903 1444 4321 1002 666 3319 7819 256 1188 3004 2972 191 336 253 628
internal_count=97489 75660 21829 45520 30140 7640 23772 14189 21748 12800 3537 15953 8655 4103 4343 3903 1444 4321 1002 666 3319 7819 256 1188 3004 2972 191 336 253 628
is_linear=0
shrinkage=0.1


Tree=21
num_leaves=31
num_cat=0
split_feature=16 14 90 88 96 12 57 50 49 52 55 89 79 103 90 7 56 50 37 53 110 8 59 73 17 28 2 7 29 104
split_gain=6101.05 1130.98 950.348 441.697 340.236 320.211 296.235 285.32 220.468 216.43 197.226 193.96 234.722 184.505 205.422 197.819 192.319 316.547 271.577 186.158 179.1 188.833 177.583 175.693 181.36 179.842 170.286 202.881 182.911 200.845
threshold=5.9750000000000005 8.6333333333333346 3.5000000000000004 4.2500000000000009 219.50000000000003 11.100000000000001 10.500000000000002 -2.2499999999999996 32.650000000000013 8.5000000000000018 13.500000000000002 11.500000000000002 6.5000000000000009 0.48700000000000004 16.500000000000004 2.5689727889526757 5.5000000000000009 3.4500000000000006 1.9364486375644641 13.500000000000002 80.500000000000014 8.6125000000000025 20.500000000000004 7.5000000000000009 4.2200958917358795 1.6306818181818186 30.545000000000002 6.4485108035207963 0.78843978169951412 106.05000000000001
decision_type=10 10 10 8 2 10 10 10 10 10 10 10 10 2 10 10 10 10 10 8 2 10 10 10 10 10 10 10 10 2
left_child=2 7 3 -1 8 11 9 -2 -5 -4 -9 -3 23 19 15 -15 26 18 -18 -7 -12 -22 -23 24 -13 -25 27 -17 29 -28
right_child=1 5 6 4 -6 13 -8 10 -10 -11 20 12 -14 14 -16 16 17 -19 -20 -21 21 22 -24 25 -26 -27 28 -29 -30 -31
leaf_value=-0.056259232399518647 0.38100911676883698 0.020349065387945092 -0.014283277790694326 -0.045900048535127511 -0.0074926331304237676 -0.20128739800304177 0.010696706973869983 -0.1701583156845084 -0.023809209436717313 0.014352738339398187 0.011286311306649744 0.053165587588830311 0.024500350078425309 -0.07591041932484649 0.12065915871587524 -0.14820740265750337 0.098831057111416376 -0.075565613312534544 0.2784684839560872 0.10524720651558694 -0.0060464784487582642 0.031014589199053307 0.074636113664543743 0.15668871308382112 0.11601508712594617 -0.05339142350560945 0.26494055883541928 0.19810114133925666 0.029073741925156212 0.075555301490417337
leaf_weight=4742 22 1963 19317 6420 9305 20 9512 54 15247 3057 8830 2943 1581 116 522 87 424 83 105 2105 1149 6220 1098 357 544 46 67 21 1191 341
leaf_count=4742 22 1963 19317 6420 9305 20 9512 54 15247 3057 8830 2943 1581 116 522 87 424 83 105 2105 1149 6220 1098 357 544 46 67 21 1191 341
internal_value=-9.94442e-11 0.037622 -0.0166344 -0.0278378 -0.0234863 0.06054 -0.00408602 0.0211112 -0.0303548 -0.0103707 0.0206549 0.0473151 0.0569906 0.0798855 0.063733 0.0515295 0.0579042 0.105999 0.134487 0.102362 0.0212506 0.0316421 0.0375596 0.0701955 0.0629706 0.132709 0.040661 -0.0808696 0.0488694 0.106655
internal_weight=97489 29889 67600 35714 30972 12516 31886 17373 21667 22374 17351 7434 5471 5082 2957 2435 2319 612 529 2125 17297 8467 7318 3890 3487 403 1707 108 1599 408
internal_count=97489 29889 67600 35714 30972 12516 31886 17373 21667 22374 17351 7434 5471 5082 2957 2435 2319 612 529 2125 17297 8467 7318 3890 3487 403 1707 108 1599 408
is_linear=0
shrinkage=0.1


Tree=22
num_leaves=31
num_cat=0
split_feature=59 12 90 110 0 40 89 110 88 102 110 50 111 17 107 1 6 47 88 87 55 15 103 10 85 28 4 79 56 33
split_gain=4972.51 1013.39 853.717 407.083 317.167 293.195 332.569 249.63 254.633 225.794 238.039 225.09 221.231 205.605 247.607 202.692 183.354 182.992 183.576 257.95 199.005 210.942 181.722 199.702 205.071 183.102 179.931 177.972 176.625 175.081
threshold=15.500000000000002 9.2666666666666675 3.5000000000000004 79.500000000000014 21.130000000000006 1.4409722222222225 1.0000000180025095e-35 81.500000000000014 22.050000000000004 3.5000000000000004 80.500000000000014 -2.2499999999999996 5.5000000000000009 4.6508346710977122 2017.5000000000002 11.164049444444169 8.1000000000000014 0.44573762690963875 18.850000000000005 5.5000000000000009 31.500000000000004 3.8557305873716903 0.37650000000000006 21.625000000000004 74.500000000000014 0.57518796992481214 23.74250000000001 6.5000000000000009 6.5000000000000009 2.1921397942021335
decision_type=10 10 10 2 10 10 10 2 10 10 2 10 2 10 2 10 10 10 10 8 10 10 2 10 10 10 10 10 10 10
left_child=2 5 4 -4 9 6 -2 -3 13 10 -1 -7 -12 -9 -15 -5 -10 18 20 -20 -8 -22 23 24 -18 -24 -27 28 -17 -25
right_child=1 7 3 15 -6 11 17 8 16 -11 12 -13 -14 14 -16 27 22 -19 19 -21 21 -23 25 29 -26 26 -28 -29 -30 -31
leaf_value=-0.034429885845981917 -0.10404572551622271 0.037176891354286624 -0.010493261778898332 0.0060922010404469125 -0.015004548975072838 0.24552742105831082 -0.028265003813959827 0.031056635863070864 -0.058222483321093026 -0.057835825816223888 0.26996816724538802 0.028591033616588213 -0.0033686514718455612 0.1495652594349601 -0.23932673796080053 0.052810547166297996 0.1616948198160898 -0.0021752575050611317 0.040672192175111081 0.18314754841197933 0.21492180996765831 -0.089738587707732673 0.023671021151740912 0.067677982792783378 0.050016622528643674 0.34504866243898874 0.075935432179791429 -0.007593450545960956 0.26063267599259105 -0.22256080548871648
leaf_weight=14158 273 3329 23610 6766 14581 48 616 388 100 3412 30 13424 2282 22 64 1554 721 4741 1141 143 73 33 746 376 213 25 4004 552 42 22
leaf_count=14158 273 3329 23610 6766 14581 48 616 388 100 3412 30 13424 2282 22 64 1554 721 4741 1141 143 73 33 746 376 213 25 4004 552 42 22
internal_value=-8.19473e-11 0.0334689 -0.0152398 -0.00361897 -0.0262068 0.0207294 0.00415903 0.0595484 0.0706956 -0.0344222 -0.0295717 0.029364 0.000178107 4.95764e-05 -0.139843 0.0145886 0.0760906 0.00853725 0.0338553 0.0565398 -0.0064866 0.120075 0.0782899 0.110951 0.136226 0.0691791 0.0776053 0.0413513 0.0582796 0.0516346
internal_weight=97489 30502 66987 32524 34463 20492 7020 10010 6681 19882 16470 13472 2312 474 86 8914 6207 6747 2006 1284 722 106 6107 1332 934 4775 4029 2148 1596 398
internal_count=97489 30502 66987 32524 34463 20492 7020 10010 6681 19882 16470 13472 2312 474 86 8914 6207 6747 2006 1284 722 106 6107 1332 934 4775 4029 2148 1596 398
is_linear=0
shrinkage=0.1


Tree=23
num_leaves=31
num_cat=0
split_feature=12 57 0 115 110 102 96 102 53 56 47 16 110 4 86 4 7 109 0 100 103 33 110 52 4 7 13 40 12 88
split_gain=4092.94 992.767 551.046 357.881 320.577 296.12 304.582 288.702 231.904 245.638 227.288 222.783 215.804 219.306 213.618 193.566 188.428 220.066 180.518 171.339 178.486 161.262 157.676 155.47 151.207 230.516 233.554 143.067 139.697 183.283
threshold=5.5500000000000007 17.500000000000004 17.810000000000006 1.0000000180025095e-35 79.500000000000014 3.5000000000000004 241.00000000000003 13.500000000000002 7.5000000000000009 7.5000000000000009 0.49086322442346203 6.2613636363636376 81.500000000000014 33.027500000000011 28.500000000000004 30.927499999999998 5.031566746415443 27.212867898699525 50.310000000000009 1.0000000180025095e-35 0.62150000000000005 1.5652465782067826 75.500000000000014 19.500000000000004 37.192500000000017 5.8580427314104231 5.7965442804375558 0.89181286549707617 9.7000000000000011 15.65
decision_type=10 10 10 2 2 10 2 10 8 10 10 10 2 10 10 10 10 2 10 2 2 10 2 10 10 10 10 10 10 10
left_child=2 4 5 10 21 6 -1 12 -6 16 -4 -11 -3 27 -13 -5 -10 19 -19 20 -18 -2 -17 -12 25 26 -15 -14 -29 -30
right_child=1 7 3 15 8 -7 -8 -9 9 11 23 14 13 24 -16 22 17 18 -20 -21 -22 -23 -24 -25 -26 -27 -28 28 29 -31
leaf_value=-0.027659753615255696 0.0011717086225884227 0.035429732642463733 0.055144247114719908 -0.020578624168442999 -0.10765682672078794 -0.053898174558525691 0.012700707091921191 -0.18205524042248727 0.012292424482018739 0.29094329960644244 0.0016645709968716111 0.057585114100947979 0.15026608634855332 0.058534835318375833 0.35527030920982361 -0.017193329567245626 0.038573040978949195 -0.0021805167901594869 0.065195660449462595 0.057982120117415575 -0.016321784595771882 0.11126001649984607 0.0073041124262714285 0.15019793172537443 0.071398069194142155 0.18150462639016188 0.30394022904691242 0.054304784438102896 -0.21322390049002893 0.0026655147848245893
leaf_weight=16424 9261 2627 908 18134 130 3744 2110 50 7726 48 9425 674 97 506 25 4731 2789 2318 480 3560 752 135 5909 71 3309 347 42 654 43 460
leaf_count=16424 9261 2627 908 18134 130 3744 2110 50 7726 48 9425 674 97 506 25 4731 2789 2318 480 3560 752 135 5909 71 3309 347 42 654 43 460
internal_value=-2.79832e-11 0.0267591 -0.0156895 -0.00854895 0.0177959 -0.0282467 -0.0230649 0.0574975 0.0254349 0.0263767 0.0073456 0.0825427 0.058979 0.0703135 0.0682319 -0.014296 0.0239962 0.0331308 0.00937794 0.0424902 0.0269151 0.00275344 -0.0035885 0.00277513 0.0812613 0.117728 0.0773433 0.0336114 0.0238313 -0.0157902
internal_weight=97489 36033 61456 39178 27898 22278 18534 8135 18502 18372 10404 747 8085 5458 699 28774 17625 9899 2798 7101 3541 9396 10640 9496 4204 895 548 1254 1157 503
internal_count=97489 36033 61456 39178 27898 22278 18534 8135 18502 18372 10404 747 8085 5458 699 28774 17625 9899 2798 7101 3541 9396 10640 9496 4204 895 548 1254 1157 503
is_linear=0
shrinkage=0.1


Tree=24
num_leaves=31
num_cat=0
split_feature=59 90 57 57 100 103 82 102 34 94 48 111 12 56 13 17 103 97 47 102 89 88 4 16 94 90 7 43 19 44
split_gain=3370.24 933.825 511.269 383.042 267.133 307.66 248.654 244.683 247.613 215.129 194.847 190.772 214.237 189.128 188.412 198.046 177.73 201.767 168.642 235.739 223.056 158.002 181.125 157.914 158.087 219.744 179.067 161.243 156.416 191.16
threshold=14.500000000000002 7.5000000000000009 6.5000000000000009 14.500000000000002 1.0000000180025095e-35 0.39200000000000007 626.50000000000011 8.5000000000000018 0.45227272727272733 1.0000000180025095e-35 35.350000000000001 22.500000000000004 5.9000000000000012 3.5000000000000004 2.8838617020628585 3.6121140472413553 0.46050000000000008 8.5000000000000018 0.83365907064964151 11.500000000000002 1.0000000180025095e-35 23.050000000000004 12.107500000000003 12.025000000000002 5.5000000000000009 13.500000000000002 2.4697348311904634 0.82657830373090102 1.2415253053016908 1.1833333333333336
decision_type=10 10 10 10 2 2 8 10 10 10 10 2 8 8 10 10 2 2 10 10 10 10 10 10 10 10 10 10 10 10
left_child=2 6 11 10 5 -5 9 8 21 -2 14 13 -13 -1 -3 -16 17 -8 19 20 -11 -4 -23 -7 26 -26 -25 28 -28 -30
right_child=1 3 7 4 -6 23 16 -9 -10 18 -12 12 -14 -15 15 -17 -18 -19 -20 -21 -22 22 -24 24 25 -27 27 -29 29 -31
leaf_value=-0.023131029384955967 -0.013621921607957433 -0.0031866568067617528 -0.021431849756274296 0.077470250274016605 0.066516661612213021 0.013813244135274376 -0.0088141689301821698 -0.060477606413920637 0.0024683332750526006 -0.12463500148552503 0.085643890288900293 -0.036124734142936814 -0.14394961089054323 0.023200035024072148 0.047992463015518447 -0.031977781113844528 0.03344425709638979 0.21209103035249025 0.0060218170476934998 -0.18717744046328022 0.037391577668561347 0.074098186006607572 -0.0076851268991870343 -0.19304403107741785 0.0013184745203364979 0.4270766051279174 0.038371837040295412 -0.010964232235493367 0.11874035575769736 0.42641156803477892
leaf_weight=6997 4011 2807 12555 1375 5873 3513 58 886 16030 87 413 9290 188 1008 1954 368 397 144 10337 49 3633 276 14372 29 22 27 294 228 246 22
leaf_count=6997 4011 2807 12555 1375 5873 3513 58 886 16030 87 413 9290 188 1008 1954 368 397 144 10337 49 3633 276 14372 29 22 27 294 228 246 22
internal_value=-5.89849e-11 0.0243602 -0.0141914 0.0412014 0.0515121 0.0362026 0.00890927 -0.0084565 -0.0073904 0.00681342 0.0195661 -0.0286635 -0.0382635 -0.017297 0.0142454 0.0353185 0.0722993 0.148663 0.0126241 0.0307319 0.0336022 -0.0131999 -0.00614415 0.0232505 0.0614452 0.23592 0.0510066 0.0599654 0.0887411 0.143997
internal_weight=97489 35887 61602 17171 11629 5756 18716 44119 43233 18117 5542 17483 9478 8005 5129 2322 599 202 14106 3769 3720 27203 14648 4381 868 49 819 790 562 268
internal_count=97489 35887 61602 17171 11629 5756 18716 44119 43233 18117 5542 17483 9478 8005 5129 2322 599 202 14106 3769 3720 27203 14648 4381 868 49 819 790 562 268
is_linear=0
shrinkage=0.1


Tree=25
num_leaves=31
num_cat=0
split_feature=12 59 88 110 90 110 103 8 111 28 49 96 115 0 20 106 81 23 111 39 31 103 47 1 111 29 57 39 90 88
split_gain=2756.86 751.827 379.159 302.875 295.936 285.747 262.003 269.382 256.306 285.598 190.387 174.434 173.606 170.898 161.499 164.627 217.299 160.031 153.115 146.763 144.469 179.209 143.448 155.848 158.15 144.821 144.356 141.898 141.421 206.105
threshold=5.2250000000000005 20.500000000000004 4.2500000000000009 73.500000000000014 7.5000000000000009 80.500000000000014 0.57950000000000002 7.7071428571428582 4.5000000000000009 2.4250000000000003 28.850000000000005 209.50000000000003 1.0000000180025095e-35 25.426666666666673 11.450000000000001 104.50000000000001 11.500000000000002 0.60946741720815634 17.500000000000004 1.3395671481745666 0.86554360876699588 0.76750000000000018 0.94520927215762518 11.750638280516826 38.500000000000007 0.68184354922134705 16.500000000000004 1.2888391932218626 14.500000000000002 40.250000000000007
decision_type=10 10 8 2 10 2 2 10 2 8 8 2 2 10 10 2 10 10 2 10 10 2 8 10 2 10 8 10 10 10
left_child=2 4 -1 -4 10 -3 28 -8 9 -5 -2 -12 22 -14 15 16 18 -9 -6 -17 21 -19 23 -10 26 -24 -25 -23 -7 -30
right_child=1 5 3 8 14 6 7 17 12 -11 11 -13 13 -15 -16 19 -18 20 -20 -21 -22 27 25 24 -26 -27 -28 -29 29 -31
leaf_value=-0.040692198084809436 -0.060166088442682578 0.0078145260782811529 -0.034786855918215183 0.0097187133660684866 -0.029826648849993944 0.056179753968946672 -0.1237008441734103 0.21470098932428905 0.0032927587673853872 0.23479877984837483 -0.019233789024687271 0.0098030204610204917 -0.022413563194296098 -0.0070205854949305715 0.1475242702733903 0.0039041408650680553 0.049769875687448235 -0.0063970726850120082 -0.36870177447795871 0.028985007339139002 0.049120669970679376 0.016287342865358701 -0.034690597927891344 0.07585612440410143 -0.010792669986958728 -0.0037599498509189619 0.3109246998759253 0.27172636478099715 0.0075518739866619975 0.11728036648717462
leaf_weight=4735 460 1847 4944 5136 40 4514 113 48 6116 57 2466 12847 16660 12719 105 4545 2524 1132 20 4794 1741 44 2017 390 236 6067 28 43 212 889
leaf_count=4735 460 1847 4944 5136 40 4514 113 48 6116 57 2466 12847 16660 12719 105 4545 2524 1132 20 4794 1741 44 2017 390 236 6067 28 43 212 889
internal_value=-9.78991e-12 0.0208673 -0.0135517 -0.011188 0.0122324 0.0435508 0.0511063 0.0278776 -0.00882749 0.0121893 0.00322275 0.00512694 -0.0112949 -0.0157495 0.0240473 0.0229599 0.0452988 0.0335718 -0.142785 0.0167789 0.0306346 0.00423248 -0.00248427 0.00825424 0.0546525 -0.0114773 0.0916023 0.142539 0.0640176 0.0961519
internal_weight=97489 38384 59105 54370 27801 10583 8736 3121 49426 5193 15773 15313 44233 29379 12028 11923 2584 3008 60 9339 2960 1219 14854 6770 654 8084 418 87 5615 1101
internal_count=97489 38384 59105 54370 27801 10583 8736 3121 49426 5193 15773 15313 44233 29379 12028 11923 2584 3008 60 9339 2960 1219 14854 6770 654 8084 418 87 5615 1101
is_linear=0
shrinkage=0.1


Tree=26
num_leaves=31
num_cat=0
split_feature=59 90 6 110 57 2 100 103 82 102 90 94 110 96 48 13 17 16 16 91 16 59 47 102 61 9 88 20 80 17
split_gain=2273.01 619.074 363.448 348.998 268.292 217.942 215.219 224.444 191.152 184.923 183.003 174.644 217.736 169.551 153.75 151.871 174.973 151.08 149.122 156.103 148.951 145.361 145.164 157.044 151.759 143.246 142.206 138.6 133.622 133.527
threshold=14.500000000000002 7.5000000000000009 6.2250000000000005 77.500000000000014 14.500000000000002 15.415000000000001 1.0000000180025095e-35 0.39200000000000007 626.50000000000011 3.5000000000000004 1.5000000000000002 1.5000000000000002 83.500000000000014 223.50000000000003 33.95000000000001 2.8838617020628585 3.6121140472413553 5.0544117647058835 14.025000000000002 2.5000000000000004 15.875000000000002 25.500000000000004 1.0713822763440655 11.500000000000002 11.500000000000002 4.0503526643386936 13.450000000000001 11.450000000000001 12.450000000000001 3.5750925082689324
decision_type=10 10 10 2 10 10 2 2 8 10 10 10 2 2 10 10 10 10 10 10 10 10 10 10 10 10 10 10 8 10
left_child=2 8 9 -4 14 -6 7 18 10 13 29 28 -13 -1 15 -3 -17 -11 -7 -20 27 -10 23 26 -24 -16 -12 -8 -5 -2
right_child=1 4 3 11 5 6 20 -9 21 17 22 12 -14 -15 25 16 -18 -19 19 -21 -22 -23 24 -25 -26 -27 -28 -29 -30 -31
leaf_value=-0.028522227670914564 -0.017779378507938742 -0.0058018179869353042 -0.014885832303490752 -0.14006270706774795 0.29897061309805423 0.05411980561882819 0.052026369625693673 0.016789218755418684 0.041617099540160296 -0.045649992647733527 -0.01357967385939695 0.010539921623589868 0.097486164136774175 -0.0017341108817225306 -0.15064356029033663 0.041357049721268642 -0.034677595918086203 -0.20740828036756842 0.091073228971707443 0.35955476750704379 0.21319420395766275 0.17646980345641314 -0.0064441855792123194 -0.11060490606613056 0.02461890880796927 0.07768559914445558 0.025883587949774092 0.21602379029186874 -0.0043629347226303858 -0.10912942586294988
leaf_weight=7574 834 2730 27475 73 33 1274 5744 4371 504 2703 1068 7846 299 3434 29 1900 360 59 63 33 59 95 7647 93 1980 523 6297 52 12139 198
leaf_count=7574 834 2730 27475 73 33 1274 5744 4371 504 2703 1068 7846 299 3434 29 1900 360 59 63 33 59 95 7647 93 1980 523 6297 52 12139 198
internal_value=-2.58631e-11 0.0200056 -0.0116545 -0.00753324 0.0337179 0.0423471 0.0416168 0.0278588 0.00742522 -0.0259703 0.00558761 0.00239025 0.0137317 -0.0201655 0.015611 0.0100712 0.0292453 -0.0491054 0.0631763 0.183364 0.0551069 0.0630044 0.00805773 0.0185304 -5.53908e-05 0.06569 0.020161 0.0534977 -0.00517411 -0.0353058
internal_weight=97489 35887 61602 47832 17171 11629 11596 5741 18716 13770 18117 20357 8145 11008 5542 4990 2260 2762 1370 96 5855 599 17085 7458 9627 552 7365 5796 12212 1032
internal_count=97489 35887 61602 47832 17171 11629 11596 5741 18716 13770 18117 20357 8145 11008 5542 4990 2260 2762 1370 96 5855 599 17085 7458 9627 552 7365 5796 12212 1032
is_linear=0
shrinkage=0.1


Tree=27
num_leaves=31
num_cat=0
split_feature=59 59 88 79 41 115 90 88 4 106 100 5 85 35 18 103 15 83 36 83 31 103 39 22 102 12 102 30 5 102
split_gain=1841.14 507.517 324.498 298.935 286.249 222.996 204.36 197.873 285.978 198.976 207.657 195.623 189.368 263.288 270.331 185.001 184.336 181.499 169.149 166.781 182.455 166.244 154.871 150.423 149.81 185.328 148.64 147.935 144.151 192.177
threshold=14.500000000000002 23.500000000000004 26.450000000000003 4.5000000000000009 1.60979494525198 1.0000000180025095e-35 13.500000000000002 19.050000000000004 16.802500000000006 707.50000000000011 1.0000000180025095e-35 15.850923516151086 31.500000000000004 1.5333985742509757 0.55000000000000016 0.57100000000000006 4.6627959282118168 85.500000000000014 0.45000000000000007 28.500000000000004 0.52386127875258326 0.59000000000000008 1.4317807919044598 2.552777777777778 1.5000000000000002 11.700000000000001 3.5000000000000004 3.9000000000000004 10.917102709893607 2.5000000000000004
decision_type=10 10 10 10 10 2 10 10 10 2 2 10 10 10 10 2 10 8 10 10 10 2 10 10 10 10 10 10 10 10
left_child=2 4 5 -4 7 26 -3 -2 17 10 15 12 13 14 -8 -10 -6 -9 -7 22 -21 -5 -14 -13 25 -18 -1 -17 29 -22
right_child=1 6 3 21 16 18 11 8 9 -11 -12 23 19 -15 -16 27 24 -19 -20 20 28 -23 -24 -25 -26 -27 -28 -29 -30 -31
leaf_value=-0.0020226464287587233 -0.011745231079350014 0.034016133168599021 0.020347788229742286 -0.0010570391307339693 0.025733892839635994 -0.038478156332595784 -0.25243818670511248 0.1465923283885065 0.015107658251351679 -0.016367879066118359 0.026222578607560589 0.11082301962782036 0.015439322787635733 0.34208658515422979 0.12259374048313387 -0.019203564468456294 0.10563893390424324 -0.12325324075562615 -0.017800241611494502 -0.12194014725849985 -0.018938979627732357 -0.021672678989056407 -0.28253197761682364 -0.2162003780213686 0.072015727335137544 0.48565417102405006 -0.03084579281292707 0.2471910581702278 0.11292814098624421 0.1854882569662456
leaf_weight=12022 4456 3806 5013 13273 8007 5023 20 227 4625 2413 7585 22 53 53 493 2839 33 28 18623 47 222 5546 26 39 290 21 2102 21 503 58
leaf_count=12022 4456 3806 5013 13273 8007 5023 20 227 4625 2413 7585 22 53 53 493 2839 33 28 18623 47 222 5546 26 39 290 21 2102 21 503 58
internal_value=-6.41458e-11 0.018005 -0.0104891 -0.0013521 0.0130318 -0.0162543 0.0464414 0.00709364 0.0118262 0.0102927 0.0145616 0.0772297 0.0844871 0.129895 0.107973 0.00274482 0.0288134 0.116962 -0.0221927 0.0562134 0.0694284 -0.00713251 -0.0826272 -0.0982575 0.100492 0.253423 -0.00631224 -0.0172475 0.0809154 0.0234067
internal_weight=97489 35887 61602 23832 30545 37770 5342 22194 17738 17483 15070 1536 1475 566 513 7485 8351 255 23646 909 830 18819 79 61 344 54 14124 2860 783 280
internal_count=97489 35887 61602 23832 30545 37770 5342 22194 17738 17483 15070 1536 1475 566 513 7485 8351 255 23646 909 830 18819 79 61 344 54 14124 2860 783 280
is_linear=0
shrinkage=0.1


Tree=28
num_leaves=31
num_cat=0
split_feature=12 59 94 96 110 49 72 103 81 102 47 103 88 29 43 106 59 14 17 35 103 38 27 102 4 39 38 94 23 88
split_gain=1522.03 438.527 270.123 238.525 208.842 195.979 186.901 178.433 192.629 171.25 169.395 167.76 167.011 161.377 159.057 154.681 174.538 221.653 153.926 153.827 145.852 142.478 154.911 140.752 137.268 131.877 129.372 129.203 302.175 128.147
threshold=5.2250000000000005 23.500000000000004 1.0000000180025095e-35 198.50000000000003 75.500000000000014 69.65000000000002 1.0000000180025095e-35 0.5525000000000001 926.50000000000011 3.5000000000000004 1.0500465896795479 0.58700000000000008 8.7500000000000018 1.2090665032085124 1.9364486375644641 824.50000000000011 28.500000000000004 9.9500000000000011 1.5729022795267567 0.82601002110776411 0.25000000000000006 3.9500000000000006 1.6482305137328706 10.500000000000002 49.937500000000014 0.63666273824766606 1.3875000000000002 1.5000000000000002 1.6527481393504082 67.15000000000002
decision_type=10 10 10 2 2 10 8 2 10 10 8 2 8 10 10 2 10 10 10 10 2 10 10 10 10 10 10 10 10 10
left_child=2 3 12 -2 -4 7 23 8 10 -9 18 13 -1 25 21 16 19 -18 -5 -15 -20 -7 -23 -6 -12 -3 -21 28 -19 -13
right_child=1 11 4 5 6 14 -8 9 -10 -11 24 29 -14 15 -16 -17 17 27 20 26 -22 22 -24 -25 -26 -27 -28 -29 -30 -31
leaf_value=-0.033841474827784566 -0.023523149823526726 -0.10706133283674718 -0.01718866189345028 -0.23915192030725027 -0.0030867003277269007 0.028800484439694414 0.020664054929655284 0.0043960941361253008 -0.014473930227698065 -0.036814939555398288 0.011510749373403566 0.020047298939366277 -0.013630937263031962 0.30493572100996974 -0.012233999960025319 -0.12458558426453517 0.46889288201928142 0.22307760521422987 0.07517625721397074 0.23700929298287346 0.027358722955103928 0.084304274180059258 -0.056899363402934638 -0.071320500336070028 -0.070752443256566211 0.049117692509049571 -0.032377472646155599 0.20590140919947456 -0.17266076021960805 -0.15493512375410212
leaf_weight=5867 1863 55 10840 21 25077 3237 3525 9953 1734 1122 5951 1568 13490 20 709 26 24 43 706 21 6611 904 85 306 210 3184 118 141 35 43
leaf_count=5867 1863 55 10840 21 25077 3237 3525 9953 1734 1122 5951 1568 13490 20 709 26 24 43 706 21 6611 904 85 306 210 3184 118 141 35 43
internal_value=8.68655e-12 0.015505 -0.0100692 0.0112372 -0.00535155 0.0133099 -0.000912843 0.00987963 0.0169018 0.000221035 0.0209322 0.0422746 -0.0197566 0.0540914 0.0315963 0.111801 0.12709 0.18039 0.0311966 0.0456312 0.0319725 0.0389498 0.0721685 -0.00390928 0.00870678 0.0464657 0.00832125 0.148773 0.0455027 0.0153768
internal_weight=97489 38384 59105 33106 39748 31243 28908 26308 15233 11075 13499 5278 19357 3667 4935 428 402 243 7338 159 7317 4226 989 25383 6161 3239 139 219 78 1611
internal_count=97489 38384 59105 33106 39748 31243 28908 26308 15233 11075 13499 5278 19357 3667 4935 428 402 243 7338 159 7317 4226 989 25383 6161 3239 139 219 78 1611
is_linear=0
shrinkage=0.1


Tree=29
num_leaves=31
num_cat=0
split_feature=90 0 57 96 110 102 88 103 35 33 35 14 35 90 12 89 75 16 20 17 17 103 41 85 88 95 0 88 88 104
split_gain=1289.3 440.182 312.526 278.801 211.748 177.596 213.207 187.601 179.682 226.079 194.476 183.235 169.221 210.803 177.899 163.044 157.465 157.292 153.641 162.294 159.464 188.251 172.286 169.488 155.503 150.195 169.33 157.305 178.968 158.748
threshold=7.5000000000000009 26.890000000000004 14.500000000000002 209.50000000000003 75.500000000000014 1.5000000000000002 26.050000000000004 0.57450000000000012 1.356536515387968 0.92237834162261667 1.3173936641710229 11.450000000000001 1.1430124454743453 17.500000000000004 13.700000000000001 13.500000000000002 10.500000000000002 13.925000000000002 0.47222222222222227 5.41865682035096 4.322371422457258 0.26200000000000007 1.3565365153879683 80.500000000000014 16.650000000000002 1.0000000180025095e-35 51.290000000000013 55.150000000000013 49.250000000000007 113.85000000000001
decision_type=10 10 10 2 2 10 10 2 10 10 10 10 10 10 10 10 10 10 10 10 10 2 10 10 10 10 10 10 10 2
left_child=1 4 -2 16 -1 6 -4 8 10 15 -7 -11 -8 -14 -15 -10 -3 18 -5 20 -20 -22 23 24 -23 27 -27 28 -13 -29
right_child=2 3 5 17 -6 7 12 -9 9 11 -12 25 13 14 -16 -17 -18 -19 19 -21 21 22 -24 -25 -26 26 -28 29 -30 -31
leaf_value=-0.027442321387421628 0.0087350674935334337 -0.011856445497924502 -0.099229080110966247 0.18787531776695837 -0.009403450879519196 0.043510047062173388 0.039620448995204928 0.019231759259942988 0.46331457186203739 0.035253648460861674 -0.075603527229622755 0.089538518732042938 -0.041018820820579255 0.32726353441675504 -0.01169522749260068 0.11845089952493537 0.031183751326760434 -0.25651093775575812 0.0095836945032850163 -0.21804919824484859 0.36563087339912143 -0.15860910615085491 0.1286531720415684 -0.25118418998504061 0.079054132502439423 0.41921274024061861 0.12989846967838029 -0.11623886919658011 0.27697083798588301 0.20321738379342213
leaf_weight=7919 10577 11481 178 49 36503 4918 1111 3414 26 588 141 309 624 30 32 29 918 22 17973 31 21 35 177 25 129 32 55 60 61 21
leaf_count=7919 10577 11481 178 49 36503 4918 1111 3414 26 588 141 309 624 30 32 29 918 22 17973 31 21 35 177 25 129 32 55 60 61 21
internal_value=-5.86818e-11 -0.00624576 0.0211744 0.00292831 -0.0126192 0.0324885 0.00516631 0.038078 0.0483891 0.0835101 0.0401902 0.0738403 0.0155071 -0.0235453 0.152317 0.281477 -0.00866983 0.0107176 0.0110364 0.0105652 0.0109512 0.0744623 0.0577559 -0.0086399 0.0283333 0.116013 0.236313 0.0928068 0.12044 -0.0334169
internal_weight=97489 75283 22206 30861 44422 11629 1975 9654 6240 1181 5059 1126 1797 686 62 55 12399 18462 18440 18391 18360 387 366 189 164 538 87 451 370 81
internal_count=97489 75283 22206 30861 44422 11629 1975 9654 6240 1181 5059 1126 1797 686 62 55 12399 18462 18440 18391 18360 387 366 189 164 538 87 451 370 81
is_linear=0
shrinkage=0.1


Tree=30
num_leaves=31
num_cat=0
split_feature=110 88 88 97 40 103 85 37 10 104 13 59 103 50 89 85 23 35 12 51 33 39 40 10 16 6 9 102 5 8
split_gain=1100.15 463.532 311.027 268.173 222.903 212.744 205.456 201.975 193.349 185.01 169.863 159.715 155.876 148.727 148.533 241.745 146.656 143.904 141.088 139.471 138.005 137.628 135.903 157.943 180.162 176.544 170.924 133.63 211.85 131.758
threshold=79.500000000000014 25.250000000000004 27.850000000000005 14.500000000000002 1.2330316742081451 0.57950000000000002 118.50000000000001 2.2041230063145054 3.3514705882352946 102.85000000000001 4.1952184631314529 9.5000000000000018 0.68900000000000017 22.350000000000005 15.500000000000002 85.500000000000014 0.68694219605279438 1.031826849701565 12.300000000000002 73.90000000000002 0.73217397231470061 0.68250705852645377 3.552777777777778 16.418750000000003 12.575000000000001 20.450000000000003 6.1839846549520567 3.5000000000000004 9.9947552034405156 12.950000000000001
decision_type=2 8 10 2 10 2 8 10 8 2 10 10 2 10 10 10 8 10 10 8 10 10 10 10 10 10 10 10 10 10
left_child=2 4 11 5 27 19 -6 8 -7 14 17 -1 -9 -11 15 -10 -4 21 -14 22 -8 -5 23 25 -25 -3 -26 -2 -29 -30
right_child=1 3 16 10 6 7 20 12 9 13 -12 -13 18 -15 -16 -17 -18 -19 -20 -21 -22 -23 -24 24 26 -27 -28 28 29 -31
leaf_value=-0.023115899617382203 -0.0040075715861971478 0.03420562888416883 0.15730923537985753 0.22741945583838971 0.012621727860782229 0.30425588712096219 0.29284851360260639 0.04747052061340367 0.097748009203813782 0.004369424773508406 -0.061369257959788481 -0.0091459002374033975 0.1296251495917366 -0.2561169940639626 0.01775527156380393 0.44032609449699528 -0.00054094190573248768 -0.015409090035724349 0.42941016927361492 0.050663427605178779 0.076777584983200642 0.018757908451176048 0.16744270799141647 0.011287260839797225 -0.027213268289859927 0.1847875248970865 -0.34189904940846777 -0.01457354237432807 -0.1191153921990418 0.051263226840931632
leaf_weight=14009 8659 5389 59 32 4978 22 37 329 117 5944 404 19681 73 22 161 25 24527 1800 20 3870 147 2593 69 2707 45 79 28 1254 357 52
leaf_count=14009 8659 5389 59 32 4978 22 37 329 117 5944 404 19681 73 22 161 25 24527 1800 20 3870 147 2593 69 2707 45 79 28 1254 357 52
internal_value=-9.92332e-12 0.0129502 -0.00871401 0.0217329 -0.000509082 0.0271065 0.0164573 0.0128114 0.0083189 0.00728036 0.000701416 -0.0149549 0.0797835 0.00340886 0.0835091 0.158061 -0.000162143 0.00636843 0.194095 0.0349807 0.120227 0.0213016 0.0276834 0.0265142 0.00710678 0.0363812 -0.147915 -0.00899392 -0.0349571 -0.0974536
internal_weight=97489 39213 58276 23729 15484 18900 5162 6713 6291 6269 4829 33690 422 5966 303 142 24586 4425 93 12187 184 2625 8317 8248 2780 5468 73 10322 1663 409
internal_count=97489 39213 58276 23729 15484 18900 5162 6713 6291 6269 4829 33690 422 5966 303 142 24586 4425 93 12187 184 2625 8317 8248 2780 5468 73 10322 1663 409
is_linear=0
shrinkage=0.1


Tree=31
num_leaves=31
num_cat=0
split_feature=57 56 34 102 90 14 103 97 7 89 17 12 12 103 51 91 9 20 87 41 19 11 9 13 110 57 5 21 47 102
split_gain=907.411 400.573 235.593 188.317 153.738 146.938 144.588 143.463 161.411 142.156 125.796 118.04 162.2 129.213 150.826 127.039 126.402 122.225 117.159 117.146 143.163 116.201 113.312 107.925 106.47 109.358 105.431 105.423 113.945 154.696
threshold=10.500000000000002 2.5000000000000004 0.45227272727272733 15.500000000000002 1.5000000000000002 8.0500000000000025 0.58700000000000008 17.500000000000004 2.2582094138490336 24.500000000000004 3.8374882135941069 18.900000000000002 18.100000000000005 0.49400000000000005 69.350000000000009 11.500000000000002 7.8757714960635887 0.38750000000000007 108.50000000000001 1.6314144373576036 3.570707350120379 3.9507013219591998 6.3425371568457374 5.1088065352103387 72.500000000000014 3.5000000000000004 8.246656419679729 4.1958974150093331 0.52269066582384538 16.500000000000004
decision_type=10 10 10 10 10 10 2 2 10 10 10 10 10 2 10 10 10 10 10 10 10 10 10 10 2 8 10 10 10 10
left_child=2 4 9 7 5 -2 27 11 -9 10 24 12 13 15 17 -3 19 -15 21 -17 -21 -16 23 -10 -1 -26 -8 28 29 -6
right_child=1 3 -4 -5 6 -7 26 8 22 -11 -12 -13 -14 14 18 16 -18 -19 -20 20 -22 -23 -24 -25 25 -27 -28 -29 -30 -31
leaf_value=-0.039932526430842719 -0.019255411666503974 0.03862525248264425 0.0019764773833186792 -0.13459458602209615 0.025810890821920521 -0.17618441043061117 0.022095292579923365 0.20494844501509385 0.0209193935435045 0.0056529058360687947 -0.11930870485671781 0.24237359074445874 -0.23623411797958874 0.22845423643787705 -0.079883812831305884 0.4186349126554671 0.030607155814547749 0.0018749693736610025 -0.045814198882065039 0.26205613618143481 -0.052512101634689001 0.040557588323212108 -0.056554576804165736 -0.19145834827423097 -0.031010505872769597 -0.011181733999190804 -0.0099793340485126447 0.101454791776996 0.0061341297972489816 -0.2342098277548085
leaf_weight=1527 1585 5129 15777 73 4399 62 1210 34 558 3908 114 26 23 24 82 21 68 2974 176 39 23 3466 415 25 3053 31262 6696 128 14589 23
leaf_count=1527 1585 5129 15777 73 4399 62 1210 34 558 3908 114 26 23 24 82 21 68 2974 176 39 23 3466 415 25 3053 31262 6696 128 14589 23
internal_value=-4.26345e-14 0.0111246 -0.00836689 0.0255731 0.00449961 -0.0251629 0.00630601 0.0264668 -0.00931719 -0.0124605 -0.0144292 0.0295312 0.029071 0.0295794 0.0203835 0.0412867 0.131689 0.00368881 0.0338235 0.214503 0.145361 0.037774 -0.0166168 0.0118123 -0.0140956 -0.0129459 -0.00507037 0.0110054 0.0103964 0.0244585
internal_weight=97489 41848 55641 13156 28692 1647 27045 13083 1032 39864 35956 12051 12025 12002 6722 5280 151 2998 3724 83 62 3548 998 583 35842 34315 7906 19139 19011 4422
internal_count=97489 41848 55641 13156 28692 1647 27045 13083 1032 39864 35956 12051 12025 12002 6722 5280 151 2998 3724 83 62 3548 998 583 35842 34315 7906 19139 19011 4422
is_linear=0
shrinkage=0.1


Tree=32
num_leaves=31
num_cat=0
split_feature=110 88 88 47 103 94 103 54 4 102 23 58 100 24 23 7 1 85 55 39 14 27 49 19 28 48 31 2 23 102
split_gain=767.871 331.73 216.468 203.566 229.667 167.876 167.333 154.184 146.988 143.206 141.652 138.658 130.493 255.783 174.345 145.786 161.433 156.786 144.774 229.926 164.71 149.739 140.088 138.205 140.404 130.452 129.036 122.666 119.236 118.419
threshold=79.500000000000014 22.050000000000004 27.850000000000005 1.0565861027014585 0.41600000000000004 2.5000000000000004 0.21350000000000002 10.500000000000002 47.792500000000011 2.5000000000000004 0.96902427084615972 1.5000000000000002 1.0000000180025095e-35 1.9000000000000001 1.2815932199788433 7.6719175490926483 10.141252382269597 94.500000000000014 28.500000000000004 1.3519517580968834 9.9500000000000011 0.85793099469161826 79.65000000000002 1.2415253053016908 0.54772727272727284 4.0500000000000007 0.97871355387816916 61.435000000000002 0.68694219605279438 9.5000000000000018
decision_type=2 8 10 10 2 10 2 10 10 10 10 8 2 10 10 10 8 8 10 10 10 10 8 10 10 8 10 10 8 10
left_child=2 8 11 4 27 -5 -7 12 9 -2 -8 25 14 29 15 16 18 -17 19 20 23 -21 -15 24 -6 -1 -10 -3 -4 -14
right_child=1 3 28 5 7 6 10 -9 26 -11 -12 -13 13 22 -16 17 -18 -19 -20 21 -22 -23 -24 -25 -26 -27 -28 -29 -30 -31
leaf_value=-0.017751595457678539 0.0038407265174482171 0.045524080253510089 0.1418435696654527 -0.002381827746420033 -0.051812164822714571 -0.096834936110383796 -0.091130587679740804 -0.16568489900749664 0.01632985187613446 -0.019401742427773941 0.028096196688967148 -0.067500142613734923 0.026865607536166344 0.094295383129446284 -0.0074619049427211348 -0.013524355628824498 0.076207924916231073 -0.26025638947884244 -0.023604814622543942 0.2846278220903678 -0.1548724780374385 -0.010225476751414438 0.292964087906811 0.15098443799449698 0.076712956999759441 -0.0052114605355406875 0.35918368178286725 -0.20270742924883961 -0.00048722316591200083 -0.070557864994043484
leaf_weight=17300 8842 4289 59 7076 169 115 102 46 23 3786 4324 452 4937 168 3290 182 712 30 513 61 47 24 45 92 171 15938 21 20 24527 128
leaf_count=17300 8842 4289 59 7076 169 115 102 46 23 3786 4324 452 4937 168 3290 182 712 30 513 61 47 24 45 92 171 15938 21 20 24527 128
internal_value=-6.2051e-12 0.0108192 -0.00728009 0.0171746 0.0249014 0.00724824 0.0222543 0.0169976 -0.00249186 -0.0031276 0.0253485 -0.0124866 0.0177927 0.028918 0.00669478 0.0299709 0.0392626 -0.0484393 0.0148383 0.0498052 0.0229086 0.201375 0.136268 0.0422505 0.0128284 -0.0117385 0.179965 0.0443719 -0.000145666 0.0244036
internal_weight=97489 39213 58276 26541 14924 11617 4541 10615 12672 12628 4426 33690 10569 5278 5291 2001 1789 212 1077 564 479 85 213 432 340 33238 44 4309 24586 5065
internal_count=97489 39213 58276 26541 14924 11617 4541 10615 12672 12628 4426 33690 10569 5278 5291 2001 1789 212 1077 564 479 85 213 432 340 33238 44 4309 24586 5065
is_linear=0
shrinkage=0.1


Tree=33
num_leaves=31
num_cat=0
split_feature=56 102 111 45 5 39 88 47 53 26 24 110 80 103 88 20 104 22 103 17 17 87 15 20 12 92 39 27 37 14
split_gain=649.141 256.41 231.305 201.046 212.71 197.388 183.315 204.838 169.973 188.147 178.77 163.256 148.523 141.109 136.354 135.881 130.878 126.921 131.927 129.438 124.235 119.343 118.514 118.377 117.624 116.273 114.205 139.114 116.345 112.358
threshold=1.5000000000000002 17.500000000000004 3.5000000000000004 0.32478054967508568 6.3995728167071428 0.48549796400695738 3.4500000000000006 0.99934167186722778 32.500000000000007 1.8730158730158732 2.6333333333333337 74.500000000000014 826.00000000000011 0.65600000000000014 26.450000000000003 12.050000000000002 115.65000000000002 0.8973684210526317 0.5395000000000002 4.7593397497103211 4.5112432053461076 73.500000000000014 4.6001207317284232 1.267857142857143 14.900000000000002 1.5000000000000002 1.4031488753667809 1.4161750273926361 1.0477225575051665 13.65
decision_type=10 10 2 8 10 10 10 8 10 10 10 2 10 2 10 10 2 10 2 10 10 10 10 10 10 10 10 10 10 10
left_child=2 3 5 8 -5 -1 -4 11 9 -2 22 -8 29 16 -13 21 26 23 -19 20 -20 -14 25 -16 -24 -11 27 -10 -28 -6
right_child=1 -3 6 4 12 -7 7 -9 13 10 -12 14 15 -15 17 -17 -18 18 19 -21 -22 -23 24 -25 -26 -27 28 -29 -30 -31
leaf_value=0.21473357214902841 0.031128118839932224 -0.12115004343742675 -0.027335785892134368 -0.049223058304116975 0.0034761321236665903 0.011184427185774792 -0.021221225284706522 -0.010501660677987173 -0.080911163284076701 0.37663086734712126 -0.098933334717596022 -0.00057150882575884908 0.02612821898503534 0.087338507264142939 0.047181410639403537 0.16812944463530527 0.11056406646966935 0.025980332626809623 -0.0072163739807103097 0.1527515146136284 -0.21557190228125145 0.0028463389949948226 0.22973300923000683 0.2564538875328643 -0.079255305922457164 0.15255761533869772 0.16055658953530449 -0.35024255230313256 -0.035091208543596202 -0.15661239940673113
leaf_weight=48 5555 143 4227 617 12162 6373 2715 35236 221 40 27 13593 6652 105 780 61 53 2876 2171 50 29 3291 22 28 28 55 35 21 231 44
leaf_count=48 5555 143 4227 617 12162 6373 2715 35236 221 40 27 13593 6652 105 780 61 53 2876 2171 50 29 3291 22 28 28 55 35 21 231 44
internal_value=-3.02572e-11 0.0124293 -0.00535717 0.0130831 0.00869336 0.0127061 -0.00723682 -0.00575872 0.028757 0.0343175 0.137324 0.00175509 0.0103023 -0.019058 0.00494968 0.0193351 -0.0389718 0.017597 0.0117906 -0.006347 -0.00996288 0.0184222 0.181316 0.0544334 0.0566996 0.246904 -0.0545729 -0.104283 -0.00934808 0.00289905
internal_weight=97489 29363 68126 29220 22827 6421 61705 57478 6393 5727 172 22242 22210 666 19527 10004 561 5934 5126 2250 2200 9943 145 808 50 95 508 242 266 12206
internal_count=97489 29363 68126 29220 22827 6421 61705 57478 6393 5727 172 22242 22210 666 19527 10004 561 5934 5126 2250 2200 9943 145 808 50 95 508 242 266 12206
is_linear=0
shrinkage=0.1


Tree=34
num_leaves=31
num_cat=0
split_feature=56 96 11 89 82 21 85 34 102 47 48 103 97 61 30 4 33 42 73 109 103 91 15 49 40 79 5 26 21 110
split_gain=538.37 243.469 200.982 149.488 126.202 125.343 125.267 156.176 120.43 119.585 203.294 188.778 117.785 174.207 134.562 126.695 117.581 114.125 110.249 108.458 107.04 115.917 120.415 119.511 147.19 124.71 113.815 157.034 134.931 124.834
threshold=2.5000000000000004 206.50000000000003 3.9153319604634942 1.0000000180025095e-35 222.50000000000003 4.3262762572923075 60.500000000000007 1.4083333333333334 5.5000000000000009 1.0044595585015512 15.750000000000002 0.26200000000000007 14.500000000000002 16.500000000000004 0.45000000000000007 51.107500000000009 1.3795252345325628 2.5500000000000003 4.5000000000000009 28.01505817932923 0.55850000000000011 1.0000000180025095e-35 4.8768158678488556 49.95000000000001 1.8480769230769234 2.5000000000000004 9.3985070201062317 1.1833333333333336 2.2514544942018797 79.500000000000014
decision_type=10 2 10 8 10 10 10 10 8 10 8 2 2 10 10 10 10 10 8 2 2 10 10 10 10 10 10 10 10 2
left_child=1 4 6 18 8 9 -2 -8 -1 11 -11 -5 14 15 -4 -14 -6 -15 -3 -20 21 26 -23 25 -25 -24 27 -13 -28 -29
right_child=2 3 12 5 16 -7 7 -9 -10 10 -12 20 13 17 -16 -17 -18 -19 19 -21 -22 22 23 24 -26 -27 28 29 -30 -31
leaf_value=-0.010583134573482492 -0.047278464224911228 -0.027885599831786276 0.0070619428347829423 0.043576455085385241 0.0069761394134308001 0.11038959854604485 -0.030991334410814139 0.28187982572449582 -0.036010012821414021 -0.0073234161789328791 0.012987921974846521 0.0039282967968964451 -0.00038815291883409123 0.12612835576846487 0.028751995981010126 -0.070088528654528692 0.17751197791317616 -0.014978024894478678 0.092395738084239287 -0.068483882397413251 -0.0032495491626442167 0.01668943998901944 0.36362458056417007 -0.021004093894317531 0.18948490159213544 0.051814996872259225 -0.036941869637741563 0.03192977832423316 0.17479163922609822 0.27808371386245678
leaf_weight=26249 682 2474 4087 1381 2910 107 39 27 2005 20102 6528 1792 2139 168 9529 297 41 87 151 58 8220 7067 29 99 50 23 1034 45 31 38
leaf_count=26249 682 2474 4087 1381 2910 107 39 27 2005 20102 6528 1792 2139 168 9529 297 41 87 151 58 8220 7067 29 99 50 23 1034 45 31 38
internal_value=-2.41351e-12 -0.00342191 0.0161383 0.000958382 -0.0103323 0.00228139 -0.0345479 0.0970014 -0.0123875 0.0020323 -0.00234435 0.00791599 0.0184632 -0.00065406 0.0222415 -0.00888611 0.0093455 0.0779862 -0.0219938 0.0477497 0.00524359 0.0120827 0.0188602 0.0951826 0.0496298 0.225709 -0.00467205 0.0101565 -0.0307787 0.144627
internal_weight=97489 80434 17055 49229 31205 46546 748 66 28254 46439 26630 19809 16307 2691 13616 2436 2951 255 2683 209 18428 10208 7268 201 149 52 2940 1875 1065 83
internal_count=97489 80434 17055 49229 31205 46546 748 66 28254 46439 26630 19809 16307 2691 13616 2436 2951 255 2683 209 18428 10208 7268 201 149 52 2940 1875 1065 83
is_linear=0
shrinkage=0.1


Tree=35
num_leaves=31
num_cat=0
split_feature=110 6 5 104 102 46 103 104 72 81 80 15 13 63 39 97 13 10 80 111 35 13 87 90 1 37 104 51 33 21
split_gain=444.006 229.864 197.833 188.544 165.552 147.239 168.325 144.344 141.902 140.917 148.183 148.379 144.269 140.106 139.445 134.157 149.816 129.381 147.543 143.195 158.003 142.351 141.622 128.079 182.285 176.119 161.901 225.946 159.083 151.286
threshold=79.500000000000014 7.2250000000000005 9.1755496034136073 119.30000000000003 4.5000000000000009 0.70294117647058829 0.21350000000000002 118.75000000000001 1.0000000180025095e-35 1263.5000000000002 3294.4499999999994 2.1095018999886315 2.4289043292708192 11.500000000000002 0.9499365146309281 14.500000000000002 4.1952184631314529 4.8535714285714286 203.25000000000003 28.500000000000004 0.58750524035482787 5.8949115357551545 3.5000000000000004 11.500000000000002 17.221367515665769 2.4949899597988741 108.95000000000002 80.200000000000003 0.70315633998332439 2.2718075658105823
decision_type=2 8 10 2 8 10 2 2 10 10 10 10 10 10 10 2 10 8 10 2 10 8 8 10 10 10 2 10 10 10
left_child=4 2 -2 5 -1 6 7 -3 -4 17 11 -11 -12 -7 -9 23 -17 18 -8 21 -21 -19 -23 28 25 26 27 -25 -15 -27
right_child=1 3 8 -5 -6 13 9 14 -10 10 12 -13 -14 15 -16 16 -18 19 -20 20 -22 22 -24 24 -26 29 -28 -29 -30 -31
leaf_value=-0.0040115806702138868 0.004184411623596361 0.058414021332206495 -0.033498549537273187 -0.056782711406715862 -0.024172787186281061 0.0006770759348840072 0.031631623240916625 0.43451175789038343 0.12744913138449193 0.18208071388304237 -0.14206273393332958 -0.10094087939870366 0.13727095676979548 0.018122001159242153 0.12131141069641507 0.0099033080718742769 -0.081648850952236299 0.021578594782967333 0.2599319162157675 -0.10428567349710721 0.0028915544222408189 0.034856783025655209 0.14259199394342992 -0.20444303325572868 -0.15315230023385823 0.33590373393019729 0.020629317788140714 0.064253065106915502 0.072782602685818834 0.059193727854759459
leaf_weight=53870 4968 306 2514 394 4406 11982 69 21 56 20 25 251 71 993 44 2588 192 10107 48 149 1790 326 195 81 69 29 664 51 1148 62
leaf_count=53870 4968 306 2514 394 4406 11982 69 21 56 20 25 251 71 993 44 2588 192 10107 48 149 1790 326 195 81 69 29 664 51 1148 62
internal_value=-4.30803e-11 0.0082271 -0.0074675 0.0119621 -0.00553588 0.012828 0.0207419 0.0871621 -0.0299915 0.0188538 -0.042234 -0.0800537 0.0645278 0.00688023 0.222499 0.0195272 0.00358028 0.0206213 0.125293 0.0196468 -0.00534434 0.0242062 0.0751799 0.0338418 0.00340858 0.0155875 0.000521216 -0.100629 0.0474309 0.147376
internal_weight=97489 39213 7538 31675 58276 31281 13422 371 2570 13051 367 271 96 17859 65 5877 2780 12684 117 12567 1939 10628 521 3097 956 887 796 132 2141 91
internal_count=97489 39213 7538 31675 58276 31281 13422 371 2570 13051 367 271 96 17859 65 5877 2780 12684 117 12567 1939 10628 521 3097 956 887 796 132 2141 91
is_linear=0
shrinkage=0.1


Tree=36
num_leaves=31
num_cat=0
split_feature=90 94 103 102 59 30 96 53 26 36 39 6 12 2 103 35 43 90 32 103 77 84 33 81 37 102 4 48 7 20
split_gain=378.623 207.059 181.575 167.691 152.719 147.518 137.782 140.265 153.001 191.126 137.057 154.888 154.259 142.155 143.488 140.45 135.956 130.793 193.65 175.294 130.283 205.346 198.35 143.871 128.378 128.174 135.48 188.121 154.759 127.75
threshold=6.5000000000000009 1.0000000180025095e-35 0.5335000000000002 1.5000000000000002 18.500000000000004 0.90000000000000013 279.50000000000006 23.500000000000004 1.2928571428571431 1.9000000000000001 1.2888391932218626 7.4500000000000011 16.300000000000001 21.805000000000007 0.57450000000000012 0.68694219605279438 2.2134791037602279 10.500000000000002 0.95000000000000007 0.33550000000000008 1.5000000000000002 39.500000000000007 1.0865149352258221 281.50000000000006 1.3779271744364847 11.500000000000002 16.802500000000006 4.0500000000000007 6.7638736193688418 0.58571428571428574
decision_type=10 10 2 10 10 10 2 10 10 10 10 10 10 10 2 8 8 10 10 2 10 10 10 10 10 10 10 10 10 10
left_child=1 -1 3 5 -3 -2 7 8 -6 -10 12 -12 16 14 -13 -15 25 -7 19 -19 22 23 -20 -22 -23 26 27 -4 -29 -9
right_child=2 4 10 -5 6 17 -8 29 9 -11 11 13 -14 15 -16 -17 -18 18 20 -21 21 24 -24 -25 -26 -27 -28 28 -30 -31
leaf_value=-0.012244793571094264 0.01419000593298245 -0.0022080185254713001 0.00997426119456289 0.021784388372104568 0.038406657206262018 -0.0053313686136074318 -0.027798530100502636 0.22452671330954349 0.31315237191763334 0.075261257151141764 -0.099275744586972706 0.3323757459223271 0.19236089273502954 -0.010484913384229883 0.065803848455349603 0.021390972280764517 -0.084271106071833343 -0.42516259775945442 0.056247580787883361 -0.11005128557775534 -0.075377025082707411 0.040741165239802181 -0.15017424695216486 0.24197058781981468 -0.23832171987742187 -0.10104681895840849 -0.0094624255631532463 0.096297632245854914 0.38152666117834011 0.009847490005759324
leaf_weight=21271 1486 42753 442 12714 948 636 592 28 47 120 124 25 38 2009 105 4431 236 27 65 51 20 34 164 50 32 142 6001 110 23 2765
leaf_count=21271 1486 42753 442 12714 948 636 592 28 47 120 124 25 38 2009 105 4431 236 27 65 51 20 34 164 50 32 142 6001 110 23 2765
internal_value=5.19961e-11 -0.00405173 0.0095854 0.0170788 -0.000363618 -0.00624522 0.0171594 0.0239698 0.0539543 0.142213 0.00121974 0.0114472 -0.00857186 0.013537 0.117068 0.0114471 -0.00966985 -0.0343886 -0.0761052 -0.219128 -0.0455413 0.0319845 -0.0915829 0.1513 -0.0945621 -0.00704915 -0.00501939 0.0413504 0.145623 0.0119997
internal_weight=97489 68524 28965 15279 47253 2565 4500 3908 1115 167 13686 6694 6992 6570 130 6440 6954 1079 443 78 365 136 229 70 66 6718 6576 575 133 2793
internal_count=97489 68524 28965 15279 47253 2565 4500 3908 1115 167 13686 6694 6992 6570 130 6440 6954 1079 443 78 365 136 229 70 66 6718 6576 575 133 2793
is_linear=0
shrinkage=0.1


Tree=37
num_leaves=31
num_cat=0
split_feature=57 102 111 100 109 88 103 83 30 86 50 49 6 46 27 104 94 103 105 109 86 7 11 13 16 15 33 14 79 13
split_gain=331.304 195.514 152.508 168.447 178.124 163.288 149.586 160.509 131.427 129.314 143.408 131.941 125.632 131.621 185.593 231.668 178.062 164.883 149.397 243.918 214.948 142.383 181.697 142.356 149.375 125.238 122.33 148.196 134.719 126.276
threshold=10.500000000000002 6.5000000000000009 43.500000000000007 1.0000000180025095e-35 32.833675564681734 50.150000000000013 0.51950000000000018 6.5000000000000009 3.4500000000000006 63.500000000000007 1.1000000000000003 75.250000000000014 25.700000000000006 0.30384615384615393 1.2671032908556688 116.35000000000001 1.5000000000000002 0.38450000000000006 0.55000000000000016 28.225872689938402 91.500000000000014 4.6457779645020842 6.5288831837467045 4.0124611797498124 10.125000000000002 4.2849843079516576 0.63666273824766584 6.8500000000000005 3.5000000000000004 4.1533075696413162
decision_type=8 10 2 2 2 8 2 10 10 8 10 10 10 8 8 2 10 2 10 2 10 10 10 8 10 10 10 10 10 10
left_child=1 26 3 6 -5 -4 8 -8 12 10 -9 -12 13 14 15 16 -2 -16 -18 20 21 -20 -23 24 -19 -6 27 -1 29 -28
right_child=2 -3 5 4 25 -7 7 9 -10 -11 11 -13 -14 -15 17 -17 18 23 19 -21 -22 22 -24 -25 -26 -27 28 -29 -30 -31
leaf_value=-0.0071935361376464155 -0.022099237217576288 -0.033651811406973001 -0.01306870113229238 0.016506506473536742 -0.017153435429654286 -0.15266051566035585 0.043750091281452512 -0.0097036013849434305 -0.1328224550932646 0.0010366870249982915 -0.042416636065003156 -0.23611186924907895 0.038153350533576554 -0.0021779023740144459 0.17586102930751321 0.091288273992087332 0.012021536501399154 0.041894268168088722 0.096023650302902441 -0.14553142042564496 -0.02760226518429559 0.20530952670744487 0.54707715541124347 0.2120685177464639 -0.22067467490832013 -0.17753939241463065 0.015530736584536582 -0.090495826940723639 -0.0021395160822405362 0.14234828540123998
leaf_weight=31931 1216 2317 2277 19547 1073 87 586 3103 64 4989 1521 36 1453 5865 144 349 746 78 77 35 58 70 20 31 30 51 4234 215 15206 80
leaf_count=31931 1216 2317 2277 19547 1073 87 586 3103 64 4989 1521 36 1453 5865 144 349 746 78 77 35 58 70 20 31 30 51 4234 215 15206 80
internal_value=-3.58914e-11 -0.00523337 0.00649366 0.00791289 0.0142805 -0.018206 0.00148305 -0.0070656 0.0100309 -0.0101517 -0.02213 -0.0468951 0.0109297 0.0063929 0.024006 0.0155455 0.00364892 0.100868 0.0347719 0.100048 0.138249 0.19585 0.281258 0.0231772 -0.0310415 -0.0244307 -0.00395893 -0.00775068 0.00228543 0.0178825
internal_weight=97489 53983 43506 41142 20671 2364 20471 10235 10236 9649 4660 1557 10172 8719 2854 2571 2222 283 1006 260 225 167 90 139 108 1124 51666 32146 19520 4314
internal_count=97489 53983 43506 41142 20671 2364 20471 10235 10236 9649 4660 1557 10172 8719 2854 2571 2222 283 1006 260 225 167 90 139 108 1124 51666 32146 19520 4314
is_linear=0
shrinkage=0.1


Tree=38
num_leaves=31
num_cat=0
split_feature=56 49 5 41 103 47 30 15 102 9 39 59 3 82 57 14 88 102 107 37 2 56 106 11 82 4 13 1 109 82
split_gain=299.349 161.486 188.866 161.434 160.873 153.138 128.423 120.91 108.558 109.733 130.672 159.505 132.761 153.379 123.892 115.859 105.608 126.283 105.443 142.516 103.485 228.703 100.784 125.075 99.6079 108.584 108.506 137.164 149.356 171.337
threshold=2.5000000000000004 28.450000000000003 9.3754111020806636 0.52509732023766353 0.5335000000000002 1.0067287259593483 3.7000000000000006 2.8333318067690962 32.500000000000007 4.5086336509186724 2.0736372124667506 19.500000000000004 10.239436290864116 833.50000000000011 25.500000000000004 15.450000000000001 3.0500000000000003 234.50000000000003 2019.5000000000002 1.8027222972291639 18.124285714285723 4.5000000000000009 1143.5000000000002 5.5195558726334175 108.50000000000001 50.51250000000001 4.6475675636443503 6.1128553066468054 29.301848049281315 915.50000000000011
decision_type=10 8 10 10 2 8 10 10 10 10 10 10 8 10 10 10 10 10 2 10 10 10 2 10 10 10 10 10 2 10
left_child=1 2 -1 -2 5 16 22 -8 9 10 12 -12 15 14 18 -5 -3 -18 -14 -20 21 -11 -6 -24 25 -22 -26 -28 29 -29
right_child=3 4 -4 8 6 -7 7 -9 -10 20 11 -13 13 -15 -16 -17 17 -19 19 -21 24 -23 23 -25 26 -27 27 28 -30 -31
leaf_value=-0.0079687945344248529 -0.079627728877393042 -0.03218311406626078 -0.043457204740402627 7.339612112999018e-05 -0.0064841191443749426 -0.0010143198593642788 -0.033976638019084932 0.24918799486599472 -0.16286603896745613 0.015321852384216112 -0.01139729917345066 0.21947433272082556 -0.0034243433480360755 0.18910083377361298 -0.30853697508573535 0.24180231750011447 0.014891015502277392 -0.18719513985899189 -0.067248348555358647 -0.27585687058928765 0.010019865884773008 0.29468864705630166 0.26331044683548893 0.032706560618972695 0.018795663434109561 -0.042796595523801953 0.2532837652798855 0.024425885967736309 0.14466011561729292 0.26731483546396095
leaf_weight=8497 190 507 1821 2301 33406 23612 25 38 35 92 63 57 222 25 20 20 12322 31 237 38 5161 43 28 147 7022 421 33 910 135 30
leaf_count=8497 190 507 1821 2301 33406 23612 25 38 35 92 63 57 222 25 20 20 12322 31 237 38 5161 43 28 147 7022 421 33 910 135 30
internal_value=-3.43449e-11 -0.00255163 -0.0142321 0.0120339 -0.000832779 0.00376774 -0.00582 0.136821 0.0130665 0.0134324 -0.00396477 0.0982667 -0.00824971 -0.0528115 -0.0645094 0.00215637 0.012548 0.0143839 -0.0546894 -0.0960743 0.0171802 0.104305 -0.00608761 0.0696032 0.0163224 0.0060364 0.0233847 0.0524679 0.0463034 0.0321777
internal_weight=97489 80434 10318 17055 70116 36472 33644 63 16865 16830 2983 120 2863 542 517 2321 12860 12353 497 275 13847 135 33581 175 13712 5582 8130 1108 1075 940
internal_count=97489 80434 10318 17055 70116 36472 33644 63 16865 16830 2983 120 2863 542 517 2321 12860 12353 497 275 13847 135 33581 175 13712 5582 8130 1108 1075 940
is_linear=0
shrinkage=0.1


Tree=39
num_leaves=31
num_cat=0
split_feature=96 31 100 56 102 41 1 18 82 40 18 94 29 27 59 52 103 56 12 57 3 48 90 5 16 12 102 31 94 89
split_gain=255.422 175.61 149.926 137.794 204.002 152.613 209.635 134.764 120.008 119.066 115.847 127.562 109.149 167.718 135.756 118.721 108.927 143.732 121.205 204.049 128.769 116.889 108.191 176.776 106.909 123.24 107.149 104.67 103.611 101.481
threshold=206.50000000000003 0.52386127875258326 1.0000000180025095e-35 7.5000000000000009 15.500000000000002 1.5768989119312986 4.8702155998949292 0.55000000000000016 208.50000000000003 3.552777777777778 10.300000000000002 3.5000000000000004 0.65858598855265582 0.63666273824766595 17.500000000000004 5.5000000000000009 0.42900000000000005 4.5000000000000009 15.700000000000001 24.500000000000004 7.089334712279876 24.750000000000004 20.500000000000004 12.402554384601951 15.875000000000002 17.300000000000001 9.5000000000000018 0.97871355387816916 1.0000000180025095e-35 40.500000000000007
decision_type=2 8 2 8 10 10 8 8 10 10 10 10 8 8 10 8 2 8 10 10 8 10 10 10 10 10 8 10 10 10
left_child=8 28 3 4 16 6 27 -8 -1 -7 -10 -12 -9 14 -14 -15 17 -3 19 20 21 -19 -18 -24 26 -26 -4 -5 -2 -30
right_child=1 2 24 5 -6 9 7 12 10 -11 11 -13 13 15 -16 -17 22 18 -20 -21 -22 -23 23 -25 25 -27 -28 -29 29 -31
leaf_value=-0.0094667936126279634 -0.014657033174384982 0.0069103320311468854 0.013929365009142259 0.32984781866272295 -0.1281579488888383 0.14956466391168793 -0.18519492411130184 -0.11601713434793055 0.0048769340008448488 -0.038030754388975248 -0.031279017661614082 0.12996670086176418 0.017478739009017037 -0.19511170728063143 0.35932610361621931 0.02086171242158712 -0.0048784962054250983 -0.22289561011410994 -0.17885886793024841 0.38510179638862613 0.077937975935683163 0.072167721152305617 0.28202292034120274 -0.083929834226993003 0.25092667776804706 -0.054392516184598207 -0.024903055135363422 0.049664315340730056 0.0014634270117314732 -0.09495772107758306
leaf_weight=28692 6313 6019 21369 30 124 174 37 60 3754 42 72 154 21 27 26 444 14441 29 20 20 412 25 33 22 39 20 735 24 14201 110
leaf_count=28692 6313 6019 21369 30 124 174 37 60 3754 42 72 154 21 27 26 444 14441 29 20 20 412 25 33 22 39 20 735 24 14201 110
internal_value=1.59952e-11 0.00363408 0.00718991 0.00134782 -0.000270174 0.0400059 0.0164099 -0.000177437 -0.00720955 0.113088 0.00906301 0.0785964 0.0116662 0.0264558 0.206586 0.00848107 0.000484218 0.0112136 0.0624022 0.0723307 0.058907 -0.0862922 -0.00434534 0.135642 0.0129969 0.147429 0.0126381 0.205322 -0.00398531 0.000722296
internal_weight=97489 64817 44193 22030 21145 885 669 615 32672 216 3980 226 578 518 47 471 21021 6525 506 486 466 54 14496 55 22163 59 22104 54 20624 14311
internal_count=97489 64817 44193 22030 21145 885 669 615 32672 216 3980 226 578 518 47 471 21021 6525 506 486 466 54 14496 55 22163 59 22104 54 20624 14311
is_linear=0
shrinkage=0.1


Tree=40
num_leaves=31
num_cat=0
split_feature=49 102 56 103 83 46 107 17 109 13 86 80 109 17 81 24 30 39 110 16 79 13 109 81 2 91 95 58 41 41
split_gain=224.264 164.607 146.232 138.068 156.444 104.154 103.203 160.055 141.893 105.862 97.6169 150.686 105.902 101.203 97.2115 96.8222 149.803 103.41 114.085 94.7381 130.307 94.5345 94.4886 113.11 137.626 111.606 104.816 92.907 92.6389 162.569
threshold=44.95000000000001 5.5000000000000009 2.5000000000000004 0.59000000000000008 6.5000000000000009 0.25657894736842107 2019.5000000000002 3.6318924820273053 20.803559206023277 4.8373436059376003 113.50000000000001 2262.3500000000013 31.845311430527037 3.3390779700229296 54.500000000000007 0.63333333333333341 0.77500000000000013 0.99721446300587691 82.500000000000014 9.5750000000000011 3.5000000000000004 1.2415253053016908 29.739904175222453 1409.5000000000002 52.525000000000006 15.500000000000002 4.5000000000000009 2.5000000000000004 1.7859379366115393 1.8771645817267575
decision_type=8 10 10 2 8 10 2 8 2 8 10 10 2 10 8 8 10 8 2 10 10 10 2 10 10 10 10 10 10 10
left_child=1 5 3 14 -5 27 9 10 -9 21 13 12 -12 19 -2 16 -11 -17 -19 20 -8 -6 26 25 -25 -24 -4 -1 -28 -30
right_child=2 -3 22 4 6 -7 7 8 -10 15 11 -13 -14 -15 -16 17 -18 18 -20 -21 -22 -23 23 24 -26 -27 28 -29 29 -31
leaf_value=0.0078102384637234942 0.15724430211952756 -0.030597365813376423 0.019322482395693404 0.27178407212719324 0.038371274003966623 -0.0062124309082734691 0.044191078012048898 0.060419659523463898 -0.092074240327379264 0.39082390339601614 0.025788149869129542 -0.040499373696454823 0.13621197699541504 0.03973354254897931 0.0049950030497814043 -0.12559752455779485 0.068487773479326913 0.021934195618345361 0.25547429116872639 -0.18776796897256967 -0.024610873907140798 -0.0055967933922262941 -0.013019466156100293 0.32895231951366771 -0.020897476115952371 0.20400304406260453 0.0011158548694118451 -0.070351554232258959 -0.29817045126110314 -0.038572094723468231
leaf_weight=8060 42 2418 10378 20 549 33965 294 71 434 21 620 328 101 287 28373 35 46 107 26 34 4322 4475 1872 22 23 24 257 155 32 98
leaf_count=8060 42 2418 10378 20 549 33965 294 71 434 21 620 328 101 287 28373 35 46 107 26 34 4322 4475 1872 22 23 24 257 155 32 98
internal_value=2.17947e-11 -0.00522319 0.00440422 0.00144755 -0.00765996 -0.00376859 -0.00813561 -0.0165714 -0.0706345 0.00227634 -0.0120104 0.0156933 0.0412567 -0.0178968 0.00522004 0.0678771 0.169519 0.0273415 0.0675887 -0.0214538 -0.0202288 -0.000792162 0.0137552 -0.00655335 0.15014 -0.0102723 0.017417 0.00633549 -0.0336815 -0.102473
internal_weight=97489 44598 52891 40185 11770 42180 11750 6491 505 5259 5986 1049 721 4937 28415 235 67 168 133 4650 4616 5024 12706 1941 45 1896 10765 8215 387 130
internal_count=97489 44598 52891 40185 11770 42180 11750 6491 505 5259 5986 1049 721 4937 28415 235 67 168 133 4650 4616 5024 12706 1941 45 1896 10765 8215 387 130
is_linear=0
shrinkage=0.1


Tree=41
num_leaves=31
num_cat=0
split_feature=110 72 102 31 100 111 1 90 17 23 102 34 5 38 109 102 14 89 14 25 16 10 61 89 103 103 37 6 103 96
split_gain=204.89 179.205 150.26 156.765 153.258 125.583 120.842 99.3206 158.615 99.0952 145.261 195.264 131.647 119.446 195.277 98.19 97.7515 96.0122 113.265 132.714 95.0765 93.1123 140.63 123.071 111.055 107.162 141.772 106.486 101.625 139.268
threshold=75.500000000000014 1.0000000180025095e-35 10.500000000000002 0.52386127875258326 1.0000000180025095e-35 43.500000000000007 12.22793931805937 1.5000000000000002 3.5166895268362515 0.59869386556569859 2.5000000000000004 0.64852941176470602 9.0424983447994087 1.0500000000000003 21.504449007529093 220.50000000000003 5.7071428571428582 47.500000000000007 13.350000000000003 0.64222852518808682 15.875000000000002 20.225000000000005 16.500000000000004 49.500000000000007 0.17700000000000002 0.30550000000000005 2.1794192844442732 33.100000000000009 0.58400000000000007 279.50000000000006
decision_type=2 8 10 10 2 2 8 10 10 10 10 10 10 10 2 10 10 10 10 10 10 10 8 10 2 2 8 10 2 2
left_child=-1 2 3 17 -5 15 16 8 -6 10 12 -12 -9 14 -14 21 -7 18 -2 -20 -11 24 23 -23 -3 -24 -27 -28 -26 -30
right_child=1 5 -4 4 7 6 -8 9 -10 20 11 -13 13 -15 -16 -17 -18 -19 19 -21 -22 22 25 -25 28 26 27 -29 29 -31
leaf_value=-0.010622071875123477 -0.0054485323281299007 -0.17465205258793304 -0.037517543114707466 -0.0014792698813614026 -0.0054896143132272075 0.01085534461782974 -0.11840394840217555 0.042184112283142151 -0.13848710818510307 0.011006547749443228 0.12088305151888304 -0.16660880284314905 0.12703383730517492 0.068949081463625245 0.48668643625882962 -0.06940831639839494 -0.19103625130194885 -0.17576743235642261 -0.039992825077338652 0.22164360417964613 0.16344377331253959 7.0588852636525724e-05 0.16541116057584684 0.22259518852829935 0.039369500444941793 0.068017644316869991 -0.01001124792105873 -0.25410425670444969 0.014605658935055169 -0.13692475967109205
leaf_weight=15308 26532 27 1041 22045 1599 309 130 151 95 19927 42 54 36 49 26 131 26 33 33 47 41 4259 72 25 3139 433 168 20 1628 63
leaf_count=15308 26532 27 1041 22045 1599 309 130 151 95 19927 42 54 36 49 26 131 26 33 33 47 41 4259 72 25 3139 433 168 20 1628 63
internal_value=-2.71255e-11 0.00197859 0.000198193 0.000753448 0.00441483 0.0142265 -0.0365702 0.0103156 -0.0129482 0.0122545 0.0644011 -0.0408311 0.102959 0.185636 0.277856 0.0165968 -0.00481385 -0.00530168 -0.0050903 0.113719 0.0113195 0.0177425 0.00812996 0.00136917 0.0275925 0.0499239 0.0365341 -0.0359786 0.0287231 0.00896023
internal_weight=97489 82181 71751 70710 44065 10430 465 22020 1694 20326 358 96 262 111 62 9965 335 26645 26612 80 19968 9834 4977 4284 4857 693 621 188 4830 1691
internal_count=97489 82181 71751 70710 44065 10430 465 22020 1694 20326 358 96 262 111 62 9965 335 26645 26612 80 19968 9834 4977 4284 4857 693 621 188 4830 1691
is_linear=0
shrinkage=0.1


Tree=42
num_leaves=31
num_cat=0
split_feature=49 102 103 59 5 5 15 56 35 51 9 57 1 4 17 88 0 7 102 8 56 103 9 104 109 34 56 9 14 32
split_gain=170.092 122.566 110.494 141.631 121.2 203.795 188.949 162.618 158.416 190.332 150.938 143.716 147.763 195.516 133.844 122.532 156.009 178.498 120.764 175.064 168.181 126.664 119.119 118.942 121.531 166.544 141.682 117.252 192.348 147.363
threshold=44.95000000000001 4.5000000000000009 0.59000000000000008 22.500000000000004 10.968898015929623 11.32230448924747 3.9334714675104032 11.500000000000002 0.89475398212536505 85.500000000000014 3.6786319390670279 14.500000000000002 12.87627663560423 45.062500000000021 4.322371422457258 40.050000000000004 43.370000000000012 5.3944336207885124 1.5000000000000002 22.050000000000004 6.5000000000000009 0.42550000000000004 4.7485795460976385 106.95000000000002 29.099247091033543 0.48684210526315791 5.5000000000000009 5.5545276320376322 10.316666666666668 0.89444444444444449
decision_type=8 10 2 10 10 10 10 8 10 10 10 10 10 10 8 10 10 10 10 10 10 2 10 2 2 10 10 10 10 10
left_child=1 -1 3 -2 6 8 7 11 -6 22 14 -5 23 -14 -7 16 17 -8 19 20 -12 -21 -10 -13 25 -25 27 28 -27 -30
right_child=2 -3 -4 4 5 10 15 -9 9 -11 18 12 13 -15 -16 -17 -18 -19 -20 21 -22 -23 -24 24 -26 26 -28 -29 29 -31
leaf_value=-0.0030903080721032795 0.0047041628926348753 -0.02339179418231788 -0.0032942924202536646 -0.059128107510737542 -0.0090153077406187852 0.014867101368252878 -0.13334266582516416 0.224556762650609 0.27109930599108339 0.32661696707364174 0.05293458575264566 -0.10049441278032545 0.23596335921968736 -0.11856326289474964 -0.30623966979980471 0.0097733258491470715 -0.30697704498966538 0.042636902844335176 0.045164918739788895 -0.0055177909546885 -0.2019353351990382 -0.28000519474968316 0.067145634359414022 0.30822968872693868 -0.019783202424805756 0.17526618784666062 0.16277222163147398 -0.041257443249677173 0.25205497719347475 -0.038260496206072386
leaf_weight=41394 33696 3204 15405 194 75 27 149 40 36 52 189 72 70 20 25 210 30 94 1447 29 30 40 140 26 281 100 90 165 20 139
leaf_count=41394 33696 3204 15405 194 75 27 149 40 36 52 189 72 70 20 25 210 30 94 1447 29 30 40 140 26 281 100 90 165 20 139
internal_value=-2.75818e-11 -0.0045488 0.00383558 0.00676562 0.0250936 0.0412217 0.00526548 0.0262682 0.117056 0.158527 0.0283634 0.0195294 0.0350529 0.15718 -0.139511 -0.0476545 -0.0918297 -0.0652683 0.0333948 -0.0257418 0.0180209 -0.164641 0.108863 0.0227445 0.0335523 0.0613065 0.0488162 0.0246274 0.0666004 -0.00174283
internal_weight=97489 44598 52891 37486 3790 2090 1700 1217 303 228 1787 1177 983 90 52 483 273 243 1735 288 219 69 176 893 821 540 514 424 259 159
internal_count=97489 44598 52891 37486 3790 2090 1700 1217 303 228 1787 1177 983 90 52 483 273 243 1735 288 219 69 176 893 821 540 514 424 259 159
is_linear=0
shrinkage=0.1


Tree=43
num_leaves=31
num_cat=0
split_feature=110 104 72 37 83 100 6 106 46 14 86 86 90 85 17 59 7 88 111 97 88 102 82 60 55 56 79 33 10 30
split_gain=162.443 152.929 146.781 139.059 185.56 129.439 165.299 160.741 128.673 105.814 140.682 247.093 115.348 102.166 141.347 146.373 120.343 111.915 101.57 100.351 98.1469 94.1514 92.1472 91.4151 91.0884 120.181 99.2299 106.004 133.52 121.431
threshold=75.500000000000014 119.30000000000003 1.0000000180025095e-35 0.92592714937812726 233.50000000000003 1.0000000180025095e-35 7.2250000000000005 791.50000000000011 2.2638888888888893 15.450000000000001 37.500000000000007 78.500000000000014 18.500000000000004 88.500000000000014 3.6318924820273053 20.500000000000004 2.1640976191685843 10.250000000000002 43.500000000000007 6.5000000000000009 30.450000000000003 2.5000000000000004 12.500000000000002 1.5000000000000002 59.500000000000007 5.5000000000000009 4.5000000000000009 2.2223607552743738 25.925000000000001 2.7750000000000004
decision_type=2 2 8 8 8 2 10 2 10 10 10 10 10 10 10 10 10 10 2 2 8 10 10 10 10 10 10 8 10 10
left_child=-1 2 5 4 -3 24 13 8 9 -8 -11 -12 -13 14 15 -7 -17 -18 -4 -5 22 -16 -20 -10 26 -26 27 28 -2 -30
right_child=1 3 18 19 -6 6 7 -9 23 10 11 12 -14 -15 21 16 17 -19 20 -21 -22 -23 -24 -25 25 -27 -28 -29 29 -31
leaf_value=-0.0094579846742172402 0.0016295060742513923 -0.011089088466448956 0.015566524452827699 -0.025926729950097194 0.26253557721009624 -0.0076742153580785059 0.013164814618053794 -0.022964421379900912 -0.0091911447017142597 0.34490021453017283 -0.18144315296205982 0.28168902928764755 -0.016386272516101599 0.18257852607473202 -0.031159983742486387 0.3018461844843367 0.22342806379000346 0.0034607740875222896 -0.030234020798136193 -0.10767065620365331 -0.10939192236630156 -0.13267354506334025 0.10224936629717168 0.036665460862284754 0.020775656825921099 0.22111362864774084 -0.0091046093058053373 -0.072272660629580002 0.11806241881032908 -0.12757621773559114
leaf_weight=15308 14393 530 9853 294 26 7060 21327 1532 4270 21 29 37 20 28 263 23 30 101 273 307 122 140 65 484 879 31 19668 191 161 23
leaf_count=15308 14393 530 9853 294 26 7060 21327 1532 4270 21 29 37 20 28 263 23 30 101 273 307 122 140 65 484 879 31 19668 191 161 23
internal_value=2.23595e-11 0.00176176 0.00227724 -0.0343376 0.00170631 0.00065178 0.00492911 0.00851949 0.0103613 0.0136625 0.112858 0.0561967 0.177101 -0.00808925 -0.00879014 -0.00557043 0.0908756 0.053835 0.0134222 -0.0676828 -0.0325076 -0.0664252 -0.00475645 -0.00452253 -0.00362785 0.0276004 -0.00445308 0.00174182 0.00271162 0.0873576
internal_weight=97489 82181 81024 1157 556 70711 35365 27720 26188 21434 107 86 57 7645 7617 7214 154 131 10313 601 460 403 338 4754 35346 910 34436 14768 14577 184
internal_count=97489 82181 81024 1157 556 70711 35365 27720 26188 21434 107 86 57 7645 7617 7214 154 131 10313 601 460 403 338 4754 35346 910 34436 14768 14577 184
is_linear=0
shrinkage=0.1


Tree=44
num_leaves=31
num_cat=0
split_feature=94 56 41 13 20 41 30 110 104 13 25 34 88 6 82 5 111 3 50 111 1 41 37 23 60 14 46 105 65 48
split_gain=142.581 152.734 198.183 116.461 122.796 130.931 111.037 105.495 116.422 131.435 149.351 120.88 133.842 134.71 127.899 129.543 119.81 144.068 166.889 117.683 106.744 116.148 103.506 120.908 102.386 101.025 97.0224 93.49 130.395 148.742
threshold=1.0000000180025095e-35 8.5000000000000018 0.93338032134592741 5.6035631862203301 0.68333333333333346 0.96902427084615972 0.45000000000000007 79.500000000000014 119.30000000000003 6.7007420723859878 1.658243862791825 1.052777777777778 68.450000000000017 19.700000000000006 717.50000000000011 11.117799266158789 18.500000000000004 13.660114282817617 1.0000000180025095e-35 9.5000000000000018 16.895280378701244 1.1968525414850515 0.97871355387816916 0.94419652441843593 1.0000000180025095e-35 13.65 0.095454545454545472 0.55000000000000016 5.5000000000000009 12.250000000000002
decision_type=10 10 10 10 10 10 10 2 2 8 10 10 10 10 10 10 2 10 10 2 10 10 10 10 8 10 10 10 10 10
left_child=1 3 -3 6 -5 -6 -1 -2 9 11 16 -9 14 -14 20 -16 17 19 -19 -11 -13 -22 26 -24 -7 -15 -10 28 29 -17
right_child=7 2 -4 4 5 24 -8 8 22 10 -12 12 13 25 15 27 -18 18 -20 -21 21 -23 23 -25 -26 -27 -28 -29 -30 -31
leaf_value=-0.011184673591254642 -0.00085976770424291994 -0.15155975863337517 0.20654086703160668 0.11556312428980038 -0.24315970184683217 -0.01489364178851247 0.0024988500718311274 0.011615931666733593 0.16115876095635551 0.27771885119519146 0.34053269699215893 -0.0055365844570838983 -0.31771745837870102 -0.030202731984344561 -0.013689596118156316 0.32565209560773595 -0.076769654994022177 0.1638315698987729 -0.11292408807378895 0.062727807751115486 -0.039388504682123203 0.070922604931026131 -0.30955310211233472 -0.067195201989225281 -0.21147859510691727 -0.25602788850665092 -0.029585609904357366 0.17301994408425911 -0.15903688257932663 0.029493066718852198
leaf_weight=16181 42709 20 68 29 51 120 9361 18940 35 53 20 8223 21 199 157 22 53 37 53 49 129 367 23 196 34 22 112 106 25 74
leaf_count=16181 42709 20 68 29 51 120 9361 18940 35 53 20 8223 21 199 157 22 53 37 53 49 129 367 23 196 34 22 112 106 25 74
internal_value=1.67724e-11 -0.0063641 0.125154 -0.00681311 -0.0770398 -0.104286 -0.00616974 0.0022981 0.00696227 0.0076807 0.0777789 0.00702396 -0.00228284 -0.0756819 -0.00033155 0.0561504 0.0563296 0.0930706 0.000853238 0.174439 -0.00281911 0.0422328 -0.0490793 -0.0926483 -0.0582955 -0.0526831 0.0158297 0.104454 0.0443877 0.0973628
internal_weight=97489 25864 88 25776 234 205 25542 71625 28916 28550 265 28285 9345 242 9103 384 245 192 90 102 8719 496 366 219 154 221 147 227 121 96
internal_count=97489 25864 88 25776 234 205 25542 71625 28916 28550 265 28285 9345 242 9103 384 245 192 90 102 8719 496 366 219 154 221 147 227 121 96
is_linear=0
shrinkage=0.1


Tree=45
num_leaves=31
num_cat=0
split_feature=96 72 102 34 81 87 8 24 104 50 109 35 16 34 6 84 19 17 106 7 85 48 14 8 75 13 16 1 14 49
split_gain=124.877 102.982 123.441 141.149 112.849 104.971 150.592 225.752 118.328 178.921 127.463 158.75 139.728 149.061 130.083 115.192 113.441 110.35 135.639 106.639 103.434 91.0003 98.6376 90.4993 89.0981 112.356 109.936 164.545 98.0265 89.9884
threshold=206.50000000000003 1.0000000180025095e-35 17.500000000000004 0.69615384615384623 15.500000000000002 1.5000000000000002 18.950000000000003 1.9000000000000001 118.05000000000001 3.0500000000000003 28.732375085557841 1.1879164292625664 10.025000000000002 1.0954545454545457 13.450000000000001 88.500000000000014 1.2415253053016908 4.8794681713839667 742.50000000000011 5.8580427314104231 41.500000000000007 32.550000000000004 16.150000000000002 9.0500000000000025 10.500000000000002 2.4949899597988741 7.0544117647058835 13.63435000253385 3.9500000000000006 14.850000000000003
decision_type=2 8 10 10 8 10 10 10 2 10 2 10 10 10 8 10 10 10 2 10 10 10 10 10 10 10 10 10 10 10
left_child=24 2 4 -4 -2 6 7 8 10 17 15 12 23 -14 20 21 19 18 -10 -9 -15 22 -6 -12 29 26 -26 -28 -27 -1
right_child=1 -3 3 -5 5 -7 -8 16 9 -11 11 -13 13 14 -16 -17 -18 -19 -20 -21 -22 -23 -24 -25 25 28 27 -29 -30 -31
leaf_value=-0.028193920319906571 -0.029291069674821743 0.013055912306575053 -0.013230664248792058 -0.14278415849506856 0.014537240276398179 6.3374750501262773e-05 -0.039332728539733727 -0.051031830048234 0.043537070192396644 0.32877512335777287 -0.042178689160672508 0.039520442866025463 -0.27515303626035653 -0.13440213734904924 -0.21857819392068967 0.21411418544835059 0.22862705733213159 -0.17657461300492289 0.27540313926126275 0.21799307677125479 0.1042683547605639 0.18823613395293556 -0.14914798545273575 0.050448531595721963 0.029502291696560823 0.1817339218579806 0.19106215840794755 -0.10108629477520784 -0.01607228815704476 -0.0048542180170341245
leaf_weight=1750 1172 8144 257 125 7358 45520 548 41 255 25 525 315 48 30 37 29 72 20 28 23 46 30 37 132 603 26 98 24 688 29483
leaf_count=1750 1172 8144 257 125 7358 45520 548 41 255 25 525 315 48 30 37 29 72 20 28 23 46 30 37 132 603 26 98 24 688 29483
internal_value=-1.77744e-11 0.00254102 0.00103001 -0.0556238 0.00141447 0.00206737 0.0115706 0.0146526 0.012702 0.0716498 0.0104503 -0.0207998 -0.0440282 -0.127518 -0.0648063 0.0152003 0.14252 0.0504348 0.0664779 0.045649 0.0100563 0.0144234 0.0137183 -0.0235687 -0.00504104 0.0192879 0.0470178 0.13359 -0.00886926 -0.00616195
internal_weight=97489 64817 56673 382 56291 55119 9599 9051 8915 328 8587 1133 818 161 113 7454 136 303 283 64 76 7425 7395 657 32672 1439 725 122 714 31233
internal_count=97489 64817 56673 382 56291 55119 9599 9051 8915 328 8587 1133 818 161 113 7454 136 303 283 64 76 7425 7395 657 32672 1439 725 122 714 31233
is_linear=0
shrinkage=0.1


Tree=46
num_leaves=31
num_cat=0
split_feature=103 93 94 102 10 6 22 3 34 104 35 37 82 13 39 27 104 29 16 90 102 30 36 89 81 46 55 22 0 13
split_gain=120.537 117.671 145.252 139.425 116.552 140.944 113.125 174.968 125.956 108.659 104.56 136.366 155.951 136.115 170.178 111.156 138.787 144.293 113.876 96.7338 136.668 125.011 112.404 146.018 133.925 157.805 196.534 112.373 204.915 140.035
threshold=0.5335000000000002 1.5000000000000002 5.5000000000000009 12.500000000000002 15.105555555555556 20.450000000000003 0.85357142857142865 9.3063837108843845 2.9250000000000003 119.30000000000003 1.0773874768195644 1.9364486375644641 915.50000000000011 3.3540936844653131 1.7841837120025255 0.84655531415518281 114.85000000000001 0.97989590668830773 8.9250000000000025 6.5000000000000009 1.5000000000000002 0.90000000000000013 2.9000000000000004 34.500000000000007 793.50000000000011 1.7947368421052634 49.500000000000007 8.5750000000000011 53.230000000000011 3.570707350120379
decision_type=2 10 10 10 10 10 10 10 10 2 8 10 10 10 10 8 2 10 10 10 10 10 10 10 10 10 10 10 10 10
left_child=9 2 10 6 -5 -6 7 -3 -8 19 -2 12 15 -13 -15 -12 -17 -18 -19 -1 21 -21 23 -23 25 26 -24 28 -22 -30
right_child=1 3 -4 4 5 -7 8 -9 -10 -11 11 13 -14 14 -16 16 17 18 -20 20 27 22 24 -25 -26 -27 -28 -29 29 -31
leaf_value=0.0012326567574642722 -0.0048549620616261226 -0.0011297819287357312 0.030773359917891114 -0.18951524231524675 0.20866817250138237 -0.15352208273993298 0.0033729880045888327 0.096920876019720825 0.091356320462987903 -0.024454740838435417 -0.045919446234003 -0.011977859749213646 0.25162220910191535 0.2653431549668312 0.027798257023096087 -0.0173569078505162 -0.041033503157751901 0.075445423483848584 0.3804027054614077 0.008634709642485092 0.016379039956067855 -0.043365483434811468 0.084592364094076833 -0.26097628764109687 -0.068577485732935581 -0.12631690858498865 0.44306512370705609 0.058318698323596943 -0.0071987047728305975 -0.10179296332106245
leaf_weight=34576 35267 362 1067 64 21 22 5169 366 168 1366 1849 190 20 50 76 1866 35 25 24 1459 11115 847 65 32 74 23 20 576 457 238
leaf_count=34576 35267 362 1067 64 21 22 5169 366 168 1366 1849 190 20 50 76 1866 35 25 24 1459 11115 847 65 32 74 23 20 576 457 238
internal_value=1.67171e-11 -0.00367143 -0.005633 0.00919029 -0.103967 0.0233615 0.0111866 0.0481649 0.00614256 0.00336767 -0.00661887 -0.0216631 -0.0268869 0.0414685 0.122062 -0.0283531 -0.0116966 0.114043 0.224812 0.00413573 0.0108697 -0.0103587 -0.0364769 -0.0512876 0.0350538 0.10606 0.168939 0.0151888 0.0130852 -0.0395921
internal_weight=97489 46641 40469 6172 107 43 6065 728 5337 50848 39402 4135 3819 316 126 3799 1950 84 49 49482 14906 2520 1061 879 182 108 85 12386 11810 695
internal_count=97489 46641 40469 6172 107 43 6065 728 5337 50848 39402 4135 3819 316 126 3799 1950 84 49 49482 14906 2520 1061 879 182 108 85 12386 11810 695
is_linear=0
shrinkage=0.1


Tree=47
num_leaves=31
num_cat=0
split_feature=110 103 104 84 37 3 94 17 105 16 93 102 10 35 88 80 37 13 39 6 44 18 45 35 22 14 104 59 29 50
split_gain=111.221 91.4338 107.5 104.434 97.1239 109.031 93.3671 124.632 130.352 114.726 101.889 109.208 108.134 99.0412 131.947 119.81 100.837 113.042 102.091 92.3793 91.3018 90.1008 137.17 125.829 124.335 119.685 144.436 107.503 131.702 119.021
threshold=73.500000000000014 0.5335000000000002 119.30000000000003 151.50000000000003 0.92592714937812726 12.828780577343162 5.5000000000000009 3.9883802446514216 0.55000000000000016 12.825000000000001 1.5000000000000002 12.500000000000002 15.105555555555556 1.0773874768195644 63.250000000000007 1409.8500000000004 1.9364486375644641 3.1780107723513216 1.8305164962692515 20.300000000000001 6.0500000000000007 0.90000000000000013 1.5105443741965729 1.2826640142835573 0.60555555555555574 14.850000000000003 108.05000000000001 23.500000000000004 0.65602740944978577 7.1500000000000012
decision_type=2 2 2 10 8 10 10 10 10 10 8 10 10 8 10 10 10 10 10 10 10 8 8 10 8 10 2 10 10 10
left_child=-1 2 3 20 5 -4 10 9 -9 -8 13 21 -13 -3 16 -16 -15 -18 -19 -14 -2 22 23 -12 -23 27 -27 29 -29 -26
right_child=1 6 4 -5 -6 -7 7 8 -10 -11 11 12 19 14 15 -17 17 18 -20 -21 -22 24 -24 -25 25 26 -28 28 -30 -31
leaf_value=-0.013957941144299083 0.0043924173459241479 -0.0034176691485061647 -0.0062994669699825883 0.19114242438226939 -0.050349043471416055 0.1707624613231904 0.028462081649214543 -0.30277534907853065 -0.016899108289387718 0.22999131345382798 0.023256850130558015 -0.17500268095542515 0.18719965495169164 -0.026987293495871919 -0.019038596852072355 0.26373705027564881 -0.019674823802998131 0.19793338892584456 0.019749354395796271 -0.11674005672335626 0.17890173374364773 0.20483245479483761 -0.12070675940782416 0.10494892017743379 -0.006397480570111665 0.019945049987119788 -0.26944850917373386 0.17472741097427799 0.028320897205520269 0.042402209426507201
leaf_weight=5393 46681 32777 579 30 687 37 1089 22 58 29 625 63 20 3624 29 31 173 61 68 20 30 31 51 270 3735 34 35 69 561 577
leaf_count=5393 46681 32777 579 30 687 37 1089 22 58 29 625 63 20 3624 29 31 173 61 68 20 30 31 51 270 3735 34 35 69 561 577
internal_value=9.01741e-13 0.000817356 0.0038345 0.00462429 -0.0244965 0.00433575 -0.0024732 0.0250616 -0.0955151 0.0336896 -0.00324295 0.00873628 -0.093359 -0.0052277 -0.0201117 0.127062 -0.0223609 0.0331561 0.104007 0.0352298 0.0045045 0.0104924 0.0388115 0.0479014 0.00517908 0.00394395 -0.126849 0.00577007 0.0443559 0.000132534
internal_weight=97489 92096 48044 46741 1303 616 44052 1198 80 1118 42854 6091 103 36763 3986 60 3926 302 129 40 46711 5988 946 895 5042 5011 69 4942 630 4312
internal_count=97489 92096 48044 46741 1303 616 44052 1198 80 1118 42854 6091 103 36763 3986 60 3926 302 129 40 46711 5988 946 895 5042 5011 69 4942 630 4312
is_linear=0
shrinkage=0.1


Tree=48
num_leaves=31
num_cat=0
split_feature=94 52 58 56 13 20 41 30 85 49 32 51 33 42 69 25 29 0 85 41 88 0 1 102 10 113 27 102 34 81
split_gain=99.2276 138.688 99.2301 100.274 97.5555 100.729 105.127 85.7045 97.9412 94.571 125.111 97.5079 92.7501 91.1044 88.4213 85.9493 83.3827 103.632 99.9277 83.195 81.6484 121.119 83.8088 79.9316 78.1063 75.6299 156.662 160.664 143.318 149.061
threshold=1.0000000180025095e-35 24.500000000000004 5.5000000000000009 8.5000000000000018 5.6035631862203301 0.68333333333333346 0.96902427084615972 1.1000000000000003 165.50000000000003 78.050000000000011 2.183333333333334 85.200000000000017 0.74094429825773356 1.9000000000000001 7.5000000000000009 1.1897227048854206 0.94520927215762518 43.130000000000017 77.500000000000014 1.8318465738520364 37.45000000000001 32.045000000000009 16.412495239653456 161.50000000000003 29.625000000000004 1.0000000180025095e-35 2.0069281343198777 11.500000000000002 1.0250000000000001 1046.5000000000002
decision_type=10 10 10 10 10 10 10 10 10 8 10 10 8 10 10 10 10 10 10 10 10 10 10 10 10 2 8 10 10 10
left_child=1 2 3 4 7 -6 -7 24 9 12 11 23 15 16 -12 -9 17 -14 -19 -18 21 -8 -23 -11 -1 -2 27 28 29 -27
right_child=25 -3 -4 -5 5 6 20 8 -10 10 14 -13 13 -15 -16 -17 19 18 -20 -21 -22 22 -24 -25 -26 26 -28 -29 -30 -31
leaf_value=-0.0074326621690917766 0.00012359954263488584 0.25157241707756406 -0.17624260464902311 0.11255456299339939 0.10454438182300535 -0.21901200045557584 -0.0073660675084815837 0.054744583988084211 -0.16047896164836306 0.24654958196308302 0.36187378515799845 -0.10911463005186031 0.0045004124949413497 -0.043629312500335526 0.084324280646714309 0.27078624096783727 0.034781292044007255 -0.2626946526932819 0.0072897690993088951 0.22822610658148063 0.041623129803491268 -0.36983249181542888 -0.093807383017106505 -0.026797665357589723 0.11526708938181401 0.022384238410752825 0.19209574976045152 -0.054761756711962109 -0.00045953375679487572 -0.027040851111961462
leaf_weight=22452 54900 21 34 72 29 51 53 113 33 23 24 33 1628 337 22 22 666 29 26 23 57 22 22 20 52 7404 46 407 8203 665
leaf_count=22452 54900 21 34 72 29 51 53 113 33 23 24 33 1628 337 22 22 666 29 26 23 57 22 22 20 52 7404 46 407 8203 665
internal_value=-7.23706e-12 -0.00530912 -0.00551787 -0.00529296 -0.00562264 -0.0698965 -0.0945735 -0.0050329 0.010847 0.0127532 0.0989673 0.020183 0.00905484 0.00502345 0.229133 0.0899514 0.0119358 -6.057e-05 -0.135066 0.0412388 -0.0533634 -0.10918 -0.23182 0.119411 -0.00714914 0.00191714 0.00780446 0.00729619 0.0088484 0.0183109
internal_weight=97489 25864 25843 25809 25737 234 205 25503 2999 2966 122 76 2844 2709 46 135 2372 1683 55 689 154 97 44 43 22504 71625 16725 16679 16272 8069
internal_count=97489 25864 25843 25809 25737 234 205 25503 2999 2966 122 76 2844 2709 46 135 2372 1683 55 689 154 97 44 43 22504 71625 16725 16679 16272 8069
is_linear=0
shrinkage=0.1


Tree=49
num_leaves=31
num_cat=0
split_feature=110 44 106 51 102 17 46 80 14 40 10 18 1 2 3 64 23 25 49 16 102 85 85 13 82 87 100 39 23 89
split_gain=93.7215 91.9826 84.3141 104.86 105.285 130.919 121.619 111.538 111.758 144.671 118.968 103.407 106.046 108.997 103.181 102.54 110.149 111.544 100.579 99.3481 97.615 170.311 191.029 174.892 104.694 130.464 140.241 102.865 97.5559 97.1426
threshold=75.500000000000014 5.6500000000000012 707.50000000000011 61.850000000000001 2.5000000000000004 3.7879491341253435 0.25657894736842107 2097.400000000001 8.2111111111111121 2.0250000000000004 17.025000000000002 4.1000000000000005 10.403148561159869 34.284444444444453 10.464718502333435 1.0000000180025095e-35 2.6023771485489262 1.658243862791825 43.550000000000004 4.1026315789473697 1.5000000000000002 96.500000000000014 100.50000000000001 5.059634605717835 640.50000000000011 20.500000000000004 1.0000000180025095e-35 3.0956947664379064 0.68184354922134705 12.500000000000002
decision_type=2 10 2 8 10 8 10 10 10 10 10 10 10 10 8 10 10 10 10 10 8 10 10 10 10 10 2 10 8 10
left_child=-1 2 3 4 6 -6 29 8 18 14 11 12 13 -11 -10 16 -4 -18 19 -8 21 24 -23 -24 -5 -26 -27 28 -22 -2
right_child=1 -3 15 20 5 -7 7 -9 9 10 -12 -13 -14 -15 -16 -17 17 -19 -20 -21 27 22 23 -25 25 26 -28 -29 -30 -31
leaf_value=-0.0071840331185796637 0.00747646130878875 0.18939860778359266 -0.015918379524340262 -0.0048288241602002365 -0.0059029918999290026 -0.051952780052159843 0.0012811893321272273 -0.059282200955992528 -0.033961117512786368 0.11710202189331705 -0.042019412196376948 -0.06070401275840899 -0.0015015105406443279 0.43560948769251512 -0.13314948927653933 -0.084161405912834594 0.020404764145951104 -0.061053712528839871 0.0087428740500851854 -0.015014270971675151 0.12611194828835626 -0.35158693408966069 -0.095218144132402441 0.178325090860879 -0.02098153340904152 0.28418331752686454 0.017287404366901942 0.23679637655615809 0.0095156607892299822 0.034648552291295161
leaf_weight=15308 5856 26 4560 3909 12300 650 12357 321 264 22 103 24 21 21 174 179 1747 186 10380 5366 72 25 174 27 68 45 35 20 21552 1697
leaf_count=15308 5856 26 4560 3909 12300 650 12357 321 264 22 103 24 21 21 174 179 1747 186 10380 5366 72 25 174 27 68 45 35 20 21552 1697
internal_value=-3.37671e-12 0.00133818 0.00127867 0.0022311 -0.000464827 -0.00821437 0.00227671 -0.000662224 -7.30958e-06 -0.041695 0.0309299 0.116314 0.182696 0.272652 -0.0733647 -0.00949664 -0.00743827 0.0125665 0.000925741 -0.00365259 0.00738401 -0.00640956 -0.0908976 -0.0584735 -0.00170306 0.0808552 0.167416 0.0101135 0.00990388 0.0135815
internal_weight=97489 82181 82155 75483 49556 12950 36606 29053 28732 629 191 88 64 43 438 6672 6493 1933 28103 17723 25927 4283 226 201 4057 148 80 21644 21624 7553
internal_count=97489 82181 82155 75483 49556 12950 36606 29053 28732 629 191 88 64 43 438 6672 6493 1933 28103 17723 25927 4283 226 201 4057 148 80 21644 21624 7553
is_linear=0
shrinkage=0.1


Tree=50
num_leaves=31
num_cat=0
split_feature=103 96 19 40 103 72 38 5 34 7 41 9 30 28 23 23 104 49 3 8 33 39 39 21 24 16 3 1 31 9
split_gain=79.5778 82.227 115.627 104.103 153.238 117.71 112.605 112.901 105.572 113.141 93.753 85.8083 80.9716 107.73 125.401 129.694 125.108 110.093 137.708 109.309 102.088 97.8219 116.037 100.085 112.972 131.357 107.232 93.7054 88.5065 115.991
threshold=0.5335000000000002 243.50000000000003 5.0398315025823788 3.6583333333333337 0.49400000000000005 3.5000000000000004 3.8166666666666669 8.4218661200324458 2.9750000000000005 6.2249485034786476 2.2489760709384927 5.4543558433359278 1.2916666666666667 0.55277777777777792 2.3466722244436213 1.0504824679300457 103.35000000000001 62.650000000000013 9.9108834675963848 33.050000000000004 0.92237834162261667 1.8305164962692515 1.8150598068116108 1.8760169273024008 2.1000000000000005 12.825000000000001 6.9868487571679809 10.141252382269597 1.1474379817391951 4.3331500399253082
decision_type=2 2 8 10 2 10 10 10 10 10 10 10 10 10 10 8 2 10 8 10 10 10 8 10 10 10 10 10 10 10
left_child=1 -1 3 5 6 8 11 -8 -3 -10 -9 -5 -2 14 15 27 -17 18 20 21 -18 22 23 28 25 26 -25 -14 -15 -30
right_child=12 2 -4 4 -6 -7 7 10 9 -11 -12 -13 13 19 -16 16 17 -19 -20 -21 -22 -23 -24 24 -26 -27 -28 -29 29 -31
leaf_value=0.00074538277138392283 -0.0044496237756498054 0.012578710521789247 0.1459069456845995 0.030665978270449808 0.11270944695723684 0.2098927836616834 0.18028438413658968 -0.074734808108287643 -0.18299466068284553 0.03330958496247019 0.13148006246640132 -0.16273091649269966 -0.018162739266214582 0.046752440072139329 0.21961380902000449 -0.18918640580156754 -0.15898366691292942 0.061219272122840687 -0.10329978110399839 -0.1518141764559244 0.019176962888398305 0.061698358944403453 -0.22158130393141795 0.13316513570835409 0.12610264631609122 -0.21865948436386662 -0.023975595907691011 0.07080702917159197 -0.047039639451322245 0.02304306122341794
leaf_weight=40838 41500 9409 63 28 57 30 26 145 57 42 26 127 288 1045 22 58 37 99 277 38 246 464 21 46 54 33 776 201 298 1138
leaf_count=40838 41500 9409 63 28 57 30 26 145 57 42 26 127 288 1045 22 58 37 99 277 38 246 464 21 46 54 33 776 201 298 1138
internal_value=-2.75983e-11 0.00273631 0.0108587 0.0100034 -0.0393995 0.0121218 -0.0640308 -0.0138613 0.0114978 -0.0912292 -0.0433805 -0.127795 -0.00298312 0.008855 -0.0169855 -0.0213015 -0.0483836 -0.0359912 -0.0531766 0.0169644 -0.00411612 0.0186195 0.0127595 0.0142112 -0.0141757 -0.0230354 -0.0151818 0.0184077 0.0246116 0.00849944
internal_weight=97489 50848 10010 9947 409 9538 352 197 9508 99 171 155 46641 5141 1228 1206 717 659 560 3913 283 3875 3411 3390 909 855 822 489 2481 1436
internal_count=97489 50848 10010 9947 409 9538 352 197 9508 99 171 155 46641 5141 1228 1206 717 659 560 3913 283 3875 3411 3390 909 855 822 489 2481 1436
is_linear=0
shrinkage=0.1


Tree=51
num_leaves=31
num_cat=0
split_feature=49 16 15 48 100 55 39 57 56 79 6 10 48 13 44 83 6 111 52 16 27 24 104 19 41 79 12 50 36 0
split_gain=77.2417 124.315 97.7037 103.294 88.9417 92.6865 90.2655 87.3714 86.77 86.425 103.769 87.1273 83.3742 91.3694 167.638 145.251 199.629 111.315 104.97 190.992 140.759 150.946 114.493 102.73 136.952 88.5282 112.421 87.1068 183.017 130.224
threshold=28.450000000000003 3.9045454545454548 4.8768158678488556 5.6500000000000012 1.0000000180025095e-35 61.500000000000007 2.5034499976289935 3.5000000000000004 5.5000000000000009 7.5000000000000009 7.2250000000000005 10.105555555555556 27.550000000000004 3.9874606914351793 1.0000000180025095e-35 41.500000000000007 19.266666666666669 16.500000000000004 6.5000000000000009 6.552777777777778 1.2326528377441648 0.45000000000000007 108.15000000000002 1.6070659959698212 1.2103353896487981 4.5000000000000009 14.700000000000001 0.45000000000000007 2.1000000000000005 53.910000000000004
decision_type=8 10 8 10 2 10 10 10 10 8 10 10 8 10 10 10 10 2 10 8 10 8 2 10 10 10 10 10 10 10
left_child=1 8 3 -3 5 12 9 -5 -1 10 -6 -12 25 17 23 16 -16 18 19 -14 21 -21 -23 24 -15 27 -27 28 -2 -30
right_child=4 2 -4 7 6 -7 -8 -9 -10 -11 11 -13 13 14 15 -17 -18 -19 -20 20 -22 22 -24 -25 -26 26 -28 -29 29 -31
leaf_value=-0.0037388115567288543 0.0017496239103215142 -0.061177940084304244 -0.12044472367149489 -0.079066470617830176 -0.0063804345486777646 0.037820471360168958 0.048240532630101481 0.0020395737474547494 0.15629797126440442 -0.0042245420230715685 0.019675017080361411 0.0058467524028608048 0.0078966573923983704 0.004282738417387009 0.0069582855921577333 0.0028625605535118974 -0.18965149248093369 -0.016983519808418772 0.01911082907672508 0.34251681454479699 0.34890442449471049 -0.069694391733444314 0.12789357793167036 -0.067978130895644431 0.34953429820360959 -0.0074321451808845558 -0.18678027321717572 -0.0089985588924211546 0.045472692814623086 -0.123691736700687
leaf_weight=9515 7852 553 116 153 5390 571 461 1007 34 10305 5802 21223 207 20 88 261 125 694 2010 24 29 41 103 20 27 24754 35 4590 1432 47
leaf_count=9515 7852 553 116 153 5390 571 461 1007 34 10305 5802 21223 207 20 88 261 125 694 2010 24 29 41 103 20 27 24754 35 4590 1432 47
internal_value=-8.18895e-12 -0.00774363 -0.0316273 -0.0256128 0.00102318 -0.00220004 0.00422766 -0.00865803 -0.00316899 0.00375271 0.00628874 0.00881554 -0.00273951 0.0117105 -0.0262171 -0.0471455 -0.108423 0.0183124 0.0284596 0.0749723 0.145453 0.110333 0.0716359 0.121844 0.202619 -0.00410164 -0.00768537 0.00227987 0.00782782 0.0400969
internal_weight=97489 11378 1829 1713 86111 42930 43181 1160 9549 42720 32415 27025 42359 3649 541 474 213 3108 2414 404 197 168 144 67 47 38710 24789 13921 9331 1479
internal_count=97489 11378 1829 1713 86111 42930 43181 1160 9549 42720 32415 27025 42359 3649 541 474 213 3108 2414 404 197 168 144 67 47 38710 24789 13921 9331 1479
is_linear=0
shrinkage=0.1


Tree=52
num_leaves=31
num_cat=0
split_feature=110 111 32 58 16 23 30 14 3 23 82 83 12 22 17 102 7 2 21 15 15 2 41 96 90 29 13 36 17 75
split_gain=75.7334 70.4914 179.374 145.169 128.678 189.854 117.049 140.272 147.685 111.507 104.755 125.096 98.677 147.72 129.178 130.692 150.624 196.158 167.525 136.628 166.605 147.902 131.513 129.15 153.465 127.185 125.508 123.116 151.951 122.055
threshold=73.500000000000014 7.5000000000000009 4.5500000000000007 2.5000000000000004 12.925000000000002 2.1595360580301786 1.9000000000000001 13.050000000000002 13.660114282817617 2.4156638207103382 745.50000000000011 211.50000000000003 8.4500000000000011 0.7947368421052633 4.2200958917358795 1.5000000000000002 5.8094734254897267 34.125000000000014 1.3197184163705313 3.5024651172483221 3.3157870472379432 27.090000000000003 1.268085538262113 251.00000000000003 13.500000000000002 1.0000000180025095e-35 0.86554360876699576 2.1000000000000005 3.9535127583205347 8.5000000000000018
decision_type=2 2 8 8 10 10 10 10 10 10 8 10 10 10 8 10 10 10 10 10 10 10 10 2 10 8 8 10 10 10
left_child=-1 2 4 -3 10 6 7 -6 -9 -7 12 -12 23 -14 15 -15 17 18 19 20 -17 -21 -19 25 26 -2 -25 29 -29 -18
right_child=1 3 -4 -5 5 9 -8 8 -10 -11 11 -13 13 14 -16 16 27 22 -20 21 -22 -23 -24 24 -26 -27 -28 28 -30 -31
leaf_value=-0.011517840352011892 0.25784313611686233 -0.000702189376281884 0.1574795837574578 -0.061815947284945827 -0.22107991903372437 0.27248077747367677 -0.279205213849609 -0.083063157319800185 0.20603560246527197 -0.018993885921580453 0.038533911260678469 0.2495377216736476 -0.098529072773243701 -0.05124564652357308 0.037424930178167413 0.1007309977005889 0.040608186664661775 -0.12584286177607096 -0.033392091784626245 -0.23042381250340008 0.40462523915228393 0.059907223032535734 -0.034463033648157719 0.28620207726955416 0.31885426759719854 0.0055379655423916548 0.032718901436780377 0.0074960826841614595 -0.12781288764031415 0.21562978595841764
leaf_weight=5393 20 65632 77 391 46 21 37 67 24 35 443 30 175 686 624 128 543 194 245 23 21 74 837 20 20 19484 837 1230 89 43
leaf_count=5393 20 65632 77 391 46 21 37 67 24 35 443 30 175 686 624 128 543 194 245 23 21 74 837 20 20 19484 837 1230 89 43
internal_value=-7.33955e-12 0.000674467 0.00507697 -0.00106412 0.00462555 -0.0698406 -0.121383 -0.0787595 -0.00681733 0.0903091 0.00529028 0.0519168 0.00441832 -0.00830473 -0.00497155 -0.0114037 -0.00342833 -0.0268831 0.0251385 0.0834312 0.143562 -0.00893416 -0.0516577 0.00748469 0.0450249 0.00579669 0.0386345 0.0153108 -0.00163394 0.0534511
internal_weight=97489 92096 26073 66023 25996 230 174 137 91 56 25766 473 25293 4912 4737 4113 3427 1522 491 246 149 97 1031 20381 877 19504 857 1905 1319 586
internal_count=97489 92096 26073 66023 25996 230 174 137 91 56 25766 473 25293 4912 4737 4113 3427 1522 491 246 149 97 1031 20381 877 19504 857 1905 1319 586
is_linear=0
shrinkage=0.1


Tree=53
num_leaves=31
num_cat=0
split_feature=102 38 111 15 105 7 90 58 5 88 46 4 15 4 88 29 80 22 28 29 21 103 3 34 103 11 30 33 33 85
split_gain=68.6244 110.617 137.713 135.32 116.243 110.044 104.983 102.736 99.3306 111.093 87.0936 120.953 120.919 119.861 159.462 141.312 129.215 127.844 119.827 133.709 113.661 112.118 110.756 108.824 102.225 129.114 105.594 101.214 114.427 131.958
threshold=2.5000000000000004 1.1833333333333336 2.5000000000000004 3.8557305873716903 0.36666666666666675 2.0776550673994527 11.500000000000002 3.5000000000000004 17.341073327040601 58.350000000000001 0.25657894736842107 40.537500000000016 1.7904058613809573 42.581666666666678 46.850000000000001 1.0771240531701662 924.0500000000003 2.6055555555555561 1.0250000000000001 1.2763451788990257 0.9689585494434233 0.40850000000000003 13.091653405342161 1.0250000000000001 0.21350000000000002 6.0798570167759509 1.1000000000000003 1.1622332768749206 1.656622908042616 98.500000000000014
decision_type=8 10 2 10 10 8 10 10 8 10 10 10 10 10 10 10 8 10 10 10 10 2 8 10 2 10 10 8 10 10
left_child=10 2 4 7 -2 6 -3 -4 -7 -10 11 24 -13 18 16 -16 17 -15 20 21 -14 -20 23 -12 25 -1 -27 -24 29 -29
right_child=1 5 3 -5 -6 8 -8 -9 9 -11 22 12 13 14 15 -17 -18 -19 19 -21 -22 -23 27 -25 -26 26 -28 28 -30 -31
leaf_value=0.039900593938549209 0.27415900096811097 0.038879766076323041 -0.010769693293800196 -0.069737696775334465 0.033958300864888415 0.00029132008075095093 0.23680702309156287 -0.21792544734974706 -0.038230950460630533 -0.26515535978334293 -0.00016746803693327603 0.19396066366881135 -0.15962854935787618 0.32404790888230006 -0.13937939888515957 0.0015415504238026291 0.015760628780820869 0.038819293914870788 -0.03326460593625119 0.037285447700156106 0.014079203243766512 -0.23532799884225383 0.0063774455863416114 -0.016171197560375918 0.010418191394844784 0.34290539543809639 0.057056423726802079 0.047506059443233273 -0.011261254113661238 0.20632617741024922
leaf_weight=291 29 353 9626 413 66 14802 29 24 94 28 47852 25 48 30 119 177 273 33 38 36 175 99 5676 4663 11255 28 24 795 332 56
leaf_count=291 29 353 9626 413 66 14802 29 24 94 28 47852 25 48 30 119 177 273 33 38 36 175 99 5676 4663 11255 28 24 795 332 56
internal_value=-3.7972e-11 -0.00446211 -0.0125526 -0.0136839 0.107283 0.000907227 0.0539057 -0.0112849 -0.000449339 -0.090312 0.00157755 0.00911089 -0.0233397 -0.0286243 -0.0015952 -0.0551125 0.045551 0.174642 -0.0717615 -0.134215 -0.0233108 -0.179281 -2.76004e-05 -0.0015885 0.0120571 0.0658361 0.210975 0.0119232 0.0385316 0.0579572
internal_weight=97489 25464 10158 10063 95 15306 382 9650 14924 122 72025 12651 1053 1028 632 296 336 63 396 173 223 137 59374 52515 11598 343 52 6859 1183 851
internal_count=97489 25464 10158 10063 95 15306 382 9650 14924 122 72025 12651 1053 1028 632 296 336 63 396 173 223 137 59374 52515 11598 343 52 6859 1183 851
is_linear=0
shrinkage=0.1


Tree=54
num_leaves=31
num_cat=0
split_feature=110 94 13 4 17 106 41 18 2 95 7 105 111 8 33 103 18 47 32 103 90 20 48 91 28 5 106 1 49 35
split_gain=66.4478 64.4646 94.2569 160.049 113.167 83.3618 101.742 85.5005 121.956 103.613 103.099 89.0414 77.2636 67.838 70.2429 67.5302 91.1712 88.8323 110.926 91.2175 146.436 97.7106 116.666 90.3658 169.524 129.293 132.401 109.16 135.61 107.271
threshold=72.500000000000014 6.5000000000000009 1.8027222972291639 48.322500000000012 2.4125342447872682 585.50000000000011 1.6416416974616543 10.300000000000002 45.425000000000018 1.5000000000000002 6.7379481249007798 0.36666666666666675 4.5000000000000009 21.550000000000004 1.277989727675952 0.5335000000000002 12.700000000000001 1.0067287259593483 3.5500000000000003 0.47100000000000003 18.500000000000004 11.050000000000002 26.650000000000002 1.0000000180025095e-35 1.2426470588235297 9.1755496034136073 216.50000000000003 11.633786999675634 40.45000000000001 1.7133377274622641
decision_type=2 10 10 10 10 2 10 10 10 10 10 10 2 10 10 2 10 8 10 2 10 10 10 10 10 10 2 10 10 10
left_child=-1 15 3 4 12 6 -4 8 -7 -9 11 -10 -3 -8 -15 16 17 18 23 -19 21 22 -21 24 25 27 -27 -2 -29 -25
right_child=1 2 5 -5 -6 7 13 9 10 -11 -12 -13 -14 14 -16 -17 -18 19 -20 20 -22 -23 -24 29 -26 26 -28 28 -30 -31
leaf_value=-0.020499419568175067 0.00098981954734282717 0.20933180705777238 -0.10409382935613394 0.20279379351930299 -0.071991668360894684 0.039178763033205673 -0.01307836447407802 0.22241402375698091 -0.17368539156019688 -0.04413618320333107 -0.19664688317570836 0.068074202236647785 0.042344950754335503 0.055699062030762442 0.24042506209489975 -0.0027370985149506467 0.14648861160332508 -0.0045481748616847169 -0.18795464306042112 0.0044623415235761467 0.27183104270980474 -0.15471132483232666 0.048696625168891644 0.010459493307806864 0.071726992718810056 -0.0464288926874976 0.010827129549411695 0.046217472600309478 0.3168382867522862 0.068103391871166735
leaf_weight=1556 3133 35 52 71 73 71 150 25 25 35 80 39 133 320 22 45360 44 20967 29 7089 21 37 651 14864 285 1285 589 95 23 330
leaf_count=1556 3133 35 52 71 73 71 150 25 25 35 80 39 133 320 22 45360 44 20967 29 7089 21 37 651 14864 285 1285 589 95 23 330
internal_value=9.70079e-12 0.000332493 0.0240656 0.070838 0.0319631 0.0062475 0.0289309 -0.0386244 -0.0680805 0.0669264 -0.120965 -0.0263631 0.0771339 0.0429904 0.067582 4.93548e-05 0.00260575 0.00247759 0.00748464 -0.00111394 0.00811992 0.00740783 0.00818282 0.00775972 -0.00333876 -0.00751315 -0.0284333 0.004546 0.0989656 0.0117115
internal_weight=97489 95933 1131 312 241 819 544 275 215 60 144 64 168 492 342 94802 49442 49398 20633 28765 7798 7777 7740 20604 5410 5125 1874 3251 118 15194
internal_count=97489 95933 1131 312 241 819 544 275 215 60 144 64 168 492 342 94802 49442 49398 20633 28765 7798 7777 7740 20604 5410 5125 1874 3251 118 15194
is_linear=0
shrinkage=0.1


Tree=55
num_leaves=31
num_cat=0
split_feature=94 52 51 3 47 35 13 18 22 7 9 3 88 58 23 1 88 12 42 5 59 48 87 98 0 87 41 85 47 4
split_gain=61.6087 107.507 81.1842 102.66 77.6908 72.8976 72.4996 112.919 141.73 109.473 126.259 90.4904 89.8387 70.7299 67.8054 133.747 90.9017 113.471 79.5241 88.941 109.662 80.2402 72.7222 107.986 80.1652 86.6588 72.5197 78.0719 71.7961 71.3612
threshold=1.0000000180025095e-35 24.500000000000004 95.850000000000009 17.348898459534997 0.91289151979618355 0.747214234817975 5.6035631862203301 1.3666666666666669 1.151923076923077 6.1562922312723698 4.1049717481018879 19.232520194299294 66.050000000000011 5.5000000000000009 0.76280251157727752 15.46043337024601 12.050000000000002 3.9000000000000004 1.9000000000000001 10.281313529636538 15.500000000000002 29.250000000000004 50.500000000000007 2021.5000000000002 19.045000000000005 62.500000000000007 1.3812164809546956 7.5000000000000009 1.1186221183122134 48.880000000000003
decision_type=10 10 10 10 10 10 10 10 10 10 10 10 10 10 8 10 8 10 8 10 10 10 8 2 10 10 10 10 10 10
left_child=1 2 6 4 -4 -6 11 8 9 10 -8 12 13 14 15 26 17 -16 29 21 28 -20 23 -19 -24 -26 -1 -28 -21 -18
right_child=-2 -3 3 -5 5 -7 7 -9 -10 -11 -12 -13 -14 -15 16 -17 18 22 19 20 -22 -23 24 -25 25 -27 27 -29 -30 -31
leaf_value=0.0053254482514729154 0.0015106327680867069 0.22198558506511509 0.2593151323754212 -0.11278088008580001 0.20961311206869457 -0.0084279238367858146 -0.087233705984221574 -0.12042603107883519 0.25874250744469468 -0.19323628899352305 0.2442655073106289 0.17229641710632837 -0.14561913571423954 -0.14833524526261233 -0.010579633394773828 0.19623354772399915 0.0019029146137851179 -0.078237511885919028 -0.0055062971815859662 -0.14895492064789304 -0.083358430010689932 0.10058887621678081 0.093646788964157596 0.032171000986025461 0.061823061923496431 -0.11164119778614906 -0.0056000165641307831 0.22304875813424588 -0.014466985347030989 0.10465150748598664
leaf_weight=3035 71625 21 29 23 23 46 27 133 20 29 20 29 45 34 5203 38 11331 633 3035 41 330 73 68 103 48 72 28 32 1247 68
leaf_count=3035 71625 21 29 23 23 46 27 133 20 29 20 29 45 34 5203 38 11331 633 3035 41 330 73 68 103 48 72 28 32 1247 68
internal_value=5.0722e-11 -0.00418338 -0.00436717 0.077352 0.121975 0.0642524 -0.00475159 -0.0607671 0.0218854 -0.0404454 0.0538298 -0.00424841 -0.00444947 -0.00419955 -0.0040065 0.00976711 -0.00594578 -0.0163145 -0.00200596 -0.0129125 -0.0319257 -0.00301436 -0.0486076 -0.0627863 0.00690065 -0.0422555 0.0074777 0.116346 -0.018748 0.00251585
internal_weight=97489 25864 25843 121 98 69 25722 229 96 76 47 25493 25464 25419 25385 3133 22252 6127 16125 4726 1618 3108 924 736 188 120 3095 60 1288 11399
internal_count=97489 25864 25843 121 98 69 25722 229 96 76 47 25493 25464 25419 25385 3133 22252 6127 16125 4726 1618 3108 924 736 188 120 3095 60 1288 11399
is_linear=0
shrinkage=0.1


Tree=56
num_leaves=31
num_cat=0
split_feature=110 104 37 83 97 111 3 102 72 100 6 106 10 59 97 6 8 49 39 55 81 36 4 17 59 35 86 48 16 6
split_gain=61.3111 80.2375 86.6077 149.488 80.2446 77.2028 83.4982 74.7253 87.3358 84.8297 82.6554 113.578 92.3497 84.0029 101.382 148.99 204.222 109.963 105.327 106.925 85.0699 108.168 98.7267 82.271 107.086 105.086 121.924 104.465 130.732 88.601
threshold=75.500000000000014 119.30000000000003 0.92592714937812726 233.50000000000003 6.5000000000000009 1.5000000000000002 13.399894278119199 220.50000000000003 1.0000000180025095e-35 1.0000000180025095e-35 7.2250000000000005 791.50000000000011 4.8535714285714286 12.500000000000002 3.5000000000000004 13.225000000000001 13.105555555555556 57.250000000000007 0.68250705852645377 17.500000000000004 239.50000000000003 2.3666666666666671 28.565000000000005 3.6318924820273053 20.500000000000004 1.3021453840774149 32.500000000000007 7.9500000000000011 5.0250000000000012 2.6333333333333337
decision_type=2 2 8 8 2 2 10 10 8 2 10 2 10 10 2 10 10 10 10 10 10 10 10 10 10 10 10 10 10 10
left_child=-1 7 3 -3 -4 -6 -7 8 9 -2 23 12 -12 -14 15 16 18 -18 -15 -20 22 -22 -17 24 -11 29 -27 28 -26 -25
right_child=1 2 4 -5 5 6 -8 -9 -10 10 11 -13 13 14 -16 20 17 -19 19 -21 21 -23 -24 25 27 26 -28 -29 -30 -31
leaf_value=-0.0058105656514515283 -0.0031228841014985746 -0.0081051561247803411 -0.014042130232072708 0.23748800780337592 0.065239871144294734 -0.082085524560728429 -0.24347374584223772 -0.068593651531754354 0.010256460775133015 -0.0047144169273051449 0.091323595560353368 -0.020121794732867477 0.0004921895051423936 -0.092252296307369294 0.010381087444064248 0.26664448032776517 0.40256351073582969 0.10420559098323186 0.3022785459778139 0.067197562682033501 -0.066865981063238406 0.066551461943384752 -0.01461683875666215 -0.18527204006523737 0.26016089737415315 -0.077361403033137321 0.26378733996640552 0.21180369597534804 -0.021931469918269178 -0.045710868998271099
leaf_weight=15308 35346 530 294 26 30 240 37 152 10161 7074 132 1532 10382 38 14997 24 30 21 21 246 179 92 26 53 20 20 22 43 92 321
leaf_count=15308 35346 530 294 26 30 240 37 152 10161 7074 132 1532 10382 38 14997 24 30 21 21 246 179 92 26 53 20 20 22 43 92 321
internal_value=-1.97393e-12 0.00108234 -0.0250659 0.00337942 -0.0513814 -0.0871396 -0.103643 0.00145573 0.00158739 0.000341669 0.00380436 0.00634323 0.00789144 0.00746877 0.0120899 0.0499427 0.094489 0.27971 0.0635176 0.0856871 0.000539419 -0.021573 0.120389 -0.00540134 -0.00291281 -0.0486455 0.101336 0.0793102 0.0284422 -0.0654883
internal_weight=97489 82181 1157 556 601 307 277 81024 80872 70711 35365 27720 26188 26056 15674 677 356 51 305 267 321 271 50 7645 7229 416 42 155 112 374
internal_count=97489 82181 1157 556 601 307 277 81024 80872 70711 35365 27720 26188 26056 15674 677 356 51 305 267 321 271 50 7645 7229 416 42 155 112 374
is_linear=0
shrinkage=0.1


Tree=57
num_leaves=31
num_cat=0
split_feature=12 12 82 13 84 12 103 86 17 33 103 105 90 88 31 30 27 59 88 7 7 52 102 21 7 93 17 83 7 103
split_gain=57.836 141.759 58.7002 114.291 124.863 149.338 72.5088 55.896 53.7965 117.314 106.689 144.769 110.093 105.152 72.6546 70.8643 68.3183 60.0557 101.331 159.275 167.17 153.431 219.867 180.429 145.173 139.697 131.772 182.491 141.598 124.47
threshold=18.900000000000002 18.100000000000005 915.50000000000011 2.5132957790129056 89.500000000000014 13.700000000000001 0.44500000000000006 367.00000000000006 5.41865682035096 0.92237834162261667 0.42550000000000004 0.90000000000000013 15.500000000000002 21.650000000000002 0.64222852518808682 1.1000000000000003 1.0865149352258221 23.500000000000004 40.250000000000007 7.5993413647162322 7.443114594953478 23.500000000000004 3.5000000000000004 1.0865149352258221 5.7227599037544321 1.0000000180025095e-35 3.0489428024378715 91.500000000000014 7.5993413647162322 0.23400000000000001
decision_type=10 10 10 10 10 10 2 10 10 10 2 8 10 10 10 10 10 10 10 10 10 8 10 10 10 10 8 10 10 2
left_child=1 2 7 -4 5 -5 -6 8 17 13 15 12 16 -10 -15 -11 -12 -1 24 20 21 22 29 -24 -19 -25 27 28 -26 -20
right_child=-2 -3 3 4 6 -7 -8 -9 9 10 11 -13 -14 14 -16 -17 -18 18 19 -21 -22 -23 23 25 26 -27 -28 -29 -30 -31
leaf_value=-0.00058498504363098597 0.14120030012624016 -0.24304716823001704 -0.084466485279362388 0.15741629392811748 0.10406506539322435 -0.15085881101588408 0.32581405613956782 0.12280463441400916 0.24046906408938495 -0.13253844896839426 -0.19773478625423235 0.073225515918887193 -0.0016326873004436492 -0.16485350288095929 0.068028029718914557 0.089936331123477084 -0.40881626325780929 -0.019330175980019432 0.16885919943001243 -0.019227303619612723 0.23182363779810458 -0.19794707690124158 -0.073944232106208804 0.0015001627531918613 0.10733444357605337 0.28528704674596467 0.042395140060719538 -0.17311399797462437 -0.12653878727593484 0.023739559819881361
leaf_weight=92046 29 24 41 33 30 30 29 37 22 22 46 23 20 21 37 41 23 1756 62 537 46 27 25 22 77 82 924 73 39 1265
leaf_count=92046 29 24 41 33 30 30 29 37 22 22 46 23 20 21 37 41 23 1756 62 537 46 27 25 22 77 82 924 73 39 1265
internal_value=-1.24891e-11 -4.20153e-05 1.78407e-05 0.059978 0.108521 0.0106186 0.21306 -8.26343e-05 -0.000129395 -0.0460003 -0.09186 -0.15042 -0.208216 0.0543179 -0.0162911 0.0122467 -0.268095 -8.78308e-06 0.0107383 0.0276244 0.0440792 0.0382557 0.0426358 0.167271 -0.00142149 0.225255 0.0268334 -0.0492465 0.0287047 0.0305198
internal_weight=97489 97460 97436 163 122 63 59 97273 97236 255 175 112 89 80 58 63 69 96981 4935 2066 1529 1483 1456 129 2869 104 1113 189 116 1327
internal_count=97489 97460 97436 163 122 63 59 97273 97236 255 175 112 89 80 58 63 69 96981 4935 2066 1529 1483 1456 129 2869 104 1113 189 116 1327
is_linear=0
shrinkage=0.1


Tree=58
num_leaves=31
num_cat=0
split_feature=23 2 24 59 81 15 80 88 17 34 18 85 88 90 41 68 53 12 27 2 53 104 19 14 88 104 12 14 110 34
split_gain=56.8632 104.637 87.3293 149.266 112.832 85.6694 85.2268 99.6068 97.8543 90.2943 84.6141 85.9541 79.1059 132.521 78.7031 76.5081 74.0903 71.8445 71.6285 68.6914 111.985 95.2752 89.2485 130.737 121.184 117.228 131.51 104.023 73.5377 86.0065
threshold=0.76280251157727752 41.935000000000009 1.4500000000000002 23.500000000000004 281.50000000000006 6.0249478503125813 2097.400000000001 50.45000000000001 4.5112432053461076 2.0513157894736849 0.77500000000000013 130.50000000000003 53.150000000000013 17.500000000000004 1.0464164822528808 3.5000000000000004 7.5000000000000009 4.9000000000000012 1.6541141089731555 26.840000000000003 21.500000000000004 113.05000000000001 0.52386127875258326 7.6125000000000007 28.450000000000003 107.95000000000002 4.366666666666668 6.4142857142857155 83.500000000000014 1.1937500000000003
decision_type=8 10 10 10 10 10 10 10 10 10 10 10 10 10 10 10 8 10 10 10 10 2 10 10 10 2 10 10 2 10
left_child=1 2 5 4 18 6 7 9 -8 19 11 12 13 -2 -11 16 17 -12 -4 20 -1 22 25 27 -25 -22 -27 -24 29 -21
right_child=10 -3 3 -5 -6 -7 8 -9 -10 14 15 -13 -14 -15 -16 -17 -18 -19 -20 28 21 -23 23 24 -26 26 -28 -29 -30 -31
leaf_value=0.0048265387696266584 -0.012626202826792858 -0.17086185074876994 0.044506035399425665 0.28266478801767031 -0.1388431592362708 -0.15748668943922367 0.011704328563064338 -0.21464698210358624 0.31120353046804672 0.23424529379064385 -0.013635143267801051 0.15186237571761013 -0.16686658274495242 0.19804172420253358 0.01898727763178093 0.14208581139039445 0.00052154487687247739 -0.079426978275104226 0.24398946572433819 -0.14713439400779246 0.022917258135370308 -0.0013181929433991411 0.057913506761844695 0.052960219133931855 -0.26215540617704391 0.06458061510396268 0.36358544961181716 0.25880818843841552 0.096149340365082034 -0.015058658373660395
leaf_weight=4753 6391 32 99 30 29 31 24 20 20 33 1054 32 33 30 35 38 83772 197 22 81 37 214 183 26 23 24 38 30 32 126
leaf_count=4753 6391 32 99 30 29 31 24 20 20 33 1054 32 33 30 35 38 83772 197 22 81 37 214 183 26 23 24 38 30 32 126
internal_value=2.95069e-11 0.00947968 0.0104561 0.0790409 0.0383161 0.00830165 0.00920347 0.00812477 0.14784 0.00891544 -0.000615293 -0.011625 -0.0124356 -0.0116419 0.123451 0.00022421 0.000160807 -0.0239956 0.0807758 0.00751641 0.00986906 0.051551 0.0828918 0.0523275 -0.0949512 0.163779 0.247842 0.0862085 -0.044931 -0.0667405
internal_weight=97489 5942 5910 180 150 5730 5699 5655 44 5635 91547 6486 6454 6421 68 85061 85023 1251 121 5567 5328 575 361 262 49 99 62 213 239 207
internal_count=97489 5942 5910 180 150 5730 5699 5655 44 5635 91547 6486 6454 6421 68 85061 85023 1251 121 5567 5328 575 361 262 49 99 62 213 239 207
is_linear=0
shrinkage=0.1


Tree=59
num_leaves=31
num_cat=0
split_feature=102 50 56 15 37 86 57 80 31 80 111 91 14 82 7 8 35 33 34 29 88 12 3 29 1 91 21 25 81 6
split_gain=53.5347 101.318 112.363 171.453 81.1351 113.079 76.0582 133.785 74.6603 71.4133 77.2982 139.125 110.403 141.927 101.393 91.519 89.4209 170.863 152.13 102.824 87.8771 118.79 87.6784 86.5596 112.221 83.4871 81.6506 124.048 80.6588 79.3634
threshold=2.5000000000000004 22.700000000000006 9.5000000000000018 2.6796546119700082 3.0658985689399354 25.500000000000004 28.500000000000004 1704.0000000000002 0.82657830373090091 3587.4000000000001 1.5000000000000002 2.5000000000000004 12.950000000000001 270.50000000000006 3.4278195413804746 12.52777777777778 1.4519594073667912 1.6346924281699649 1.7029411764705884 1.1747126000054033 63.250000000000007 9.1000000000000014 16.10307079065041 0.88271147566150387 8.8446311398045943 7.5000000000000009 3.6316496978943018 0.86554360876699588 285.50000000000006 29.500000000000004
decision_type=8 10 10 10 10 10 10 10 10 10 2 10 10 10 10 10 10 10 10 10 10 10 10 10 10 10 10 10 8 10
left_child=-1 2 4 -4 6 -6 9 -8 -5 10 11 15 13 14 -13 -2 18 19 -17 -18 21 28 -12 24 -15 -22 -24 -28 -16 -25
right_child=1 -3 3 8 5 -7 7 -9 -10 -11 22 12 -14 23 20 16 17 -19 -20 -21 25 -23 26 29 -26 -27 27 -29 -30 -31
leaf_value=0.0013933542707034066 0.21153913908279859 -0.15731205804446757 0.33898124811442004 0.13948454832037291 -0.1333957576680751 0.12185894307307898 -0.060797122418880467 0.29284104704856873 -0.042090892119126193 -0.10090798559513958 -0.0048795155961790983 0.12378266821495998 -0.18370771134328662 -0.0095766674403263176 0.04894315098146243 0.049094471190710469 0.45046705499291423 0.026788674562703819 -0.17318562320300512 0.13717759861187503 0.22140390804928281 -0.18871091060340406 -0.065577114443440596 -0.00036230626477239038 0.27170904544559688 -0.057956659644842146 -0.14151934073084879 0.15614727572316217 -0.063931604731168434 0.13588456432673743
leaf_weight=72025 39 43 23 39 21 100 20 23 54 77 23343 39 33 23 84 256 20 64 35 22 23 60 399 192 37 20 21 42 257 55
leaf_count=72025 39 43 23 39 21 100 20 23 54 77 23343 39 33 23 84 256 20 64 35 22 23 60 399 192 37 20 21 42 257 55
internal_value=2.66965e-12 -0.00394111 -0.00368168 0.0945134 -0.00413181 0.0775585 -0.0045243 0.128358 0.0340536 -0.00475158 -0.00445617 0.0196918 -0.0045036 0.00298214 -0.0308099 0.0653634 0.0510036 0.129639 0.0223598 0.286363 -0.044389 -0.0589572 -0.00573331 0.0561468 0.163883 0.0914688 -0.0488723 0.0569251 -0.0361267 0.0299761
internal_weight=97489 25464 25421 116 25305 121 25184 43 93 25141 25064 1259 823 790 483 436 397 106 291 42 444 401 23805 307 60 43 462 63 341 247
internal_count=97489 25464 25421 116 25305 121 25184 43 93 25141 25064 1259 823 790 483 436 397 106 291 42 444 401 23805 307 60 43 462 63 341 247
is_linear=0
shrinkage=0.1


Tree=60
num_leaves=31
num_cat=0
split_feature=103 46 103 15 31 16 86 20 96 45 37 11 14 37 83 86 103 15 5 34 32 90 3 35 49 49 0 8 91 33
split_gain=50.2422 71.4257 67.8975 138.973 145.507 118.577 117.276 126.746 111.22 93.2487 136.788 104.271 103.945 86.9636 78.354 75.8413 138.916 87.9236 153.764 138.975 142.803 134.354 268.222 163.936 160.6 170.842 117.226 112.921 105.606 104.524
threshold=0.5335000000000002 5.7750000000000012 0.7340000000000001 5.499999791301426 2.0554714830003751 7.8090909090909095 188.50000000000003 9.1500000000000004 219.50000000000003 1.1761495463774236 2.0615171442623468 6.4345509472106155 10.837500000000002 1.5543320308680684 108.50000000000001 113.50000000000001 0.5395000000000002 3.9616184008489923 6.7920919572427811 0.71825396825396837 1.3166666666666669 16.500000000000004 11.35833761257439 1.5234991460206053 45.350000000000001 41.550000000000004 41.13000000000001 23.550000000000004 5.5000000000000009 1.077545574753892
decision_type=2 10 2 10 10 10 10 10 2 10 10 10 10 10 8 10 2 10 10 10 10 10 10 10 8 10 10 10 10 10
left_child=1 -1 15 4 6 -6 7 9 -9 10 -4 -11 14 -8 -12 17 -17 -2 -19 28 27 24 -23 26 25 -22 -24 -21 29 -20
right_child=2 -3 3 -5 5 -7 13 8 -10 11 12 -13 -14 -15 -16 16 -18 18 19 20 21 22 23 -25 -26 -27 -28 -29 -30 -31
leaf_value=0.0020962446666335792 -0.0037668189965346863 0.18231906711377882 0.019858403729687092 0.26133619912646039 0.0076975305165563309 -0.31463093328475955 0.025524614670792142 0.028631509201867241 0.35813370227813723 0.024654839004655354 -0.0061981863776842758 -0.030780397842420967 0.33989668617025021 -0.16820218754151176 0.17747481181092251 -0.04720613263689858 0.012377046298263472 0.21885343079383557 0.012128975472084058 -0.081437314138103456 -0.013440053571354261 0.3393854957434439 0.066622111946344376 0.16413611905915398 -0.044943430937410669 0.34159446165937446 -0.23937888731879575 0.051046278317059796 -0.067406572112462149 0.16062996863734491
leaf_weight=50826 35125 22 1917 22 21 25 37 21 20 586 45 806 20 62 48 425 4934 26 671 795 33 31 21 35 581 23 31 70 159 51
leaf_count=50826 35125 22 1917 22 21 25 37 21 20 586 45 806 20 62 48 425 4934 26 671 795 33 31 21 35 581 23 31 70 159 51
internal_value=-2.276e-11 0.00217422 -0.00237033 0.0107631 0.00923525 -0.167481 0.0115174 0.0145853 0.189364 0.0124913 0.0261608 -0.00744344 0.133078 -0.0957992 0.0886008 -0.00347876 0.00765175 -0.00506296 -0.0230792 -0.0255943 -0.042978 -0.0111986 0.0868138 -0.00318295 -0.0293548 0.132378 -0.115802 -0.0707161 0.0063712 0.0226187
internal_weight=97489 50848 46641 3630 3608 46 3562 3463 41 3422 2030 1392 113 99 93 43011 5359 37652 2527 2501 1620 755 118 87 637 56 52 865 881 722
internal_count=97489 50848 46641 3630 3608 46 3562 3463 41 3422 2030 1392 113 99 93 43011 5359 37652 2527 2501 1620 755 118 87 637 56 52 865 881 722
is_linear=0
shrinkage=0.1


Tree=61
num_leaves=31
num_cat=0
split_feature=110 104 35 37 21 33 111 36 17 1 46 103 44 68 93 85 13 90 83 11 7 15 57 57 27 1 49 15 34 5
split_gain=49.0896 49.3323 77.4979 66.2703 120.266 83.1184 69.8544 75.6653 69.0321 78.8791 62.2984 53.3267 63.2797 60.0023 71.0168 87.2839 100.368 96.0231 178.174 141.313 134.414 207.907 125.039 131.751 98.5514 94.4758 89.7602 85.8217 124.864 104.573
threshold=72.500000000000014 119.30000000000003 0.50072992856063958 0.92592714937812726 2.5484197567010507 1.3551045413165992 1.5000000000000002 2.9000000000000004 2.3086411552952275 5.4464667438232182 0.14642857142857144 0.5335000000000002 6.0500000000000007 3.5000000000000004 2.5000000000000004 34.500000000000007 5.3758639765670013 12.500000000000002 82.500000000000014 5.5561856367688334 6.1562922312723698 3.7778594046878125 22.500000000000004 19.500000000000004 0.78780321510802953 5.5445017793939124 56.650000000000013 3.3837839669488079 2.9250000000000003 9.4210891646421313
decision_type=2 2 8 8 10 10 2 10 8 8 10 2 10 10 8 10 10 10 10 10 10 10 10 10 10 10 10 10 10 10
left_child=-1 11 10 4 5 -4 7 -5 -8 -10 -3 12 13 14 -2 16 -16 25 20 -20 21 24 23 -21 -19 26 -17 29 -29 -27
right_child=1 2 3 6 -6 -7 8 -9 9 -11 -12 -13 -14 -15 15 17 -18 18 19 22 -22 -23 -24 -25 -26 27 -28 28 -30 -31
leaf_value=-0.017619613271325128 0.003568366811465511 0.18458475979665917 -0.031522585532344792 0.1587706651667069 0.19957144838602592 0.16486679367397145 -0.020281112039020298 -0.087165922400626275 0.030966508835554126 -0.11995438318988381 0.0078834019920468578 -0.0018909159576152726 0.14805005143086117 0.16424982975358549 0.00042568158122373268 -0.21846645685822463 0.18272754607662078 0.036633916171612567 -0.34497053410970802 -0.062862750214452923 -0.12088067830737792 0.20355602134676543 0.10421509090811015 -0.31601662524044516 -0.2562418539449573 0.030942991319589497 -0.016423912859625286 0.06795276186334108 -0.17713747361431953 -0.057552742565539487
leaf_weight=1556 46233 21 342 29 27 23 173 22 40 258 400 45890 30 23 1171 43 31 27 33 52 66 51 22 34 20 205 45 216 23 383
leaf_count=1556 46233 21 342 29 27 23 173 22 40 258 400 45890 30 23 1171 43 31 27 33 52 66 51 22 34 20 205 45 216 23 383
internal_value=4.87187e-11 0.000285784 -0.0188032 -0.0351552 -0.00408255 -0.0191474 -0.0584895 0.0526804 -0.070527 -0.0996965 0.0166975 0.000555174 0.00285975 0.00277027 0.00269393 -0.013998 0.00512731 -0.0328411 -0.0814335 -0.163863 -0.010564 0.063731 -0.108525 -0.162947 -0.0879941 -0.0166436 -0.115149 -0.00616173 0.0443667 -0.0266996
internal_weight=97489 95933 1335 914 392 365 522 51 471 298 421 94598 48708 48678 48655 2422 1202 1220 305 141 164 98 108 86 47 915 88 827 239 588
internal_count=97489 95933 1335 914 392 365 522 51 471 298 421 94598 48708 48678 48655 2422 1202 1220 305 141 164 98 108 86 47 915 88 827 239 588
is_linear=0
shrinkage=0.1


Tree=62
num_leaves=31
num_cat=0
split_feature=96 109 56 28 22 92 106 53 24 27 87 102 35 82 85 90 7 104 3 104 97 14 84 88 17 26 9 8 8 15
split_gain=48.8963 76.0756 87.2002 135.214 130.846 115.992 147.556 144.213 125.264 165.711 120.29 110.665 118.704 116.855 107.611 114.368 111.123 131.452 106.314 98.1515 97.046 105.324 132.731 95.3719 106.427 119.661 93.7026 98.6166 126.088 116.168
threshold=206.50000000000003 29.504449007529093 5.5000000000000009 0.34166666666666673 1.0250000000000001 1.0000000180025095e-35 573.50000000000011 24.500000000000004 0.90000000000000013 0.70315633998332439 10.500000000000002 12.500000000000002 0.67092934572856999 200.50000000000003 59.500000000000007 17.500000000000004 4.9218892256987958 114.95000000000002 9.3325118686040831 102.15000000000002 6.5000000000000009 10.316666666666668 19.500000000000004 42.650000000000013 3.2977143465295837 0.78888888888888908 9.179990312122408 21.250000000000004 20.225000000000005 2.4971411771138254
decision_type=2 2 8 8 10 8 2 10 10 10 8 10 10 10 10 10 8 2 10 2 2 10 10 10 10 10 10 10 10 10
left_child=-1 2 11 4 -4 7 14 20 9 -8 -11 -2 13 -13 15 16 17 -7 -17 -18 -5 23 -23 24 -22 -26 27 28 -9 -29
right_child=1 -3 3 5 -6 6 8 26 -10 10 -12 12 -14 -15 -16 18 19 -19 -20 -21 21 22 -24 -25 25 -27 -28 29 -30 -31
leaf_value=-0.0031543988675092199 0.0024433815529425473 -0.0066907305875281882 -0.0057826648966443767 0.0093562188848692884 -0.19305436658558617 -0.020548287380526786 0.0074479702998090681 0.0078390256226804865 0.028240973861129198 0.16362511126155205 0.50247986018657687 -0.021315477665318421 -0.090135986051265993 0.17301348051854543 0.088164362804247789 0.10505553491879255 -0.18343010035653909 -0.18020768355706643 -0.14933196784240074 0.02080925339542106 0.099909517159232047 0.0057832647686134712 0.27725867610424759 -0.06387936043051573 0.13848523843876073 0.35474633228033786 -0.10127337772606149 0.24668415489003942 -0.2127678322380987 0.040173614182828991
leaf_weight=32672 51135 9473 108 186 57 465 27 243 108 22 20 267 269 35 130 20 24 58 92 1201 267 181 20 26 71 40 72 34 29 137
leaf_count=32672 51135 9473 108 186 57 465 27 243 108 22 20 267 269 35 130 20 24 58 92 1201 267 181 20 26 71 40 72 34 29 137
internal_value=-7.52579e-12 0.00159002 0.0030074 0.0179719 -0.0704765 0.022174 0.00798662 0.0457147 0.0954829 0.200731 0.324985 0.00195451 -0.0418255 0.00120609 0.000204286 -0.00594346 0.00033329 -0.0382543 -0.103906 0.0168078 0.0725278 0.0919491 0.0327957 0.121379 0.134122 0.216417 0.004532 0.0217284 -0.0156816 0.0812342
internal_weight=97489 64817 55344 3638 165 3473 2167 1306 177 69 42 51706 571 302 1990 1860 1748 523 112 1225 791 605 201 404 378 111 515 443 272 171
internal_count=97489 64817 55344 3638 165 3473 2167 1306 177 69 42 51706 571 302 1990 1860 1748 523 112 1225 791 605 201 404 378 111 515 443 272 171
is_linear=0
shrinkage=0.1


Tree=63
num_leaves=31
num_cat=0
split_feature=94 13 4 17 8 19 59 33 5 103 87 109 87 7 86 4 11 13 37 37 2 45 40 42 94 86 12 13 42 86
split_gain=48.6994 76.2909 123.988 93.0372 71.911 70.1903 80.867 67.3754 145.509 86.4159 73.8224 72.3598 100.156 61.7292 57.135 63.5031 76.9741 61.7221 56.4337 55.3495 53.0599 118.552 153.473 100.096 96.6335 110.351 90.5191 68.4793 64.0614 63.5804
threshold=6.5000000000000009 1.8027222972291639 48.322500000000012 2.4125342447872682 32.750000000000007 2.7461990305844415 11.500000000000002 1.238245861615183 12.605452036822291 0.66900000000000015 5.5000000000000009 28.086242299794666 99.500000000000014 8.6544766810101255 37.500000000000007 43.802500000000016 6.706928842345957 3.6605755599684313 2.3057869817013859 2.5132957790129056 61.435000000000002 1.1761495463774236 2.8090909090909095 1.1000000000000003 3.5000000000000004 212.50000000000003 13.500000000000002 3.1976530016253442 2.5500000000000003 367.00000000000006
decision_type=10 10 10 10 10 10 10 10 10 2 8 2 8 10 8 10 10 10 10 10 10 10 10 10 10 8 10 10 10 10
left_child=20 2 3 5 7 6 -2 9 19 10 -3 14 -13 -11 -12 -16 -17 -18 -5 -9 29 23 -23 27 25 28 -25 -22 -24 -1
right_child=1 4 -4 18 -6 -7 -8 8 -10 13 11 12 -14 -15 15 16 17 -19 -20 -21 21 22 24 26 -26 -27 -28 -29 -30 -31
leaf_value=-0.00014542213957020026 0.054184669837967991 -0.12008549520915204 0.17884975183020596 -0.17406763686188337 -0.12127575982188764 -0.020752606148782531 0.23406922429015764 0.30670122744945383 -0.078797247136078247 0.18159287436756977 0.13622712805958057 -0.08977380382848231 0.10143529850003474 -0.021371181062220232 -0.034451833204934147 -0.062615250209544573 0.049890950016366939 0.2025246988324558 0.0056146373802965343 0.088423453413304834 -0.1761551657303547 0.21262216029628631 -0.1735384239628911 -0.12042691088148526 0.037779002890668135 -0.31834384623914957 -0.38711423099040987 0.030725360009819271 0.06259105470445421 0.17817120574414733
leaf_weight=96024 73 55 71 29 43 57 38 26 28 43 41 141 34 23 164 47 120 34 44 21 24 31 20 35 88 20 20 48 27 20
leaf_count=96024 73 55 71 29 43 57 38 26 28 43 41 141 34 23 164 47 120 34 44 21 24 31 20 35 88 20 20 48 27 20
internal_value=-4.13735e-11 0.0206206 0.0627071 0.0284909 0.00460724 0.0694477 0.115767 0.0115737 0.101664 0.00194871 -0.00935371 0.00112864 -0.0526246 0.110863 0.0242981 0.0117253 0.0494022 0.0835893 -0.065766 0.209173 -0.000242251 -0.0413482 0.0095062 -0.115828 -0.031117 -0.121607 -0.217404 -0.0382348 -0.0378896 -0.00010829
internal_weight=97489 1132 312 241 820 168 111 777 75 702 636 581 175 66 406 365 201 154 73 47 96357 313 186 127 155 67 55 72 47 96044
internal_count=97489 1132 312 241 820 168 111 777 75 702 636 581 175 66 406 365 201 154 73 47 96357 313 186 127 155 67 55 72 47 96044
is_linear=0
shrinkage=0.1


Tree=64
num_leaves=31
num_cat=0
split_feature=102 88 43 90 5 48 11 39 89 51 41 90 45 57 16 9 16 44 39 29 21 1 3 5 87 87 2 5 84 5
split_gain=46.6534 71.3549 49.6341 88.1081 118.513 81.1535 74.782 73.0715 68.1591 90.7305 63.8222 62.0467 60.9776 60.8125 83.0528 62.0532 99.1906 122.637 129.127 124.245 118.497 119.158 110.866 123.566 108.462 101.893 100.748 119.903 127.188 99.9713
threshold=220.50000000000003 4.7500000000000009 2.0615171442623468 11.500000000000002 10.500924771281952 50.900000000000013 5.9915044785777631 1.4317807919044598 40.500000000000007 87.300000000000011 2.3144284103350068 2.5000000000000004 2.1095018999886315 3.5000000000000004 3.7029411764705888 4.5086336509186724 6.4083333333333341 1.0000000180025095e-35 2.4320815275835455 1.231285774706292 1.5257045792034711 8.7721149095873425 10.337165955819394 12.556115620325958 103.50000000000001 57.500000000000007 40.295000000000009 13.03854760632376 57.500000000000007 8.0653417063572785
decision_type=10 10 8 10 10 10 8 8 10 10 10 10 10 8 10 10 10 10 10 10 10 10 10 10 10 10 10 10 8 10
left_child=2 -2 13 5 7 6 -4 -5 9 -6 -8 -12 -13 14 -1 16 -15 19 24 22 21 -21 23 -18 25 29 27 28 -24 -19
right_child=1 -3 3 4 8 -7 10 -9 -10 -11 11 12 -14 15 -16 -17 17 18 -20 20 -22 -23 26 -25 -26 -27 -28 -29 -30 -31
leaf_value=-0.0070073442221547794 0.1284063472901471 -0.071533534557457618 -0.029677846609249589 -0.050002054049982696 -0.13200119148797215 0.16763089359910399 -0.00096849288201120588 0.15102214822263429 -0.26740475669503211 0.045306852536323744 0.081069595664739619 -0.03560646268281531 -0.20141494453252695 0.00031303256859255849 -0.05843686005645992 0.0029975303113655553 0.0038268499872994434 0.0012939179152577462 0.18740468624013443 0.21404696181255939 0.32198910954452697 -0.04268913811538369 -0.035991682231249364 0.17546290242394735 -0.12960790244015782 0.014512078166130003 -0.21216586479807603 -0.23781250301334592 0.17451966433755814 -0.050003106956415057
leaf_weight=3131 20 166 1149 40 111 27 6930 33 24 39 20 47 42 18805 349 61558 1710 501 27 29 21 48 387 43 110 458 34 27 31 1572
leaf_count=3131 20 166 1149 40 111 27 6930 33 24 39 20 47 42 18805 349 61558 1710 501 27 29 21 48 387 43 110 458 34 27 31 1572
internal_value=-5.49586e-11 -0.0500346 9.56439e-05 -0.00722243 -0.0660698 -0.00545307 -0.00602382 0.0408719 -0.110936 -0.0859011 -0.00216269 -0.0780875 -0.113853 0.000792682 -0.0121651 0.00132094 -0.00301495 -0.0155365 -0.0301751 0.00122559 0.111429 0.0540037 -0.0036131 0.00803698 -0.0323995 -0.0281747 -0.046249 -0.0335722 -0.0203796 -0.0376057
internal_weight=97489 186 97303 8462 247 8215 8188 73 174 150 7039 109 89 88841 3480 85361 23803 4998 2668 2330 98 77 2232 1753 2641 2531 479 445 418 2073
internal_count=97489 186 97303 8462 247 8215 8188 73 174 150 7039 109 89 88841 3480 85361 23803 4998 2668 2330 98 77 2232 1753 2641 2531 479 445 418 2073
is_linear=0
shrinkage=0.1


Tree=65
num_leaves=31
num_cat=0
split_feature=23 2 1 56 8 24 12 90 27 35 8 26 4 88 29 71 88 2 76 56 0 107 91 28 5 30 48 9 37 18
split_gain=45.7539 84.6894 78.5901 93.5561 140.053 97.7142 128.627 107.095 106.612 109.62 97.5549 89.0953 82.8629 89.2674 128.231 116.626 80.6093 87.8613 85.0927 83.6743 108.768 82.3 76.4848 102.137 97.464 75.7725 75.1406 74.7743 85.3942 67.9832
threshold=0.76280251157727752 41.935000000000009 8.3309063130248884 1.5000000000000002 4.5277777777777786 1.3666666666666669 14.300000000000002 15.500000000000002 0.97386269437804185 1.5663876049446526 11.612500000000002 1.6458333333333337 28.185000000000002 25.450000000000003 0.47078343338632955 4.5000000000000009 22.450000000000003 38.625000000000021 1.0000000180025095e-35 2.5000000000000004 21.690000000000008 2020.5000000000002 1.0000000180025095e-35 0.48684210526315791 10.330307989396648 1.9000000000000001 1.0000000180025095e-35 6.0041652030871528 1.0477225575051665 0.77500000000000013
decision_type=8 10 10 10 10 10 10 10 10 10 10 10 10 10 10 10 10 10 8 10 10 2 10 10 10 10 10 10 10 10
left_child=1 2 11 12 -5 6 8 10 9 22 -7 16 13 -4 -15 -16 19 18 26 20 -1 -22 27 -24 -25 -10 -18 28 -6 -2
right_child=29 -3 3 4 5 7 -8 -9 25 -11 -12 -13 -14 14 15 -17 17 -19 -20 -21 21 -23 23 24 -26 -27 -28 -29 -30 -31
leaf_value=0.0054002939740724447 -0.010420524664381502 -0.15373999741859734 0.0026997209386274423 0.26153986972469068 -0.051560751529964248 0.24066663955648743 -0.18475235630930575 0.32811359963987186 0.0057139164289912664 0.29738319698721172 -0.0099713876843452454 0.20219642564400356 -0.14271775998852471 0.19942050497047603 0.078533893523101764 -0.051896047892356384 0.031777924088052877 0.1501648776881073 0.14075686660679906 -0.090374101966284648 0.036971558330373633 0.26556288110358373 -0.12411345331082968 0.19649980273097756 -0.054389666716257737 -0.23587520722299815 -0.081873951020205157 0.23216207035950254 0.1679739036542528 0.00020056672338143505
leaf_weight=3417 6486 32 1042 34 37 24 27 23 37 20 44 22 33 56 205 103 71 23 22 89 36 28 44 32 30 20 322 35 34 85061
leaf_count=3417 6486 32 1042 34 37 24 27 23 37 20 44 22 33 56 205 103 71 23 22 89 36 28 44 32 30 20 322 35 34 85061
internal_value=-2.17131e-11 0.00850339 0.00938186 0.0262654 0.066562 0.0502739 0.0239798 0.141581 0.0434807 0.0735863 0.0784891 0.00150567 0.013916 0.0175923 0.0602245 0.0349161 0.000404069 -0.0400839 -0.0506278 0.0053715 0.00781946 0.13698 0.0524733 -0.0075914 0.0751017 -0.0790542 -0.0613414 0.112538 0.0535685 -0.000551925
internal_weight=97489 5942 5910 1880 441 407 316 91 289 232 68 4030 1439 1406 364 308 4008 438 415 3570 3481 64 212 106 62 57 393 106 71 91547
internal_count=97489 5942 5910 1880 441 407 316 91 289 232 68 4030 1439 1406 364 308 4008 438 415 3570 3481 64 212 106 62 57 393 106 71 91547
is_linear=0
shrinkage=0.1


Tree=66
num_leaves=31
num_cat=0
split_feature=110 44 87 17 6 84 109 13 108 95 21 104 50 29 19 103 2 82 37 23 19 44 40 36 104 104 88 103 69 52
split_gain=44.2524 69.1553 78.9461 61.9087 110.048 92.1043 78.7172 80.5374 136.934 94.7564 92.566 93.9183 77.4903 110.28 117.516 96.6742 94.6148 105.311 93.7832 102.921 125.952 98.4723 82.0121 158.322 100.467 107.752 121.723 97.9647 97.8091 97.3958
threshold=75.500000000000014 5.6500000000000012 166.50000000000003 2.4125342447872682 2.6333333333333337 142.50000000000003 32.31622176591376 2.4289043292708192 10.500000000000002 5.5000000000000009 1.3551045413165992 106.15000000000002 -1.3999999999999997 1.234772230460971 2.0776550673994527 0.63200000000000012 41.665000000000013 188.50000000000003 1.8027222972291639 1.0326768877749684 1.658243862791825 1.9500000000000002 1.648529411764706 1.7750000000000001 106.45000000000002 110.15000000000002 38.850000000000001 0.63200000000000012 6.5000000000000009 3.5000000000000004
decision_type=2 10 10 10 10 10 2 10 2 10 10 2 10 10 10 2 10 10 10 10 10 10 10 10 2 2 10 2 10 10
left_child=-1 2 3 -2 -5 6 12 8 -8 -10 -9 -12 13 14 18 -16 17 -17 21 -20 -21 22 23 -6 -25 -26 -27 -24 29 -29
right_child=1 -3 -4 4 5 -7 7 10 9 -11 11 -13 -14 -15 15 16 -18 -19 19 20 -22 -23 27 24 25 26 -28 28 -30 -31
leaf_value=-0.0049364759400496831 0.0042887536486174542 0.16398330216224377 -0.021901752463632254 -0.039609175174068104 0.030562548991330832 0.17454685263646147 0.20172254390576305 -0.086417571239144314 -0.0079065230231690365 0.16437227658250117 0.19418444823473693 -0.024106008601290915 -0.00079484781095108753 -0.050597907466025244 0.085531399623648696 -0.097066929526627072 -0.14876516520192748 0.21998867749829187 0.11127328878689198 -0.13785029958312711 0.073187992500292287 -0.052070653302328934 0.016852652484243648 0.36026909448206429 -0.092361850403249277 0.080933366024068421 0.35979566742544589 -0.22563947256654504 -0.25705726731282014 0.028652572149380308
leaf_weight=15308 37142 26 1495 736 840 30 34 256 981 33 20 1358 37412 222 419 20 38 22 31 120 37 175 515 20 20 49 23 20 26 61
leaf_count=15308 37142 26 1495 736 840 30 34 256 981 33 20 1358 37412 222 419 20 38 22 31 120 37 175 515 20 20 49 23 20 26 61
internal_value=4.58069e-12 0.000919526 0.00086792 0.00128995 -0.00126949 -0.000609916 -0.000732827 -0.0173186 0.00431923 -0.00229982 -0.0311966 -0.0209378 0.00037731 0.0168757 0.0230248 0.0662986 -0.0344333 0.0690098 0.0118768 -0.0552373 -0.0881152 0.0190909 0.0270028 0.0454535 0.157136 0.112976 0.170014 -0.00123691 -0.0883035 -0.0341356
internal_weight=97489 82181 82155 80660 43518 42782 42752 2682 1048 1014 1634 1378 40070 2658 2436 499 80 42 1937 188 157 1749 1574 952 112 92 72 622 107 81
internal_count=97489 82181 82155 80660 43518 42782 42752 2682 1048 1014 1634 1378 40070 2658 2436 499 80 42 1937 188 157 1749 1574 952 112 92 72 622 107 81
is_linear=0
shrinkage=0.1


Tree=67
num_leaves=31
num_cat=0
split_feature=12 12 51 2 82 106 86 32 12 84 61 103 5 82 12 13 106 17 40 82 22 14 10 13 17 37 18 8 103 73
split_gain=43.6448 114.162 44.5461 114.913 78.4077 171.581 91.0403 126.978 169.068 140.861 88.5534 87.2864 164.939 93.5055 86.3869 84.2698 83.9911 104.518 100.679 95.5902 157.099 151.444 139.057 97.888 91.339 91.2557 83.392 101.99 81.7925 80.0139
threshold=18.900000000000002 18.100000000000005 61.850000000000001 14.310555555555558 366.50000000000006 246.50000000000003 55.500000000000007 2.4142857142857146 11.900000000000002 41.500000000000007 13.500000000000002 0.26200000000000007 10.212514253028726 626.50000000000011 9.1000000000000014 2.70493200938329 56.500000000000007 3.7879491341253435 1.6754385964912284 421.50000000000006 2.9750000000000005 6.2111111111111121 8.7029411764705902 4.6475675636443503 2.2357737193057878 1.9039118320563839 3.9000000000000004 10.225000000000001 0.29500000000000004 4.5000000000000009
decision_type=10 10 10 10 10 2 10 10 10 10 10 2 10 10 10 10 2 10 10 10 10 10 10 10 10 10 10 10 2 10
left_child=1 2 4 -4 -1 6 -6 8 11 -10 15 12 -8 16 -15 28 -13 19 -19 21 23 22 -18 24 -21 -26 27 -23 -7 -17
right_child=-2 -3 3 -5 5 10 7 -9 9 -11 -12 13 -14 14 -16 29 17 18 -20 20 -22 26 -24 -25 25 -27 -28 -29 -30 -31
leaf_value=-0.00094485626152416994 0.12265987225390713 -0.2181090253094832 0.22150772392439344 0.0026202874346759209 -0.097006440094361712 0.10987224218092467 0.0060008365696725937 0.18467958346009256 -0.055517548379989769 -0.35737297887151898 0.13148225372036298 0.087521139753388835 0.30704182187494422 0.26131899869441988 0.038360834624945078 -0.15703830573829297 0.21063261849539622 -0.15723873832400637 0.030941784878571826 -0.17711547229971206 0.2084894838473863 -0.19401262517273427 -0.010869509154843205 -0.15917683690786363 0.051189084204136218 -0.14686734776198865 -0.27186238182627637 -0.028676452495309774 -0.045105208891512059 -0.062701570392088152
leaf_weight=58424 29 24 24 36755 90 38 52 39 52 22 24 91 28 25 57 138 35 88 42 21 45 50 149 31 335 25 23 147 328 258
leaf_count=58424 29 24 24 36755 90 38 52 39 52 22 24 91 28 25 57 138 35 88 42 21 45 50 149 31 335 25 23 147 328 258
internal_value=-5.80101e-12 -3.64984e-05 1.72162e-05 0.00276312 -0.00164775 -0.0200381 0.00039184 0.00685156 0.00158958 -0.145258 -0.057649 0.0103249 0.111365 0.00338056 0.106336 -0.0636058 -0.00442197 -0.0128648 -0.096442 -0.000245691 0.0310827 -0.035684 0.031264 0.0117057 0.0256095 0.0374352 -0.0916768 -0.0706399 -0.0290147 -0.0955765
internal_weight=97489 97460 97436 36779 60657 2233 1447 1357 1318 74 786 1244 80 1164 82 762 1082 991 130 861 457 404 184 412 381 360 220 197 366 396
internal_count=97489 97460 97436 36779 60657 2233 1447 1357 1318 74 786 1244 80 1164 82 762 1082 991 130 861 457 404 184 412 381 360 220 197 366 396
is_linear=0
shrinkage=0.1


Tree=68
num_leaves=31
num_cat=0
split_feature=46 89 104 47 50 59 32 1 9 1 83 18 106 100 75 37 21 80 14 40 37 16 87 85 20 88 61 40 85 84
split_gain=42.572 101.613 85.3558 120.867 194.267 135.528 107.888 91.4884 117.201 85.4489 81.522 92.1548 129.348 73.3469 117.374 97.2534 97.2537 93.6442 83.4765 86.4772 71.6692 120.224 71.2591 96.3065 139.25 92.2136 190.656 155.296 132.547 153.294
threshold=0.25657894736842107 37.500000000000007 118.05000000000001 0.41221533821973716 3.0500000000000003 15.500000000000002 0.89444444444444449 4.4581386193887633 3.4310671177895586 5.2996226272347711 3.5000000000000004 0.77500000000000013 742.50000000000011 1.0000000180025095e-35 3.5000000000000004 0.97871355387816916 1.3197184163705313 1051.4500000000005 9.1500000000000004 1.1291666666666669 1.0000000180025095e-35 6.8535714285714286 5.5000000000000009 77.500000000000014 2.4142857142857146 26.850000000000005 5.5000000000000009 0.64495798319327746 38.500000000000007 24.500000000000004
decision_type=8 10 2 10 10 8 10 10 10 10 8 10 2 2 10 10 10 8 10 10 8 10 10 10 10 10 10 10 10 10
left_child=1 2 22 4 7 -5 -6 8 -4 -9 -11 -12 13 14 -13 16 -16 18 19 -15 21 -2 -1 25 -25 -24 27 -27 -29 -30
right_child=20 -3 3 5 6 -7 -8 9 -10 10 11 12 -14 17 15 -17 -18 -19 -20 -21 -22 -23 23 24 -26 26 -28 28 29 -31
leaf_value=0.00086213061029695838 -0.017867961357500291 -0.17944406539201738 0.011139330646348379 0.024934776374620611 0.11526148544890541 -0.23142272768891417 0.38725436554849146 0.22960601290342986 -0.26164902208284258 -0.12903964850306512 0.17406522761050025 -0.14643044897488186 0.2567868882790208 0.050960062696701947 0.3778858162107922 0.02148265542801131 0.093202162267906341 -0.15290649994276465 0.2027475227043033 -0.18740090773157453 -0.00056390383020619788 -0.19571839418166725 0.0070183679170865753 0.032884621708207343 -0.16918718679808081 0.31553300694638009 0.022826440042749582 0.041821403738032004 0.4212342441082001 0.072813004095639497
leaf_weight=14720 1495 30 63 58 35 32 25 27 21 25 57 21 24 45 21 55 28 46 20 23 78280 39 1233 73 64 37 700 141 23 28
leaf_count=14720 1495 30 63 58 35 32 25 27 21 25 57 21 24 45 21 55 28 46 20 23 78280 39 1233 73 64 37 700 141 23 28
internal_value=-4.32952e-12 0.00444062 0.00475326 0.0410181 0.0590236 -0.0662146 0.228592 0.0376494 -0.0570578 0.0579438 0.0452455 0.0580606 0.0346957 0.0141158 0.0692142 0.112758 0.215209 -0.0372818 0.0231583 -0.029662 -0.000983387 -0.0223896 0.00341936 0.0197927 -0.0615139 0.0249449 0.0487376 0.127942 0.0917915 0.229944
internal_weight=97489 17675 17645 626 536 90 60 476 84 392 365 340 283 259 125 104 49 134 88 68 79814 1534 17019 2299 137 2162 929 229 192 51
internal_count=97489 17675 17645 626 536 90 60 476 84 392 365 340 283 259 125 104 49 134 88 68 79814 1534 17019 2299 137 2162 929 229 192 51
is_linear=0
shrinkage=0.1


Tree=69
num_leaves=31
num_cat=0
split_feature=92 82 5 5 94 19 25 105 16 104 15 26 88 86 4 13 94 89 85 85 14 29 15 86 83 13 34 17 55 27
split_gain=42.2728 40.4192 143.816 109.466 125.769 138.363 120.859 155.703 113.167 104.773 94.1429 105.414 87.986 84.4915 130.669 81.1561 79.6494 90.727 138.032 101.051 100.014 99.6848 116.539 92.8658 94.486 103.797 71.6046 139.885 111.291 71.2947
threshold=6.5000000000000009 717.50000000000011 11.175814464609196 12.302155887035616 1.5000000000000002 1.6070659959698212 0.86554360876699588 0.45000000000000007 10.80909090909091 105.85000000000001 3.0586847265664545 1.2928571428571431 46.350000000000001 95.500000000000014 35.207500000000017 3.6605755599684313 4.5000000000000009 19.500000000000004 52.500000000000007 128.50000000000003 13.15 0.96698179450255339 3.401330253966151 212.50000000000003 205.50000000000003 2.8679227679621433 1.8117647058823532 4.6508346710977122 31.500000000000004 0.84655531415518281
decision_type=10 10 10 10 10 10 10 8 10 2 10 10 10 10 10 10 10 10 10 10 10 10 10 10 10 10 10 10 10 8
left_child=1 -1 13 6 5 26 7 -4 -6 -10 -11 29 -13 -3 -15 -8 17 18 -16 21 -21 22 -20 24 -19 -26 27 -5 -28 -12
right_child=-2 2 3 4 8 -7 15 -9 9 10 11 12 -14 14 16 -17 -18 23 19 20 -22 -23 -24 -25 25 -27 28 -29 -30 -31
leaf_value=-0.0002310133784571478 0.11491694347932935 0.11165135296150333 0.23907696130871772 -0.05178859643638134 0.26954079258900426 -0.25400033615253592 0.12448576758305233 -0.067610866105069931 0.22173890518689798 -0.17511166735835698 0.052015169497047153 -0.027540393580089917 0.22035803937512202 -0.28029073380998204 0.22547272075898947 0.32751814278108737 -0.18167003295544923 -0.14283886263993653 0.0021913471676054458 0.23225412163241158 -0.037846370643148053 0.033498496972784703 -0.31735607266426086 -0.25035693291574718 -0.088781227224639492 0.17683728208705304 -0.25777349727494375 0.28036436126345682 0.067789201473905922 -0.18032141157984735
leaf_weight=96587 32 42 25 32 26 27 45 49 28 23 28 22 41 21 32 35 29 44 21 29 26 49 25 24 28 31 21 21 21 25
leaf_count=96587 32 42 25 32 26 27 45 49 28 23 28 22 41 21 32 35 29 44 21 29 26 49 25 24 28 31 21 21 21 25
internal_value=-2.4189e-11 -3.7733e-05 0.0214202 0.0590151 0.0252352 -0.0542399 0.12811 0.0359999 0.0754734 0.0452593 0.00970944 0.046355 0.13379 -0.02255 -0.0382504 0.213312 -0.0232124 -0.00834097 0.0369233 -0.00330062 0.10457 -0.0657522 -0.171476 -0.0732078 -0.0319304 0.050781 0.00253417 0.0798192 -0.0949921 -0.0575776
internal_weight=97489 97457 870 469 315 122 154 74 193 167 139 116 63 401 359 80 338 309 182 150 55 95 46 127 103 59 95 53 42 53
internal_count=97489 97457 870 469 315 122 154 74 193 167 139 116 63 401 359 80 338 309 182 150 55 95 46 127 103 59 95 53 42 53
is_linear=0
shrinkage=0.1


Tree=70
num_leaves=31
num_cat=0
split_feature=100 49 27 102 96 16 39 39 29 50 37 50 81 5 9 1 16 111 102 104 12 110 2 55 36 22 23 82 93 39
split_gain=40.1592 76.2602 105.722 93.9661 111.295 86.084 71.8757 89.3915 93.2167 83.1735 98.7031 77.0538 73.1722 113.481 87.2755 72.0892 71.5592 71.2702 83.9094 73.8419 80.458 89.0209 86.5285 69.8622 67.7563 99.9866 78.6859 72.9765 85.5132 67.4143
threshold=1.0000000180025095e-35 28.450000000000003 1.7779506939675584 9.5000000000000018 253.50000000000003 8.821052631578949 2.5034499976289935 2.5538604686881898 1.5178758778498536 5.9500000000000011 2.7567500863140766 5.1500000000000012 1772.0000000000002 11.350812050612161 5.8132989099238186 7.5563880257449485 7.4583333333333348 7.5000000000000009 202.50000000000003 105.25000000000001 6.1000000000000005 78.500000000000014 26.080000000000002 61.500000000000007 2.3666666666666671 4.4142857142857155 3.2197989411464829 352.50000000000006 1.5000000000000002 1.5105443741965729
decision_type=2 10 10 10 2 10 10 10 10 10 10 10 10 10 10 10 10 2 10 2 10 2 10 10 10 10 10 10 10 10
left_child=23 2 17 6 5 16 12 9 11 10 -8 -9 -3 -14 -15 -16 -5 19 -19 29 21 -21 -23 -1 25 -25 27 28 -26 -2
right_child=1 3 -4 4 -6 -7 7 8 -10 -11 -12 -13 13 14 15 -17 -18 18 -20 20 -22 22 -24 24 26 -27 -28 -29 -30 -31
leaf_value=-0.0024475486769931758 0.18386206248402595 0.0041195051056302457 -0.20191225515944616 -0.023734608504355905 -0.18078547144422727 0.11593044658259649 -0.078522440262271898 0.045957675855129193 0.18700941993344217 0.2474530208755184 0.18700005249785526 -0.052109640253269501 -0.098712432910661924 -0.16561625651442088 0.16939883733829184 0.0042264950029843344 -0.16671388795795411 -0.0090251124643224764 -0.095665802715117487 -0.0056025839111409339 -0.072775860657875849 0.054723798636258883 0.25068352768340935 0.25866803723076981 -0.0032306609219075115 0.045308311801494625 0.11095288319334591 -0.17911468049172652 0.20945507235825064 -0.023003587839396104
leaf_weight=48065 50 40860 28 444 49 41 28 195 31 37 28 136 177 26 31 179 38 5742 114 306 94 169 26 30 345 82 73 22 20 23
leaf_count=48065 50 40860 28 444 49 41 28 195 31 37 28 136 177 26 31 179 38 5742 114 306 94 169 26 30 345 82 73 22 20 23
internal_value=-4.38703e-12 0.00202515 -0.00801387 0.00358013 -0.0366759 -0.0231743 0.00413195 0.0436599 0.0211937 0.131109 0.0542388 0.00566416 0.00369619 -0.0381845 0.00721137 0.0286091 -0.0350068 -0.00718168 -0.0107118 0.0237647 0.0121189 0.0280473 0.0808518 -0.0020341 0.0327078 0.102458 0.0157251 -0.00223772 0.00842335 0.118685
internal_weight=97489 48852 6552 42300 572 523 41728 455 362 93 56 331 41273 413 236 210 482 6524 5856 668 595 501 195 48637 572 112 460 387 365 73
internal_count=97489 48852 6552 42300 572 523 41728 455 362 93 56 331 41273 413 236 210 482 6524 5856 668 595 501 195 48637 572 112 460 387 365 73
is_linear=0
shrinkage=0.1


Tree=71
num_leaves=31
num_cat=0
split_feature=115 16 18 16 13 17 13 14 27 14 111 35 81 9 10 41 29 7 24 37 12 45 12 19 82 17 7 41 67 15
split_gain=39.6935 71.2908 132.065 126.148 71.667 68.6045 99.471 149.342 140.616 160.616 105.076 95.1224 94.1846 86.1713 136.714 125.362 125.259 114.601 111.865 103.493 97.6867 97.511 119.571 99.0278 204.548 132.633 174.467 117.549 102.699 95.0456
threshold=1.0000000180025095e-35 11.125000000000002 11.700000000000001 11.025000000000002 2.9580278177943957 2.4125342447872682 1.8818990709935315 12.950000000000001 0.63666273824766595 14.65 44.500000000000007 0.94619501361348168 11.500000000000002 4.5086336509186724 4.8535714285714286 0.93338032134592741 1.2144698749608402 4.3874784936695459 1.1000000000000003 2.5689727889526757 6.9000000000000012 1.1995347124462643 8.1000000000000014 0.64222852518808682 37.500000000000007 4.5784101614887982 4.5027760652137632 1.3545610530158287 5.5000000000000009 3.7566603828484726
decision_type=2 10 10 10 10 10 10 10 10 10 2 10 10 8 8 10 10 10 10 10 10 10 10 10 10 10 10 10 10 10
left_child=5 3 4 -2 -3 -1 7 11 -9 -10 13 -7 -12 15 -15 16 17 18 -8 21 -18 23 -23 24 -17 29 -27 -28 -26 -25
right_child=1 2 -4 -5 -6 6 10 8 9 -11 12 -13 -14 14 -16 19 20 -19 -20 -21 -22 22 -24 25 28 26 27 -29 -30 -31
leaf_value=0.0076609990523739419 -0.0019412260748010923 -0.047174657533566158 0.085103053191015798 0.22274711084365847 -0.25275953578261229 -0.0045978047073489811 0.0070887403057995433 0.32796712205523537 0.11676019912735486 -0.14833092208831541 -0.098510355304379571 -0.031822497608180282 -0.014226097927293178 0.10751176020339021 0.006159590744622195 0.11034322004171387 0.027106159739196303 0.065875643666405179 -0.10269225534088543 0.13074043930197757 0.28681819001833597 -0.026350729477298288 -0.14591425581179904 -0.0018109786654654869 -0.059251332361447188 0.015529550643347151 0.36390006624419113 0.068004701793193831 -0.21922865333882247 -0.04274181818507581
leaf_weight=14967 49086 30 31 25 39 3222 1146 21 87 31 143 2133 1820 134 19599 69 28 313 101 48 30 257 124 2583 456 141 29 25 44 727
leaf_count=14967 49086 30 31 25 39 3222 1146 21 87 31 143 2133 1820 134 19599 69 28 313 101 48 30 257 124 2583 456 141 29 25 44 727
internal_value=-1.18885e-12 -0.0019986 -0.0863467 -0.00182685 -0.163375 0.00203722 -0.000489603 -0.0127856 0.0895481 0.0471176 0.00193893 -0.0154419 -0.020366 0.00363246 0.00684784 -0.00673334 0.0171411 0.0117762 -0.0018029 -0.0153118 0.16144 -0.0168854 -0.0652638 -0.0123611 -0.0510562 -0.00607936 0.0740661 0.226911 -0.0733293 -0.0108009
internal_weight=97489 49211 100 49111 69 48278 33311 5494 139 118 27817 5355 1963 25854 19733 6121 1618 1560 1247 4503 58 4455 381 4074 569 3505 195 54 500 3310
internal_count=97489 49211 100 49111 69 48278 33311 5494 139 118 27817 5355 1963 25854 19733 6121 1618 1560 1247 4503 58 4455 381 4074 569 3505 195 54 500 3310
is_linear=0
shrinkage=0.1


Tree=72
num_leaves=31
num_cat=0
split_feature=94 79 109 15 92 95 52 29 49 17 33 1 103 9 1 47 44 14 104 15 13 111 47 103 2 75 49 13 39 37
split_gain=38.0626 64.5067 61.3596 85.4546 81.6859 94.2704 70.1397 85.2743 68.6836 95.1461 64.9942 56.9165 54.2199 70.9285 48.6077 48.1624 71.9692 76.3842 55.1461 67.2556 61.4682 52.0482 47.9565 47.7685 46.7855 101.519 91.6569 88.1185 81.0076 65.5128
threshold=6.5000000000000009 2.5000000000000004 28.01505817932923 2.1095018999886315 1.5000000000000002 1.0000000180025095e-35 11.500000000000002 1.1430124454743453 87.350000000000009 3.5166895268362515 0.67080761218860996 14.618173619090834 0.55850000000000011 8.9842454647606562 8.0012811458911877 1.3614655314177757 3.6333333333333337 8.3166666666666682 105.75000000000001 3.5660434742021843 1.3227406337702023 2.5000000000000004 1.0500465896795479 0.6080000000000001 61.435000000000002 9.5000000000000018 89.800000000000026 2.9580278177943957 1.2888391932218626 1.6380804171854755
decision_type=10 10 2 10 10 10 8 10 8 10 10 10 2 10 10 10 10 8 2 10 10 2 10 2 10 10 8 10 10 10
left_child=24 -2 6 -4 8 -6 15 11 9 12 -7 14 -5 -14 -8 18 17 -17 23 20 -20 -22 -23 -3 -1 28 27 -27 -26 -30
right_child=1 2 3 4 5 10 7 -9 -10 -11 -12 -13 13 -15 -16 16 -18 -19 19 -21 21 22 -24 -25 25 26 -28 -29 29 -31
leaf_value=-8.8375655540597737e-05 -0.11952922390491674 -0.1292342919989356 0.10200564542233392 -0.12189686171936268 0.20187472277879714 -0.12145956191751693 -0.031947564853485239 0.14744276488627042 0.0854718628720465 -0.2596074740973211 0.053334145448528804 -0.12091157407987685 -0.085194956106615483 0.15612145463625593 0.096624368733616295 -0.011300421346371943 0.148799107670784 -0.20278622080450473 0.16116051801169914 0.21060577217609652 -0.11960105014344057 -0.025708591955345736 0.12641563985496759 0.05900146574355089 0.15699031256340645 0.089704751854807863 -0.17078360388231639 -0.090592626053839928 -0.132887864834629 0.051075975277594159
leaf_weight=96044 33 28 54 66 25 36 43 109 22 31 52 21 29 21 93 221 25 23 36 31 24 43 40 26 37 41 74 80 32 49
leaf_count=96044 33 28 54 66 25 36 43 109 22 31 52 21 29 21 93 221 25 23 36 31 24 43 40 26 37 41 74 80 32 49
internal_value=-3.63936e-12 0.0182301 0.0223667 -0.0132403 -0.0353087 0.0305106 0.0380468 0.0794904 -0.079318 -0.10398 -0.0181724 0.0323132 -0.0623905 0.0161579 0.0559729 0.0158657 -0.0127937 -0.0293503 0.0496788 0.0770764 0.0481294 0.0101003 0.0476043 -0.0386023 -0.000214167 -0.0388133 -0.0831154 -0.0295001 0.0343979 -0.0216011
internal_weight=97489 1132 1099 336 282 113 763 266 169 147 88 157 116 50 136 497 269 244 228 174 143 107 83 54 96357 313 195 121 118 81
internal_count=97489 1132 1099 336 282 113 763 266 169 147 88 157 116 50 136 497 269 244 228 174 143 107 83 54 96357 313 195 121 118 81
is_linear=0
shrinkage=0.1


Tree=73
num_leaves=31
num_cat=0
split_feature=103 57 80 23 59 88 82 31 82 52 37 8 103 104 15 86 53 7 13 19 34 39 88 65 7 15 108 13 1 49
split_gain=37.8222 116.172 100.218 118.209 128.192 109.708 101.044 85.3528 96.441 92.3888 89.8729 71.4041 69.7379 101.494 97.9001 145.415 82.952 116.067 73.4072 163.64 136.751 100.187 142.721 84.7939 101.131 77.1247 97.6417 106.518 120.356 115.968
threshold=0.7340000000000001 22.500000000000004 2225.7500000000005 3.4692254779318303 16.500000000000004 43.250000000000007 499.50000000000006 2.0554714830003751 466.50000000000006 2.5000000000000004 1.3779271744364847 24.150000000000002 0.61850000000000016 111.45000000000002 4.0140375653000158 128.50000000000003 28.500000000000004 5.4543541314789801 5.1575096717995139 2.2041230063145054 0.54772727272727284 0.97386269437804185 50.45000000000001 4.5000000000000009 4.4045284802308435 4.3537976442773756 9.5000000000000018 3.3540936844653131 12.096921095440878 70.65000000000002
decision_type=2 10 10 10 10 10 10 10 10 10 10 10 2 2 8 10 8 8 10 10 10 10 10 8 10 10 2 10 10 10
left_child=12 2 3 7 -5 11 -7 8 -2 -9 -10 -4 -1 18 -15 16 17 -16 25 21 -21 -20 23 24 -23 -14 27 28 -27 -29
right_child=1 -3 5 4 -6 6 -8 9 10 -11 -12 -13 13 14 15 -17 -18 -19 19 20 -22 22 -24 -25 -26 26 -28 29 -30 -31
leaf_value=0.00088672049721762668 0.0086450987165450494 0.15840965326015766 -0.063744282380988213 0.042499364236075629 0.35036096856929366 -0.052046236672021198 -0.25864325986243786 0.026497045494616036 0.040505372165214451 -0.26737950470136557 0.2799786310791969 0.11842216054598492 -0.0025583413563443156 -0.01825840198713476 -0.16216818013640702 0.1338383630514145 -0.21555873521027114 0.04693090283965811 -0.087905464749279863 -0.0024192751808599991 0.31241255388469313 -0.054146974782148999 -0.12128801810053678 -0.060402901008211329 0.17488894126929191 -0.16123888954012233 -0.19515672142549259 0.053947181018166146 0.11052382215857506 -0.12699714354036942
leaf_weight=77030 3224 52 48 38 21 58 40 20 42 23 25 39 13238 2723 61 25 63 47 74 22 37 24 39 29 98 88 41 154 20 46
leaf_count=77030 3224 52 48 38 21 58 40 20 42 23 25 39 13238 2723 61 25 63 47 74 22 37 24 39 29 98 88 41 154 20 46
internal_value=1.27944e-11 0.0100157 0.00785902 0.0117669 0.152077 -0.0638145 -0.136372 0.00928395 0.0111129 -0.130693 0.129861 0.0179165 -0.000387356 -0.00621908 -0.0231718 -0.0914324 -0.124367 -0.0711714 -0.00266158 0.0444542 0.195018 0.0108056 0.0492509 0.0932974 0.129833 -0.00378165 -0.0501833 -0.0308849 -0.110912 0.01233
internal_weight=97489 3630 3578 3393 59 185 98 3334 3291 43 67 87 93859 16829 2919 196 171 108 13910 323 59 264 190 151 122 13587 349 308 108 200
internal_count=97489 3630 3578 3393 59 185 98 3334 3291 43 67 87 93859 16829 2919 196 171 108 13910 323 59 264 190 151 122 13587 349 308 108 200
is_linear=0
shrinkage=0.1


Tree=74
num_leaves=31
num_cat=0
split_feature=31 102 22 37 38 53 90 12 33 0 73 41 31 13 37 90 84 35 39 39 7 15 103 104 59 16 11 31 2 0
split_gain=37.7543 90.0845 72.7131 82.8461 68.5693 95.4889 99.1357 115.018 88.9227 86.3644 83.1948 101.098 130.304 129.176 122.532 140.405 137.782 130.853 140.048 115.75 108.347 88.7502 85.2974 87.5406 87.8589 84.5428 84.1566 77.0154 73.4776 71.4654
threshold=0.52386127875258326 229.50000000000003 0.84807692307692317 1.8482852758687625 1.9500000000000002 24.500000000000004 16.500000000000004 11.900000000000002 1.238245861615183 34.45000000000001 2.5000000000000004 1.1294822589072742 0.86554360876699588 4.0393888659823265 0.86554360876699599 10.500000000000002 33.500000000000007 1.4623719258655912 1.0865149352258221 1.3551045413165992 5.4543541314789801 2.7421601221691589 0.54700000000000015 105.85000000000001 12.500000000000002 4.8062500000000012 6.098325577450102 1.5543320308680684 26.840000000000003 32.210000000000015
decision_type=10 10 10 10 10 10 10 10 10 10 10 10 10 10 10 10 10 10 10 10 10 10 2 2 10 10 10 10 10 10
left_child=-1 2 3 4 5 6 7 9 -6 29 -7 12 13 21 16 17 28 18 -16 -20 27 25 23 -14 -25 -12 -23 -17 -13 -2
right_child=1 -3 -4 -5 8 10 -8 -9 -10 -11 11 14 22 -15 15 20 -18 -19 19 -21 -22 26 -24 24 -26 -27 -28 -29 -30 -31
leaf_value=-0.0022914396511108472 0.011561962868901031 -0.10369250625831845 0.00065633908887467371 -0.066404766820428909 0.02640233002603054 0.18510902806423432 0.21356309793579081 -0.13808203709240144 -0.17131369195464585 0.20069172082003206 0.12920090359191158 0.22139857094734908 -0.15648018634319305 -0.12211034452915193 -0.029744655706665735 -0.053135637892410159 0.39596406656006972 -0.030038559564003132 0.40103807160931249 0.12990950215607883 -0.18450333746416228 0.11239264052569996 -0.10719096357171656 -0.088584471561691983 0.10398572829241555 -0.11466939172574453 0.36853587063758275 0.19701426438987257 -0.031612401658838447 -0.13842047830112278
leaf_weight=41382 4417 81 50547 129 46 43 24 52 45 24 44 24 25 25 22 32 24 41 31 32 35 29 100 33 84 21 23 20 22 32
leaf_count=41382 4417 81 50547 129 46 43 24 52 45 24 44 24 25 25 22 32 24 41 31 32 35 29 100 33 84 21 23 20 22 32
internal_value=-4.30196e-12 0.00169006 0.00184242 0.0127847 0.0146941 0.0161834 0.0108599 0.00978477 -0.0713693 0.0115038 0.0502911 0.0415997 0.00817747 0.0842235 0.0869501 0.0492284 0.201732 0.116693 0.187469 0.263322 -0.048479 0.128312 -0.0364446 0.0133768 0.0496711 0.050412 0.225687 0.0430759 0.100393 0.0104832
internal_weight=97489 56107 56026 5479 5350 5259 4549 4525 91 4473 710 667 384 142 283 213 70 126 85 63 87 117 242 142 117 65 52 52 46 4449
internal_count=97489 56107 56026 5479 5350 5259 4549 4525 91 4473 710 667 384 142 283 213 70 126 85 63 87 117 242 142 117 65 52 52 46 4449
is_linear=0
shrinkage=0.1


Tree=75
num_leaves=31
num_cat=0
split_feature=39 44 9 8 10 48 105 6 60 67 56 5 15 88 104 12 13 41 39 23 39 90 37 89 88 15 24 38 59 13
split_gain=37.6982 99.2191 120.717 139.284 139.005 150.079 132.207 114.219 144.932 113.43 172.015 113.112 123.947 161.519 121.723 105.958 105.594 152.821 106.755 99.0465 94.4392 109.811 117.074 111.17 92.3915 114.698 114.406 103.737 91.7083 91.629
threshold=1.2888391932218626 1.0000000180025095e-35 3.0381812512532274 15.050000000000002 16.025000000000002 14.450000000000001 0.70833333333333337 13.633333333333335 1.5000000000000002 5.5000000000000009 9.5000000000000018 14.105743041088724 4.0831632050915534 48.350000000000001 116.2 8.1000000000000014 2.9580278177943957 1.4466638149476216 1.5855187495562166 1.260796825072459 2.0013879257199876 6.5000000000000009 2.0615171442623468 6.5000000000000009 47.150000000000013 2.9107067913984372 0.55000000000000016 3.2678571428571432 30.000000000000004 4.924426284023018
decision_type=10 10 10 10 10 10 10 10 10 10 8 10 10 10 2 10 10 10 10 10 10 10 10 10 10 10 10 10 10 10
left_child=-1 2 19 4 5 11 9 8 20 24 -11 12 13 29 -14 -13 17 -9 -18 -2 21 -7 23 -23 26 -26 -5 -28 -3 -4
right_child=1 28 3 6 -6 7 -8 16 -10 10 -12 15 14 -15 -16 -17 18 -19 -20 -21 -22 22 -24 -25 25 -27 27 -29 -30 -31
leaf_value=-0.0015284968928723939 0.026256888348322651 0.001013954953926364 0.035243732237998711 -0.086979547568729942 -0.13793948342980342 0.23728390515878284 0.061721846346897404 0.47727157202633946 0.31446507735177875 0.0096854727647929309 0.27542461198237211 0.3285847911692184 -0.061481450616296042 0.25524713523460157 0.13524246886372568 0.065710497898576053 0.023716035173900092 0.13902353000114948 0.22285626575350764 -0.13612148022969789 -0.14569588358012528 -0.19790348748986919 0.24682207053357905 0.03338211918490068 0.051645092293620111 -0.16485349518211129 0.018451704950286793 -0.21506206482648849 -0.20322391317987984 -0.15480778079766494
leaf_weight=60772 65 33332 1044 189 43 29 254 22 20 249 27 23 249 33 36 46 67 34 45 89 26 24 22 155 32 104 390 20 22 26
leaf_count=60772 65 33332 1044 189 43 29 254 22 20 249 27 23 249 33 36 46 67 34 45 89 26 24 22 155 32 104 390 20 22 26
internal_value=3.84784e-11 0.00252989 0.0189009 0.0230513 0.0398573 0.043879 -0.00277536 0.0947778 0.0552068 -0.0189794 0.0356817 0.0283683 0.0221559 0.037346 -0.0366321 0.153335 0.159787 0.271907 0.103728 -0.0675852 0.0349522 0.0553733 0.0291275 0.00237176 -0.0395052 -0.113913 -0.0226114 0.00706079 0.000879241 0.0306257
internal_weight=97489 36717 3363 3209 1944 1901 1265 444 276 1011 276 1457 1388 1103 285 69 168 56 112 154 256 230 201 179 735 136 599 410 33354 1070
internal_count=97489 36717 3363 3209 1944 1901 1265 444 276 1011 276 1457 1388 1103 285 69 168 56 112 154 256 230 201 179 735 136 599 410 33354 1070
is_linear=0
shrinkage=0.1


Tree=76
num_leaves=31
num_cat=0
split_feature=82 35 7 81 88 7 82 41 104 82 109 41 69 4 27 12 85 12 51 3 104 53 14 100 35 111 49 16 103 33
split_gain=36.5816 92.3299 196.197 115.801 184.569 130.217 138.296 221.316 113.132 135.418 133.446 111.459 168.697 111.248 110.595 108.859 122.366 103.844 104.274 164.942 126.815 118.655 105.56 102.71 102.79 102.057 100.985 98.5014 111.05 98.2835
threshold=222.50000000000003 1.0504824679300457 2.8459956687007311 643.50000000000011 25.250000000000004 5.2678247386809689 443.50000000000006 1.2747539381422459 103.55000000000001 324.50000000000006 22.848733744010953 1.4466638149476216 3.5000000000000004 19.28250000000001 1.2888391932218626 8.9000000000000021 26.500000000000004 17.300000000000001 49.550000000000004 9.7342237035683095 103.55000000000001 17.500000000000004 7.0500000000000007 1.0000000180025095e-35 1.2349087886074657 13.500000000000002 35.250000000000007 8.7638888888888911 0.54700000000000015 1.5509204235016321
decision_type=8 8 8 8 10 10 10 10 2 10 2 10 10 8 10 10 10 10 8 10 2 10 10 2 10 2 10 10 2 10
left_child=-1 3 -3 4 5 6 11 -8 9 10 -6 14 -13 -4 -2 26 25 18 19 21 -21 -15 -23 -24 -25 -17 -7 -28 -29 -20
right_child=1 2 13 -5 8 15 7 -9 -10 -11 -12 12 -14 17 -16 16 -18 -19 29 20 -22 22 23 24 -26 -27 27 28 -30 -31
leaf_value=-0.0012169177073613623 0.0097155342753920768 -0.057032135340045365 0.10004622916055617 0.0019805204215079474 0.21155158639885485 0.20489393621683122 0.051325681378934965 0.40055132297718005 0.032814542880402198 0.29201115284215762 -0.059510671296378687 0.0056001577650507291 -0.24284456767315091 0.16389001856247587 0.13192991586700561 0.088949949450388144 -0.20808062375632719 -0.14082719763262302 -0.0054206898222839252 0.047069893374636372 -0.15923748324119968 0.042041114706577912 -0.19681449054668732 0.092639366728373071 -0.17390825541123101 -0.19142779350280761 -0.033018805794847908 -0.023698119868834813 0.26167323797941211 0.022694052763340161
leaf_weight=69902 1460 688 107 14115 32 20 86 23 2723 37 42 75 43 39 78 37 68 54 5018 37 153 117 52 39 23 20 693 30 25 1653
leaf_count=69902 1460 688 107 14115 32 20 86 23 2723 37 42 75 43 39 78 37 68 54 5018 37 153 117 52 39 23 20 693 30 25 1653
internal_value=1.74425e-11 0.00308352 -0.00598473 0.00677427 0.0190947 0.000165328 0.0159091 0.125015 0.0368485 0.135807 0.0577054 0.0087276 -0.0849348 -0.00116841 0.0159137 -0.030952 -0.117495 -0.00267571 -0.00162955 -0.0476794 -0.119062 0.00255264 -0.0246861 -0.0931694 -0.0062412 -0.00942821 -0.0168662 -0.0227956 0.106016 0.00154583
internal_weight=97489 27587 7980 19607 5492 2658 1765 109 2834 111 74 1656 118 7292 1538 893 125 7185 7131 460 190 270 231 114 62 57 768 748 55 6671
internal_count=97489 27587 7980 19607 5492 2658 1765 109 2834 111 74 1656 118 7292 1538 893 125 7185 7131 460 190 270 231 114 62 57 768 748 55 6671
is_linear=0
shrinkage=0.1


Tree=77
num_leaves=31
num_cat=0
split_feature=104 16 19 7 89 81 41 45 10 29 18 20 86 21 29 106 27 31 21 104 47 109 17 82 40 23 39 69 90 16
split_gain=35.4921 74.0673 86.7041 84.447 82.2641 73.574 76.3421 81.1684 69.2683 65.5913 63.0213 66.6387 56.2865 50.1054 50.0012 61.2988 63.0893 63.3373 68.0643 47.05 141.049 97.1244 114.936 83.5197 74.4772 90.1783 74.0968 77.6064 78.2152 62.4734
threshold=119.30000000000003 3.6055555555555561 2.9296981180992998 2.4697348311904634 29.500000000000004 93.500000000000014 1.412350300158989 1.579380052788711 25.175000000000001 0.76280251157727752 2.9000000000000004 4.5277777777777786 103.50000000000001 1.3519517580968834 0.60557219071006607 110.50000000000001 1.060005038625601 1.1178102700547354 0.99721446300587691 118.75000000000001 0.31154763663392609 28.01505817932923 2.9537229812184687 521.50000000000011 0.7947368421052633 1.2815932199788433 2.1615319962351998 5.5000000000000009 11.500000000000002 3.1519230769230773
decision_type=2 8 10 8 10 8 8 10 10 8 10 10 10 10 10 2 10 10 10 2 10 2 10 10 10 10 10 10 10 10
left_child=19 2 -2 13 5 9 12 10 -6 -5 -8 -12 14 -3 -7 -16 17 18 -17 -1 21 24 -23 26 -21 -26 27 28 29 -22
right_child=1 3 -4 4 8 6 7 -9 -10 -11 11 -13 -14 -15 15 16 -18 -19 -20 20 23 22 -24 -25 25 -27 -28 -29 -30 -31
leaf_value=-4.4999892165078516e-05 0.003619952799971753 -0.017135761193931103 0.19074318873194548 -0.23935403414329307 0.1781544497043922 0.082380505020801853 -0.16403978164937047 -0.1960174691564632 -0.020033781793382433 -0.074037095428340957 0.093794781068266428 -0.070693280718156268 0.12005298539739231 0.19717704703410466 0.052152277505205527 0.069452332425862559 0.022447397764509835 -0.20950239939349041 -0.093604725683690049 0.030961561156436803 0.039358883956273488 -0.15599713741013638 0.1335527631743201 0.19572800533927007 0.33769186522924538 0.12005362855063545 -0.13597968999497795 -0.1632231040642812 0.1796809756093555 -0.0094308006724868748
leaf_weight=94687 520 20 26 36 29 39 37 53 45 72 38 70 29 24 62 32 71 35 128 32 402 26 29 23 33 45 37 26 27 756
leaf_count=94687 520 20 26 36 29 39 37 53 45 72 38 70 29 24 62 32 71 35 128 32 402 26 29 23 33 45 37 26 27 756
internal_value=-4.12286e-12 -0.0160058 0.0125306 -0.0350068 -0.0426483 -0.0532195 -0.0394152 -0.0901148 0.0576346 -0.129143 -0.0514055 -0.0128179 -0.0140655 0.0997621 -0.0246634 -0.0373912 -0.0582622 -0.0876488 -0.0609933 0.000227457 0.0181927 0.105176 -0.00332537 0.0069006 0.159427 0.212131 0.00342061 0.00767975 0.0114295 0.00750655
internal_weight=97489 1366 546 820 776 702 594 198 74 108 145 108 396 44 367 328 266 195 160 96123 1436 165 55 1271 110 78 1248 1211 1185 1158
internal_count=97489 1366 546 820 776 702 594 198 74 108 145 108 396 44 367 328 266 195 160 96123 1436 165 55 1271 110 78 1248 1211 1185 1158
is_linear=0
shrinkage=0.1


Tree=78
num_leaves=31
num_cat=0
split_feature=102 50 56 15 13 37 95 106 90 4 51 11 57 94 2 80 2 15 13 7 83 49 109 39 15 34 102 85 85 103
split_gain=35.2598 80.9625 82.1315 131.409 72.3772 82.5623 65.5446 64.4291 89.0654 130.96 164.332 148.064 130.405 100.706 163.325 122.649 90.3943 126.061 86.49 107.039 97.0465 87.1854 85.2678 94.6892 83.6943 109.204 149.662 105.468 98.8197 173.911
threshold=2.5000000000000004 22.700000000000006 9.5000000000000018 2.6796546119700082 4.6636864457561744 1.3227406337702019 1.0000000180025095e-35 132.50000000000003 6.5000000000000009 17.246184210526319 37.150000000000013 6.3768014265207551 14.500000000000002 3.5000000000000004 40.745000000000012 1801.6000000000001 37.665000000000013 2.759543231788613 2.2912618684212727 4.8373436059376003 243.50000000000003 66.750000000000014 20.091718001368928 0.91753098239279307 3.9334714675104032 0.55277777777777792 1.5000000000000002 19.500000000000004 21.500000000000004 0.34400000000000003
decision_type=8 10 10 10 10 10 10 2 10 10 10 8 10 10 10 10 10 10 10 10 10 10 2 8 10 10 10 10 10 2
left_child=7 2 -2 -4 5 -5 -7 8 -1 10 -10 24 -12 14 16 -15 22 -18 21 -20 -21 -16 23 -13 25 -11 -27 -26 29 -28
right_child=1 -3 3 4 -6 6 -8 -9 9 11 12 13 -14 15 18 -17 17 -19 19 20 -22 -23 -24 -25 27 26 28 -29 -30 -31
leaf_value=0.0022699038421224809 -0.0033513932227551045 -0.14029945304920508 0.29500896801119264 -0.15783299178454199 0.19140411304043872 0.19237918170789881 -0.049533919338136917 -0.00095012065345202084 0.0055738073846557492 -0.025983086646378679 0.079296506172226333 0.099875697185253284 0.2779409491353565 0.12217409720846076 -0.3101137241969506 -0.034192406677175317 0.30011557643452003 0.046245197052100923 0.155096939897963 -0.097914754805917104 0.13668068902833122 -0.037654624838867917 0.043467191166942941 -0.11290745722999176 -0.11367288179812836 -0.035506201437381299 0.2176380967771685 -0.010321089768998301 0.017018764097669 0.046856629898155817
leaf_weight=18596 25305 43 23 27 21 21 24 48532 377 771 403 29 36 232 24 64 31 53 28 110 21 23 700 75 143 359 74 319 718 307
leaf_count=18596 25305 43 23 27 21 21 24 48532 377 771 403 29 36 232 24 64 31 53 28 110 21 23 700 75 143 359 74 319 718 307
internal_value=2.42044e-11 -0.00319846 -0.00296655 0.0809858 0.0280553 -0.0195881 0.0633589 0.0011308 0.00542957 0.0174282 0.0539996 0.0101156 0.0955863 0.0366184 0.0226175 0.0883651 0.0412274 0.139935 -0.0576039 -0.0223749 -0.0603079 -0.176783 0.0309146 -0.0535737 -0.00357401 0.00445491 0.0205507 -0.0423109 0.0388623 0.0800268
internal_weight=97489 25464 25421 116 93 72 45 72025 23493 4897 816 4081 439 1390 1094 296 888 84 206 159 131 47 804 104 2691 2229 1458 462 1099 381
internal_count=97489 25464 25421 116 93 72 45 72025 23493 4897 816 4081 439 1390 1094 296 888 84 206 159 131 47 804 104 2691 2229 1458 462 1099 381
is_linear=0
shrinkage=0.1


Tree=79
num_leaves=31
num_cat=0
split_feature=49 10 88 75 82 90 102 80 5 3 8 15 27 90 1 14 14 58 88 13 16 16 6 88 43 103 19 17 30 63
split_gain=34.9976 100.161 158.52 150.672 119.215 102.06 96.416 81.5294 79.7754 93.4204 79.7107 78.5303 75.7768 72.501 155.612 86.3359 100.38 72.486 71.7575 123.198 84.0256 90.5297 81.8747 83.8101 83.7696 78.8454 71.7433 69.9466 96.8629 76.6591
threshold=44.95000000000001 9.3038461538461572 25.850000000000005 5.5000000000000009 309.50000000000006 12.500000000000002 1.5000000000000002 1022.6000000000003 13.996448320483653 16.447846855800957 28.650000000000002 5.0601932032495336 0.78780321510802953 9.5000000000000018 6.2405127989277078 5.9500000000000011 7.0500000000000007 2.5000000000000004 32.45000000000001 5.3478886102036034 4.9083333333333341 4.7573529411764719 10.225000000000001 31.250000000000004 1.3227406337702019 0.76250000000000007 1.1474379817391951 3.4989346474555778 1.3666666666666669 7.5000000000000009
decision_type=8 10 10 10 10 10 10 10 10 10 10 10 10 10 10 10 10 10 10 10 10 10 10 10 8 2 8 8 10 10
left_child=1 2 6 4 18 12 27 -6 9 10 11 -3 -5 17 -15 -16 -17 -8 20 -20 21 25 23 24 -22 -4 -14 -1 29 -29
right_child=-2 8 3 5 7 -7 13 -9 -10 -11 -12 -13 26 14 15 16 -18 -19 19 -21 22 -23 -24 -25 -26 -27 -28 28 -30 -31
leaf_value=0.016799930573706625 0.0017398341079415823 -0.0064976342667107112 0.017292739683452109 0.040517575973557818 0.3173669469356537 -0.16975119463389829 -0.0042045053661172449 0.09345650478940587 -0.055932018936229205 0.16134072353386067 -0.1931107961613199 -0.13592575679117061 -0.10827594119279337 -0.098787057010287602 0.025694494427375078 0.33661705317168406 0.089574924189793445 -0.083165874133189016 0.044213841200875556 0.27846746438223385 -0.04245913655282213 0.14260051875733412 0.077455920095627129 -0.17730516917737468 0.15279939212099028 0.15048564934860106 -0.01228319701786126 -0.1123708135387326 0.1437725761662359 0.061524315085262064
leaf_weight=3467 52891 18240 1314 214 20 42 18344 87 336 33 23 47 96 44 53 29 38 117 940 23 260 65 65 42 24 46 412 122 23 32
leaf_count=3467 52891 18240 1314 214 20 42 18344 87 336 33 23 47 96 44 53 29 38 117 940 23 260 65 65 42 24 46 412 122 23 32
internal_value=-1.63586e-11 -0.00206336 0.00195973 0.0212766 0.0317302 -0.018212 -0.0012064 0.135309 -0.0076458 -0.00676131 -0.00706428 -0.00683028 -0.00939668 -0.00411688 0.0620788 0.121063 0.196504 -0.00470494 0.0277421 0.0498087 0.0160406 0.0273081 -0.025024 -0.0454571 -0.0259584 0.0217978 -0.0304236 0.0136695 -0.047648 -0.0762368
internal_weight=97489 44598 25919 3650 2886 764 22269 107 18679 18343 18310 18287 722 18625 164 120 67 18461 2779 963 1816 1425 391 326 284 1360 508 3644 177 154
internal_count=97489 44598 25919 3650 2886 764 22269 107 18679 18343 18310 18287 722 18625 164 120 67 18461 2779 963 1816 1425 391 326 284 1360 508 3644 177 154
is_linear=0
shrinkage=0.1


Tree=80
num_leaves=31
num_cat=0
split_feature=85 93 73 102 88 26 91 86 1 21 85 22 9 48 21 102 84 11 8 103 85 85 102 96 84 53 103 20 53 83
split_gain=35.3799 109.672 121.831 123.357 112.355 108.3 162.816 107.715 114.491 125.026 105.997 258.201 101.626 91.4354 127.931 90.2833 88.2309 133.85 153.671 103.27 85.104 83.6607 83.3547 81.3042 80.2828 114.273 112.582 107.001 150.367 137.737
threshold=49.500000000000007 1.0000000180025095e-35 9.5000000000000018 1.5000000000000002 69.950000000000017 0.89444444444444449 5.5000000000000009 43.500000000000007 12.728098836446677 1.4031488753667809 120.50000000000001 1.205263157894737 7.4717988222091574 8.6500000000000004 1.5776212754932317 12.500000000000002 20.500000000000004 6.9923830733004877 15.535714285714286 0.58400000000000007 74.500000000000014 65.500000000000014 8.5000000000000018 283.00000000000006 22.500000000000004 30.500000000000004 0.58400000000000007 1.1833333333333336 43.500000000000007 43.500000000000007
decision_type=10 10 10 10 10 10 10 10 10 10 10 10 10 10 10 10 10 10 10 2 10 10 10 2 10 10 2 10 10 10
left_child=-1 10 3 4 23 -4 -7 8 13 -10 -2 -12 -13 -5 -15 16 17 18 20 -19 -9 -20 -18 24 25 -3 -26 29 -29 -28
right_child=1 2 5 7 -6 6 -8 15 9 -11 11 12 -14 14 -16 -17 22 19 21 -21 -22 -23 -24 -25 26 -27 27 28 -30 -31
leaf_value=0.0005918325185330014 -0.028723791198494802 0.096303556121961037 0.25192196146718099 -0.061546469531919161 -0.2502880308777094 -0.17377993538975717 0.15134203739594235 0.055173480596323932 -0.049015091657638551 -0.29522319598631425 0.39642185583710671 -0.063022026079980767 0.17276463687419893 0.0029038393386903614 0.24815005610386531 -0.1621162377903238 0.006692734791740919 0.070849124155938623 0.00017511943089110511 0.38835673090957462 0.2648627142337236 -0.25722154845362127 0.13174974236775328 0.1590848599439082 -0.06823872200529213 -0.11174787622359064 -0.016936545270598596 -0.054163622636304691 0.18141915524498589 0.26820060289464892
leaf_weight=88908 2318 99 35 218 23 24 43 161 55 33 20 68 25 187 24 30 4102 20 28 21 22 23 54 23 575 36 36 215 31 32
leaf_count=88908 2318 99 35 218 23 24 43 161 55 33 20 68 25 187 24 30 4102 20 28 21 22 23 54 23 575 36 36 215 31 32
internal_value=1.87509e-11 -0.00613199 0.00097578 -0.000852052 -0.0316563 0.109355 0.0348804 0.0057692 -0.0374404 -0.141343 -0.0241134 0.0704607 0.000361485 -0.0161271 0.0307991 0.0107769 0.0119475 0.0668043 0.0376014 0.233475 0.080382 -0.115906 0.00831763 -0.0268535 -0.0310299 0.0408232 -0.0419412 0.00621503 -0.0244764 0.117246
internal_weight=97489 8581 6150 6048 1070 102 67 4978 517 88 2431 113 93 429 211 4461 4431 275 234 41 183 51 4156 1047 1024 135 889 314 246 68
internal_count=97489 8581 6150 6048 1070 102 67 4978 517 88 2431 113 93 429 211 4461 4431 275 234 41 183 51 4156 1047 1024 135 889 314 246 68
is_linear=0
shrinkage=0.1


Tree=81
num_leaves=31
num_cat=0
split_feature=46 105 106 103 103 88 86 11 15 85 43 87 30 88 96 23 5 12 88 18 8 106 103 25 13 103 52 107 47 82
split_gain=33.7443 56.2408 74.0116 63.2851 59.3013 50.336 75.4826 59.4029 52.8639 63.7825 45.859 39.7537 79.0412 76.2618 69.5073 66.182 64.0326 84.0397 72.9923 61.7693 69.9204 57.929 57.0842 56.2601 69.9358 63.6557 77.2975 74.2858 66.3773 54.1229
threshold=4.5750000000000002 0.22500000000000003 733.50000000000011 0.41600000000000004 0.66300000000000014 36.050000000000004 152.50000000000003 8.5031727821110934 2.3493491224160921 6.5000000000000009 2.5689727889526757 138.50000000000003 1.3666666666666669 12.750000000000002 203.50000000000003 1.3090919593832433 9.3985070201062317 7.366666666666668 66.050000000000011 4.9000000000000012 28.850000000000005 66.500000000000014 0.45500000000000007 1.2746500939737988 3.6193658501904902 0.61350000000000005 1.5000000000000002 2016.5000000000002 1.9864673473010479 303.50000000000006
decision_type=10 8 2 2 2 10 10 8 10 10 10 10 10 10 2 10 10 10 10 10 10 2 2 10 10 2 10 2 10 10
left_child=11 2 3 -2 5 6 7 -3 9 -7 -6 -1 13 14 -13 -16 17 21 23 -14 -21 -15 -19 24 -18 29 -27 -28 -29 -25
right_child=1 4 -4 -5 10 8 -8 -9 -10 -11 -12 12 19 16 15 -17 18 22 -20 20 -22 -23 -24 25 -26 26 27 28 -30 -31
leaf_value=0.00030360331244107974 0.1425907915779229 -0.058269400117040439 -0.12693666327478631 -0.079530059870170519 0.019954836337060175 0.18723354771267622 0.28455042565322441 0.15518949503893964 -0.013582990920731744 0.033207630048074373 -0.17087876826524737 0.18296005456324888 0.0097376214340329174 0.13346595628695054 0.18308463905538833 -0.01186063599261437 -0.0067628196570874519 -0.22691416306155068 -0.091429304613760032 0.2562137217357241 0.013169167749583722 -0.030732146922660908 -0.066702244064358415 -0.020087086263652951 -0.073999402494657612 -0.064731569314996407 0.018790956384812794 0.2489403731169853 0.044538696249946955 0.045699053187738758
leaf_weight=92818 29 22 49 23 34 40 23 32 103 82 20 34 68 22 21 102 1954 35 99 29 20 920 61 331 168 30 48 47 24 201
leaf_count=92818 29 22 49 23 34 40 23 32 103 82 20 34 68 22 21 102 1954 35 99 29 20 920 61 331 168 30 48 47 24 201
internal_value=-1.24592e-11 0.0271095 -0.038752 0.044345 0.045795 0.0630534 0.132842 0.0682248 0.0391703 0.0837079 -0.0507243 -0.00012768 -0.00962717 -0.0119416 0.0564053 0.0214227 -0.014665 -0.0359809 -0.0070407 0.0714166 0.157012 -0.0268974 -0.125113 -0.00406016 -0.012086 0.0209484 0.0787191 0.114883 0.179847 0.0047682
internal_weight=97489 457 101 52 356 302 77 54 225 122 54 97032 4214 4097 157 123 3940 1038 2902 117 49 942 96 2803 2122 681 149 119 71 532
internal_count=97489 457 101 52 356 302 77 54 225 122 54 97032 4214 4097 157 123 3940 1038 2902 117 49 942 96 2803 2122 681 149 119 71 532
is_linear=0
shrinkage=0.1


Tree=82
num_leaves=31
num_cat=0
split_feature=86 43 90 41 5 39 2 4 29 85 11 48 23 105 31 16 82 87 0 105 15 34 13 104 23 94 13 4 17 33
split_gain=35.4806 35.3912 87.5774 133.665 83.2373 80.1912 75.4319 72.196 66.1016 66.0633 55.7139 56.13 54.3814 51.9798 49.2394 48.7752 77.3811 49.1655 60.0364 51.0955 47.9463 47.1299 56.5268 46.8353 44.0884 43.7914 68.2556 90.5712 84.4306 58.2248
threshold=367.00000000000006 2.0615171442623468 11.500000000000002 1.7911847914609349 10.681453429557896 1.4317807919044598 53.295000000000009 48.322500000000012 1.6255710349401811 117.50000000000001 5.9915044785777631 50.900000000000013 2.3330358214956437 0.55000000000000016 1.3227406337702019 5.7071428571428582 291.50000000000006 77.500000000000014 28.309999999999999 0.63333333333333341 2.2514544942018793 0.44722222222222224 2.3978930965105625 112.95000000000002 1.6363068432881502 6.5000000000000009 1.8027222972291639 50.51250000000001 2.4125342447872682 1.238245861615183
decision_type=10 10 10 10 10 10 10 10 10 10 10 10 10 10 10 10 8 8 10 8 10 10 10 2 10 10 10 10 10 10
left_child=1 25 8 4 5 24 7 -5 9 10 14 -12 20 23 15 16 -3 18 -17 -19 -10 -20 -23 -6 -4 -1 27 28 -27 -28
right_child=-2 2 3 6 13 -7 -8 -9 12 -11 11 -13 -14 -15 -16 17 -18 19 21 -21 -22 22 -24 -25 -26 26 29 -29 -30 -31
leaf_value=0.00029880550586310127 0.097906671152324293 -0.022281546022121377 0.090337196439504622 -0.20944245668209116 -0.20028465044581228 0.20858145424952876 -0.28536048820790122 0.047011536075955346 -0.099568036857705863 -0.18494291795417667 8.46188162763973e-05 0.15021884924173357 -0.14122229142230935 0.037238093439874977 0.12143297916197258 -0.15430858631928762 0.12176917073054193 -0.17311370550887661 -0.12687978279732523 -0.0020188840727011366 0.092478141833383307 0.14460431099869311 -0.026277845105802528 -0.031105599589645861 -0.11712046772951173 0.085295380402759136 -0.0044155859963947467 0.2104315123042545 -0.044943544730544092 0.089980354762240644
leaf_weight=88605 37 851 20 23 36 26 34 21 26 20 6357 25 64 29 23 30 39 64 21 24 26 32 49 30 21 148 623 37 75 73
leaf_count=88605 37 851 20 23 36 26 34 21 26 20 6357 25 64 29 23 30 39 64 21 24 26 32 49 30 21 148 623 37 75 73
internal_value=2.77192e-11 -3.71726e-05 -0.00645733 -0.065939 -0.0141554 0.071199 -0.17349 -0.087044 -0.00459148 -0.0034382 -0.00295515 0.000672735 -0.0795049 -0.0743527 -0.0233904 -0.0263913 -0.0159692 -0.0685534 -0.0299546 -0.126451 -0.00354495 0.00662008 0.0412312 -0.123385 -0.0159216 0.000528492 0.0218165 0.0655343 0.0414931 0.00548514
internal_weight=97489 97452 7891 240 162 67 78 44 7651 7535 7515 6382 116 95 1133 1110 890 220 132 88 52 102 81 66 41 89561 956 260 223 696
internal_count=97489 97452 7891 240 162 67 78 44 7651 7535 7515 6382 116 95 1133 1110 890 220 132 88 52 102 81 66 41 89561 956 260 223 696
is_linear=0
shrinkage=0.1


Tree=83
num_leaves=31
num_cat=0
split_feature=103 14 104 97 34 3 3 88 14 56 96 12 15 19 29 63 9 3 82 82 13 80 28 81 16 27 90 104 16 86
split_gain=34.1374 95.4747 73.2099 76.5693 109.203 113.929 129.81 80.2837 80.2549 95.7685 80.2168 115.603 104.578 113.376 83.8133 72.597 72.4568 85.3789 72.1199 72.0741 71.9817 70.9607 86.8635 77.7949 70.3029 68.5601 67.416 65.5805 96.8603 96.4613
threshold=0.58700000000000008 16.850000000000005 111.45000000000002 2.5000000000000004 1.052777777777778 11.779466597825197 9.9108834675963848 71.850000000000009 11.750000000000002 8.5000000000000018 254.50000000000003 12.500000000000002 4.7252277651132406 2.5132957790129056 0.88271147566150387 23.500000000000004 3.4649033049782152 5.0738545458107529 330.50000000000006 238.50000000000003 1.5220501602311287 2964.5000000000005 1.6833333333333336 1173.5000000000002 10.458333333333334 1.3395671481745668 8.5000000000000018 114.85000000000001 10.769736842105265 78.500000000000014
decision_type=2 10 2 2 10 8 10 10 8 10 2 10 10 8 10 10 8 8 10 8 8 10 10 8 10 10 10 2 10 10
left_child=-1 2 20 4 -4 6 -6 8 9 15 12 -12 13 -10 -13 16 18 -18 19 25 21 23 -23 24 -2 26 -5 28 -19 -30
right_child=1 -3 3 7 5 -7 -8 -9 10 -11 11 14 -14 -15 -16 -17 17 27 -20 -21 -22 22 -24 -25 -26 -27 -28 -29 29 -31
leaf_value=0.001213179452968071 0.0065441639362268161 -0.19442737231460902 0.0045950373105669426 0.016556243238553741 0.081122515976428999 0.001087521929293871 0.42292541204020379 0.17108094543218613 -0.0051030268092290502 0.1557882119986144 -0.32203157584049874 -0.19089302609985073 0.16229113139536069 -0.25273451191874652 0.082663735809425515 0.14280166476964951 -0.12140931924000198 -0.025329082772205705 0.16804087243974208 -0.12048846944235266 -0.0032817466099477979 -0.27031736239790916 0.024408797100186348 0.055833125636618922 0.12338865945975369 -0.15851098455133894 0.16639548444654795 0.0046383435429730845 0.23350356786415497 -0.013119466397911311
leaf_weight=68639 5292 26 790 487 25 40 20 23 64 33 28 24 23 26 21 29 81 4178 30 40 15970 20 20 358 52 21 32 1033 29 35
leaf_count=68639 5292 26 790 487 25 40 20 23 64 33 28 24 23 26 21 29 81 4178 30 40 15970 20 20 358 52 21 32 1033 29 35
internal_value=3.2606e-11 -0.00288636 -0.00271358 -0.0115192 0.016183 0.123883 0.233035 -0.0154056 -0.0160959 -0.0140996 -0.0807923 -0.162498 -0.0280088 -0.076641 -0.0632332 -0.0150348 -0.015802 -0.0195211 0.0168533 0.00903324 0.000170805 0.00977325 -0.122954 0.0107043 0.00768112 0.0186274 0.0257949 -0.0179566 -0.0234589 0.0986316
internal_weight=97489 28850 28824 7112 875 85 45 6237 6214 6028 186 73 113 90 45 5995 5966 5356 610 580 21712 5742 40 5702 5344 540 519 5275 4242 64
internal_count=97489 28850 28824 7112 875 85 45 6237 6214 6028 186 73 113 90 45 5995 5966 5356 610 580 21712 5742 40 5702 5344 540 519 5275 4242 64
is_linear=0
shrinkage=0.1


Tree=84
num_leaves=31
num_cat=0
split_feature=92 25 96 16 14 25 89 37 44 42 0 81 82 88 104 105 16 111 76 6 96 36 55 55 104 40 1 23 16 85
split_gain=33.1423 37.2381 33.6461 78.5744 88.4225 79.3547 73.6811 85.325 72.8365 61.9274 55.778 52.5139 50.8648 103.623 53.2376 56.4046 51.3851 108.744 56.301 68.692 59.1253 88.6335 55.9628 77.9765 62.8116 58.2215 56.6281 66.7852 56.3171 54.8641
threshold=6.5000000000000009 3.0686287323941914 196.50000000000003 5.6583333333333341 4.9500000000000011 1.4487266298961141 30.500000000000004 1.0477225575051665 4.2500000000000009 5.1000000000000005 44.770000000000017 123.50000000000001 236.50000000000003 15.050000000000002 116.95 0.36666666666666675 3.759615384615385 16.500000000000004 1.0000000180025095e-35 5.6333333333333337 194.50000000000003 2.3666666666666671 50.500000000000007 43.500000000000007 111.05000000000001 2.1464285714285718 6.5633451835591528 2.5732542458896126 2.6583333333333337 5.5000000000000009
decision_type=10 10 2 10 10 10 10 10 10 10 10 8 10 10 2 10 8 2 8 10 2 10 10 10 2 10 10 10 10 10
left_child=1 2 3 8 -5 9 7 -7 12 -6 -9 -10 16 -14 15 -15 22 18 19 -18 -20 -22 23 -1 25 -25 27 -26 -24 -19
right_child=-2 -3 -4 4 5 6 -8 10 11 -11 -12 -13 13 14 -16 -17 17 29 20 -21 21 -23 28 24 26 -27 -28 -29 -30 -31
leaf_value=-0.0017901333924263678 0.10175242215627806 -0.1220637646317482 0.00087171032715427246 0.12925677135586741 -0.073832732429163481 0.25026973682371051 -0.13080980525293853 -0.075933110379967195 -0.073917432272663494 0.037517507380938959 0.1380638812446878 0.047489829438521522 0.18128298286985803 -0.038525026638449957 0.10156519476684832 0.02197912579121844 0.17339932899922134 -0.067322614937065511 0.009174479923892729 -0.012811638813450371 0.20366134063102478 0.012016856541687793 0.015705126970520331 0.056631770324811606 0.30755801633000379 -0.081338249485601088 0.04994712350188743 0.052224770720515935 -0.048101998438949495 -0.022713665394022683
leaf_weight=10856 32 25 79790 30 462 22 20 29 39 56 21 412 38 213 62 557 20 468 388 2091 43 55 194 57 20 66 249 21 482 671
leaf_count=10856 32 25 79790 30 462 22 20 29 39 56 21 412 38 213 62 557 20 468 388 2091 43 55 194 57 20 66 249 21 482 671
internal_value=2.22213e-11 -3.34104e-05 -2.09871e-06 -0.0039541 -0.0383516 -0.0465946 0.0389893 0.0861558 -0.00265929 -0.0617949 0.0139456 0.0369912 -0.00373973 0.0197958 0.0124202 0.00524226 -0.00504551 -0.0152813 -0.00398271 -0.0110474 0.0267038 0.0961058 -0.00184409 -0.000167654 0.0424804 -0.0174009 0.0678783 0.176778 -0.0297905 -0.0410429
internal_weight=97489 97457 97432 17642 640 610 92 72 17002 518 50 451 16551 870 832 770 15681 3736 2597 2111 486 98 11945 11269 413 123 290 41 676 1139
internal_count=97489 97457 97432 17642 640 610 92 72 17002 518 50 451 16551 870 832 770 15681 3736 2597 2111 486 98 11945 11269 413 123 290 41 676 1139
is_linear=0
shrinkage=0.1


Tree=85
num_leaves=31
num_cat=0
split_feature=51 2 14 96 83 32 10 88 33 38 39 61 25 90 7 13 35 11 109 40 39 106 40 88 12 59 103 12 5 93
split_gain=32.4259 89.194 76.7552 125.023 124.662 129.784 113.908 102.137 99.9833 103.289 153.235 126.29 123.526 121.366 129.82 112.099 116.104 110.535 106.868 173.549 106.547 111.133 99.739 167.451 113.069 176.713 107.369 97.0017 96.0903 108.758
threshold=61.850000000000001 14.310555555555558 7.8375000000000012 267.50000000000006 71.500000000000014 1.788888888888889 10.105555555555556 25.650000000000002 0.32478054967508568 1.3875000000000002 0.78426587622000754 1.5000000000000002 1.0000000180025095e-35 12.500000000000002 3.3316324482458519 4.2543932443297976 1.2747539381422457 4.4043937367376929 24.800821355236142 1.0250000000000001 1.2888391932218626 64.500000000000014 1.341666666666667 36.45000000000001 10.266666666666667 15.500000000000002 0.76250000000000007 10.550000000000002 9.3306441927385801 1.0000000180025095e-35
decision_type=10 10 10 2 8 10 8 10 8 10 10 10 10 10 10 10 10 10 2 10 10 2 10 10 10 10 2 10 8 10
left_child=2 -2 3 -1 5 -5 -6 -7 -4 10 18 -12 28 15 -15 20 17 -17 19 -10 21 -13 23 -14 25 -25 -24 -22 -11 -30
right_child=1 -3 8 4 6 7 -8 -9 9 12 11 13 22 14 -16 16 -18 -19 -20 -21 27 -23 26 24 -26 -27 -28 -29 29 -31
leaf_value=-0.00094160911392558255 0.19505775176609558 0.0022147748437292558 -0.11050737819103439 0.012021658588926514 0.37079235145023892 0.35309171506336762 0.086658661032831943 0.041204891247408733 -0.18153149167152302 -0.014789447505716924 -0.20493997563090594 -0.15132526774824198 -0.0009633735841826389 -0.24722497448325159 -0.042622079948584246 0.0010862978391869124 -0.058386518587560755 0.20219304007291794 -0.24645663469421622 0.041351057989383815 0.028242000942783698 -0.015898981048186576 -0.017752181886746477 0.24383342275395992 0.29637322606224764 -0.15864203568547963 0.11690560164021664 0.27795826775953175 0.30914793431758886 0.073918553036555909
leaf_weight=56386 24 36808 107 385 21 21 43 21 73 54 36 70 190 40 138 43 46 75 49 67 70 451 2021 24 38 20 61 20 30 57
leaf_count=56386 24 36808 107 385 21 21 43 21 73 54 36 70 190 40 138 43 46 75 49 67 70 451 2021 24 38 20 61 20 30 57
internal_value=4.20371e-11 0.00234043 -0.00142115 -0.000504106 0.0497383 0.0302308 0.17989 0.197148 -0.0152198 -0.0124439 -0.0368489 -0.0210823 -0.000921222 -0.014137 -0.0886003 0.00296556 0.0763744 0.128908 -0.119353 -0.0748663 -0.0167383 -0.0340945 -0.00636687 0.050582 0.170016 0.06089 -0.0138069 0.0837345 0.0899941 0.155032
internal_weight=97489 36832 60657 56877 491 427 64 42 3780 3673 1178 989 2495 953 178 775 164 118 189 140 611 521 2354 272 82 44 2082 90 141 87
internal_count=97489 36832 60657 56877 491 427 64 42 3780 3673 1178 989 2495 953 178 775 164 118 189 140 611 521 2354 272 82 44 2082 90 141 87
is_linear=0
shrinkage=0.1


Tree=86
num_leaves=31
num_cat=0
split_feature=107 95 3 111 86 7 109 16 42 87 88 84 93 52 27 2 82 41 49 84 105 104 13 28 19 58 35 49 33 14
split_gain=31.6556 69.7602 42.5896 35.1503 136.231 136.341 129.069 126.933 248.575 166.719 105.629 98.2197 86.3049 83.471 83.1258 80.7147 121.29 99.0194 97.8046 111.955 112.122 95.5647 82.7034 81.5006 87.8043 79.2376 77.3393 76.5966 75.1914 88.5163
threshold=2003.5000000000002 1.0000000180025095e-35 11.872283314963504 3.5000000000000004 6.5000000000000009 3.7080931144328466 20.893908281998637 12.925000000000002 0.77500000000000013 54.500000000000007 30.250000000000004 151.50000000000003 3.5000000000000004 23.500000000000004 1.0339469490010884 53.295000000000009 717.50000000000011 1.231285774706292 88.500000000000014 63.500000000000007 0.45000000000000007 114.85000000000001 3.5472799949715879 1.4472222222222224 1.1178102700547357 3.5000000000000004 1.0201906967922125 69.050000000000011 0.78780321510802953 8.0500000000000025
decision_type=2 10 10 2 10 10 2 10 10 10 8 10 10 10 10 10 10 10 10 10 8 2 10 10 10 10 8 10 10 10
left_child=1 2 -1 4 5 6 -2 11 14 -10 -8 15 13 -7 -9 16 18 -18 -6 20 -20 23 -19 24 -17 -5 -12 -25 29 -26
right_child=3 -3 -4 25 7 12 10 8 9 -11 26 -13 -14 -15 -16 21 17 22 19 -21 -22 -23 -24 27 28 -27 -28 -29 -30 -31
leaf_value=0.12562352731114343 0.047945261113399772 -0.16339395765869602 -0.075775329059078578 -0.0005624072879740281 0.0037534676646963118 0.033149840736813971 0.41861648829210374 -0.14800902395336718 0.17085182678860589 -0.10576283669204645 0.0057899017419133876 0.21951367826688861 0.19924306670824687 -0.069880531696563081 -0.40378839398423838 -0.23531491575496541 0.32229031749069692 0.1999548564553261 0.055164468501295361 0.020377121961647923 0.33816073914723743 0.069056391799561342 -0.042792345117777589 -0.18808414761139 0.026498396694660187 -0.069928796914208571 0.26166577686866127 -0.0024875870350498097 -0.024023517921685857 -0.17000171283090659
leaf_weight=21 86 37 21 84123 10740 481 21 27 37 53 21 21 27 94 24 28 20 25 28 101 28 107 32 23 31 165 27 670 282 88
leaf_count=21 86 37 21 84123 10740 481 21 27 37 53 21 21 27 94 24 28 20 25 28 101 28 107 32 23 31 165 27 670 282 88
internal_value=-1.6979e-12 -0.0632755 0.0249241 5.13167e-05 0.00486575 0.0460458 0.129683 0.00234466 -0.0919935 0.00795652 0.231558 0.00343282 0.0245114 0.0163066 -0.268376 0.00306097 0.00578265 0.130848 0.00489891 0.083256 0.196663 -0.0212414 0.0636757 -0.0298527 -0.0641076 -0.000698197 0.14972 -0.00864736 -0.0521529 -0.118813
internal_weight=97489 79 42 97410 13122 757 155 12365 141 90 69 12224 602 575 51 12203 10974 77 10897 157 56 1229 57 1122 429 84288 48 693 401 119
internal_count=97489 79 42 97410 13122 757 155 12365 141 90 69 12224 602 575 51 12203 10974 77 10897 157 56 1229 57 1122 429 84288 48 693 401 119
is_linear=0
shrinkage=0.1


Tree=87
num_leaves=31
num_cat=0
split_feature=34 61 103 37 90 57 15 31 106 104 85 50 23 87 11 3 96 41 100 93 13 6 13 28 85 37 97 14 45 16
split_gain=32.0335 102.448 87.3314 122.96 109.63 89.7585 86.8029 80.2605 151.9 130.838 135.646 107.017 125.816 115.292 113.757 87.0323 87.5721 97.1135 75.8812 68.7083 66.1344 64.033 63.9082 63.1205 90.0415 76.5922 62.241 101.864 86.6493 169.643
threshold=1.0954545454545457 1.5000000000000002 0.21350000000000002 0.86554360876699599 10.500000000000002 16.500000000000004 4.0140375653000158 1.6121532512998444 68.500000000000014 103.65000000000002 17.500000000000004 0.85000000000000009 2.0274428798462214 17.500000000000004 4.452527310886742 8.2847919573793973 264.50000000000006 1.4685294503919091 1.0000000180025095e-35 1.0000000180025095e-35 7.6713691358098961 15.633333333333335 3.1463864143340432 0.59411764705882364 77.500000000000014 1.6380804171854755 16.500000000000004 10.950000000000001 1.5652465782067826 7.8535714285714286
decision_type=8 8 2 10 10 10 10 10 2 2 10 10 10 8 10 10 2 10 2 10 10 10 10 10 10 10 2 10 10 10
left_child=7 -2 3 5 6 -3 23 20 -9 -10 11 14 13 -13 -11 21 -17 18 -18 -14 -1 -12 -6 -5 25 -25 28 -28 -4 -30
right_child=1 2 26 4 22 -7 -8 8 9 10 15 12 19 -15 -16 16 17 -19 -20 -21 -22 -23 -24 24 -26 -27 27 -29 29 -31
leaf_value=0.00030828820633381634 -0.054341748551465577 0.079136283545011898 0.0012100632891302869 0.10853257922060562 -0.0041748049167486343 0.28171079873011035 -0.23081143654528119 -0.056683355718851094 -0.10945200571376418 0.20504290481859988 -0.021714664384918779 0.45069200003147131 0.014969904009591452 0.13285850776093347 0.026948424490149489 0.021885579501304167 0.18627495684406975 0.2962602944758076 -0.073500456822955085 0.20754939676262441 0.14639625370562556 -0.21467118935570834 0.1631763391806321 -0.040494866922704709 0.11772243798925326 -0.24677436392133437 -0.016641898192946099 -0.19911048545712426 -0.0014370940032214013 -0.11121339182085965
leaf_weight=82534 400 89 9933 33 39 29 21 185 54 44 95 25 44 21 194 400 22 26 23 32 31 21 55 72 26 24 2339 31 440 207
leaf_count=82534 400 89 9933 33 39 29 21 185 54 44 95 25 44 21 194 400 22 26 23 32 31 21 55 72 26 24 2339 31 440 207
internal_value=-1.57916e-11 -0.00447567 -0.00298021 0.0437673 0.00655179 0.128922 -0.0400165 0.000734161 0.0265634 0.0419487 0.0505819 0.0989096 0.175062 0.305594 0.0598735 0.020943 0.0400521 0.142399 0.0535009 0.096056 0.000363139 -0.0566464 0.0937434 -0.0141668 -0.047356 -0.0920647 -0.00438083 -0.0190286 -0.00109962 -0.0365587
internal_weight=97489 13738 13338 388 270 118 176 83751 1186 1001 947 360 122 46 238 587 471 71 45 76 82565 116 94 155 122 96 12950 2370 10580 647
internal_count=97489 13738 13338 388 270 118 176 83751 1186 1001 947 360 122 46 238 587 471 71 45 76 82565 116 94 155 122 96 12950 2370 10580 647
is_linear=0
shrinkage=0.1


Tree=88
num_leaves=31
num_cat=0
split_feature=110 104 13 97 80 7 106 106 13 35 73 87 13 15 82 37 17 111 47 49 103 47 33 35 82 84 17 38 11 96
split_gain=31.4195 35.3379 63.4512 80.5859 65.6084 57.8263 52.4821 76.545 47.0555 59.5907 46.0228 72.788 45.414 76.3922 47.2743 43.4709 47.6263 42.393 40.2769 42.1904 40.0576 105.976 102.295 100.841 89.8421 82.9064 105.509 80.4901 134.176 89.3525
threshold=72.500000000000014 119.30000000000003 2.6645164420321699 13.500000000000002 147.15000000000006 10.965855862744805 615.50000000000011 132.50000000000003 2.5657493271340024 0.50072992856063958 3.5000000000000004 27.500000000000004 3.9496632441188484 3.249297185166871 254.50000000000003 1.297417464888168 2.4125342447872682 9.5000000000000018 0.37049093658260052 53.650000000000013 0.24000000000000002 0.81333436534611747 1.7654076557347687 1.6650418967753147 521.50000000000011 4.5000000000000009 4.0904252264853822 2.683333333333334 6.0258216141093763 225.50000000000003
decision_type=2 2 8 2 10 10 2 2 10 10 10 10 10 10 10 10 10 2 8 10 2 10 10 10 10 8 10 10 8 2
left_child=-1 20 5 4 -4 8 7 10 9 18 -6 -12 13 -9 -14 -11 -17 -18 -3 -20 21 22 23 25 -23 26 -2 28 -27 -30
right_child=1 2 3 -5 6 -7 -8 12 -10 15 11 -13 14 -15 -16 16 17 -19 19 -21 -22 24 -24 -25 -26 27 -28 -29 29 -31
leaf_value=-0.014096169067582041 0.0025804994166693067 0.16088892318308357 -0.13023244789180657 -0.1877535452772128 -0.057136608248886972 0.15157359512522817 0.085196480476720779 -0.05236421165787658 0.10324747026162713 -0.011494888206894066 0.25765721410512926 0.0059579513277168636 -0.068898155210682974 -0.22255761810711455 0.13560025013983251 -0.025417932188914468 -0.038896421852211156 -0.1916932957975761 1.5637060256212725e-05 0.11016877206042408 9.5562820660992624e-06 -0.0027376179439830436 -0.09388348169624805 0.25199188996445049 0.13811485838630927 0.03610081023853725 -0.23799404690042136 -0.042957617922432051 0.03570857410332267 0.1734299882265207
leaf_weight=1556 206 20 60 38 24 24 44 107 38 374 20 27 26 35 20 96 30 46 266 40 90334 2912 60 22 46 699 20 88 71 140
leaf_count=1556 206 20 60 38 24 24 44 107 38 374 20 27 26 35 20 96 30 46 266 40 90334 2912 60 22 46 699 20 88 71 140
internal_value=4.90462e-12 0.000228635 -0.0159275 -0.0491996 -0.0346953 -0.00164254 -0.0157771 -0.0329309 -0.00568341 -0.0104304 0.0555314 0.113064 -0.0663395 -0.0943133 0.0200142 -0.03063 -0.0722378 -0.131379 0.0234009 0.0144147 0.000456636 0.00992813 0.0336541 0.0397955 -0.000547214 0.0359815 -0.0187093 0.0483664 0.0571978 0.127088
internal_weight=97489 95933 1335 401 363 934 303 259 910 872 71 47 188 142 46 546 172 76 326 306 94598 4264 1306 1246 2958 1224 226 998 910 211
internal_count=97489 95933 1335 401 363 934 303 259 910 872 71 47 188 142 46 546 172 76 326 306 94598 4264 1306 1246 2958 1224 226 998 910 211
is_linear=0
shrinkage=0.1


Tree=89
num_leaves=31
num_cat=0
split_feature=105 59 27 94 41 7 94 39 21 80 85 29 40 4 41 53 13 88 23 9 40 93 31 75 23 4 77 109 106 71
split_gain=31.9044 76.4683 112.974 99.7213 105.258 105.393 95.7052 117.72 108.735 78.6001 76.756 116.086 75.8538 82.4089 105.493 86.36 79.422 112.786 130.27 168.412 118.737 129.047 104.047 83.4205 83.8129 83.7415 83.9027 77.6351 83.6062 86.7516
threshold=0.22500000000000003 27.500000000000004 0.9689585494434233 4.5000000000000009 1.8146931912169797 3.8546434438765464 2.5000000000000004 1.5703064107056541 1.2671032908556688 1022.6000000000003 48.500000000000007 1.2529662612913215 5.7250000000000005 36.08250000000001 0.94043231754460765 19.500000000000004 3.9496632441188484 60.550000000000004 1.7870136161239991 6.317963057407888 1.4409722222222225 1.5000000000000002 1.297417464888168 5.5000000000000009 1.4244625529012718 54.20750000000001 5.5000000000000009 30.229979466119101 318.50000000000006 5.5000000000000009
decision_type=10 10 10 10 10 10 10 10 10 10 8 10 10 10 8 8 10 10 10 10 10 10 10 10 10 10 10 2 2 10
left_child=1 12 6 4 5 9 -3 8 -8 -4 11 -7 13 -1 -15 -16 27 20 -19 -20 21 -18 -21 24 -22 26 -25 28 29 -17
right_child=-2 2 3 -5 -6 10 7 -9 -10 -11 -12 -13 -14 14 15 16 17 18 19 22 23 -23 -24 25 -26 -27 -28 -29 -30 -31
leaf_value=-0.00062513261897396164 0.0011571144151433976 0.025553260385417022 0.072613816298544409 0.29623921148478988 -0.15582959089428186 -0.063643515818280941 -0.056416042049725848 0.058904723534660954 -0.33879688866063956 0.33858395725488666 0.13064665516040155 0.17578583988878463 0.18202092889908025 -0.1220776911443946 -0.10603917206656964 -0.024611472235572994 -0.037086602475713284 0.21490093487681766 0.21308804783556196 -0.0058887976221740253 -0.065035239756107338 0.27373904856768522 -0.23607759652314364 -0.06362122528665265 -0.3055988354342325 -0.15257515042381459 0.029346428625491874 -0.037722870492101192 0.0097698690248886541 0.028906748231578003
leaf_weight=20887 69184 247 20 20 20 81 30 31 25 25 70 27 22 88 96 1909 34 33 27 72 30 22 27 412 28 78 127 687 2770 360
leaf_count=20887 69184 247 20 20 20 81 30 31 25 25 70 27 22 88 96 1909 34 33 27 72 30 22 27 412 28 78 127 687 2770 360
internal_value=2.22557e-14 -0.00282826 0.032612 0.0816024 0.0639368 0.0836468 -0.00608019 -0.0969344 -0.184771 0.220375 0.0490807 -0.00378618 -0.00359055 -0.00373804 -0.0132997 -0.0118735 -0.0105071 -0.0382981 0.0380316 -0.00829136 -0.0549006 0.0850235 -0.0686676 -0.0665091 -0.181169 -0.0557306 -0.041716 -0.00618756 -0.00188814 -0.0161203
internal_weight=97489 28305 596 263 243 223 333 86 55 45 178 108 27709 27687 6800 6712 6616 890 159 126 731 56 99 675 58 617 539 5726 5039 2269
internal_count=97489 28305 596 263 243 223 333 86 55 45 178 108 27709 27687 6800 6712 6616 890 159 126 731 56 99 675 58 617 539 5726 5039 2269
is_linear=0
shrinkage=0.1


Tree=90
num_leaves=31
num_cat=0
split_feature=85 93 48 16 73 102 96 26 91 85 22 29 88 84 11 36 103 53 8 10 105 90 19 106 106 48 35 88 102 102
split_gain=31.3619 86.4195 101.357 106.604 94.544 99.0016 101.555 86.6243 132.587 86.3504 211.035 85.7781 85.5771 76.8798 96.9661 100.168 94.9443 83.245 130.138 78.6646 85.5761 84.2227 74.7569 74.2575 89.8056 98.5014 89.4865 120.739 85.5197 91.0624
threshold=49.500000000000007 1.0000000180025095e-35 1.0000000180025095e-35 6.3568181818181824 9.5000000000000018 1.5000000000000002 283.00000000000006 0.89444444444444449 5.5000000000000009 120.50000000000001 1.205263157894737 0.82049110696642413 69.950000000000017 22.500000000000004 6.0258216141093763 1.7750000000000001 0.58400000000000007 43.500000000000007 14.844444444444447 11.405882352941179 0.63333333333333341 6.5000000000000009 0.86554360876699576 146.50000000000003 152.50000000000003 9.9500000000000011 0.98925866802005491 46.350000000000001 12.500000000000002 7.5000000000000009
decision_type=10 10 10 10 8 10 2 10 10 10 10 10 10 10 10 10 2 10 10 10 8 10 10 2 2 10 10 10 10 10
left_child=-1 9 3 22 5 6 12 -6 -9 -2 -11 -12 13 14 -4 -16 -15 18 19 21 -21 -18 -3 26 25 -25 27 -7 29 -26
right_child=1 2 4 -5 7 23 -8 8 -10 10 11 -13 -14 16 15 -17 17 -19 -20 20 -22 -23 -24 24 28 -27 -28 -29 -30 -31
leaf_value=0.00055721358641270819 -0.025896344316078269 0.09402150948132787 0.12508962627522202 -0.16878960734499354 0.22586424874407907 0.06650735706230021 0.19609873656183482 -0.15654225970307989 0.1368495329867962 0.35831516388803725 -0.13556811159416554 0.068160994747848883 -0.2221428432542345 -0.061842251047901989 -0.18793392711215551 0.099520996348424401 0.11006868767738343 0.162952487122628 -0.081764871257407071 0.03353151672698082 0.24180332935031723 -0.13024921885558538 -0.066990939954943637 -0.032704574492844668 0.0015675463794069405 -0.27915146810852964 0.017766748363333116 0.32767773345112805 -0.17768446115347059 0.093936655609445141
leaf_weight=88908 2318 42 69 70 35 154 20 24 43 20 31 62 23 558 27 22 25 31 131 47 34 35 92 55 3590 23 844 20 26 110
leaf_count=88908 2318 42 69 70 35 154 20 24 43 20 31 62 23 558 27 22 25 31 131 47 34 35 92 55 3590 23 844 20 26 110
internal_value=-1.45262e-11 -0.00577331 0.000536147 -0.0687722 0.00291403 0.00124813 -0.0270237 0.0983604 0.031754 -0.0217351 0.0636254 0.000251293 -0.0314773 -0.0269979 0.0486986 -0.0588725 -0.0373721 0.00769181 -0.0100033 0.0566687 0.120954 -0.0301168 -0.0165244 0.00724021 0.000820582 -0.105375 0.0312287 0.0965269 0.00304367 0.00431366
internal_weight=97489 8581 6150 204 5946 5844 1022 102 67 2431 113 93 1002 979 118 49 861 303 272 141 81 60 134 4822 3804 78 1018 174 3726 3700
internal_count=97489 8581 6150 204 5946 5844 1022 102 67 2431 113 93 1002 979 118 49 861 303 272 141 81 60 134 4822 3804 78 1018 174 3726 3700
is_linear=0
shrinkage=0.1


Tree=91
num_leaves=31
num_cat=0
split_feature=111 83 88 6 12 95 5 15 34 40 56 20 91 6 1 1 16 87 83 104 80 0 88 1 35 18 87 26 89 28
split_gain=31.6822 107.091 102.857 96.3648 137.518 124.428 91.3379 151.903 104.004 96.0854 119.856 85.044 128.262 108.553 104.146 91.9678 83.1891 78.2431 76.3827 120.262 92.0456 112.794 114.55 92.1497 74.4265 117.5 72.6629 109.936 75.89 70.3218
threshold=35.500000000000007 1.5000000000000002 26.250000000000004 29.900000000000002 13.900000000000002 1.5000000000000002 11.379105968020744 4.8768158678488556 0.69615384615384623 2.6961538461538468 2.5000000000000004 8.4500000000000011 10.500000000000002 21.900000000000002 16.412495239653456 13.63435000253385 8.5527777777777789 24.500000000000004 179.50000000000003 108.95000000000002 1216.7500000000007 24.190000000000008 41.850000000000001 15.46043337024601 0.887333286460806 1.9000000000000001 30.500000000000004 1.4722222222222225 28.500000000000004 0.94868421052631591
decision_type=2 10 8 8 10 10 8 10 10 10 10 10 10 10 10 10 10 10 10 2 10 10 10 10 10 10 10 10 10 10
left_child=-1 2 -2 6 5 -5 7 -3 9 10 24 13 14 15 -13 16 -10 -18 19 -17 21 -21 23 -23 -8 -26 -15 28 -28 -12
right_child=1 3 -4 4 -6 -7 8 -9 11 -11 29 12 -14 26 -16 18 17 -19 -20 20 -22 22 -24 -25 25 -27 27 -29 -30 -31
leaf_value=0.00085849529572743779 -0.019300665914473405 0.00038242445307911353 -0.096675467758280481 0.4106184405088425 -0.061885350827987379 0.062100189489622919 -0.011899156677714399 0.20058579350772657 -0.06152003961289803 0.068195240993214695 -0.030090046746115529 -0.32959135428473757 0.025240969161192579 0.18428444435199104 -0.046358461286872626 -0.17722799164292061 -0.30264155969023704 -0.082559231948107492 0.17389415923667992 -0.059528278276945158 -0.15342118560026091 0.07822915049535889 -0.054007441550493245 0.36237822365760808 -0.018896500766277316 0.25706957098510536 0.019734757571396505 0.19888615984130989 -0.20132758176187054 -0.23304374092503599
leaf_weight=79467 1061 14208 205 20 26 21 1310 38 372 161 31 37 30 30 20 38 30 35 23 45 24 21 20 25 36 27 44 22 24 38
leaf_count=79467 1061 14208 205 20 26 21 1310 38 372 161 31 37 30 30 20 38 30 35 23 45 24 21 20 25 36 27 44 22 24 38
internal_value=-7.54085e-12 -0.00378549 -0.0318298 -0.0016666 0.118022 0.232109 -0.0021471 0.00091645 -0.0200118 -0.00507568 -0.0132564 -0.0485148 -0.142124 -0.0376994 -0.230211 -0.0542309 -0.0797581 -0.184136 0.00268439 -0.0200776 0.0241573 0.0625527 0.14579 0.232658 -0.00679337 0.0993747 0.0495041 0.00457737 -0.0582872 -0.141862
internal_weight=97489 18022 1266 16756 67 41 16689 14246 2443 1603 1442 840 87 753 57 633 437 65 196 173 135 111 66 46 1373 63 120 90 68 69
internal_count=97489 18022 1266 16756 67 41 16689 14246 2443 1603 1442 840 87 753 57 633 437 65 196 173 135 111 66 46 1373 63 120 90 68 69
is_linear=0
shrinkage=0.1


Tree=92
num_leaves=31
num_cat=0
split_feature=100 14 37 39 7 29 57 50 5 13 110 104 86 96 94 4 0 33 12 1 106 109 51 111 110 86 60 83 93 13
split_gain=30.888 64.1184 104.819 111.594 111.509 150.074 110.362 105.927 140.736 134.383 96.1319 108.112 101.372 107.193 96.2325 106.885 128.427 95.79 96.1312 144.101 97.7841 95.1308 124.295 140.004 97.0739 121.901 103.007 98.4812 92.9181 98.6782
threshold=1.0000000180025095e-35 5.9500000000000011 0.76180168105713697 0.9499365146309281 4.9311929399313721 1.2815932199788433 14.500000000000002 -1.3999999999999997 6.944228008113126 1.2415253053016908 80.500000000000014 112.35000000000001 42.500000000000007 283.00000000000006 4.5000000000000009 45.417500000000011 33.977500000000013 1.8393833349049535 10.900000000000002 5.6344919911231885 216.50000000000003 20.431211498973308 53.550000000000004 6.5000000000000009 82.500000000000014 81.500000000000014 3.5000000000000004 139.50000000000003 1.0000000180025095e-35 3.570707350120379
decision_type=2 10 10 8 10 10 8 10 10 10 2 2 8 2 10 10 10 10 10 10 2 2 10 2 2 10 8 10 10 10
left_child=1 -1 3 4 -3 -6 -7 8 -4 -10 17 12 13 -12 -13 16 -16 18 -9 -20 -21 -5 23 -23 25 26 -24 -27 -17 -30
right_child=-2 2 7 21 5 6 -8 10 9 -11 11 14 -14 -15 15 28 -18 -19 19 20 -22 22 24 -25 -26 27 -28 -29 29 -31
leaf_value=0.00067512597487684868 0.0017760665360361226 -0.037899938596113965 -0.19383907229812058 0.081086484593700395 0.0056698066984854356 0.0079366716866691913 0.28635382122227127 -0.01547529172774809 0.29423868924379354 0.031748141554058661 -0.022942651843116293 0.022342256044478148 0.001908944006455783 -0.14246939034024372 0.067484181457095671 0.14775548204779626 -0.18598066936670379 0.16383918480112636 0.16708445403724911 -0.23612920544585406 -0.069646204124012637 0.042620605996085539 0.046605107489579578 -0.17697784370929004 -0.092714160253753675 -0.27993654676459057 -0.17043598890304568 -0.051531719112474672 0.037589875754454861 -0.2160936577812485
leaf_weight=33343 48852 641 27 49 578 24 35 4478 20 786 1493 2499 3298 79 27 38 77 29 20 49 126 36 246 150 241 22 24 133 46 23
leaf_count=33343 48852 641 27 49 578 24 35 4478 20 786 1493 2499 3298 79 27 38 77 29 20 49 126 36 246 150 241 22 24 133 46 23
internal_value=-1.96183e-11 -0.00178392 -0.00714497 -0.0274552 -0.00845372 0.0211774 0.173099 -0.0037705 0.0307385 0.0382616 -0.006111 0.000856964 -0.0080519 -0.0289494 0.0168666 -0.0479846 -0.120177 -0.0173439 -0.0184683 -0.0872003 -0.116261 -0.0544075 -0.0622 -0.134475 -0.0420151 -0.0132657 0.0273126 -0.0839505 0.022184 -0.0469713
internal_weight=97489 48637 15294 2179 1278 637 59 13115 833 806 12282 7580 4870 1572 2710 211 104 4702 4673 195 175 901 852 186 666 425 270 155 107 69
internal_count=97489 48637 15294 2179 1278 637 59 13115 833 806 12282 7580 4870 1572 2710 211 104 4702 4673 195 175 901 852 186 666 425 270 155 107 69
is_linear=0
shrinkage=0.1


Tree=93
num_leaves=31
num_cat=0
split_feature=48 13 108 65 103 57 38 107 90 14 106 104 9 104 39 16 17 88 26 14 6 28 61 15 104 41 28 96 16 14
split_gain=31.5785 87.8377 113.436 90.463 81.0508 83.6303 83.0946 78.8664 85.9688 157.994 118.985 123.106 135.608 116.651 115.804 112.605 128.643 106.658 113.901 142.43 102.874 109.644 122.499 97.5388 94.1156 86.8869 86.4239 85.5479 83.6194 122.326
threshold=27.050000000000004 3.9496632441188484 3.5000000000000004 1.5000000000000002 0.63200000000000012 18.500000000000004 1.4722222222222225 2022.5000000000002 11.500000000000002 12.750000000000002 309.50000000000006 115.2 7.1898843614187529 109.45000000000002 2.1200100772512021 8.256578947368423 3.9883802446514216 24.050000000000004 0.70714285714285718 9.4500000000000011 30.500000000000004 1.0954545454545457 5.5000000000000009 3.3540969562935792 110.85000000000001 1.6635834376466676 1.5419580419580423 209.50000000000003 11.725000000000001 11.65
decision_type=8 10 2 8 2 10 10 2 10 10 2 2 10 2 10 10 10 8 8 10 10 10 10 10 2 10 10 2 10 10
left_child=-1 7 3 -3 6 -6 -4 8 9 13 15 12 14 17 20 -10 25 27 19 -19 21 -12 -23 -11 26 -17 -24 -2 -15 -30
right_child=1 2 4 -5 5 -7 -8 -9 10 23 11 -13 -14 28 -16 16 -18 18 -20 -21 -22 22 24 -25 -26 -27 -28 -29 29 -31
leaf_value=-0.00053503524703867511 -0.02762280165456062 0.058513872479570329 0.077891431301832209 -0.13797817972839857 0.01927156993433049 0.19599274557083846 -0.029155348728260689 -0.0099409565375616453 0.043832759497066338 0.057110720195553522 -0.029305469887821303 -0.17152080279039711 -0.038209171648205593 0.037140002588500115 0.19334096264577025 -0.34507024590458191 0.037147899749486339 -0.047926201113725309 0.004016550408909871 -0.33087728410959244 -0.18016668189139595 0.31125581603497271 0.24892612153198571 0.35163408096717752 -0.080887290114356636 -0.11314968785891931 0.023063144314184887 0.14353715181206789 -0.28507808864116674 0.038728467508086138
leaf_weight=89573 43 29 80 122 114 35 775 1486 36 22 95 38 259 2346 54 35 23 161 1806 20 21 25 32 23 31 30 36 91 20 28
leaf_count=89573 43 29 80 122 114 35 775 1486 36 22 95 38 259 2346 54 35 23 161 1806 20 21 25 32 23 31 30 36 91 20 28
internal_value=-1.18163e-11 0.00605416 -0.0194319 -0.100241 -0.00727826 0.0607833 -0.0191393 0.010408 0.0161404 0.0211955 -0.0160991 0.00258667 0.0145507 0.0193372 0.0610296 -0.105158 -0.166108 0.00226041 -0.00356305 -0.0791915 0.0312595 0.0515332 0.113466 0.207645 0.0635192 -0.23803 0.129352 0.0886127 0.0344667 -0.0961909
internal_weight=97489 7916 1155 151 1004 149 855 6761 5275 4560 715 591 553 4515 294 124 88 2121 1987 181 240 219 124 45 99 65 68 134 2394 48
internal_count=97489 7916 1155 151 1004 149 855 6761 5275 4560 715 591 553 4515 294 124 88 2121 1987 181 240 219 124 45 99 65 68 134 2394 48
is_linear=0
shrinkage=0.1


Tree=94
num_leaves=31
num_cat=0
split_feature=23 104 2 17 24 39 104 35 29 106 49 11 88 13 97 13 11 5 16 89 3 15 21 88 50 57 88 0 19 48
split_gain=30.4969 70.4195 79.5374 69.4488 65.905 109.272 96.8743 103.159 71.7996 62.567 57.4996 132.945 91.8122 136.694 128.132 103.08 98.1959 146.03 91.7329 74.3877 114.774 68.8129 68.8092 63.4289 116.964 93.6758 69.9238 67.208 101.469 89.7391
threshold=0.76280251157727752 113.35000000000001 41.935000000000009 4.5784101614887982 1.3666666666666669 0.68250705852645377 104.15000000000002 1.1750104807096555 1.1925034998819941 802.50000000000011 39.350000000000001 3.3450821711775789 28.850000000000005 2.2582094138490336 3.5000000000000004 5.1210344699038464 5.5735906071339771 9.7717840314788855 12.025000000000002 8.5000000000000018 9.1611043729936217 2.1845412803045217 0.63666273824766595 28.650000000000002 1.0000000180025095e-35 12.500000000000002 30.850000000000005 17.470000000000002 0.4736067977499791 4.0500000000000007
decision_type=8 2 10 10 10 10 2 10 10 2 10 10 10 10 2 10 10 8 10 10 10 10 10 10 10 10 10 10 10 10
left_child=1 2 4 9 8 -6 -7 -8 10 -3 23 -12 13 21 -15 16 22 -18 19 20 -16 -13 -14 27 25 26 -25 29 -29 -1
right_child=-2 3 -4 -5 5 6 7 -9 -10 -11 11 12 15 14 18 -17 17 -19 -20 -21 -22 -23 -24 24 -26 -27 -28 28 -30 -31
leaf_value=0.0039029199105171403 -0.00045060293744312473 -0.0097912057162602515 -0.15743979662656785 -0.14085756293265148 -0.076838627080654809 -0.068080843931862298 0.089406546583075244 0.28767704823437862 -0.085082831164201109 0.16002279696139424 0.29391447055153547 0.052438428945524598 0.1528087084076174 0.31652542501688008 0.24868203924923407 -0.18087510871700943 -0.27069226835782711 0.0063153048163988217 0.28723959498107438 -0.011448660031778784 0.04682466737305125 -0.087792959374686091 0.010044224752533821 0.35254196063393639 -0.037375259562395513 -0.032686503004768622 0.13376240332921346 0.057006672203905234 -0.063677743393992722 0.059626264942287489
leaf_weight=2431 91547 1575 27 40 42 28 115 34 75 22 20 71 53 26 41 32 26 71 20 82 90 69 93 21 60 23 48 92 287 328
leaf_count=2431 91547 1575 27 40 42 28 115 34 75 22 20 71 53 26 41 32 26 71 20 82 90 69 93 21 60 23 48 92 287 328
internal_value=-2.59795e-11 0.00694233 0.0136554 -0.0107116 0.0147352 0.0681703 0.102579 0.134649 0.0118522 -0.00745188 0.013677 0.0398342 0.0322947 0.0629355 0.105969 -0.0121623 0.010055 -0.0679341 0.0824729 0.063246 0.110001 -0.0166756 0.0618697 0.00815933 0.0712478 0.142089 0.200347 0.00510341 -0.0343823 0.0105275
internal_weight=97489 5942 4305 1637 4278 219 177 149 4059 1597 3984 694 674 399 259 275 243 97 233 213 131 140 146 3290 152 92 69 3138 379 2759
internal_count=97489 5942 4305 1637 4278 219 177 149 4059 1597 3984 694 674 399 259 275 243 97 233 213 131 140 146 3290 152 92 69 3138 379 2759
is_linear=0
shrinkage=0.1


Tree=95
num_leaves=31
num_cat=0
split_feature=94 56 41 85 51 107 88 89 82 104 85 41 21 80 13 18 33 41 104 17 26 42 38 13 51 27 34 14 5 22
split_gain=30.324 76.9788 104.829 66.5835 73.6112 65.654 64.975 63.8777 93.2685 69.0166 66.0968 62.3848 75.5585 58.2818 55.8266 82.9484 94.6698 64.7234 55.0652 98.574 68.223 53.3453 80.4776 116.558 82.0635 100.296 78.3989 74.5875 90.725 86.0056
threshold=1.0000000180025095e-35 8.5000000000000018 0.93338032134592741 168.50000000000003 95.850000000000009 2022.5000000000002 66.050000000000011 28.500000000000004 407.50000000000006 108.85000000000001 48.500000000000007 1.5999002947576504 2.3793086702062736 92.350000000000023 5.6035631862203301 1.3666666666666669 1.3519517580968834 1.0464164822528808 98.850000000000009 2.7261995031887332 0.95000000000000007 1.9000000000000001 2.7638888888888893 3.8858505420655018 66.350000000000009 1.1995347124462643 0.29705882352941182 4.0500000000000007 10.306088517273276 1.0250000000000001
decision_type=10 10 10 10 10 2 10 10 10 2 8 10 10 10 10 10 10 10 2 10 10 10 10 10 10 10 10 10 8 10
left_child=1 3 -3 4 6 11 7 14 10 -10 -9 -6 -13 -4 21 16 17 -16 19 -2 -21 22 -1 24 26 -26 -24 -23 29 -29
right_child=18 2 13 -5 5 -7 -8 8 9 -11 -12 12 -14 -15 15 -17 -18 -19 -20 20 -22 27 23 -25 25 -27 -28 28 -30 -31
leaf_value=-0.0018682919540703371 0.0078615704056080749 -0.11081656379625203 0.25698644991578729 -0.15469349946441324 -0.13009751690551638 0.17977046705782415 -0.11849032547705028 0.026513245999607801 0.031459298587980723 0.27520072953059127 -0.15944908685982229 0.17130891483496219 -0.057703017354011538 0.069793501152442053 -0.0070969098977543207 -0.10885290014939231 -0.14471526441092675 0.19243059607929197 0.0012072728353649271 0.012893250195876414 -0.18921129576495438 -0.0022794552249646416 0.08503270042991197 0.26077236209351284 0.036791563262023146 0.28725018483542264 -0.13238155658378503 0.087450830817940736 -0.054675508107893268 -0.018006343576271705
leaf_weight=20000 118 20 29 29 20 40 49 431 21 26 20 34 25 39 37 122 26 29 71423 23 61 2697 27 26 67 21 43 83 770 1133
leaf_count=20000 118 20 29 29 20 40 49 431 21 26 20 34 25 39 37 122 26 29 71423 23 61 2697 27 26 67 21 43 83 770 1133
internal_value=-1.30661e-11 -0.00293494 0.0904343 -0.00325371 -0.00308314 0.0753848 -0.00344749 -0.00322711 0.0322371 0.166295 0.0182666 0.0225314 0.07427 0.149626 -0.00393128 -0.0547885 0.0169055 0.0805743 0.00105982 -0.0510776 -0.133873 -0.00349361 -0.00126263 0.0645698 0.0322833 0.0965601 -0.0485218 -0.0131092 -0.0278162 -0.0108082
internal_weight=97489 25864 88 25776 25747 119 25628 25579 498 47 451 79 59 68 25081 214 92 66 71625 202 84 24867 20184 184 158 88 70 4683 1986 1216
internal_count=97489 25864 88 25776 25747 119 25628 25579 498 47 451 79 59 68 25081 214 92 66 71625 202 84 24867 20184 184 158 88 70 4683 1986 1216
is_linear=0
shrinkage=0.1


Tree=96
num_leaves=31
num_cat=0
split_feature=102 5 48 88 51 33 103 29 65 14 84 31 43 19 106 52 47 21 16 45 88 81 39 85 7 59 84 80 53 5
split_gain=29.9896 61.4073 91.7285 72.0063 66.5844 144.344 135.022 106.923 104.717 132.532 118.855 93.4934 88.5875 133.995 116.222 109.548 87.5382 146.181 140.299 115.458 83.9525 175.347 119.112 87.5408 87.8058 78.3185 123.015 131.268 87.6205 84.6709
threshold=2.5000000000000004 17.341073327040601 29.950000000000003 58.350000000000001 79.950000000000003 1.5793800527887105 0.63200000000000012 1.1430124454743453 4.5000000000000009 11.850000000000003 57.500000000000007 1.9191963108399057 1.5082875444051553 1.1178102700547357 376.50000000000006 10.500000000000002 0.887333286460806 1.8544235344508238 6.0250000000000012 0.9689585494434233 39.250000000000007 619.50000000000011 1.2494423429796104 37.500000000000007 7.443114594953478 27.500000000000004 22.500000000000004 924.0500000000003 29.500000000000004 9.8392205094490119
decision_type=8 10 8 10 10 10 2 10 10 10 10 10 10 10 2 10 10 10 10 10 10 8 8 8 10 10 8 10 10 8
left_child=-1 4 3 -3 25 8 7 -7 16 12 -11 -9 14 -14 -10 -16 18 -18 -6 20 21 -20 -22 24 -24 29 27 28 -27 -2
right_child=1 2 -4 -5 5 6 -8 11 9 10 -12 -13 13 -15 15 -17 17 -19 19 -21 22 -23 23 -25 -26 26 -28 -29 -30 -31
leaf_value=0.0010428681957968995 0.00018624975767286432 -0.064246930593213486 0.12209413800388576 -0.25957741165161136 0.32510809592902662 0.072265872632293671 -0.10014148469154652 0.37026862300211388 0.1454410464232487 -0.25756642215308689 -0.0323456845193539 0.096992523436035427 0.17046310704946521 -0.071380729289439906 -0.029148806503475261 0.077051582572453509 -0.062883588983185801 0.025754647054601201 0.021809911412688402 0.27785596435978299 -0.22293221528331439 0.27281605807182036 0.14847876806078214 -0.11034639529484724 -0.076914083281531931 0.068939142278100871 0.087971252515676071 -0.23069085191797326 -0.14270060738691917 -0.012282418664389864
leaf_weight=72025 12783 77 20 25 20 73 26 31 62 42 53 21 25 274 353 134 225 1075 104 21 24 38 56 35 25 79 221 27 26 9489
leaf_count=72025 12783 77 20 25 20 73 26 31 62 42 53 21 25 274 353 134 225 1075 104 21 24 38 56 35 25 79 221 27 26 9489
internal_value=-5.5338e-12 -0.00294976 -0.073726 -0.112122 -0.00260903 0.0121826 0.107198 0.150325 0.00659125 -0.0199111 -0.131917 0.259907 -0.00736322 -0.0511597 0.0164895 7.26558e-05 0.0219897 0.0104134 0.0685815 0.0516491 0.0348039 0.0889806 -0.0201467 0.0218089 0.0789131 -0.00438533 0.0423484 -0.0340354 0.0165331 -0.00512603
internal_weight=97489 25464 122 102 25342 2717 151 125 2566 943 95 52 848 299 549 487 1623 1300 323 303 282 142 140 116 81 22625 353 132 105 22272
internal_count=97489 25464 122 102 25342 2717 151 125 2566 943 95 52 848 299 549 487 1623 1300 323 303 282 142 140 116 81 22625 353 132 105 22272
is_linear=0
shrinkage=0.1


Tree=97
num_leaves=31
num_cat=0
split_feature=82 81 27 102 88 84 9 12 1 37 81 48 41 15 54 19 13 1 73 89 85 6 13 18 0 19 12 105 7 67
split_gain=29.1653 79.0535 84.2344 76.8787 103.304 72.8618 109.761 110.642 182.965 163.915 132.65 125.204 102.511 108.507 139.539 116.348 117.389 184.173 133.742 121.358 114.795 110.761 111.285 104.205 125.441 101.346 99.2327 104.154 121.252 96.9549
threshold=222.50000000000003 210.50000000000003 0.97386269437804185 8.5000000000000018 10.550000000000002 22.500000000000004 4.2400201545024041 8.1000000000000014 12.581534084626282 1.4487266298961141 332.50000000000006 24.750000000000004 1.7143537815787637 2.300965664032824 3.5000000000000004 0.92592714937812726 3.3972973171698291 11.473186131066681 6.5000000000000009 11.500000000000002 26.500000000000004 9.1000000000000014 1.8027222972291639 1.1000000000000003 42.370000000000012 0.92592714937812726 6.9000000000000012 0.55000000000000016 4.135196948141604 2.5000000000000004
decision_type=8 8 10 8 10 8 10 10 10 10 8 10 10 10 10 10 10 10 10 10 10 10 10 10 10 10 10 10 10 10
left_child=3 2 -2 -1 -5 6 26 8 10 -10 25 12 13 -9 15 21 17 23 19 20 -18 -15 -23 -17 -25 -8 29 -28 -29 -3
right_child=1 5 -4 4 -6 -7 7 11 9 -11 -12 -13 -14 14 -16 16 18 -19 -20 -21 -22 22 -24 24 -26 -27 27 28 -30 -31
leaf_value=-0.00056063969303225456 -0.15140738601912745 -0.067763650935080091 0.071718736889812604 0.0034639781532175198 -0.045654985418645884 0.0014384711026499044 0.34831722611966343 -0.10120160748561224 0.11668366998434068 0.40797385668754577 0.022373366867267905 0.14469280076346228 -0.096803021240471451 0.12584043424143349 0.24765263479202987 0.24607823193073275 0.20993850167192846 -0.17365423555557546 -0.14572054135302703 0.14088981857798963 -0.041886752911788581 0.15487618056627422 -0.060126643798099115 -0.016269290114424247 0.18864338330392327 0.06501743752908494 -1.0049373660453414e-05 -0.15830920917093755 0.034712627733295615 0.086803842851032431
leaf_weight=68187 64 59 23 826 889 25033 23 75 85 25 438 70 88 43 27 21 23 52 24 223 85 26 325 204 35 28 189 125 44 130
leaf_count=68187 64 59 23 826 889 25033 23 75 85 25 438 70 88 43 27 21 23 52 24 223 85 26 325 204 35 28 189 125 44 130
internal_value=2.23388e-11 0.00275327 -0.09242 -0.00108658 -0.0219977 0.00305436 0.019451 0.0307096 0.0663586 0.182886 0.0401458 0.0145448 0.00726231 0.0151366 0.0231562 0.0174433 0.0428944 -0.00185511 0.0822235 0.0987512 0.0117427 -0.0256427 -0.0442005 0.0325047 0.0137388 0.19278 -0.0200672 -0.0510145 -0.108055 0.0385526
internal_weight=97489 27587 87 69902 1715 27500 2467 1920 599 110 489 1321 1251 1163 1088 1061 667 312 355 331 108 394 351 260 239 51 547 358 169 189
internal_count=97489 27587 87 69902 1715 27500 2467 1920 599 110 489 1321 1251 1163 1088 1061 667 312 355 331 108 394 351 260 239 51 547 358 169 189
is_linear=0
shrinkage=0.1


Tree=98
num_leaves=31
num_cat=0
split_feature=103 60 15 20 39 47 109 103 82 28 51 23 36 30 85 15 106 10 21 45 4 91 47 12 83 1 15 82 110 57
split_gain=29.441 91.4349 89.904 74.1018 59.162 56.9999 72.4794 52.3423 86.1729 108.955 179.318 135.823 157.552 110.691 71.0457 92.7466 74.8926 117.466 71.3083 67.153 66.5121 71.2306 65.1934 71.0347 64.4981 60.6961 76.6095 53.1855 53.0986 80.4797
threshold=0.17700000000000002 1.0000000180025095e-35 3.3837839669488079 5.8285714285714292 1.9134024677363375 1.3338588977052661 28.299794661190969 0.24000000000000002 130.50000000000003 0.48684210526315791 56.250000000000007 1.5856085917213403 1.5500000000000003 0.36666666666666675 52.500000000000007 2.1647418798338895 715.50000000000011 15.425000000000002 4.0034701753629909 2.5916530473570343 15.344999999999999 1.5000000000000002 1.9344517085052486 4.366666666666668 43.500000000000007 11.862019221007689 3.0486789949526862 128.50000000000003 82.500000000000014 6.5000000000000009
decision_type=2 10 10 10 8 8 2 2 10 10 10 10 10 10 10 10 2 10 10 10 10 10 10 10 10 10 10 10 2 10
left_child=1 3 4 5 -3 6 -1 8 19 10 13 12 -12 -10 18 -16 17 24 -11 22 -15 -22 27 -24 -17 26 -19 28 -2 -30
right_child=7 2 -4 -5 -6 -7 -8 -9 9 14 11 -13 -14 20 15 16 -18 25 -20 -21 21 -23 23 -25 -26 -27 -28 -29 29 -31
leaf_value=-0.0050369501706240159 -0.0031353081659927229 -0.085916476867221786 -0.27204226976768536 0.18955903336405755 0.072739876703969364 -0.057762126037419238 0.1189806602503124 -0.00033948384056927696 -0.12257649838118941 0.02482026761337356 0.17247133736279519 0.013294798654058707 0.52618684381246561 0.23921083807945254 -0.21342683458328249 -0.090145914608405708 0.16487816314805637 -0.067074916728081246 0.20631699507886714 0.15483619571077054 -0.049015369442984083 0.17287219445342605 -0.014911809836459511 -0.16419472558533443 0.089477492301640191 -0.0044572365329121101 -0.29748020795760333 -0.14152071619263062 0.16512675822732298 0.016996786381957306
leaf_weight=272 1816 124 22 20 29 151 57 92784 37 1350 34 23 20 21 25 27 22 31 22 27 39 23 85 51 77 33 27 26 47 167
leaf_count=272 1816 124 22 20 29 151 57 92784 37 1350 34 23 20 21 25 27 22 31 22 27 39 23 85 51 77 33 27 26 47 167
internal_value=1.9294e-11 -0.0208121 -0.0830235 0.000961894 -0.0558444 -0.00689632 0.0164494 0.000145105 0.0113019 0.0274884 0.0976959 0.216799 0.303477 0.0212713 0.0189191 -0.0310368 -0.0100241 -0.0297567 0.0277306 -0.00190838 0.0853962 0.0332978 -0.00383908 -0.0708929 0.0428445 -0.112729 -0.174333 0.000596383 0.0024166 0.04953
internal_weight=97489 675 175 500 153 480 329 96814 4030 1811 197 77 54 120 1614 242 217 195 1372 2219 83 62 2192 136 104 91 58 2056 2030 214
internal_count=97489 675 175 500 153 480 329 96814 4030 1811 197 77 54 120 1614 242 217 195 1372 2219 83 62 2192 136 104 91 58 2056 2030 214
is_linear=0
shrinkage=0.1


Tree=99
num_leaves=31
num_cat=0
split_feature=106 64 20 1 18 20 88 15 14 48 91 44 30 33 35 16 24 17 88 5 91 4 43 18 104 17 86 16 89 20
split_gain=30.2084 77.3325 83.0282 86.5529 105.92 62.6571 62.1292 75.7248 88.9424 88.3231 68.3728 113.644 126.251 177.354 141.274 113.893 85.0649 171.717 88.1284 101.253 95.0289 79.8323 77.5447 84.2985 74.2897 74.2636 70.6537 71.6643 69.6782 66.6436
threshold=707.50000000000011 1.0000000180025095e-35 5.1055555555555561 20.716358257621149 3.7750000000000004 6.3500000000000005 26.850000000000005 3.9616184008489923 10.15 6.9500000000000011 2.5000000000000004 1.9500000000000002 1.1000000000000003 1.2549856481231825 1.1915269771356505 11.675000000000002 0.90000000000000013 3.0249762530235285 33.45000000000001 11.981078832749072 1.0000000180025095e-35 44.752500000000019 1.1178102700547354 3.7750000000000004 110.95000000000002 2.6732101621478397 81.500000000000014 4.6055555555555561 13.500000000000002 3.8166666666666669
decision_type=2 10 10 10 10 10 10 10 10 10 10 10 10 10 10 10 10 10 10 10 10 10 10 10 2 10 8 10 10 10
left_child=-1 2 3 6 -5 -3 7 8 -2 -9 16 12 21 14 29 22 18 -18 19 -8 -20 26 23 -15 -19 -13 28 -28 -12 -14
right_child=1 5 -4 4 -6 -7 10 9 -10 -11 11 25 13 15 -16 -17 17 24 20 -21 -22 -23 -24 -25 -26 -27 27 -29 -30 -31
leaf_value=0.00051180972414158004 0.0003512642694878229 -0.024204750086159209 0.0075159723737110344 0.29529186487197878 -0.030161017328500753 -0.13866649544552753 -0.04709881192150836 0.030567649498264845 0.20733947682948339 -0.14297092934258473 -0.07028647401701596 -0.02930839369745393 0.15230248364292689 0.20997601718162048 0.38198371949520982 -0.19919042316851793 -0.043000465668569868 -0.043921618312597277 0.1665954490709636 -0.26495693984131019 -0.0097602292360498191 0.16719441841477933 -0.083438093996207635 -0.03346673622727394 -0.26392363149559861 -0.11757388952692956 0.064309917363737312 -0.11218307622123597 0.01810995109229387 -0.02882505830909525
leaf_weight=89890 1813 129 3273 20 20 76 192 47 21 78 118 350 74 33 22 27 194 20 36 24 202 23 35 25 66 131 28 129 365 28
leaf_count=89890 1813 129 3273 20 20 76 192 47 21 78 118 350 74 33 22 27 194 20 36 24 202 23 35 25 66 131 28 129 365 28
internal_value=4.33112e-11 -0.00605429 -0.00437456 -0.0138183 0.132565 -0.0666393 -0.0152531 -0.00241148 0.00272136 -0.0777204 -0.0271083 -0.0140549 0.00678264 0.0682827 0.152153 -0.0183828 -0.0517923 -0.095141 -0.0250574 -0.0713053 0.0169154 -0.0158509 0.0341098 0.105044 -0.21276 -0.0533474 -0.0224291 -0.0807066 -0.00348586 0.102581
internal_weight=97489 7599 7394 4121 40 205 4081 1959 1834 125 2122 1388 907 244 124 120 734 280 454 216 238 663 93 58 86 481 640 157 483 102
internal_count=97489 7599 7394 4121 40 205 4081 1959 1834 125 2122 1388 907 244 124 120 734 280 454 216 238 663 93 58 86 481 640 157 483 102
is_linear=0
shrinkage=0.1


end of trees

feature_importances:
reb_rolling_20g_avg=162
fantasy_pts_lag_1=114
opponent_win_pct=102
reb_rolling_10g_avg=100
reb_rolling_5g_avg=96
reb_career_max=73
reb_rolling_5g_std=72
days_rest=71
height_inches=66
reb_lag_1=60
WEIGHT=60
opponent_def_rating=58
fantasy_pts_rolling_5g_avg=55
reb_rolling_10g_std=47
reb_rolling_20g_std=47
reb_season_cumulative_total=45
fantasy_pts_rolling_20g_std=44
tov_rolling_10g_std=44
pts_rolling_5g_std=43
blk_season_cumulative_total=43
fantasy_pts_season_max=42
tov_rolling_5g_std=40
blk_rolling_20g_std=39
tov_rolling_20g_std=39
fantasy_pts_rolling_5g_std=38
reb_season_max=36
draft_pick_numeric=35
pts_rolling_5g_avg=34
career_games_played=34
fantasy_pts_rolling_20g_avg=33
blk_rolling_10g_std=33
reb_season_min=33
ast_rolling_20g_std=32
stl_rolling_20g_std=31
fantasy_pts_season_min=30
blk_rolling_20g_avg=29
tov_season_cumulative_total=29
fantasy_pts_rolling_10g_avg=28
pts_rolling_10g_std=28
3pm_rolling_20g_std=28
tov_lag_1=27
pts_rolling_10g_avg=26
fantasy_pts_rolling_10g_std=25
stl_rolling_10g_std=25
3pm_season_cumulative_total=25
pts_lag_1=25
ast_rolling_10g_std=24
fantasy_pts_season_cumulative_total=24
age_at_game=24
ast_rolling_5g_std=23
fantasy_pts_career_min=23
fantasy_pts_career_max=23
pts_season_cumulative_total=23
ast_rolling_5g_avg=22
pts_rolling_20g_avg=21
blk_rolling_5g_std=21
tov_rolling_20g_avg=21
pts_rolling_20g_std=20
ast_rolling_10g_avg=20
ast_rolling_20g_avg=20
blk_rolling_5g_avg=20
pts_season_max=20
ast_season_cumulative_total=20
stl_season_cumulative_total=20
stl_rolling_20g_avg=18
home_game=18
pts_season_min=16
SEASON_EXP=16
opponent_recent_form=16
stl_rolling_5g_avg=15
ast_lag_1=15
pts_career_max=14
3pm_career_max=14
3pm_rolling_10g_avg=13
blk_lag_1=13
stl_rolling_10g_avg=12
tov_rolling_5g_avg=12
3pm_rolling_20g_avg=12
tov_rolling_10g_avg=11
3pm_rolling_5g_std=11
stl_rolling_5g_std=10
blk_rolling_10g_avg=10
3pm_rolling_10g_std=10
ast_season_max=9
season_start_year=9
3pm_rolling_5g_avg=8
reb_career_min=8
tov_season_max=8
tov_career_max=8
3pm_lag_1=8
tov_season_min=7
position_Center=7
stl_career_max=6
ast_season_min=5
stl_season_max=5
blk_season_max=5
stl_lag_1=5
position_Forward=5
position_Guard=4
pts_career_min=3
ast_career_max=3
blk_career_max=3
3pm_season_max=3
season_number=3
stl_season_min=2
blk_season_min=2
3pm_season_min=2
FROM_YEAR=1

parameters:
[boosting: gbdt]
[objective: regression]
[metric: l2]
[tree_learner: serial]
[device_type: cpu]
[data_sample_strategy: bagging]
[data: ]
[valid: ]
[num_iterations: 100]
[learning_rate: 0.1]
[num_leaves: 31]
[num_threads: 10]
[seed: 42]
[deterministic: 0]
[force_col_wise: 0]
[force_row_wise: 0]
[histogram_pool_size: -1]
[max_depth: -1]
[min_data_in_leaf: 20]
[min_sum_hessian_in_leaf: 0.001]
[bagging_fraction: 1]
[pos_bagging_fraction: 1]
[neg_bagging_fraction: 1]
[bagging_freq: 0]
[bagging_seed: 400]
[bagging_by_query: 0]
[feature_fraction: 1]
[feature_fraction_bynode: 1]
[feature_fraction_seed: 30056]
[extra_trees: 0]
[extra_seed: 12879]
[early_stopping_round: 0]
[early_stopping_min_delta: 0]
[first_metric_only: 0]
[max_delta_step: 0]
[lambda_l1: 0]
[lambda_l2: 0]
[linear_lambda: 0]
[min_gain_to_split: 0]
[drop_rate: 0.1]
[max_drop: 50]
[skip_drop: 0.5]
[xgboost_dart_mode: 0]
[uniform_drop: 0]
[drop_seed: 17869]
[top_rate: 0.2]
[other_rate: 0.1]
[min_data_per_group: 100]
[max_cat_threshold: 32]
[cat_l2: 10]
[cat_smooth: 10]
[max_cat_to_onehot: 4]
[top_k: 20]
[monotone_constraints: ]
[monotone_constraints_method: basic]
[monotone_penalty: 0]
[feature_contri: ]
[forcedsplits_filename: ]
[refit_decay_rate: 0.9]
[cegb_tradeoff: 1]
[cegb_penalty_split: 0]
[cegb_penalty_feature_lazy: ]
[cegb_penalty_feature_coupled: ]
[path_smooth: 0]
[interaction_constraints: ]
[verbosity: -1]
[saved_feature_importance_type: 0]
[use_quantized_grad: 0]
[num_grad_quant_bins: 4]
[quant_train_renew_leaf: 0]
[stochastic_rounding: 1]
[linear_tree: 0]
[max_bin: 255]
[max_bin_by_feature: ]
[min_data_in_bin: 3]
[bin_construct_sample_cnt: 200000]
[data_random_seed: 175]
[is_enable_sparse: 1]
[enable_bundle: 1]
[use_missing: 1]
[zero_as_missing: 0]
[feature_pre_filter: 1]
[pre_partition: 0]
[two_round: 0]
[header: 0]
[label_column: ]
[weight_column: ]
[group_column: ]
[ignore_column: ]
[categorical_feature: ]
[forcedbins_filename: ]
[precise_float_parser: 0]
[parser_config_file: ]
[objective_seed: 16083]
[num_class: 1]
[is_unbalance: 0]
[scale_pos_weight: 1]
[sigmoid: 1]
[boost_from_average: 1]
[reg_sqrt: 0]
[alpha: 0.9]
[fair_c: 1]
[poisson_max_delta_step: 0.7]
[tweedie_variance_power: 1.5]
[lambdarank_truncation_level: 30]
[lambdarank_norm: 1]
[label_gain: ]
[lambdarank_position_bias_regularization: 0]
[eval_at: ]
[multi_error_top_k: 1]
[auc_mu_weights: ]
[num_machines: 1]
[local_listen_port: 12400]
[time_out: 120]
[machine_list_filename: ]
[machines: ]
[gpu_platform_id: -1]
[gpu_device_id: -1]
[gpu_use_dp: 0]
[num_gpu: 1]

end of parameters

pandas_categorical:[]
