tree
version=v4
num_class=1
num_tree_per_iteration=1
label_index=0
max_feature_idx=115
objective=regression
feature_names=fantasy_pts_rolling_5g_avg fantasy_pts_rolling_5g_std fantasy_pts_rolling_10g_avg fantasy_pts_rolling_10g_std fantasy_pts_rolling_20g_avg fantasy_pts_rolling_20g_std pts_rolling_5g_avg pts_rolling_5g_std pts_rolling_10g_avg pts_rolling_10g_std pts_rolling_20g_avg pts_rolling_20g_std reb_rolling_5g_avg reb_rolling_5g_std reb_rolling_10g_avg reb_rolling_10g_std reb_rolling_20g_avg reb_rolling_20g_std ast_rolling_5g_avg ast_rolling_5g_std ast_rolling_10g_avg ast_rolling_10g_std ast_rolling_20g_avg ast_rolling_20g_std stl_rolling_5g_avg stl_rolling_5g_std stl_rolling_10g_avg stl_rolling_10g_std stl_rolling_20g_avg stl_rolling_20g_std blk_rolling_5g_avg blk_rolling_5g_std blk_rolling_10g_avg blk_rolling_10g_std blk_rolling_20g_avg blk_rolling_20g_std tov_rolling_5g_avg tov_rolling_5g_std tov_rolling_10g_avg tov_rolling_10g_std tov_rolling_20g_avg tov_rolling_20g_std 3pm_rolling_5g_avg 3pm_rolling_5g_std 3pm_rolling_10g_avg 3pm_rolling_10g_std 3pm_rolling_20g_avg 3pm_rolling_20g_std fantasy_pts_season_min fantasy_pts_season_max fantasy_pts_career_min fantasy_pts_career_max pts_season_min pts_season_max pts_career_min pts_career_max reb_season_min reb_season_max reb_career_min reb_career_max ast_season_min ast_season_max ast_career_min ast_career_max stl_season_min stl_season_max stl_career_min stl_career_max blk_season_min blk_season_max blk_career_min blk_career_max tov_season_min tov_season_max tov_career_min tov_career_max 3pm_season_min 3pm_season_max 3pm_career_min 3pm_career_max fantasy_pts_season_cumulative_total pts_season_cumulative_total reb_season_cumulative_total ast_season_cumulative_total stl_season_cumulative_total blk_season_cumulative_total tov_season_cumulative_total 3pm_season_cumulative_total fantasy_pts_lag_1 pts_lag_1 reb_lag_1 ast_lag_1 stl_lag_1 blk_lag_1 tov_lag_1 3pm_lag_1 WEIGHT SEASON_EXP FROM_YEAR TO_YEAR home_game away_game days_rest opponent_win_pct opponent_def_rating opponent_recent_form career_games_played season_start_year season_number age_at_game height_inches draft_pick_numeric is_undrafted position_Center position_Forward position_Guard
feature_infos=[-1:80.739999999999995] [0:33.644568655282235] [-1:71.920000000000016] [0:27.550241983208302] [-1:69.315000000000012] [0:27.550241983208302] [0:52.200000000000003] [0:24.785076154815421] [0:45.899999999999999] [0:19.406757127923825] [0:42.950000000000003] [0:15.874839410708679] [0:21.600000000000001] [0:10.329569206893384] [0:19.300000000000001] [0:8.2219219164377861] [0:17.649999999999999] [0:7.7781745930520225] [0:18.800000000000001] [0:7.334848328356899] [0:16] [0:6.7330032922413849] [0:14.1] [0:5.6568542494923806] [0:5.7999999999999998] [0:4.2190046219457971] [0:4] [0:3.0550504633038935] [0:4] [0:3.0550504633038935] [0:6.5999999999999996] [0:4.9497474683058327] [0:5.2000000000000002] [0:4.9497474683058327] [0:5] [0:4.9497474683058327] [0:8.1999999999999993] [0:4.6151923036857303] [0:6.9000000000000004] [0:3.5355339059327378] [0:6.6500000000000004] [0:3.5355339059327378] [0:9.1999999999999993] [0:5.9413803110051786] [0:7.2000000000000002] [0:4.3153472887152686] [0:7] [0:4.2426406871192848] [-3.5:99.5] [-2:105.2] [-3.5:55.700000000000003] [-1:105.2] [0:50] [0:73] [0:27] [0:73] [0:23] [0:31] [0:12] [0:31] [0:17] [0:24] [0:9] [0:24] [0:7] [0:10] [0:4] [0:10] [0:9] [0:10] [0:5] [0:10] [0:9] [0:12] [0:6] [0:12] [0:8] [0:14] [0:7] [0:14] [-2:4882.8000000000011] [0:2779] [0:1229] [0:895] [0:177] [0:252] [0:460] [0:392] [-3.5:105.2] [0:73] [0:31] [0:24] [0:10] [0:10] [0:12] [0:14] [164:290] [1:22] [2003:2024] none [0:1] [0:1] [1:2024] [0.106:0.89000000000000001] [93.099999999999994:119.59999999999999] [0:1] [0:1541] [2003:2024] [1:22] [18.828199863107461:40.142368240930871] [72:88] [1:61] [0:1] [0:1] [0:1] [0:1]
tree_sizes=2863 2902 2911 2923 2908 2931 2917 2862 2919 2910 2918 2913 2938 2918 2919 2869 2871 2890 2892 2903 2877 2882 2901 2905 2859 2895 2867 2890 2875 2909 2908 2873 2872 2843 2881 2877 2900 2884 2907 2887 2834 2873 2839 2873 2880 2850 2870 2865 2857 2812 2904 2860 2851 2862 2876 2837 2872 2859 2911 2846 2901 2838 2865 2815 2852 2818 2896 2876 2859 2846 2830 2874 2825 2836 2883 2825 2828 2821 2843 2848 2818 2875 2846 2818 2829 2841 2844 2826 2797 2888 2895 2813 2846 2912 2878 2842 2841 2827 2841 2830

Tree=0
num_leaves=31
num_cat=0
split_feature=34 34 34 34 34 34 71 103 110 34 110 34 110 71 59 103 103 15 100 55 71 1 102 36 6 32 71 34 88 21
split_gain=13116.1 3451.09 1664.97 521.865 416.743 302.132 221.972 173.369 154.079 106.213 101.76 89.3839 72.8194 70.5916 65.3343 56.3597 55.3605 51.0487 45.4484 44.3049 41.0522 39.9056 39.3175 54.3253 39.2261 37.5533 36.9739 36.9523 36.2003 35.9283
threshold=0.80625000000000013 1.6583333333333334 0.4188596491228071 2.4083333333333337 1.2565789473684212 0.21825396825396828 4.5000000000000009 0.57950000000000002 87.000000000000014 2.0250000000000004 81.500000000000014 0.56696428571428581 81.500000000000014 3.5000000000000004 19.500000000000004 0.61050000000000015 0.39800000000000008 4.0524331832310665 1.0000000180025095e-35 44.500000000000007 7.5000000000000009 15.025877674507781 2.5000000000000004 1.5500000000000003 9.1000000000000014 1.8875000000000002 2.5000000000000004 0.59411764705882364 28.450000000000003 1.9102888754005269
decision_type=10 10 10 10 10 8 10 2 2 10 2 10 2 10 10 2 2 10 2 10 10 10 10 10 10 10 10 10 10 10
left_child=2 4 5 7 10 26 11 9 15 21 14 -4 -6 -7 -2 18 -11 29 -5 27 -12 -3 -20 -24 -9 28 -1 -8 -14 -10
right_child=1 3 6 8 12 13 19 24 17 16 20 -13 25 -15 -16 -17 -18 -19 22 -21 -22 -23 23 -25 -26 -27 -28 -29 -30 -31
leaf_value=0.54653803795677736 0.61115917967695421 0.70413908578605511 0.57554035747923071 0.766514200981811 0.64181502552022662 0.56156446180854214 0.59319110281357579 0.62875196247182119 0.74541862998523367 0.78533459580203802 0.63347381277833981 0.58894708392932804 0.65018796635025999 0.57460526084072094 0.63121602793963971 0.73515196262913995 0.73452477448602249 0.97773155791759181 0.79347799083490045 0.59213900356373694 0.66794115184861469 0.752731554055454 0.78181318679974687 0.91992843357079568 0.68743189030365248 0.69975467191410579 0.5555459816671201 0.61324785898953338 0.6744345762080064 0.90522255191908563
leaf_weight=18745 4877 1227 10789 429 1332 17664 1257 127 24 357 5231 9225 961 5426 2435 250 537 49 292 2917 370 196 49 68 1106 369 6020 3412 1714 34
leaf_count=18745 4877 1227 10789 429 1332 17664 1257 127 24 357 5231 9225 961 5426 2435 250 537 49 292 2917 370 196 49 68 1106 369 6020 3412 1714 34
internal_value=0.587502 0.655379 0.567681 0.730923 0.634646 0.5564 0.587241 0.711682 0.788083 0.727802 0.625608 0.58172 0.661316 0.564629 0.617838 0.776822 0.754815 0.902584 0.789253 0.601808 0.635751 0.710832 0.813104 0.862085 0.681388 0.669849 0.548728 0.607848 0.665724 0.839097
internal_weight=97489 22034 75455 4745 17289 47855 27600 3550 1195 2317 12913 20014 4376 23090 7312 1088 894 107 838 7586 5601 1423 409 117 1233 3044 24765 4669 2675 58
internal_count=97489 22034 75455 4745 17289 47855 27600 3550 1195 2317 12913 20014 4376 23090 7312 1088 894 107 838 7586 5601 1423 409 117 1233 3044 24765 4669 2675 58
is_linear=0
shrinkage=1


Tree=1
num_leaves=31
num_cat=0
split_feature=34 34 34 34 34 34 71 110 103 34 34 110 103 110 71 11 96 15 88 110 79 81 41 27 100 96 40 41 103 32
split_gain=10624 2801.34 1348.62 576.777 244.727 217.223 179.797 140.139 118.659 96.8388 72.401 69.8827 65.3152 59.8817 55.3135 61.2242 51.162 45.59 42.9225 41.8507 39.242 37.219 35.8597 37.252 44.5134 35.7712 35.0615 42.133 34.8748 32.6226
threshold=0.80625000000000013 1.5131578947368423 0.4188596491228071 2.2583333333333337 0.21825396825396828 1.1464285714285716 4.5000000000000009 87.000000000000014 0.57450000000000012 1.9045454545454548 0.56696428571428581 81.500000000000014 0.33950000000000008 79.500000000000014 7.5000000000000009 5.3791752435509315 225.50000000000003 4.0524331832310665 25.850000000000005 80.500000000000014 8.5000000000000018 1593.5000000000002 1.6379543874950564 1.1995347124462643 1.0000000180025095e-35 206.50000000000003 2.1937500000000005 1.2529662612913215 0.68900000000000017 2.683333333333334
decision_type=10 10 10 10 8 10 10 2 2 10 8 2 2 2 10 10 2 10 10 2 10 8 8 10 2 2 10 10 2 10
left_child=2 5 4 8 25 16 10 12 9 26 -4 -7 22 -6 18 -16 -2 -9 -13 -11 -8 29 23 -5 -25 -1 27 -3 -10 -14
right_child=1 3 6 7 13 11 20 17 28 19 -12 14 21 -15 15 -17 -18 -19 -20 -21 -22 -23 -24 24 -26 -27 -28 -29 -30 -31
leaf_value=-0.037857698129387052 0.01901783823884852 0.09581138597386224 -0.010765640277528424 0.19868956884990138 -0.023402591204489526 0.040838225375323542 0.016273963231748966 0.22167704471799193 0.086538342799121815 0.0060674506037131605 0.0013004152290220184 0.04087215131937072 0.13481131362360577 -0.011378638178280926 0.055063265572625697 0.11787795282792356 0.034829948503413394 0.35120643156827713 0.065437921657662074 0.14266690637087109 -0.0023437469207853185 0.26126570355507639 0.082484134180205212 0.18471561294226421 0.37588644017433298 -0.030018327136568931 0.078312755193609349 0.13371806292712282 0.050875627712286944 0.16742157334700611
leaf_weight=15412 2903 875 10789 192 17681 2454 6201 61 1161 23 9225 1075 645 5409 282 345 6934 49 2102 903 1385 31 21 21 29 9353 543 441 359 585
leaf_count=15412 2903 875 10789 192 17681 2454 6201 61 1161 23 9225 1075 645 5409 282 345 6934 49 2102 903 1385 31 21 21 29 9353 543 441 359 585
internal_value=-1.48272e-10 0.0610891 -0.0178389 0.119787 -0.0279919 0.0394297 -0.000234978 0.170371 0.100588 0.112853 -0.00520407 0.053995 0.162503 -0.0205859 0.0624826 0.0896264 0.0301636 0.279376 0.0571256 0.139274 0.0128749 0.153048 0.207834 0.218711 0.295595 -0.034897 0.0996926 0.108514 0.0781154 0.150321
internal_weight=97489 22034 75455 5939 47855 16095 27600 1634 4305 2785 20014 6258 1524 23090 3804 627 9837 110 3177 926 7586 1261 263 242 50 24765 1859 1316 1520 1230
internal_count=97489 22034 75455 5939 47855 16095 27600 1634 4305 2785 20014 6258 1524 23090 3804 627 9837 110 3177 926 7586 1261 263 242 50 24765 1859 1316 1520 1230
is_linear=0
shrinkage=0.1


Tree=2
num_leaves=31
num_cat=0
split_feature=34 34 34 34 34 34 34 103 110 34 71 34 71 110 96 93 103 103 23 103 109 85 12 15 104 84 55 51 0 81
split_gain=8605.46 2280.26 1103.2 346.716 278.801 200.626 139.504 116.458 100.549 73.178 72.5909 69.6528 59.2962 57.488 54.8744 45.876 43.798 41.4469 41.2189 39.6431 34.8798 34.4649 34.2569 33.2098 33.0263 32.8628 32.8089 32.7774 32.6059 31.5346
threshold=0.80625000000000013 1.6583333333333334 0.39444444444444454 2.4083333333333337 1.1937500000000003 0.57518796992481214 0.15587044534412958 0.57950000000000002 87.000000000000014 1.4083333333333334 4.5000000000000009 2.0250000000000004 2.5000000000000004 81.500000000000014 230.50000000000003 1.5000000000000002 0.61050000000000015 0.39800000000000008 2.1100408615086228 0.44500000000000006 30.676249144421632 126.50000000000001 6.9000000000000012 4.0524331832310665 109.55000000000001 76.500000000000014 44.500000000000007 42.95000000000001 50.770000000000017 296.50000000000006
decision_type=10 10 10 10 10 10 8 2 2 10 10 10 10 2 2 10 2 2 8 2 2 10 10 10 2 8 10 10 10 10
left_child=2 4 6 7 13 14 -1 11 16 15 -7 27 -8 22 -4 -6 18 29 25 -15 -9 -11 -2 -10 -19 -5 -12 -3 -26 -13
right_child=1 3 5 8 9 10 12 20 23 21 26 17 -14 19 -16 -17 -18 24 -20 -21 -22 -23 -24 -25 28 -27 -28 -29 -30 -31
leaf_value=-0.033163044816301973 0.016935030083996491 0.021454410254955293 -0.011994867163469371 0.16571637187104404 0.038628226029206951 0.0011797748460678353 -0.026335801689838029 0.070075535022411942 0.2042674431513096 0.067427403152928708 0.021728144391305562 0.20732608936313124 -0.016442923953808183 0.050111478274064064 0.0016607437720476904 0.060817453981495101 0.11714675512956457 0.089473533838596936 0.067056110821573478 0.03040041778507236 0.12465664357629441 0.15057232686701943 0.031931715682669955 0.31608579231768241 0.12722930897124193 0.26915325692098124 0.0053208240052441506 0.10309906052778484 0.22506901778471777 0.14262425979696602
leaf_weight=18496 4079 51 14469 765 2524 9192 12757 1102 58 2220 3412 108 11539 1561 3694 1477 250 229 41 2946 131 51 2431 49 269 32 1896 1372 39 249
leaf_count=18496 4079 51 14469 765 2524 9192 12757 1102 58 2220 3412 108 11539 1561 3694 1477 250 229 41 2946 131 51 2431 49 269 32 1896 1372 39 249
internal_value=-7.4641e-11 0.0549802 -0.0160551 0.116386 0.0381272 -0.00221504 -0.0266191 0.100703 0.162977 0.0549574 0.0065565 0.113916 -0.0216373 0.0285457 -0.00921758 0.0468196 0.15388 0.13579 0.164839 0.0372273 0.0758745 0.0692946 0.0225352 0.255474 0.118234 0.169869 0.0158675 0.100173 0.139618 0.162198
internal_weight=97489 22034 75455 4745 17289 32663 42792 3550 1195 6272 14500 2317 24296 11017 18163 4001 1088 894 838 4507 1233 2271 6510 107 537 797 5308 1423 308 357
internal_count=97489 22034 75455 4745 17289 32663 42792 3550 1195 6272 14500 2317 24296 11017 18163 4001 1088 894 838 4507 1233 2271 6510 107 537 797 5308 1423 308 357
is_linear=0
shrinkage=0.1


Tree=3
num_leaves=31
num_cat=0
split_feature=34 34 34 34 34 34 71 103 110 110 110 34 71 71 79 110 110 103 43 88 8 103 1 113 103 20 103 48 61 104
split_gain=6979.72 1536.4 1202.48 280.84 215.529 166.552 146.811 94.3307 81.4445 60.3774 57.4122 57.0351 48.2044 44.6038 43.7511 40.4685 37.8513 37.5503 45.2773 38.1196 35.9547 34.0326 33.2452 32.0592 33.7729 31.8001 31.7885 31.3665 31.2426 42.0492
threshold=0.90454545454545465 1.6583333333333334 0.45227272727272733 2.4083333333333337 0.28991596638655465 1.3568181818181821 4.5000000000000009 0.57950000000000002 87.000000000000014 77.500000000000014 81.500000000000014 2.0513157894736849 3.5000000000000004 2.5000000000000004 7.5000000000000009 82.500000000000014 81.500000000000014 0.55850000000000011 1.7604525947843548 19.850000000000005 6.3166666666666673 0.39800000000000008 15.025877674507781 1.0000000180025095e-35 0.52600000000000013 3.8166666666666669 0.51350000000000018 20.550000000000004 4.5000000000000009 109.25000000000001
decision_type=10 10 10 10 8 10 10 2 2 2 2 10 10 10 10 2 2 2 10 10 10 2 10 2 2 10 2 10 10 2
left_child=2 5 4 7 13 10 9 11 17 -4 23 22 -6 -1 -8 -11 -7 19 -19 -5 -12 28 -3 -2 -25 -10 -22 -24 29 -13
right_child=1 3 6 8 12 16 14 -9 25 15 20 21 -14 -15 -16 -17 -18 18 -20 -21 26 -23 27 24 -26 -27 -28 -29 -30 -31
leaf_value=-0.029382538171783264 0.019664902131466037 0.085564462486416804 -0.0099279756942776062 0.065188241872884745 -0.016993681048019196 0.040943148219226545 0.018743878198193981 0.068287049531211536 0.18075465979212424 0.00092631132800707981 0.017263046925391386 0.30999013933798542 -0.0066103097900055132 -0.020945269479209778 0.0028909702738687225 0.019515905823871381 0.0669436254199125 0.10854493619568842 0.24975764743673304 0.16062651038731302 0.051548418609419028 0.10726121600347034 0.11053242688203835 0.047561172477360497 0.021818915186819304 0.29036706214149793 0.0348839190803455 0.211674641809313 0.12329265221627683 0.16119497358935689
leaf_weight=22081 3390 1332 5222 45 15407 764 6825 1233 59 11041 597 23 6299 8748 2337 1310 2096 421 24 598 2328 454 179 1089 958 48 2252 37 183 109
leaf_count=22081 3390 1332 5222 45 15407 764 6825 1233 59 11041 597 23 6299 8748 2337 1310 2096 421 24 598 2328 454 179 1089 958 48 2252 37 183 109
internal_value=-3.04542e-11 0.0558128 -0.0128277 0.104748 -0.0216139 0.0385798 0.00443735 0.0906327 0.146679 -0.00091337 0.0328086 0.102524 -0.0139805 -0.0269884 0.0147002 0.002898 0.059998 0.138492 0.116161 0.153947 0.0403456 0.124784 0.0914658 0.0256319 0.0355137 0.229927 0.0433544 0.127858 0.15004 0.187121
internal_weight=97489 18219 79270 4745 52535 13474 26735 3550 1195 17573 10614 2317 21706 30829 9162 12351 2860 1088 445 643 5177 769 1548 5437 2047 107 4580 216 315 132
internal_count=97489 18219 79270 4745 52535 13474 26735 3550 1195 17573 10614 2317 21706 30829 9162 12351 2860 1088 445 643 5177 769 1548 5437 2047 107 4580 216 315 132
is_linear=0
shrinkage=0.1


Tree=4
num_leaves=31
num_cat=0
split_feature=34 34 34 34 34 34 110 96 51 103 35 103 96 12 103 110 79 16 71 47 29 2 47 103 110 96 20 29 3 10
split_gain=5683.03 1491.18 729.005 320.619 181.18 119.387 101.803 65.4121 63.1013 62.6068 62.0852 50.0838 48.8558 40.2711 38.2886 38.0443 37.5989 37.089 36.8437 36.9257 34.3983 45.3771 33.8025 33.5436 33.9572 33.452 33.2017 33.1487 30.9801 35.4651
threshold=0.80625000000000013 1.5131578947368423 0.34166666666666673 2.0513157894736849 0.51315789473684215 1.1464285714285716 87.000000000000014 236.00000000000003 99.000000000000014 0.55850000000000011 0.38636598325222343 0.36000000000000004 267.50000000000006 5.1000000000000005 0.44500000000000006 79.500000000000014 1.0000000180025095e-35 14.025000000000002 6.5000000000000009 0.40931981564896242 0.5986938655656987 28.153571428571436 0.5986938655656987 0.68900000000000017 81.500000000000014 225.50000000000003 2.3166666666666669 1.3729393034788553 18.052457511885578 17.514705882352946
decision_type=10 10 10 10 10 10 2 2 10 2 8 2 2 10 2 2 10 10 10 8 10 10 10 2 2 2 10 10 10 10
left_child=2 5 10 8 15 18 9 -6 11 17 -1 16 13 -7 -8 -4 -3 26 19 -2 21 -14 -10 24 -13 -12 28 -28 29 -5
right_child=1 3 4 6 7 12 14 -9 22 -11 25 23 20 -15 -16 -17 -18 -19 -20 -21 -22 -23 -24 -25 -26 -27 27 -29 -30 -31
leaf_value=-0.027463531567412065 0.029870900562526975 0.12469891320521896 -0.012955361580302039 0.14378988940892887 -0.00050329731496599934 0.019200202327359608 0.30116527732461695 0.012052740699498807 0.23917328663494275 0.091645270606315651 -0.020981836336267493 0.035627949012345388 0.074050288257557301 0.040714649230658012 0.17196703242299 -0.0034970690296771932 0.074131820544660582 0.063379707402653168 0.036481267431546158 0.015185930277185622 0.057451839040275843 0.25062541839751334 0.10947102220881287 0.026796268617043963 0.068229914232404862 -0.0096591540419958474 0.082958337990789888 0.20480054390430449 0.22188563080770629 0.095713461547469111
leaf_weight=16961 2406 209 13564 764 12123 1080 32 6308 23 945 17229 380 43 4475 81 6195 496 90 1492 5939 638 22 159 286 2006 3075 209 25 42 192
leaf_count=16961 2406 209 13564 764 12123 1080 32 6308 23 945 17229 380 43 4475 81 6195 496 90 1492 5939 638 22 159 286 2006 3075 209 25 42 192
internal_value=9.80978e-11 0.0446796 -0.0130471 0.0875055 -0.00333762 0.028877 0.115918 0.003794 0.0685052 0.111301 -0.0229976 0.065414 0.0396751 0.0365318 0.208554 -0.00998992 0.0891226 0.125351 0.0220076 0.0194198 0.0645124 0.133814 0.125862 0.0591585 0.0630376 -0.019267 0.129878 0.0959757 0.137827 0.134134
internal_weight=97489 22034 75455 5939 38190 16095 2380 18431 3559 2267 37265 3377 6258 5555 113 19759 705 1322 9837 8345 703 65 182 2672 2386 20304 1232 234 998 956
internal_count=97489 22034 75455 5939 38190 16095 2380 18431 3559 2267 37265 3377 6258 5555 113 19759 705 1322 9837 8345 703 65 182 2672 2386 20304 1232 234 998 956
is_linear=0
shrinkage=0.1


Tree=5
num_leaves=31
num_cat=0
split_feature=34 34 34 34 34 34 103 30 71 47 20 88 103 71 71 75 41 115 3 15 96 103 71 85 103 41 0 48 71 40
split_gain=4603.25 1209.9 590.494 194.331 150.799 149.664 62.4583 57.6295 57.1788 53.2833 52.4333 48.833 43.3797 42.5431 40.6872 39.778 39.7409 39.6241 39.399 36.6145 35.9982 34.7738 34.7687 34.2277 30.5635 28.7828 28.4917 29.5359 27.6054 27.2481
threshold=0.80625000000000013 1.6583333333333334 0.34166666666666673 2.4750000000000005 1.1464285714285716 0.56696428571428581 0.39800000000000008 1.3666666666666669 3.5000000000000004 0.31154763663392609 4.5277777777777786 16.050000000000004 0.58700000000000008 7.5000000000000009 5.5000000000000009 7.5000000000000009 1.7359447514570558 1.0000000180025095e-35 18.052457511885578 3.5284556650519181 207.50000000000003 0.40850000000000003 5.5000000000000009 162.50000000000003 0.37650000000000006 1.7859379366115393 57.620000000000005 5.5500000000000007 6.5000000000000009 2.9187500000000006
decision_type=10 10 10 10 10 10 2 10 10 10 10 10 2 10 10 10 10 2 10 10 2 2 10 10 2 8 10 10 10 10
left_child=2 4 8 6 24 17 15 14 20 11 12 -7 22 23 -6 18 -12 -4 -3 -16 -1 -11 -5 25 -2 -8 27 -15 -26 -24
right_child=1 3 5 10 7 9 13 -9 -10 21 16 -13 -14 26 19 -17 -18 -19 -20 -21 -22 -23 29 -25 28 -27 -28 -29 -30 -31
leaf_value=-0.024633281152718102 0.030149781360024254 0.097619613221338122 -0.0031791413892934351 0.019421416245124959 0.017094021157283291 -0.0027903744910689567 0.057468380150351585 0.047215317186010464 -0.0088749923859028079 0.011487610751678498 0.33386298328638081 0.033280220390398262 0.086097318984125218 0.11280657684764801 0.029368438302357761 0.014846075996423938 0.13689940160229094 -0.011450579015859091 0.21070374306291342 0.057407062113961418 -0.017931204750327692 -0.000340158238980187 0.12995427461441406 0.17631661257220677 0.014267685933451173 0.0064156370206425589 0.1575251177115285 0.070162370274372318 0.031087201259206748 0.21034735373893959
leaf_weight=20364 2214 828 10125 27 1511 556 1385 3831 3686 3373 20 1155 307 195 1416 56 21 13532 32 694 13215 9449 668 23 6474 120 46 972 1149 45
leaf_count=20364 2214 828 10125 27 1511 556 1385 3831 3686 3373 20 1155 307 195 1416 56 21 13532 32 694 13215 9449 668 23 6474 120 46 972 1149 45
internal_value=1.05684e-10 0.0402117 -0.0117424 0.0849413 0.0279355 -0.00300386 0.0739029 0.0386657 -0.0206979 0.00498319 0.122044 0.0215589 0.117699 0.0663481 0.0296203 0.0965098 0.232979 -0.00791047 0.101827 0.0385906 -0.0219957 0.0027713 0.13081 0.0552479 0.0198068 0.0533977 0.0803308 0.077288 0.0168029 0.135028
internal_weight=97489 22034 75455 4745 17289 38190 3657 7452 37265 14533 1088 1711 1047 2741 3621 916 41 23657 860 2110 33579 12822 740 1528 9837 1505 1213 1167 7623 713
internal_count=97489 22034 75455 4745 17289 38190 3657 7452 37265 14533 1088 1711 1047 2741 3621 916 41 23657 860 2110 33579 12822 740 1528 9837 1505 1213 1167 7623 713
is_linear=0
shrinkage=0.1


Tree=6
num_leaves=31
num_cat=0
split_feature=34 34 34 34 34 34 34 47 110 40 30 103 71 108 49 80 110 103 103 110 88 100 7 57 103 44 32 27 21 65
split_gain=3731.92 830.364 645.67 171.981 124.379 96.732 94.7482 48.5567 46.4341 43.8617 43.5338 42.7862 41.5777 40.8823 40.8644 39.8707 38.2513 41.7297 37.9686 36.9626 35.7807 32.201 36.8687 30.6364 29.5929 30.4995 29.5833 28.9843 47.9148 28.5382
threshold=0.90454545454545465 1.8625000000000003 0.45227272727272733 1.3568181818181821 0.20526315789473687 2.5250000000000004 0.67543859649122817 0.31154763663392609 80.500000000000014 3.4522727272727276 1.3666666666666669 0.57100000000000006 3.5000000000000004 11.500000000000002 32.050000000000004 1032.7500000000005 81.500000000000014 0.5335000000000002 0.61050000000000015 77.500000000000014 11.450000000000001 1.0000000180025095e-35 10.069755475936926 9.5000000000000018 0.5335000000000002 0.95000000000000007 1.9500000000000002 1.4564938920208721 1.3197184163705313 5.5000000000000009
decision_type=10 10 10 10 8 10 10 10 2 10 10 2 10 2 8 10 2 2 2 2 10 2 8 10 2 10 10 10 10 10
left_child=2 3 4 10 -1 8 19 20 -3 18 24 27 -6 29 -5 -11 -16 -18 21 -4 -8 22 -7 -19 25 -2 -15 -10 -29 -13
right_child=1 5 6 14 12 9 7 -9 11 15 -12 13 -14 26 16 -17 17 23 -20 -21 -22 -23 -24 -25 -26 -27 -28 28 -30 -31
leaf_value=-0.020980436842064853 0.033266603789112024 -0.015992403097281404 -0.0094892815683278852 -0.0014293708604977587 -0.013529584147793528 0.10735023247588212 -0.0061154697556048635 0.0071584566974543726 0.084573817965655163 0.099208196971033308 0.03315353775508724 0.049041859872238018 -0.0047274062605443916 0.21426246511936187 0.031758774375057974 0.25561410198226953 0.065543316180601149 0.099003918610720179 0.068405958345415546 0.0012945901548588427 0.030458553118939781 0.13858374507490839 0.0042595917215714095 0.038775118332210846 0.012628481172043945 0.015224770821852349 0.089258261502553268 0.25821034232011209 0.089654698005566996 0.14686057497897456
leaf_weight=24715 2170 55 4545 163 20558 314 320 9669 1329 28 3416 787 7262 25 926 39 1696 90 204 10571 1630 356 39 1371 3379 1649 78 26 48 31
leaf_count=24715 2170 55 4545 163 20558 314 320 9669 1329 28 3416 787 7262 25 926 39 1696 90 204 10571 1630 356 39 1371 3379 1649 78 26 48 31
internal_value=1.66886e-10 0.0408113 -0.00937986 0.0306613 -0.0158181 0.0857144 0.00327144 0.0100616 0.0748227 0.112155 0.023857 0.076972 -0.0112319 0.0602251 0.0476703 0.19025 0.0496305 0.0548725 0.106424 -0.00194785 0.0244567 0.117362 0.0959606 0.0424853 0.0194451 0.0254763 0.119599 0.0879654 0.148877 0.0527489
internal_weight=97489 18219 79270 14860 52535 3359 26735 11619 2379 980 10614 2324 27820 921 4246 67 4083 3157 913 15116 1950 709 353 1461 7198 3819 103 1403 74 818
internal_count=97489 18219 79270 14860 52535 3359 26735 11619 2379 980 10614 2324 27820 921 4246 67 4083 3157 913 15116 1950 709 353 1461 7198 3819 103 1403 74 818
is_linear=0
shrinkage=0.1


Tree=7
num_leaves=31
num_cat=0
split_feature=34 34 34 34 71 71 71 69 30 111 51 103 109 18 110 12 6 103 25 19 18 9 103 48 35 103 47 40 82 53
split_gain=3028.89 806.345 396.092 174.529 88.0353 81.955 65.7085 64.1774 58.5094 48.6494 43.1199 42.867 45.0699 39.6127 37.8057 32.9414 31.9601 31.6913 30.1664 54.0519 38.4152 38.7193 29.7266 29.5176 27.6789 25.727 25.4161 28.9032 28.1593 24.69
threshold=0.8377192982456142 1.5131578947368423 0.39444444444444454 2.0513157894736849 4.5000000000000009 7.5000000000000009 2.5000000000000004 7.5000000000000009 1.3666666666666669 24.500000000000004 99.000000000000014 0.45150000000000007 26.728268309377142 1.2250000000000003 76.500000000000014 5.9000000000000012 15.633333333333335 0.34400000000000003 0.82657830373090091 1.8818990709935315 3.1000000000000005 5.2260029267809864 0.6080000000000001 13.15 1.8210513599768416 0.46800000000000003 0.5986938655656987 2.1937500000000005 246.50000000000003 19.500000000000004
decision_type=10 10 10 10 10 10 8 8 10 2 10 2 2 10 2 10 10 2 10 10 10 10 2 8 8 2 10 10 10 10
left_child=2 5 6 10 14 8 -1 17 15 -7 13 18 -13 16 -4 -2 22 24 19 -9 21 -20 -3 -23 29 -16 -12 28 -28 -5
right_child=1 3 4 7 -6 9 -8 11 -10 -11 26 12 -14 -15 25 -17 -18 -19 20 -21 -22 23 -24 -25 -26 -27 27 -29 -30 -31
leaf_value=-0.018816013588754104 0.0075074366352295505 0.063363597162883548 -0.011428770445770481 0.19822888262569904 0.0077684654058471844 0.074485540493571506 -0.010675867466024698 0.15079114159993959 0.0284907944026291 0.032156179660965921 0.19578828643197599 0.11414575065703747 0.041836007405072456 0.039842992815235963 0.0026897960922749398 0.019170223779693761 0.09008397151923056 0.068586096835629592 0.26660767005135616 -0.033740317415107378 0.29808127324689521 0.066386955446667145 0.019454641764523554 0.18092483564383455 0.036745379077938366 -0.0049307769156901951 0.082761333170428608 0.037625583341798274 0.20522402711212637 0.10485172818710164
leaf_weight=27179 3876 622 5612 32 8162 397 15613 57 4468 859 23 306 120 2239 7073 6455 311 1408 24 22 22 45 205 45 53 11856 57 74 28 246
leaf_count=27179 3876 622 5612 32 8162 397 15613 57 4468 859 23 306 120 2239 7073 6455 311 1408 24 22 22 45 205 45 53 11856 57 74 28 246
internal_value=-1.70212e-10 0.0326566 -0.00951386 0.0641382 -0.00122822 0.021011 -0.015846 0.0851011 0.0189296 0.0455358 0.0501197 0.112148 0.0937768 0.0475644 -0.00422039 0.0147946 0.0627561 0.0751314 0.14855 0.0994026 0.177099 0.153751 0.0524793 0.123656 0.102974 -0.00208328 0.0975335 0.0833205 0.123102 0.1156
internal_weight=97489 21994 75495 5939 32703 16055 42792 2380 14799 1256 3559 641 426 3377 24541 10331 1138 1739 215 79 136 114 827 90 331 18929 182 159 85 278
internal_count=97489 21994 75495 5939 32703 16055 42792 2380 14799 1256 3559 641 426 3377 24541 10331 1138 1739 215 79 136 114 827 90 331 18929 182 159 85 278
is_linear=0
shrinkage=0.1


Tree=8
num_leaves=31
num_cat=0
split_feature=34 34 34 34 32 34 47 71 103 49 110 110 27 20 16 89 89 30 71 75 71 51 9 46 103 36 20 23 0 7
split_gain=2460.15 543.342 439.565 115.331 108.242 68.1087 57.8841 49.7227 43.6908 42.4352 43.764 38.2901 38.1302 37.3136 36.0995 35.1112 34.4431 31.1819 31.1478 31.1244 29.782 29.4638 28.9102 28.1157 27.5369 32.2294 31.197 27.2168 30.3795 50.0284
threshold=0.90454545454545465 1.8625000000000003 0.51315789473684215 1.4083333333333334 0.23611111111111113 2.6076923076923082 0.31154763663392609 5.5000000000000009 0.57100000000000006 27.650000000000002 81.500000000000014 79.500000000000014 1.5257045792034711 4.7250000000000005 3.7029411764705888 21.500000000000004 6.5000000000000009 2.3666666666666671 5.5000000000000009 3.5000000000000004 7.5000000000000009 99.000000000000014 5.2683537378911849 1.7947368421052634 0.68900000000000017 0.77500000000000013 1.4722222222222225 0.98925866802005491 33.670000000000009 6.0621764237928142
decision_type=10 10 10 10 8 10 10 10 2 8 2 2 10 10 10 10 10 10 10 10 10 10 10 10 2 10 10 8 10 10
left_child=2 3 4 9 14 8 16 -8 19 -2 -11 -6 13 27 -1 -14 -4 20 -10 -3 -12 24 -22 -21 25 -5 -27 28 -7 -30
right_child=1 5 6 21 11 12 7 -9 18 10 17 -13 15 -15 -16 -17 -18 -19 -20 23 22 -23 -24 -25 -26 26 -28 -29 29 -31
leaf_value=-0.018997782813980926 -0.010369131560071132 0.0013457183664043746 0.0035816843337342346 0.010228562719260753 -0.0099883680468130231 0.17855292705156037 0.00019243683729915128 0.014511249363946162 0.0033117434170269809 0.014800845624258811 0.024002332781763537 -0.0015390003944112066 0.27744426521516979 0.2117670754591624 -0.011709480927326496 0.109975470169898 0.025765814774209118 0.085921362106196789 0.052598797618027993 0.079481566086980315 0.025404602436255322 0.10459835520812444 0.071513279803774574 0.034488617816279009 0.009152958469379812 0.05876691964928446 0.03735259085984538 0.074874481221276726 0.030319342563549678 0.174697841762536
leaf_weight=19305 445 60 1131 297 19887 59 16434 2845 151 5409 4715 7344 21 24 10488 31 1836 90 850 1336 269 70 275 155 283 1040 1967 572 60 40
leaf_count=19305 445 60 1131 297 19887 59 16434 2845 151 5409 4715 7344 21 24 10488 31 1836 90 850 1336 269 70 275 155 283 1040 1967 572 60 40
internal_value=6.57506e-11 0.0331356 -0.00761572 0.0249251 -0.0122668 0.0694584 0.00430657 0.00230546 0.061451 0.0198918 0.0211435 -0.00770964 0.0947805 0.0890759 -0.0164321 0.177607 0.0173094 0.0275573 0.0451639 0.0719625 0.0265585 0.0403446 0.0487132 0.0748042 0.0390907 0.041655 0.0447589 0.0850477 0.121646 0.0880707
internal_weight=97489 18219 79270 14860 57024 3359 22246 19279 2552 11203 10758 27231 807 755 29793 52 2967 5349 1001 1551 5259 3657 544 1491 3587 3304 3007 731 159 100
internal_count=97489 18219 79270 14860 57024 3359 22246 19279 2552 11203 10758 27231 807 755 29793 52 2967 5349 1001 1551 5259 3657 544 1491 3587 3304 3007 731 159 100
is_linear=0
shrinkage=0.1


Tree=9
num_leaves=31
num_cat=0
split_feature=34 34 34 34 34 71 30 47 69 96 103 109 89 96 14 71 40 40 0 33 103 15 14 103 50 3 103 5 5 32
split_gain=1996.29 529.739 269.622 120.049 73.9128 60.4496 47.2579 42.7006 41.8887 39.3089 33.6013 34.0524 32.1374 30.6215 29.2495 28.4193 31.2281 31.305 32.0305 28.0864 27.3862 26.9423 27.8147 25.7656 25.3044 30.14 25.4828 24.2196 23.7752 23.5926
threshold=0.80625000000000013 1.5131578947368423 0.34166666666666673 2.2583333333333337 0.64852941176470602 6.5000000000000009 1.9000000000000001 0.60557219071006607 7.5000000000000009 207.50000000000003 0.45150000000000007 26.728268309377142 3.5000000000000004 236.00000000000003 5.9500000000000011 5.5000000000000009 1.0954545454545457 0.94868421052631591 34.290000000000013 1.9044597030031432 0.59000000000000008 2.7421601221691589 14.750000000000002 0.48700000000000004 -1.3999999999999997 5.1627996277695347 0.68200000000000016 17.341073327040601 8.7219045179568244 1.4722222222222225
decision_type=10 10 10 10 10 10 10 8 8 2 2 2 10 2 10 10 10 10 10 8 2 10 10 2 10 10 2 10 10 10
left_child=2 5 9 6 13 7 24 12 15 -1 -10 -12 -2 -4 -6 -5 17 -17 -19 -8 29 28 27 -14 -3 -26 -27 -23 -18 -7
right_child=1 3 4 8 14 20 19 -9 10 -11 11 -13 23 -15 -16 16 21 18 -20 -21 -22 22 -24 -25 25 26 -28 -29 -30 -31
leaf_value=-0.016586222390661168 -0.00082001709679434135 0.071547014448082161 -0.0062886022552288692 0.0064849775146555017 0.00035452964033122405 0.029783287114504921 0.060132150486783775 0.0090999050211011019 0.13204330438043219 -0.0100195920026555 0.096724894061633412 0.026341798661483659 0.032301566747957915 0.0022062536899214048 0.010674804397983288 0.057955176958983591 0.10458580020226932 0.22704188765750991 0.069204519838094711 0.024409690912009455 0.014864841471503319 0.074078655113525196 0.0014096643994836247 0.017237708220680173 0.14280005035301049 0.033757006493899198 -0.0011718471366672302 0.17272285664310824 0.017899200677004439 0.054536945293036924
leaf_weight=21364 605 168 21852 81 6027 1883 1608 7519 185 15901 291 90 1985 5266 5045 44 38 36 20 255 966 583 51 2653 24 2017 233 26 189 484
leaf_count=21364 605 168 21852 81 6027 1883 1608 7519 185 15901 291 90 1985 5266 5045 44 38 36 20 255 966 583 51 2653 24 2017 233 26 189 484
internal_value=9.48346e-11 0.0264808 -0.00773281 0.0520063 -0.00182795 0.017062 0.0432471 0.0139301 0.0750835 -0.0137842 0.0970772 0.080099 0.0208572 -0.004639 0.005057 0.0634276 0.0681007 0.121076 0.170671 0.0552426 0.0290541 0.0621282 0.0723493 0.0236848 0.0340958 0.031329 0.0301399 0.0782901 0.0324106 0.0348449
internal_weight=97489 22034 75455 5939 38190 16095 4305 12762 1634 37265 566 381 5243 27118 11072 1068 987 100 56 1863 3333 887 660 4638 2442 2274 2250 609 227 2367
internal_count=97489 22034 75455 5939 38190 16095 4305 12762 1634 37265 566 381 5243 27118 11072 1068 987 100 56 1863 3333 887 660 4638 2442 2274 2250 609 227 2367
is_linear=0
shrinkage=0.1


Tree=10
num_leaves=31
num_cat=0
split_feature=32 34 71 32 110 103 34 110 35 110 103 30 12 71 111 63 0 2 96 71 71 106 4 109 23 34 89 42 80 69
split_gain=1624.86 357.792 297.505 88.9201 87.809 54.4403 54.0949 48.9793 46.8023 39.5021 36.5741 35.773 33.4651 29.2586 28.817 27.7418 26.7341 49.5282 30.5254 24.8903 24.1671 24.014 23.9313 24.5522 31.5527 23.0936 24.0916 22.8078 33.4931 29.2722
threshold=0.95000000000000007 1.8625000000000003 3.5000000000000004 0.21111111111111114 81.500000000000014 0.5335000000000002 0.64852941176470602 82.500000000000014 2.0567591362099322 80.500000000000014 0.57100000000000006 1.9000000000000001 7.366666666666668 2.5000000000000004 31.500000000000004 7.5000000000000009 22.970000000000006 24.555000000000007 264.50000000000006 5.5000000000000009 7.5000000000000009 20.500000000000004 34.112500000000018 21.824777549623551 1.3420501978246822 2.6076923076923082 12.500000000000002 1.7750000000000001 1761.8500000000006 7.5000000000000009
decision_type=10 10 10 8 2 2 10 2 10 2 2 10 10 10 2 10 10 10 2 10 10 2 10 2 10 10 10 10 10 8
left_child=2 4 3 -1 12 11 15 13 9 -3 16 20 21 -5 -7 -4 -11 -18 27 -12 -6 -2 25 24 -24 -21 -27 28 29 -19
right_child=1 8 6 7 5 14 -8 -9 -10 10 19 -13 -14 -15 -16 -17 17 18 -20 22 -22 -23 23 -25 -26 26 -28 -29 -30 -31
leaf_value=-0.014475353439222552 -0.034791555924012382 -0.031585776734758507 0.006961075138092041 -0.010806714944052533 0.027649426094792331 0.02232692501428233 0.0078872811028580427 0.013337853840792811 0.090354637724745918 -0.010793646036957701 0.0012365740177960232 0.055528372613391996 0.02095667751968144 -0.0040667172510104746 -0.0026828096565273841 -0.0036942737967927764 0.2139493143016642 0.079646424689801515 0.037877674417516174 0.054988703336641492 0.05133981349529692 0.0079205349001575196 0.029643044012941811 0.028749762236223959 0.16441531307063997 0.1816317737554059 0.056700029712298816 0.034796552468424689 0.049681444064655654 0.14195184538451333
leaf_weight=26746 136 55 3125 12252 2957 3172 11282 1208 364 48 145 725 2603 13579 539 11203 22 737 379 249 504 4099 38 615 32 33 29 162 367 84
leaf_count=26746 136 55 3125 12252 2957 3172 11282 1208 364 48 145 725 2603 13579 539 11203 22 737 379 249 504 4099 38 615 32 33 29 162 367 84
internal_value=-1.86643e-11 0.0270433 -0.00616312 -0.0103871 0.0203293 0.0275127 0.00270795 -0.0063432 0.0564955 0.0523804 0.0539512 0.0353303 0.0120335 -0.00726359 0.0186944 -0.0013703 0.0628338 0.0648521 0.062955 0.0399461 0.0310993 0.00654891 0.0455815 0.035137 0.0912532 0.0685863 0.123196 0.0699952 0.074795 0.0860212
internal_weight=97489 18094 79395 53785 14735 7897 25610 27039 3359 2995 2940 4186 6838 25831 3711 14328 1799 1751 1729 1141 3461 4235 996 685 70 311 62 1350 1188 821
internal_count=97489 18094 79395 53785 14735 7897 25610 27039 3359 2995 2940 4186 6838 25831 3711 14328 1799 1751 1729 1141 3461 4235 996 685 70 311 62 1350 1188 821
is_linear=0
shrinkage=0.1


Tree=11
num_leaves=31
num_cat=0
split_feature=34 34 34 71 110 71 6 40 101 57 93 86 26 29 3 89 55 88 23 32 115 45 1 51 14 3 0 88 17 36
split_gain=1330.65 302.897 241.402 69.8013 69.1832 50.7391 45.9987 49.1974 40.3821 36.9932 37.3524 31.5984 31.3304 28.3693 38.87 34.2073 27.8903 31.624 27.8044 27.4359 27.4145 27.0846 29.8319 26.8764 26.4485 26.2845 37.8551 25.0158 24.785 24.6098
threshold=1.0250000000000001 0.51315789473684215 2.0250000000000004 2.5000000000000004 81.500000000000014 4.5000000000000009 10.450000000000001 2.5131578947368425 1.0000000180025095e-35 13.500000000000002 1.5000000000000002 159.50000000000003 1.8730158730158732 0.75935458991449933 8.4449064199477473 15.500000000000002 34.500000000000007 26.050000000000004 0.68694219605279438 0.68333333333333346 1.0000000180025095e-35 1.4414292762296912 10.73058712216765 94.15000000000002 2.7071428571428577 12.202549823514717 36.95000000000001 29.250000000000004 3.4471574812325971 1.5500000000000003
decision_type=10 10 8 10 2 10 10 10 2 10 10 8 10 8 8 10 10 10 8 10 2 10 10 8 8 10 10 10 10 10
left_child=1 3 4 24 -2 18 -6 9 12 10 -8 13 -4 21 29 -16 17 -7 19 -3 -5 25 -23 -11 -1 26 -10 -27 -14 -15
right_child=2 5 8 20 6 16 7 -9 11 23 -12 -13 28 14 15 -17 -18 -19 -20 -21 -22 22 -24 -25 -26 27 -28 -29 -30 -31
leaf_value=-0.015642345980801029 0.01169573060371347 -0.012160867956382566 0.064959761517921918 -0.00086365145935776439 0.015207085177311175 0.0074370284820834565 0.03612430203940855 0.017465811519231184 0.067574571202839578 0.029743069189027305 0.071391266786946753 0.13952590873690718 0.070563442827690212 0.15468488994397617 -0.001100027615047363 0.041376543427897594 0.0046898484813207618 0.02367071801763368 -0.00054226102403509753 0.03458581028429613 -0.0076322137028264226 0.20790015700459483 0.061080799852648096 0.078313295768589919 -0.0097350980141172033 0.019495722438607897 -0.0093358229845762249 0.13309578927352081 0.21932324577743809 0.04361855701676437
leaf_weight=12973 4409 176 1239 9422 2232 2578 636 1618 155 2673 569 33 21 38 332 442 5770 2245 14420 438 16399 25 31 119 18230 28 109 63 24 42
leaf_count=12973 4409 176 1239 9422 2232 2578 636 1618 155 2673 569 33 21 38 332 442 5770 2245 14420 438 16399 25 31 119 18230 28 109 63 24 42
internal_value=-1.08769e-10 -0.00495014 0.0275734 -0.00900843 0.021719 0.00408018 0.0273507 0.0321779 0.0553628 0.0381334 0.0527773 0.0429245 0.0679367 0.0404044 0.0300155 0.0231566 0.00938109 0.0149935 0.000345142 0.0211861 -0.00516239 0.0619912 0.126625 0.0318132 -0.0121911 0.0517954 0.0358199 0.0981419 0.149902 0.0963751
internal_weight=97489 82651 14838 57024 12256 25627 7847 5615 2582 3997 1205 1298 1284 1265 854 774 10593 4823 15034 614 25821 411 56 2792 31203 355 264 91 45 80
internal_count=97489 82651 14838 57024 12256 25627 7847 5615 2582 3997 1205 1298 1284 1265 854 774 10593 4823 15034 614 25821 411 56 2792 31203 355 264 91 45 80
is_linear=0
shrinkage=0.1


Tree=12
num_leaves=31
num_cat=0
split_feature=34 34 71 30 103 71 85 113 71 90 69 33 48 27 103 91 45 25 103 102 39 31 104 109 49 71 11 12 79 63
split_gain=1081.51 347.489 116.742 79.0653 51.3596 44.1356 37.4076 36.9538 31.5554 31.2379 30.5079 28.1522 27.2869 27.09 37.7367 32.2302 26.5615 28.3762 25.4602 25.1908 27.4122 23.6993 23.0676 22.7391 24.0853 22.7097 29.8588 22.329 22.8075 21.891
threshold=0.71825396825396837 1.4083333333333334 2.5000000000000004 2.2250000000000005 0.37850000000000006 4.5000000000000009 138.50000000000003 1.0000000180025095e-35 7.5000000000000009 3.5000000000000004 7.5000000000000009 0.41494265590982354 4.5500000000000007 1.1995347124462643 0.40850000000000003 2.5000000000000004 1.4317807919044603 0.82657830373090091 0.48100000000000004 8.5000000000000018 1.2708567691023445 2.4289043292708192 106.95000000000002 26.980150581793293 32.050000000000004 5.5000000000000009 3.9802142232746598 2.1000000000000005 1.0000000180025095e-35 16.500000000000004
decision_type=10 10 10 10 2 10 10 2 10 10 8 10 8 10 2 10 10 10 2 10 10 8 2 2 10 10 10 8 8 10
left_child=2 4 27 6 7 11 8 -2 23 -6 21 -4 -12 16 -15 -16 -14 -18 -13 -10 -21 25 -8 24 -3 -5 -27 -1 -29 -11
right_child=1 3 5 10 9 -7 22 -9 19 29 12 18 13 14 15 -17 17 -19 -20 20 -22 -23 -24 -25 -26 26 -28 28 -30 -31
leaf_value=-0.015260415858710963 0.010712471112674473 -0.013477878694652352 -0.011525507848507748 0.022628286506456159 -0.0014907321912569198 0.0042654994585316726 0.15130919501185419 0.028666852332332557 0.036173858687369581 0.010860972764399722 -0.020697181055258061 0.00061456223484345569 0.054560007976458207 0.21229829748697357 0.028697119263762779 0.16059471405606018 0.04688750192523003 0.18723132360507461 -0.0057411213163903992 0.031946619130946978 0.17196503065783403 -4.9301999333862949e-05 0.056706135097097182 0.000815519226006441 0.027309237228504341 0.11630868825500143 0.050455771236397676 0.014079758685200606 -0.0097393149166923824 -0.0067258497653158505
leaf_weight=8652 2319 154 4701 277 3072 7261 30 2267 1535 11543 29 10737 310 33 44 32 25 34 15262 27 29 107 183 464 2418 73 1212 409 23496 754
leaf_count=8652 2319 154 4701 277 3072 7261 30 2267 1535 11543 29 10737 310 33 44 32 25 34 15262 27 29 107 183 464 2418 73 1212 409 23496 754
internal_value=-3.15831e-11 0.0170309 -0.00651382 0.0361736 0.0103005 -0.00274577 0.0290557 0.0195879 0.0271694 0.00752927 0.0520058 -0.00440403 0.0734891 0.0792034 0.123005 0.0842329 0.0662646 0.127764 -0.00311637 0.0385773 0.104456 0.0454797 0.0700305 0.0211912 0.0248671 0.0485986 0.0541968 -0.0109073 -0.00933179 0.00978262
internal_weight=97489 26971 70518 7016 19955 37961 4840 4586 4627 15369 2176 30700 507 478 109 76 369 59 25999 1591 56 1669 213 3036 2572 1562 1285 32557 23905 12297
internal_count=97489 26971 70518 7016 19955 37961 4840 4586 4627 15369 2176 30700 507 478 109 76 369 59 25999 1591 56 1669 213 3036 2572 1562 1285 32557 23905 12297
is_linear=0
shrinkage=0.1


Tree=13
num_leaves=31
num_cat=0
split_feature=32 32 71 110 103 113 100 111 26 83 55 88 110 20 34 27 34 18 103 33 5 27 71 5 20 6 57 43 110 63
split_gain=891.039 194.903 162.156 62.4385 55.4427 61.3805 43.715 46.6809 41.7476 39.0184 35.9215 38.3769 35.0621 37.5367 31.2064 29.2124 28.9516 27.8573 46.944 33.7453 35.7512 38.0608 27.6498 27.113 25.5009 25.0519 24.3811 27.7737 23.6365 23.6482
threshold=0.95000000000000007 1.8166666666666669 3.5000000000000004 79.500000000000014 0.5335000000000002 1.0000000180025095e-35 1.0000000180025095e-35 4.5000000000000009 1.8730158730158732 3.5000000000000004 34.500000000000007 16.050000000000004 84.500000000000014 3.8166666666666669 0.19375000000000003 0.51697347450054409 2.2583333333333337 1.4500000000000002 0.43500000000000005 1.1995347124462643 9.8161433899328312 0.70315633998332439 7.5000000000000009 14.534779975870071 1.0500000000000003 8.1000000000000014 10.500000000000002 1.6905725903640423 82.500000000000014 7.5000000000000009
decision_type=10 10 10 2 2 2 2 2 10 10 10 10 2 10 10 8 10 10 2 10 10 10 10 10 10 10 8 8 2 10
left_child=2 4 3 14 5 -2 12 8 9 -8 11 -4 15 17 -1 24 25 18 19 -14 -21 -22 -6 -24 -3 -7 27 -27 29 -12
right_child=1 6 10 -5 22 16 7 -9 -10 -11 28 -13 13 -15 -16 -17 -18 -19 -20 20 21 -23 23 -25 -26 26 -28 -29 -30 -31
leaf_value=-0.012789118032837252 0.0095610991406762033 0.12323026655519263 -0.0028456762438858617 -0.00075806304421567226 0.0056604275306188206 0.010625939442899687 0.19179381101081772 0.039962758148319288 0.18102625433958192 0.061536055349279195 0.0094013568093219112 0.010980141204903409 0.22957783057576134 0.16868919857591391 -0.0072579356395070238 0.014955708571583001 0.12602945319066447 0.020621982778931128 0.03568613718639832 0.0074416888896581337 0.06128933553627576 0.22093623442841426 0.020016391865057982 0.089249720430520721 0.033016116259262922 0.048432182004752335 0.028356774820422995 0.15456658546916313 0.0099729146757650804 -0.0036815256579781361
leaf_weight=16448 3002 47 2867 10484 5959 735 24 1343 34 550 1550 6698 21 25 26853 1193 30 282 213 34 32 28 778 61 94 284 3298 27 1776 12719
leaf_count=16448 3002 47 2867 10484 5959 735 24 1343 34 550 1550 6698 21 25 26853 1193 30 282 213 34 32 28 778 61 94 284 3298 27 1776 12719
internal_value=-4.46825e-11 0.0200263 -0.00456395 -0.00768244 0.0145682 0.0205724 0.0397616 0.0503705 0.0733598 0.0669824 0.00198536 0.00683601 0.0292498 0.0485912 -0.00935897 0.0200431 0.0281298 0.0436691 0.0634841 0.114971 0.0893669 0.135791 0.00805347 0.02505 0.0630875 0.0274537 0.0308808 0.0576464 -0.000906284 -0.00226037
internal_weight=97489 18094 79395 53785 14174 7376 3920 1951 608 574 25610 9565 1969 635 43301 1334 4374 610 328 115 94 60 6798 839 141 4344 3609 311 16045 14269
internal_count=97489 18094 79395 53785 14174 7376 3920 1951 608 574 25610 9565 1969 635 43301 1334 4374 610 328 115 94 60 6798 839 141 4344 3609 311 16045 14269
is_linear=0
shrinkage=0.1


Tree=14
num_leaves=31
num_cat=0
split_feature=34 34 30 71 85 33 49 14 103 106 103 33 23 104 19 32 110 88 103 41 14 110 51 102 40 83 13 106 83 12
split_gain=726.711 165.85 141.676 62.0985 44.8477 43.0738 32.7625 31.3715 28.8059 32.7252 28.6125 32.9621 28.3059 25.8657 25.0383 24.6387 23.3712 22.9996 22.9696 22.6777 22.3026 22.1471 28.582 22.1188 27.0657 21.3845 24.0521 20.9964 20.156 20.1424
threshold=1.0250000000000001 0.51315789473684215 2.2250000000000005 7.5000000000000009 138.50000000000003 0.32478054967508568 29.450000000000003 6.0500000000000007 0.37850000000000006 813.50000000000011 0.44500000000000006 2.5440541449801537 0.68694219605279438 118.05000000000001 1.6070659959698212 0.68333333333333346 74.500000000000014 7.1500000000000012 0.39200000000000007 1.0504824679300457 3.6125000000000003 84.500000000000014 59.750000000000007 8.5000000000000018 1.648529411764706 62.500000000000007 5.5901681548936626 909.50000000000011 85.500000000000014 14.500000000000002
decision_type=10 10 10 10 10 8 8 10 2 2 2 10 8 2 10 10 2 10 2 10 10 2 10 10 10 8 10 2 10 10
left_child=1 5 3 4 6 -1 -2 12 9 21 11 25 15 19 -15 -3 -7 -14 -9 -5 -21 -8 -23 27 -25 26 -4 29 -27 -22
right_child=2 7 10 13 -6 16 8 18 -10 -11 -12 -13 17 14 -16 -17 -18 -19 -20 20 23 22 -24 24 -26 28 -28 -29 -30 -31
leaf_value=-0.01065194656492157 -0.017556795995557609 -0.0072754669121720579 0.062779316194647813 0.014142117132025232 0.098862727036078776 -0.011503153777211637 0.023575104694862077 0.015113744907780583 0.010205972647655784 -0.02914670563809443 0.034926127203915636 0.16478087431085964 -0.017360267430542749 0.046976119714117678 0.14834486486258411 0.033634400380503263 -0.0038712146020635527 -1.9547284690448448e-06 0.0044685515555733446 -0.022269351811936271 0.030339199537032388 0.01837480284784939 0.12424562422595187 0.18868498702843983 0.047224843031481695 0.0017688023087490971 0.17224689033769428 0.11049674325105217 0.054391837140192856 0.084653454426572558
leaf_weight=18345 358 220 454 777 60 4547 2063 2661 7349 114 1534 28 811 86 34 445 34132 12983 8507 65 1321 51 51 21 38 120 21 36 185 72
leaf_count=18345 358 220 454 777 60 4547 2063 2661 7349 114 1534 28 811 86 34 445 34132 12983 8507 65 1321 51 51 21 38 120 21 36 185 72
internal_value=-5.64484e-11 -0.00365819 0.020377 0.0161467 0.0126654 -0.00666118 0.0121475 0.00302391 0.013252 0.0230743 0.042948 0.0581777 -5.10305e-05 0.0304214 0.0756973 0.0201003 -0.00476841 -0.00102251 0.00700498 0.0280896 0.0350679 0.0258241 0.0713102 0.0375725 0.0975751 0.0543509 0.0676189 0.0350952 0.0336877 0.0331465
internal_weight=97489 82651 14838 12496 10046 57024 9986 25627 9628 2279 2342 808 14459 2450 120 665 38679 13794 11168 2330 1553 2165 102 1488 59 780 475 1429 305 1393
internal_count=97489 82651 14838 12496 10046 57024 9986 25627 9628 2279 2342 808 14459 2450 120 665 38679 13794 11168 2330 1553 2165 102 1488 59 780 475 1429 305 1393
is_linear=0
shrinkage=0.1


Tree=15
num_leaves=31
num_cat=0
split_feature=32 30 71 110 71 85 103 103 20 69 109 30 15 113 50 26 102 30 5 3 34 77 47 83 71 109 24 37 22 35
split_gain=592.884 134.439 113.142 52.5716 46.6846 40.6325 37.812 32.4836 31.459 26.8091 26.0702 25.6217 25.6827 25.2128 39.4094 24.6844 34.1664 48.5508 23.0691 27.9992 25.9052 22.7378 22.4918 22.3034 22.0798 21.9467 20.8145 25.1518 20.6122 23.0171
threshold=0.95000000000000007 1.9000000000000001 2.5000000000000004 78.500000000000014 7.5000000000000009 126.50000000000001 0.44500000000000006 0.5335000000000002 1.788888888888889 8.5000000000000018 23.727583846680357 3.9000000000000004 2.5428072872380048 1.0000000180025095e-35 17.300000000000001 1.2928571428571431 2.5000000000000004 1.5500000000000003 16.451758809148014 9.551803203540091 3.0250000000000004 7.5000000000000009 0.68184354922134705 52.500000000000007 4.5000000000000009 21.690622861054077 1.5500000000000003 1.5082875444051556 2.6583333333333337 1.815503084473197
decision_type=10 10 10 2 10 10 2 2 10 8 2 10 10 2 10 10 10 10 10 8 10 8 10 10 10 2 10 10 10 10
left_child=2 4 -1 -4 5 7 9 13 -7 23 -5 12 -11 -2 -15 -6 -17 -18 19 21 -21 -8 -22 -3 -12 -14 27 -24 29 -20
right_child=1 6 3 10 15 8 18 -9 -10 11 24 -13 25 14 -16 16 17 -19 28 20 22 -23 26 -25 -26 -27 -28 -29 -30 -31
leaf_value=-0.0082297984999209779 0.006504120036257291 0.052669460954218296 -0.003918315713117169 0.0074434039561607204 0.02245130263897957 0.18314625878225677 0.03431482689770779 0.0032896136288159817 0.040895641566131194 0.16640172146615528 -0.0031067847015726949 0.19085507815082869 0.12482596134597607 0.018509056764366927 0.15590868410432623 0.036429265686507582 0.24289708584547043 0.037232125302155812 0.13974254208345277 0.011991262855928296 -0.011414813042328871 0.12020361777395011 0.10419529419088243 0.027001181739057724 0.0044947312581367039 0.005677799894832648 0.16571968387473712 -0.004210912847989484 0.016141535860837483 0.043262479383060159
leaf_weight=32735 2711 733 23325 7953 1652 22 838 5646 53 21 8303 21 22 3510 21 142 22 24 48 1637 37 32 49 629 7079 52 22 38 61 51
leaf_count=32735 2711 733 23325 7953 1652 22 838 5646 53 21 8303 21 22 3510 21 142 22 24 48 1637 37 32 49 629 7079 52 22 38 61 51
internal_value=1.42938e-11 0.0163356 -0.00372287 -0.000560968 0.0115296 0.0092488 0.0317954 0.00878589 0.0826225 0.0447458 0.00279494 0.0908949 0.0687985 0.0137574 0.0193262 0.0263586 0.0606929 0.135594 0.024991 0.0227671 0.015591 0.037474 0.0559523 0.0408153 0.000391534 0.0411002 0.0788201 0.0568455 0.0618666 0.0900407
internal_weight=97489 18094 79395 46660 13803 11963 4291 11888 75 1478 23335 116 95 6242 3531 1840 188 46 2813 2653 1783 870 146 1362 15382 74 109 87 160 99
internal_count=97489 18094 79395 46660 13803 11963 4291 11888 75 1478 23335 116 95 6242 3531 1840 188 46 2813 2653 1783 870 146 1362 15382 74 109 87 160 99
is_linear=0
shrinkage=0.1


Tree=16
num_leaves=31
num_cat=0
split_feature=71 32 110 16 30 106 0 103 21 5 81 85 89 33 100 56 11 45 47 47 103 10 35 81 30 33 36 49 90 17
split_gain=490.094 161.213 66.2645 55.2685 42.8044 33.5557 26.0843 23.8711 22.7733 25.8514 22.0872 26.9931 21.904 21.8559 24.216 30.177 26.2758 27.1632 25.2626 38.999 25.1634 25.0896 26.7288 24.5451 23.0157 24.7507 26.5359 21.7969 21.7967 21.5597
threshold=4.5000000000000009 1.4142857142857144 82.500000000000014 4.0250000000000012 2.2916666666666674 464.50000000000006 9.6300000000000043 0.71600000000000008 2.0124607063994389 17.341073327040601 916.50000000000011 101.50000000000001 36.500000000000007 0.84655531415518281 1.0000000180025095e-35 1.0000000180025095e-35 5.2903835285612582 1.3743625973076603 1.4367527759423022 1.3495544827610997 0.58400000000000007 24.575000000000006 1.6953235641366391 756.50000000000011 3.4500000000000006 1.3519517580968834 1.1000000000000003 27.650000000000002 11.500000000000002 4.4479444888935715
decision_type=10 10 2 10 10 2 10 2 10 10 10 10 10 8 2 8 8 10 10 10 2 10 10 8 10 10 10 8 10 10
left_child=2 5 3 -1 8 6 -2 13 9 27 11 -8 -10 -6 15 -15 20 -18 19 -19 24 23 -23 29 25 -17 -27 -3 -11 -16
right_child=1 4 -4 -5 7 -7 10 -9 12 28 -12 -13 -14 14 21 16 17 18 -20 -21 -22 22 -24 -25 -26 26 -28 -29 -30 -31
leaf_value=-0.007545046267218667 -0.019838654583293029 -0.033638676717611296 0.010080516363328539 -0.001774732242377901 0.13764601099220189 0.0022865505101862765 0.01281749773902708 -0.0077168244964707549 0.00018267643629536127 0.15025818202773045 0.0011668976364049015 0.081844149647574679 0.062343280026536496 -0.03522528673407354 0.057170901409135416 0.11561796482194936 0.012629807909807875 0.032750823395326735 0.028175276053465301 0.21497507681665212 0.0091212839868507877 0.059911350538604892 0.16366962622463083 0.01307584176750671 0.15752545287522179 0.12690288595622407 0.0076733887206674335 0.022704981775329092 0.018259320848367431 -0.0032324831445629783
leaf_weight=38102 276 70 3032 29412 22 8690 9293 118 802 29 1809 57 61 73 650 57 597 24 74 23 76 80 36 214 30 24 84 3587 22 65
leaf_count=38102 276 70 3032 29412 22 8690 9293 118 802 29 1809 57 61 73 650 57 597 24 74 23 76 80 36 214 30 24 84 3587 22 65
internal_value=-3.14685e-11 0.0114729 -0.00438176 -0.00503125 0.0247627 0.00697062 0.0105303 0.0360638 0.0192073 0.0226125 0.0112814 0.0132383 0.00457642 0.0384903 0.037455 0.0268205 0.0314003 0.0213864 0.0645902 0.121924 0.0579315 0.0482624 0.0921122 0.0427871 0.076955 0.0623058 0.0341688 0.0216265 0.0933175 0.0516797
internal_weight=97489 26943 70546 67514 6818 20125 11435 2247 4571 3708 11159 9350 863 2129 2107 1062 989 718 121 47 271 1045 116 929 195 165 108 3657 51 715
internal_count=97489 26943 70546 67514 6818 20125 11435 2247 4571 3708 11159 9350 863 2129 2107 1062 989 718 121 47 271 1045 116 929 195 165 108 3657 51 715
is_linear=0
shrinkage=0.1


Tree=17
num_leaves=31
num_cat=0
split_feature=34 71 32 30 88 85 67 37 33 103 47 103 41 103 21 8 28 104 6 103 6 106 106 104 13 88 102 16 104 15
split_gain=403.94 128.576 56.1711 49.2319 38.7397 37.6135 31.9622 30.6427 29.7063 29.6459 31.2372 25.0971 23.6846 42.343 26.6341 23.1372 24.3393 23.635 24.5582 23.0325 22.0383 22.2328 21.7028 21.4455 21.14 20.3918 20.0477 19.2726 19.2655 19.2884
threshold=0.71825396825396837 7.5000000000000009 0.21111111111111114 2.1000000000000005 11.15 138.50000000000003 5.5000000000000009 2.0776550673994527 0.91753098239279307 0.68900000000000017 0.31154763663392609 0.41600000000000004 1.2529662612913215 0.44500000000000006 2.0692378095127699 19.31666666666667 0.59411764705882364 118.05000000000001 18.675000000000004 0.39800000000000008 12.100000000000001 102.50000000000001 597.50000000000011 115.35000000000001 4.8218225929878944 25.050000000000004 198.50000000000003 4.4058823529411777 116.55000000000001 3.4840863568662628
decision_type=10 10 10 10 10 10 10 8 10 2 8 2 10 2 10 10 10 2 10 2 10 2 2 2 10 10 10 10 2 10
left_child=2 3 -1 4 -2 9 12 19 -8 10 22 -4 14 15 28 16 25 18 23 -5 -10 24 26 -18 -22 -14 -6 -13 -3 -30
right_child=1 6 11 7 5 -7 8 -9 20 -11 -12 27 13 -15 -16 -17 17 -19 -20 -21 21 -23 -24 -25 -26 -27 -28 -29 29 -31
leaf_value=-0.007224483076573124 -0.01001665255357799 0.012980162546653113 0.0024527519255126765 0.048231157498261464 0.015589795022915824 0.10075915816218356 0.15852894612721036 -0.035523291548461088 0.10344464590126881 -0.0056034771524312134 0.0056265807135732872 -0.0055962017001178824 0.20764115282467435 0.018729579618631569 -0.055331654382764175 0.014085520040008088 0.051072944542995595 0.15462071225047114 0.14079646236546661 0.02024747142477135 0.056318496093761342 0.030734261892163436 -0.01734652297853451 -0.037460976130225594 0.165437233498828 0.091509192067853837 0.11349620687819661 -0.00041611997149318273 0.067326846321606459 0.0024140203452628593
leaf_weight=30385 1376 1656 11368 399 5124 43 21 81 50 1674 12826 14888 21 670 53 79 114 22 23 1119 92 987 203 36 22 54 21 13877 136 69
leaf_count=30385 1376 1656 11368 399 5124 43 21 81 50 1674 12826 14888 21 670 53 79 114 22 23 1119 92 987 203 36 22 54 21 13877 136 69
internal_value=1.26444e-12 0.0104084 -0.00398088 0.0074829 0.00621057 0.00733312 0.026704 0.0244051 0.040663 0.00713072 0.00830366 -0.00152513 0.0211261 0.0334418 0.0145693 0.061686 0.0756135 0.0569933 0.0445783 0.0276029 0.0385125 0.0355637 0.014724 0.0298248 0.0773765 0.124026 0.0159894 -0.00309719 0.01656 0.0454781
internal_weight=97489 26971 70518 22866 21267 19891 4105 1599 1172 19848 18174 40133 2933 1019 1914 349 270 195 173 1518 1151 1101 5348 150 114 75 5145 28765 1861 205
internal_count=97489 26971 70518 22866 21267 19891 4105 1599 1172 19848 18174 40133 2933 1019 1914 349 270 195 173 1518 1151 1101 5348 150 114 75 5145 28765 1861 205
is_linear=0
shrinkage=0.1


Tree=18
num_leaves=31
num_cat=0
split_feature=71 110 30 14 85 71 30 110 27 80 43 80 3 49 43 3 88 12 17 109 96 34 13 0 89 103 48 30 83 90
split_gain=338.653 92.5821 77.4039 54.4174 32.7487 29.1196 28.5191 23.2009 22.9395 21.7401 28.9547 28.6268 27.4016 25.8287 24.2384 23.5331 20.8678 20.5159 20.4694 20.089 29.7034 19.3223 25.7453 22.0596 18.4955 18.4555 18.3114 23.3255 25.753 21.1226
threshold=5.5000000000000009 82.500000000000014 2.2916666666666674 4.3166666666666673 126.50000000000001 7.5000000000000009 1.1000000000000003 74.500000000000014 1.5257045792034711 1397.0500000000004 1.5543320308680684 1296.8500000000004 10.431216504992433 61.850000000000001 1.9746794344808967 6.2564855234719685 15.050000000000002 14.500000000000002 3.7196136942210551 24.518822724161534 229.00000000000003 1.7573529411764708 6.6407788180743337 35.390000000000008 20.500000000000004 0.52900000000000014 26.150000000000002 1.5500000000000003 2.5000000000000004 16.500000000000004
decision_type=10 2 10 10 8 10 10 2 10 8 10 10 10 8 10 10 10 10 10 2 2 10 10 10 10 2 10 10 10 10
left_child=1 3 4 7 5 19 -5 -1 9 11 13 12 15 -11 16 -4 -14 24 -17 20 -2 22 -22 -23 -10 -3 29 28 -28 -7
right_child=2 25 8 6 -6 26 -8 -9 17 10 -12 -13 14 -15 -16 18 -18 -19 -20 -21 21 23 -24 -25 -26 -27 27 -29 -30 -31
leaf_value=-0.010708003592114901 -0.0029840846993954995 0.013543405041840234 -0.052825442580506213 -0.0014910992578166303 0.035065659340427512 0.015169938424689923 0.008084131421656043 -0.0047758407301264402 0.15936599157073283 -0.006409938809365863 -0.047661623521707955 0.093242907992945143 -0.080921137028119788 0.034769140907887686 0.096081146941735196 0.0500963261041842 0.01846512696544703 -0.010902614081278444 0.11961650963445816 0.0048479601978112484 0.024311467038774508 0.021191831610027564 0.12105799604739463 -0.028437588203187081 0.060329629023644062 0.0031271994829201442 0.023158662971109151 0.027907563175355633 0.17173198312520982 0.064514543650050965
leaf_weight=8111 684 3575 20 28278 535 2402 3495 35226 33 217 64 88 22 511 39 360 532 20 48 7720 1559 216 28 153 44 3245 20 126 28 90
leaf_count=8111 684 3575 20 28278 535 2402 3495 35226 33 217 64 88 22 511 39 360 532 20 48 7720 1559 216 28 153 44 3245 20 126 28 90
internal_value=5.92095e-11 -0.00256844 0.0135248 -0.00358138 0.0108175 0.00982154 -0.000437833 -0.00588611 0.0319003 0.0294799 0.0168254 0.0385171 0.0338003 0.0224946 0.0198825 0.0530836 0.0145184 0.0793354 0.0582752 0.00742305 0.0149532 0.0212258 0.0260184 0.000613779 0.102774 0.00858731 0.019142 0.0505059 0.109826 0.016952
internal_weight=97489 81930 15559 75110 13561 13026 31773 43337 1998 1901 792 1109 1021 728 593 428 554 97 408 10360 2640 1956 1587 369 77 6820 2666 174 48 2492
internal_count=97489 81930 15559 75110 13561 13026 31773 43337 1998 1901 792 1109 1021 728 593 428 554 97 408 10360 2640 1956 1587 369 77 6820 2666 174 48 2492
is_linear=0
shrinkage=0.1


Tree=19
num_leaves=31
num_cat=0
split_feature=71 110 30 79 28 88 75 103 26 57 5 41 110 85 0 39 12 20 103 21 19 103 105 109 5 7 9 9 5 27
split_gain=274.309 78.4354 62.6972 34.1748 33.8735 32.0168 27.2203 27.2264 32.3896 26.4016 24.9924 29.06 24.1328 24.0639 27.2004 23.6948 22.4308 21.5893 25.3742 29.5481 34.2674 21.4352 21.1145 20.5713 20.4899 20.2533 19.5552 19.5545 19.814 18.581
threshold=5.5000000000000009 79.500000000000014 2.2916666666666674 1.5000000000000002 0.58114035087719318 8.7500000000000018 7.5000000000000009 0.58700000000000008 0.58571428571428574 14.500000000000002 14.534779975870071 1.1968525414850515 74.500000000000014 125.50000000000001 36.590000000000011 1.3395671481745666 8.2916666666666696 1.788888888888889 0.35100000000000003 1.077545574753892 1.3779271744364847 0.37850000000000006 0.36666666666666675 23.853524982888434 11.379105968020744 5.1299770007150602 4.7682396112215466 5.3727704575825621 15.166542106854473 1.5257045792034711
decision_type=10 2 10 8 10 10 10 2 10 10 10 10 2 8 10 10 10 10 2 10 10 2 10 2 10 8 8 10 10 10
left_child=1 4 6 5 -1 -3 7 13 -9 16 -10 -12 -6 15 23 -2 -7 18 19 24 -21 -5 25 -15 -17 -18 -24 -16 -29 -4
right_child=2 3 29 21 12 9 -8 8 10 -11 11 -13 -14 14 27 17 22 -19 -20 20 -22 -23 26 -25 -26 -27 -28 28 -30 -31
leaf_value=-0.0091552137512896561 0.010986933197872487 -0.0054336576472145629 0.026531874290339236 0.006208270484728321 -0.0081751776824226276 0.015169455455819462 0.0032206938182579845 -0.01143258487488602 0.008825652555083564 0.0036584910908138684 0.14948180085764481 0.030301174653383597 -0.0020472070763771426 0.11683592762830748 0.081706984993070372 0.0005951714024625041 0.096801533391981415 0.016928353002582757 0.027889670898141556 0.19607313665397028 0.045174895275246214 -0.0014875989957092641 -0.0067508791350136118 0.045573117838108114 0.09535415516449855 0.023548514377631127 0.047871763501446563 -0.033740185438433573 0.077010962367057803 0.07140181635304825
leaf_weight=11977 4424 1223 1901 4685 7837 2290 4354 877 1681 1878 26 96 35707 57 28 55 99 1189 430 34 27 15909 121 140 39 61 143 84 20 97
leaf_count=11977 4424 1223 1901 4685 7837 2290 4354 877 1681 1878 26 96 35707 57 28 55 99 1189 430 34 27 15909 121 140 39 61 143 84 20 97
internal_value=-1.67939e-11 -0.0023116 0.0121723 0.00217469 -0.00444553 0.00894445 0.00973571 0.0128167 0.00433022 0.0127738 0.0119974 0.0557003 -0.00315011 0.0163012 0.0426557 0.0149023 0.0190813 0.0246664 0.0403937 0.0750823 0.129282 0.000263161 0.040209 0.0661923 0.0399101 0.0688738 0.0228364 0.00752909 -0.0124419 0.0287102
internal_weight=97489 81930 15559 26409 55521 5815 13561 9207 2680 4592 1803 122 43544 6527 329 6198 2714 1774 585 155 61 20594 424 197 94 160 264 132 104 1998
internal_count=97489 81930 15559 26409 55521 5815 13561 9207 2680 4592 1803 122 43544 6527 329 6198 2714 1774 585 155 61 20594 424 197 94 160 264 132 104 1998
is_linear=0
shrinkage=0.1


Tree=20
num_leaves=31
num_cat=0
split_feature=71 71 12 79 109 100 30 21 3 103 103 50 97 106 83 94 104 85 104 104 85 31 106 73 89 38 103 63 42 35
split_gain=225.119 70.8004 37.6411 40.8527 34.9837 30.673 28.6915 24.4665 22.6294 26.5606 31.6764 22.1348 21.7224 21.6877 36.8866 21.6006 20.6817 20.4071 19.7849 22.4938 26.412 28.6166 31.8295 21.1247 29.6492 20.8003 20.6501 28.7519 19.7477 19.095
threshold=4.5000000000000009 7.5000000000000009 3.3666666666666671 2.5000000000000004 27.152635181382617 1.0000000180025095e-35 1.5500000000000003 0.43129778659994128 17.348898459534997 0.39800000000000008 0.49400000000000005 -2.2499999999999996 17.500000000000004 760.50000000000011 8.5000000000000018 1.5000000000000002 108.05000000000001 105.50000000000001 108.15000000000002 110.55000000000001 52.500000000000007 1.297417464888168 162.50000000000003 4.5000000000000009 19.500000000000004 1.6833333333333336 0.38450000000000006 6.5000000000000009 2.9000000000000004 1.3507073262513085
decision_type=10 10 8 8 2 2 10 10 10 2 2 10 2 2 10 10 2 10 2 2 10 10 2 10 10 10 2 10 10 10
left_child=2 4 -1 -4 5 11 17 -8 -3 15 -11 16 -6 14 -14 -10 -2 -7 25 23 -21 29 -23 24 -20 -9 -24 -28 -15 -22
right_child=1 8 3 -5 12 6 7 18 9 10 -12 -13 13 28 -16 -17 -18 -19 19 20 21 22 26 -25 -26 -27 27 -29 -30 -31
leaf_value=-0.005867467593615389 0.019184997016969702 0.017926791848235615 0.0084580908409816972 -0.0021163170795203091 -0.0021733345274155837 0.008999522698752184 0.12092594555400026 0.030899781470690224 0.18239081714612743 -0.044367932439559984 0.054815618971875618 0.0033085719826099662 0.14370620390027763 -0.0011297657785192482 0.019847102098212104 0.054138261593621353 0.11714727660873905 0.062240543399541964 0.058283360647585464 0.0058220894386547366 -0.012150612286705938 0.0046718810995419824 0.15837716095279469 0.029993208633422738 0.16965637607821105 -0.0068446740241636011 0.12410178987516299 -0.01720145312137902 0.037253442384465131 0.095873173922300339
leaf_weight=27410 66 3966 4030 39106 6668 5218 26 248 24 42 138 6848 25 1335 629 29 32 73 136 440 90 45 43 209 29 355 36 24 149 20
leaf_count=27410 66 3966 4030 39106 6668 5218 26 248 24 42 138 6848 25 1335 629 29 32 73 136 440 90 45 43 209 29 355 36 24 149 20
internal_value=1.10484e-11 0.00777574 -0.00296972 -0.0011284 0.00557315 0.00869052 0.0133662 0.024664 0.0197062 0.0499935 0.0316728 0.00398388 0.00063902 0.0094102 0.0245818 0.112215 0.0511727 0.00973409 0.0231698 0.031321 0.0207176 0.0461209 0.074833 0.05111 0.077858 0.00867875 0.105486 0.0675805 0.00272407 0.00749008
internal_weight=97489 26943 70546 43136 22744 13938 6992 1701 4199 233 180 6946 8806 2138 654 53 98 5291 1675 1072 698 258 148 374 165 603 103 60 1484 110
internal_count=97489 26943 70546 43136 22744 13938 6992 1701 4199 233 180 6946 8806 2138 654 53 98 5291 1675 1072 698 258 148 374 165 603 103 60 1484 110
is_linear=0
shrinkage=0.1


Tree=21
num_leaves=31
num_cat=0
split_feature=30 32 110 100 103 11 71 32 87 46 95 46 13 83 3 105 39 39 10 34 88 83 0 47 6 80 50 6 109 22
split_gain=186.139 67.5079 37.3398 40.5598 31.4461 34.8788 30.3359 26.2762 25.3084 24.9412 23.3543 27.5569 23.5004 26.5325 22.1284 27.0932 24.4564 24.8648 25.4255 24.2731 20.5474 19.8127 19.2977 19.5168 23.6042 23.133 19.7407 19.2441 18.7367 18.7374
threshold=1.3666666666666669 0.41428571428571431 84.500000000000014 1.0000000180025095e-35 0.37050000000000005 8.074896117516241 5.5000000000000009 1.8875000000000002 69.500000000000014 1.4058823529411766 1.0000000180025095e-35 1.2899159663865549 1.1474379817391951 15.500000000000002 16.447846855800957 0.22500000000000003 1.4414292762296912 1.3519517580968834 15.816666666666668 1.6055555555555558 20.650000000000002 1.5000000000000002 56.510000000000012 1.0813765148094723 17.450000000000003 2039.0000000000007 1.9500000000000002 8.9000000000000021 24.800821355236142 1.2565789473684212
decision_type=10 10 2 2 2 10 10 10 10 10 10 10 10 8 10 8 8 10 10 10 10 10 10 10 10 10 10 10 2 10
left_child=1 -1 3 -2 5 8 28 9 -4 20 11 14 -12 -14 16 -16 17 19 -19 -9 -5 -6 23 25 -25 26 -15 -21 29 -3
right_child=2 6 4 7 21 -7 -8 10 -10 -11 12 -13 13 22 15 -17 -18 18 -20 27 -22 -23 -24 24 -26 -27 -28 -29 -30 -31
leaf_value=-0.0038995661339208489 0.0030660780511775876 0.0077117597952809543 0.052728535316959479 -0.0021879302980637285 -0.052773975943656348 0.15998325748024164 0.0072957664293054544 0.063066646711875327 -0.022441548141292657 -0.0027595253088230527 -0.041820301754134044 0.10050265262954128 0.11624913740772427 0.051681618993677715 0.14588757306337358 0.027427054481270415 -0.026657953095781513 0.023141433199977177 0.15598819065093994 -0.063755866991622112 0.021522204139504866 0.020446087359514323 0.1124711461365223 0.05269871121400023 -0.024019001031378179 -0.024015519887741126 0.13395763802819136 0.0081127256229096521 -0.0028196225114058581 0.00027697213854393159
leaf_weight=50598 4518 4748 323 451 38 27 7772 73 52 870 28 39 57 101 26 75 158 34 25 42 1928 1345 36 73 89 28 41 330 11714 11850
leaf_count=50598 4518 4748 323 451 38 27 7772 73 52 870 28 39 57 101 26 75 158 34 25 42 1928 1345 36 73 89 28 41 330 11714 11850
internal_value=-7.3344e-12 -0.00154287 0.0123752 0.00976065 0.0255902 0.0502087 0.00176176 0.016476 0.042305 0.0117289 0.0287655 0.0185132 0.0469165 0.0527627 0.0143224 0.0579218 0.00767051 0.0184322 0.0794324 0.0103445 0.0170273 0.0184343 0.0429292 0.0353885 0.0105513 0.0590569 0.0754374 -1.47032e-06 0.0002426 0.00240376
internal_weight=97489 86682 10807 9022 1785 402 36084 4504 375 3249 1255 802 453 425 763 101 662 504 59 445 2379 1383 368 332 162 170 142 372 28312 16598
internal_count=97489 86682 10807 9022 1785 402 36084 4504 375 3249 1255 802 453 425 763 101 662 504 59 445 2379 1383 368 332 162 170 142 372 28312 16598
is_linear=0
shrinkage=0.1


Tree=22
num_leaves=31
num_cat=0
split_feature=71 71 12 110 93 85 103 103 82 88 103 88 67 33 86 21 38 53 1 104 21 23 111 24 36 95 81 86 35 52
split_gain=152.089 47.6007 30.558 27.8168 27.7382 29.6521 25.1384 22.7644 22.629 21.2043 19.8714 19.8633 19.09 23.8636 20.6677 23.0241 20.5315 27.903 21.1331 19.892 21.3546 18.3064 18.4791 18.2347 29.3368 19.9196 16.881 16.1021 15.5506 39.9927
threshold=4.5000000000000009 7.5000000000000009 2.1000000000000005 82.500000000000014 1.5000000000000002 100.50000000000001 0.49400000000000005 0.68200000000000016 426.50000000000006 7.1500000000000012 0.39200000000000007 46.550000000000004 5.5000000000000009 0.91753098239279307 152.50000000000003 2.1717884406070893 1.4722222222222225 25.500000000000004 16.895280378701244 118.25000000000001 1.4031488753667809 0.60946741720815634 4.5000000000000009 1.9000000000000001 2.1000000000000005 1.5000000000000002 946.50000000000011 28.500000000000004 1.3429471565653943 6.5000000000000009
decision_type=10 10 8 2 10 10 2 2 10 10 2 10 10 10 10 10 10 10 10 2 10 10 2 10 10 10 10 10 10 10
left_child=2 4 -1 6 5 9 -4 11 -6 -2 26 -7 14 -14 15 19 17 -15 -19 -3 27 22 -5 28 -25 -26 -11 -21 29 -18
right_child=1 12 3 21 8 7 -8 -9 -10 10 -12 -13 13 16 -16 -17 23 18 -20 20 -22 -23 -24 24 25 -27 -28 -29 -30 -31
leaf_value=-0.0072211463300597733 -0.016330023623421334 0.012795475019598771 0.00039366700444537272 0.11175361524980804 0.013661548126679038 0.055973301821817312 -0.0038562626067913143 -0.051196089766121333 -0.0016035016496410539 0.011920614794553841 0.00065788086161932375 -0.019186280658912092 0.13265062240617617 0.14152660819391411 -0.066728086859890914 -0.035862458473507393 -0.0034090324531535843 0.025764182166018515 0.12070793139713783 -0.033795093658513263 0.12075310597994499 0.0053902019964480706 0.023762948835697476 -0.0013613512739539147 0.05968442720017935 0.17925169103863567 -0.0052883860262374236 0.062791640067266105 0.0070843934379701753 0.1085998207663319
leaf_weight=11242 610 2792 24646 26 4671 216 31974 28 1226 3212 12046 42 21 30 33 94 74 178 27 28 35 2367 291 48 38 22 693 45 678 56
leaf_count=11242 610 2792 24646 26 4671 216 31974 28 1226 3212 12046 42 21 30 33 94 74 178 27 28 35 2367 291 48 38 22 693 45 678 56
internal_value=-2.69355e-11 0.00639122 -0.00244094 -0.00153478 0.0045852 0.00251906 -0.00200632 0.0344438 0.0104879 0.00196774 0.00266748 0.043738 0.0161736 0.0270097 0.0119781 0.0128456 0.0250823 0.0514508 0.038269 0.0144244 0.0565344 0.00841253 0.0309798 0.0183174 0.0569093 0.103526 0.00886662 0.0257447 0.0131591 0.0448409
internal_weight=97489 26943 70546 59304 22744 16847 56620 286 5897 16561 15951 258 4199 1172 3027 2994 1151 235 205 2900 108 2684 317 916 108 60 3905 73 808 130
internal_count=97489 26943 70546 59304 22744 16847 56620 286 5897 16561 15951 258 4199 1172 3027 2994 1151 235 205 2900 108 2684 317 916 108 60 3905 73 808 130
is_linear=0
shrinkage=0.1


Tree=23
num_leaves=31
num_cat=0
split_feature=110 30 71 50 55 100 110 80 26 26 29 85 103 65 83 3 103 8 88 110 109 22 109 40 40 73 50 13 84 48
split_gain=128.497 44.1996 41.9475 26.7228 27.3763 22.4334 24.682 29.6845 23.7259 27.244 24.7226 23.2068 22.9187 34.023 25.7346 21.7068 21.5999 20.4505 20.0433 19.3971 19.1063 19.0022 18.9694 18.7735 35.9498 18.6981 30.036 24.9174 20.6193 18.3496
threshold=81.500000000000014 1.1000000000000003 2.5000000000000004 1.6500000000000001 34.500000000000007 1.0000000180025095e-35 84.500000000000014 63.250000000000007 0.81666666666666676 1.0500000000000003 1.3223781467535418 97.500000000000014 0.34400000000000003 4.5000000000000009 22.500000000000004 8.8337012498497938 0.52900000000000014 21.350000000000005 25.850000000000005 76.500000000000014 35.056810403832998 0.55277777777777792 20.343600273785082 1.9045454545454548 1.9750000000000003 4.5000000000000009 3.9500000000000006 3.3640244544575082 13.500000000000002 5.3500000000000005
decision_type=2 8 10 10 10 2 2 8 8 10 10 10 2 8 10 8 2 10 8 2 2 10 2 8 10 8 10 10 10 10
left_child=2 16 -1 4 18 6 -3 -8 21 10 11 -10 13 14 -9 -16 22 23 -4 -5 -18 -7 -2 29 -25 26 -11 28 -28 -14
right_child=1 5 3 19 -6 8 7 12 9 25 -12 -13 17 -15 15 -17 20 -19 -20 -21 -22 -23 -24 24 -26 -27 27 -29 -30 -31
leaf_value=-0.0047102273871773631 0.026885358581521732 0.0033598120239620626 -0.0011140753286410169 -0.0051669757741879914 -0.0038835043350453273 0.037763798695778721 -0.091441270704988559 0.094901206390932205 0.028562634863901155 0.021028842767963823 0.11861647853725835 0.079376780177865716 0.03412644669868297 0.1715488926422867 0.077676949628761843 -0.016925489308336115 -0.0021481958015834158 -0.039568008848878206 0.0064861487551732353 0.0059123294511716929 0.083779890604245552 0.0080878993246940936 0.0053603229712826765 0.14780960682779551 0.029074776954264109 0.0083674452518165653 -0.025243630688637497 0.17678675265051425 0.10981236514277185 -0.0033271618203911109
leaf_weight=31284 442 3679 8809 1880 19040 237 23 56 624 283 38 105 213 22 35 79 5450 61 5725 9909 26 2409 5554 30 170 897 20 24 26 339
leaf_count=31284 442 3679 8809 1880 19040 237 23 56 624 283 38 105 213 22 35 79 5450 61 5725 9909 26 2409 5554 30 170 897 20 24 26 339
internal_value=-8.13356e-12 0.00696219 -0.00189317 4.95723e-05 -0.00138865 0.0120577 0.00718761 0.0208865 0.0169738 0.0251438 0.0399805 0.0358815 0.0234572 0.0545319 0.0393885 0.0121191 0.00280031 0.0161185 0.00187968 0.0041455 -0.00174021 0.0107459 0.00694706 0.0206357 0.046885 0.0160399 0.0355362 0.0941876 0.0510924 0.011125
internal_weight=97489 20842 76647 45363 33574 9370 4707 1028 4663 2017 767 729 1005 192 170 114 11472 813 14534 11789 5476 2646 5996 752 200 1250 353 70 46 552
internal_count=97489 20842 76647 45363 33574 9370 4707 1028 4663 2017 767 729 1005 192 170 114 11472 813 14534 11789 5476 2646 5996 752 200 1250 353 70 46 552
is_linear=0
shrinkage=0.1


Tree=24
num_leaves=31
num_cat=0
split_feature=71 93 103 34 30 89 3 86 69 1 50 14 3 37 2 9 24 63 39 15 27 51 30 27 111 14 102 85 11 35
split_gain=107.609 43.819 27.8452 32.8829 25.604 22.4117 20.8575 26.1213 21.6726 20.9508 19.024 21.8031 17.7 20.0764 33.47 21.866 17.4478 18.0325 17.1787 26.0068 18.82 23.4176 17.9797 17.3679 17.1728 25.4961 16.9143 16.7704 16.6808 21.6958
threshold=5.5000000000000009 1.0000000180025095e-35 0.58700000000000008 2.5250000000000004 1.3666666666666669 12.500000000000002 10.271319292064284 20.500000000000004 9.5000000000000018 11.972781631666221 -2.2499999999999996 9.9500000000000011 9.9409506580388509 1.1897227048854206 40.295000000000009 5.3103668067374565 1.9000000000000001 4.5000000000000009 1.3395671481745666 3.6522442840568856 0.58913774088347881 70.750000000000014 1.9000000000000001 0.50819888974716132 37.500000000000007 4.7071428571428582 192.50000000000003 31.500000000000004 5.7902544658798254 1.6650418967753147
decision_type=10 10 2 10 10 10 10 10 10 10 10 10 10 10 10 10 10 10 10 10 10 10 10 10 2 10 10 10 10 10
left_child=1 27 3 10 -3 -4 7 -5 16 12 11 -2 13 14 15 -9 17 -8 -12 24 21 22 -21 -23 -20 -26 -7 -1 29 -13
right_child=2 4 5 6 -6 26 8 9 -10 -11 18 28 -14 -15 -16 -17 -18 -19 19 20 -22 23 -24 -25 25 -27 -28 -29 -30 -31
leaf_value=-0.0035461324470681468 0.10696695771287471 0.00070197297434138181 -0.007654510368962507 0.14839362245466975 0.0099941540244017201 0.0060146780169203756 -0.082171037793159485 0.069284407487686939 0.094361098749297004 -0.042022186934947969 0.0047459851915003714 0.050841577555013208 0.13562245753904184 0.0059536291634043059 -0.016686450804655369 0.19553078795256823 0.076795362539001211 0.01123052799518694 0.0067363878897581664 0.18216859231824462 0.021364230815023633 -0.0027149695304355455 0.054188016624677753 0.084874412973754504 0.018004506042994122 0.13443301618815615 0.094052485816858045 0.0030428723020518317 -0.017428546502620362 -0.012087806579782754
leaf_weight=51203 34 23148 1796 27 3401 2714 22 34 35 25 6043 211 24 75 26 23 38 342 2730 23 953 56 21 38 68 26 22 4178 79 74
leaf_count=51203 34 23148 1796 27 3401 2714 22 34 35 25 6043 211 24 75 26 23 38 342 2730 23 953 56 21 38 68 26 22 4178 79 74
internal_value=-3.94103e-13 -0.00144782 0.00762389 0.010336 0.00189233 0.00102504 0.0317891 0.0558828 0.0188877 0.0438161 0.00894594 0.0303847 0.0556071 0.0434529 0.0773377 0.120226 0.0123167 0.00558538 0.00808908 0.0132493 0.0263622 0.0608769 0.121087 0.0326935 0.00818339 0.0502081 0.00672258 -0.00304905 0.0232314 0.034502
internal_weight=97489 81930 15559 11027 26549 4532 671 234 437 207 10356 398 182 158 83 57 402 364 9958 3915 1091 138 44 94 2824 94 2736 55381 364 285
internal_count=97489 81930 15559 11027 26549 4532 671 234 437 207 10356 398 182 158 83 57 402 364 9958 3915 1091 138 44 94 2824 94 2736 55381 364 285
is_linear=0
shrinkage=0.1


Tree=25
num_leaves=31
num_cat=0
split_feature=110 88 103 30 50 27 17 33 104 104 29 3 63 45 93 85 82 25 41 17 13 53 108 103 28 4 29 90 47 79
split_gain=89.1912 35.0761 36.9737 30.6573 20.6648 30.6142 19.3627 18.0891 17.8121 23.2339 19.9323 21.2933 17.7695 17.7586 18.2149 17.5482 20.7864 27.2208 24.9935 28.1793 40.4147 25.2757 19.0409 17.3828 17.198 16.6072 24.3449 20.6626 15.9285 15.8943
threshold=81.500000000000014 11.15 0.52900000000000014 0.36666666666666675 20.800000000000001 0.76883245299451319 4.5112432053461076 1.8988294856331289 110.55000000000001 110.65000000000002 0.83365907064964151 16.836470004383361 10.500000000000002 0.70315633998332439 1.5000000000000002 77.500000000000014 443.50000000000006 1.0477225575051665 1.0044595585015512 2.8188743457466225 3.3540936844653131 36.500000000000007 13.500000000000002 0.30100000000000005 1.2426470588235297 47.792500000000011 1.0408037621993127 8.5000000000000018 1.8946262522483579 6.5000000000000009
decision_type=2 8 2 10 10 10 10 8 2 2 8 10 8 10 10 10 10 10 10 10 10 10 2 2 10 10 10 10 10 8
left_child=3 -2 4 -1 12 -6 7 23 10 -10 -4 25 -3 14 -13 22 17 18 -17 -20 21 -21 -11 -5 -7 29 27 -27 -14 -12
right_child=1 2 8 6 5 24 -8 -9 9 15 11 13 28 -15 -16 16 -18 -19 19 20 -22 -23 -24 -25 -26 26 -28 -29 -30 -31
leaf_value=-0.0036715761023274548 -0.0052837974079304141 0.013331246867132336 -0.00032323037131995399 0.0056544579755306865 0.12593948722649845 -0.046271345681614347 0.025067527977798643 -0.034876976360497226 -0.031224221767445742 -0.0041225767209213402 0.01100909825394387 0.017118799746036528 0.0013491954138730739 0.012886040858806125 0.12316468006161892 -0.037864438489907316 -0.0030320736575119487 0.12659877897240221 -0.0093488422036170967 0.2342871754616499 0.006264587108264952 0.078959199578755287 0.038189726268279961 -0.00054703789127292027 0.072837603786452251 -0.026995380882649345 -0.019947129461344429 0.052898751420882323 0.066733474377542734 0.036526555206118805
leaf_weight=36558 2511 7590 2157 5203 39 27 314 147 260 3209 1633 25 1910 63 46 45 208 32 50 20 34 22 110 34425 22 47 353 104 38 287
leaf_count=36558 2511 7590 2157 5203 39 27 314 147 260 3209 1633 25 1910 63 46 45 208 32 50 20 34 22 110 34425 22 47 353 104 38 287
internal_value=-3.72548e-12 0.00580044 0.00731877 -0.00157727 0.0115896 0.0598266 0.000332576 0.000137309 0.00259606 -0.00232125 0.00675726 0.0127278 0.0111446 0.0515326 0.0858246 -0.000306565 0.0191849 0.0419491 0.0261082 0.0489556 0.0873137 0.152925 -0.00272024 0.000267194 0.00720614 0.0105826 -0.00557272 0.028031 0.00262466 0.0148234
internal_weight=97489 20842 18331 76647 9626 88 40089 39775 8705 3990 4715 2558 9538 134 71 3730 411 203 171 126 76 42 3319 39628 49 2424 504 151 1948 1920
internal_count=97489 20842 18331 76647 9626 88 40089 39775 8705 3990 4715 2558 9538 134 71 3730 411 203 171 126 76 42 3319 39628 49 2424 504 151 1948 1920
is_linear=0
shrinkage=0.1


Tree=26
num_leaves=31
num_cat=0
split_feature=71 93 16 0 81 103 55 20 103 46 88 81 104 80 23 89 29 6 52 104 88 44 26 113 30 104 21 17 9 33
split_gain=76.0952 31.1918 22.2595 21.8415 21.8015 25.1691 20.3324 18.4713 21.8856 21.2348 23.5061 20.5946 30.0146 29.11 21.1267 19.8033 23.6041 29.4877 19.4962 19.3988 20.9403 19.0484 24.0261 24.1004 39.663 25.2635 22.956 21.9065 17.9587 18.4335
threshold=5.5000000000000009 1.0000000180025095e-35 4.452272727272728 21.550000000000008 801.50000000000011 0.68900000000000017 33.500000000000007 1.788888888888889 0.34400000000000003 1.0954545454545457 51.050000000000004 274.50000000000006 114.75000000000001 466.4500000000001 1.2684211716531022 19.500000000000004 1.019904186645846 15.900000000000002 3.5000000000000004 116.55000000000001 25.250000000000004 1.3875000000000002 0.58571428571428574 1.0000000180025095e-35 1.9000000000000001 109.25000000000001 0.71679496922166341 2.5430502670636916 2.9401411807576583 1.4210685583158826
decision_type=10 10 10 10 10 2 10 10 2 10 10 10 2 10 10 10 10 10 10 2 10 10 10 2 10 2 10 10 10 8
left_child=1 -1 -3 -2 5 7 -4 8 11 15 21 12 13 14 -5 -10 -17 -18 -15 -14 -21 22 -11 -24 -25 -26 -23 -27 29 -9
right_child=3 2 6 4 -6 -7 -8 28 9 10 -12 -13 19 18 -16 16 17 -19 -20 20 -22 26 23 24 25 27 -28 -29 -30 -31
leaf_value=-0.0025684641853639715 -0.003400792836484581 -0.0016807119211636802 0.0080343399347055835 0.030079245134054317 0.00095739276439078347 -0.0068035493948727394 0.00064361149459181855 -0.0078414927651365741 0.0032701813192905407 -0.018893480032535367 0.11365863033532796 0.018166699856222598 -0.042500723330065229 0.07571428855881096 0.11871354854420613 0.01248467290347475 -0.018453812833737444 0.10386054892450164 0.20817765636881816 0.1176141097711829 0.01119098394556204 0.085308589550053215 -0.014793607934067646 0.17743676550970933 -0.04014270959252661 0.016035130147177442 0.0069719373376383523 0.13797229752081502 0.009330630073384109 -0.091645103006158024
leaf_weight=55381 1980 11623 7093 92 3436 804 7833 146 1551 38 31 384 39 20 38 226 27 73 25 26 64 41 27 36 22 26 427 34 5914 32
leaf_count=55381 1980 11623 7093 92 3436 804 7833 146 1551 38 31 384 39 20 38 226 27 73 25 26 64 41 27 36 22 26 427 34 5914 32
internal_value=-5.94652e-12 -0.0012175 0.00160059 0.00641108 0.00784179 0.0101739 0.00415577 0.0116355 0.0177272 0.0134703 0.0285825 0.0335608 0.0530059 0.0799836 0.0559877 0.0079793 0.0303838 0.0708357 0.149305 0.0164082 0.0419354 0.0245313 0.0518862 0.0704354 0.0899369 0.0515223 0.0138348 0.0851329 0.00838868 -0.0229073
internal_weight=97489 81930 26549 15559 13579 10143 14926 9339 3247 2559 682 688 304 175 130 1877 326 100 45 129 90 651 183 145 118 82 468 60 6092 178
internal_count=97489 81930 26549 15559 13579 10143 14926 9339 3247 2559 682 688 304 175 130 1877 326 100 45 129 90 651 183 145 118 82 468 60 6092 178
is_linear=0
shrinkage=0.1


Tree=27
num_leaves=31
num_cat=0
split_feature=96 103 71 85 88 33 20 33 39 24 61 22 15 104 30 18 5 82 85 88 109 93 3 7 106 13 111 27 13 38
split_gain=65.4384 33.6243 26.2231 24.6395 21.6319 19.429 18.7267 16.9404 20.3019 20.8888 25.3836 19.3025 19.3684 17.7428 24.0345 25.6163 16.7886 16.2141 30.7442 20.0105 15.9669 15.7161 14.6649 25.8565 32.2804 19.0671 14.5987 14.2176 23.1897 14.0549
threshold=225.50000000000003 0.5335000000000002 7.5000000000000009 26.500000000000004 12.750000000000002 2.1717884406070893 4.5277777777777786 0.9499365146309281 1.2494423429796104 1.7750000000000001 5.5000000000000009 1.7573529411764708 4.139913626758907 113.45000000000002 3.4500000000000006 1.9000000000000001 7.9315384781728282 30.500000000000004 15.500000000000002 35.650000000000013 26.169746748802194 1.5000000000000002 17.348898459534997 6.6257032119102606 184.50000000000003 4.4271743186991772 3.5000000000000004 0.9689585494434233 5.7227599037544321 0.95000000000000007
decision_type=2 2 10 10 10 8 10 10 10 10 10 10 10 2 10 10 10 8 10 10 2 8 10 10 2 10 2 10 10 10
left_child=3 2 4 26 -2 20 7 16 9 11 -11 12 13 14 15 -9 -4 -10 19 -19 -6 -3 25 -24 -25 -23 -1 28 -20 -15
right_child=1 21 6 -5 5 -7 -8 8 17 10 -12 -13 -14 29 -16 -17 -18 18 27 -21 -22 22 23 24 -26 -27 -28 -29 -30 -31
leaf_value=0.0023872157932871407 -0.0034529570361629112 -0.0015771316972127193 -0.020234450697898865 0.0036829808371796656 0.0088454456108412825 0.065803236494010139 0.10068059888909814 0.027709344051472375 -0.053817759633064267 0.15191959992051127 -0.0074028332531452176 -0.032161880717910943 -0.043233450536397017 0.02420770212687472 -0.073536274759098894 0.12384778957348318 0.059550775127174951 0.17775141880625772 0.028547291553687446 0.050476231570355592 0.0021895871591694127 0.0070502399974799873 0.10663431601073498 0.10644399881362916 -0.026710573628322406 -0.013431846404231713 -0.0032582075242461117 0.0045289566005138979 0.13436646745963529 -0.025665350848188002
leaf_weight=5054 2564 13140 32 6741 9280 55 27 207 25 20 20 164 68 93 20 32 150 21 353 30 5893 3515 39 25 67 522 48900 266 22 144
leaf_count=5054 2564 13140 32 6741 9280 55 27 207 25 20 20 164 68 93 20 32 150 21 353 30 5893 3515 39 25 67 522 48900 266 22 144
internal_value=-3.58592e-12 0.00332756 0.00617661 -0.00201721 0.00504467 0.00647545 0.0180654 0.0167273 0.0131981 0.00190059 0.0722584 -0.00196522 0.00681537 0.0136769 0.0317693 0.0405814 0.0455226 0.0252993 0.0281576 0.102884 0.00626039 0.000119996 0.00547035 0.0383987 0.00947273 0.00440183 -0.00272939 0.0222121 0.0347553 -0.00609491
internal_weight=97489 36794 19486 60695 17792 15228 1694 1667 1485 768 40 728 564 496 259 239 182 717 692 51 15173 17308 4168 131 92 4037 53954 641 375 237
internal_count=97489 36794 19486 60695 17792 15228 1694 1667 1485 768 40 728 564 496 259 239 182 717 692 51 15173 17308 4168 131 92 4037 53954 641 375 237
is_linear=0
shrinkage=0.1


Tree=28
num_leaves=31
num_cat=0
split_feature=71 103 109 75 97 68 31 35 48 6 88 35 109 23 3 27 3 29 39 69 12 93 85 13 33 88 79 35 5 1
split_gain=53.3285 25.4142 18.0815 20.9551 19.8355 19.3196 19.2575 22.98 21.4927 18.0831 19.3198 17.5056 23.5791 17.4124 17.1405 24.0115 16.7478 22.1301 16.4056 24.512 18.6042 17.1875 20.5164 16.8726 19.061 16.3388 18.7474 16.2682 15.6525 15.475
threshold=5.5000000000000009 0.37850000000000006 26.980150581793293 3.5000000000000004 16.500000000000004 1.0000000180025095e-35 2.1014931715128884 2.1147974664905722 38.100000000000009 16.450000000000003 48.95000000000001 0.65858598855265582 19.96303901437372 0.85252224582461622 17.348898459534997 1.5793800527887105 8.1984585250823923 0.61564288735314598 1.3197184163705313 7.5000000000000009 10.100000000000001 1.5000000000000002 93.500000000000014 5.2344922159480065 1.656622908042616 17.450000000000003 2.5000000000000004 2.0210172297669478 8.1947632507313468 9.4203503082195379
decision_type=10 2 2 10 2 8 10 10 8 10 10 10 2 10 10 10 10 10 10 8 10 10 10 10 10 8 8 10 10 10
left_child=1 11 3 -2 -4 14 7 8 13 -10 -11 -1 16 -6 28 -16 -13 -18 19 20 -7 -21 27 24 -20 -3 -27 -23 -5 -22
right_child=2 25 4 5 6 18 -8 -9 9 10 -12 12 -14 -15 15 -17 17 -19 23 21 29 22 -24 -25 -26 26 -28 -29 -30 -31
leaf_value=-0.000391699978320045 -0.011670673139809976 -0.0044445921616489371 -0.0010241062987860847 0.022476749337911606 0.078456550629602551 0.0086494764604765958 -0.027692011676821088 0.12014316588640213 0.14114354729120221 -0.0059824280712894315 0.10321326278006802 0.0012301169969550056 0.0047070663681472611 0.0081241641676761088 0.021198672572704587 0.11046113774128673 0.15063302703201772 0.039461040975014024 0.015996811478899038 0.028036619176005795 0.0097979173023739589 0.21369518651203678 0.034870585900816049 0.066716693682556463 -0.042301914761838033 0.005070817359616322 -0.0016374020141477483 0.090644971352247972 0.0058387589211853419 0.11539010409797941
leaf_weight=10943 475 18884 5745 625 36 186 121 20 21 43 26 104 7631 1585 185 36 20 171 242 37 23 22 22 47 73 4657 39520 21 5933 35
leaf_count=10943 475 18884 5745 625 36 186 121 20 21 43 26 104 7631 1585 185 36 20 171 242 37 23 22 22 47 73 4657 39520 21 5933 35
internal_value=4.74855e-12 -0.00101923 0.00536701 0.00869695 0.00187708 0.00998914 0.0108767 0.0135727 0.012327 0.0598924 0.0351638 0.00220052 0.00577947 0.00968614 0.0083475 0.0357392 0.0335201 0.0511021 0.0257077 0.0412779 0.0240689 0.0824446 0.113415 0.0108256 0.00248631 -0.00198264 -0.000930243 0.153601 0.00742442 0.0735173
internal_weight=97489 81930 15559 7962 7597 7487 1852 1731 1711 90 69 18869 7926 1621 6779 221 295 191 708 346 244 102 65 362 315 63061 44177 43 6558 58
internal_count=97489 81930 15559 7962 7597 7487 1852 1731 1711 90 69 18869 7926 1621 6779 221 295 191 708 346 244 102 65 362 315 63061 44177 43 6558 58
is_linear=0
shrinkage=0.1


Tree=29
num_leaves=31
num_cat=0
split_feature=96 103 88 35 31 29 85 44 33 88 75 3 108 11 109 43 6 34 96 50 6 110 23 41 4 90 20 13 34 89
split_gain=46.2082 25.4473 19.3977 20.2314 25.9929 19.026 18.256 17.4996 13.4451 13.3594 15.4834 21.9783 16.5067 16.0865 14.3126 13.7346 17.9473 15.8777 12.9219 12.95 14.4909 12.7949 21.0166 22.9754 34.0559 18.9567 19.746 18.4316 16.9209 15.6896
threshold=225.50000000000003 0.5335000000000002 11.15 2.0830346167565277 1.5543320308680684 1.0264444940950479 26.500000000000004 1.5857142857142861 1.0000000180025095e-35 26.050000000000004 5.5000000000000009 16.447846855800957 1.5000000000000002 3.7054369343147027 22.678986995208763 0.97871355387816916 13.633333333333335 2.4083333333333337 274.50000000000006 -1.8999999999999997 3.9000000000000004 84.500000000000014 1.0771240531701665 1.2815932199788433 40.537500000000016 3.5000000000000004 1.4722222222222225 3.5472799949715879 2.2052631578947373 5.5000000000000009
decision_type=2 2 10 8 10 8 10 10 10 8 10 10 2 8 2 10 10 10 2 10 10 2 10 10 10 10 10 10 10 10
left_child=6 2 -2 7 5 -5 8 21 -1 14 11 12 -11 -14 18 16 -16 -17 19 20 -3 -4 -23 24 29 -25 -27 -28 -29 -24
right_child=1 9 3 4 -6 -7 -8 -9 -10 10 -12 -13 13 -15 15 17 -18 -19 -20 -21 -22 22 23 25 -26 26 27 28 -30 -31
leaf_value=-0.0061980614895463734 -0.0035897265964994034 0.0012689812351828035 0.0069819388384578379 0.16677062397911435 0.0077720510996878147 0.053345646440982823 0.0032114513556915688 0.00039825548872150058 -0.0016675033065419054 -0.0086136332063949245 0.00015287756742824531 0.074916307818144554 0.046225483802168871 0.00963610697409026 -0.0071984650190567087 0.0008496252278772737 -0.029557577994616141 0.079856210717788118 0.032142149472796082 -3.5751658846998233e-06 0.1176554543618113 0.0014943714087800773 0.10107167038321495 0.14444944730826789 -0.074534024154910672 0.079763071889019752 -0.0049718930993391123 0.0069243682379072358 0.12608547462866856 0.017602987077891302
leaf_weight=7629 2191 23 12034 21 100 50 6741 4144 46325 481 7887 50 129 1753 2989 1174 408 26 142 2226 20 396 25 21 39 98 92 22 26 227
leaf_count=7629 2191 23 12034 21 100 50 6741 4144 46325 481 7887 50 129 1753 2989 1174 408 26 142 2226 20 396 25 21 39 98 92 22 26 227
internal_value=-1.84697e-11 0.00279621 0.00527474 0.00639773 0.0406238 0.0868939 -0.00169509 0.00605594 -0.00230812 5.78498e-06 0.00229744 0.00930702 0.00791876 0.0121441 -0.00336237 -0.00663519 -0.00988393 0.00256143 0.00287786 0.00104642 0.0554022 0.00786222 0.0190602 0.0317076 0.0124256 0.0533721 0.0453358 0.0212367 0.07147 0.0258836
internal_weight=97489 36794 19486 17295 171 71 60695 17124 53954 17308 10300 2413 2363 1882 7008 4597 3397 1200 2411 2269 43 12980 946 550 291 259 238 140 48 252
internal_count=97489 36794 19486 17295 171 71 60695 17124 53954 17308 10300 2413 2363 1882 7008 4597 3397 1200 2411 2269 43 12980 946 550 291 259 238 140 48 252
is_linear=0
shrinkage=0.1


Tree=30
num_leaves=31
num_cat=0
split_feature=110 103 89 28 71 23 110 50 55 39 79 7 16 41 23 33 113 17 1 7 9 23 18 32 88 11 8 31 5 103
split_gain=38.805 20.1313 19.6884 18.0441 17.0826 16.5951 16.3863 16.2269 18.4118 14.5957 26.1201 23.8081 22.7646 27.7104 20.8059 14.5518 18.3658 14.4073 14.4069 15.1015 14.3828 14.8568 14.2359 14.2185 15.0315 18.2024 18.5904 16.8709 15.244 15.7465
threshold=81.500000000000014 0.37850000000000006 8.5000000000000018 1.3944444444444446 2.5000000000000004 0.60946741720815634 87.000000000000014 1.6500000000000001 34.500000000000007 1.3354134215912963 1.0000000180025095e-35 3.3316324482458519 5.7573529411764719 1.6890193532369737 1.1531791911520621 1.238245861615183 1.0000000180025095e-35 4.5112432053461076 11.524408878549911 5.2678247386809689 8.3652720226869643 2.2214981307819506 1.9000000000000001 3.3500000000000001 57.850000000000001 8.074896117516241 23.550000000000004 0.64222852518808682 14.370487850195561 0.29800000000000004
decision_type=2 2 8 10 10 10 2 10 10 8 8 8 10 10 10 8 2 10 10 10 10 10 10 10 10 10 10 10 10 2
left_child=4 6 3 -3 -1 -4 9 8 -6 23 11 -11 -13 14 18 16 -9 -18 19 -14 -12 -22 -16 24 25 28 27 -27 -2 -30
right_child=1 2 5 -5 7 -7 -8 15 -10 10 20 12 13 -15 22 -17 17 -19 -20 -21 21 -23 -24 -25 -26 26 -28 -29 29 -31
leaf_value=-0.002838077857850336 0.005244761850095099 -0.0021511938867297469 0.026720578894546022 -0.045693414147520803 0.0017589799819487531 0.0038464515250955719 0.091918559744954109 0.0029732233760343951 -0.0029673399072574365 -0.01671745720608481 0.0052085454870840972 0.13306355169042947 0.047229019784349568 -0.036358609644545091 0.12558091752231124 -0.0065370638224818527 0.01352251009055957 0.075934666718699431 0.090143012950817752 -0.035579762603156269 0.052513440919495162 0.0062017586601201364 0.043268359123783955 0.081655188254080718 -0.03683220434007993 -0.0035721218585968019 -0.01312396221069826 0.10421762704005783 0.014149576966320316 -0.078900324597700758
leaf_weight=31284 2795 5053 327 97 14534 10549 24 9052 19040 58 1090 32 49 37 55 1312 1387 38 30 40 147 131 34 24 86 20 36 53 31 44
leaf_count=31284 2795 5053 327 97 14534 10549 24 9052 19040 58 1090 32 49 37 55 1312 1387 38 30 40 147 131 34 24 86 20 36 53 31 44
internal_value=-1.47058e-11 0.00382599 0.00212228 -0.00297131 -0.00104037 0.00453419 0.00949538 0.000199394 -0.000921342 0.00908257 0.0165154 0.0415419 0.0537407 0.0433801 0.0575644 0.00339115 0.00463442 0.0151868 0.0302128 0.0100116 0.0103869 0.0306903 0.0941357 0.00498476 0.0043844 0.00557427 0.0456847 0.0746862 0.00405092 -0.0404397
internal_weight=97489 20842 16026 5150 76647 10876 4816 45363 33574 4792 1703 335 277 245 208 11789 10477 1425 119 89 1368 278 89 3089 3065 2979 109 73 2870 75
internal_count=97489 20842 16026 5150 76647 10876 4816 45363 33574 4792 1703 335 277 245 208 11789 10477 1425 119 89 1368 278 89 3089 3065 2979 109 73 2870 75
is_linear=0
shrinkage=0.1


Tree=31
num_leaves=31
num_cat=0
split_feature=93 24 85 17 87 63 13 12 39 27 54 17 80 37 17 11 2 86 109 19 88 88 48 30 83 9 53 103 27 14
split_gain=33.5114 21.6636 22.3781 17.1321 14.5935 14.3935 14.439 17.673 13.8955 13.2522 15.0307 13.8952 12.9429 17.7035 19.0911 18.7415 18.6752 16.5564 13.3386 21.0243 23.1798 12.9299 15.6948 12.8772 16.7506 24.8754 21.1514 19.0868 18.7747 17.2317
threshold=1.5000000000000002 0.77500000000000013 59.500000000000007 5.41865682035096 155.50000000000003 10.500000000000002 6.6407788180743337 11.700000000000001 0.92237834162261667 1.0068968775248519 3.5000000000000004 2.3425540116636343 2039.0000000000007 1.1178102700547354 2.5107662774064852 4.6560656190583432 26.700000000000006 87.500000000000014 23.500342231348395 1.8818990709935315 34.650000000000013 19.250000000000004 7.0500000000000007 1.4500000000000002 15.500000000000002 4.8554092786890353 13.500000000000002 0.26200000000000007 0.48549796400695738 6.3166666666666673
decision_type=10 10 8 8 10 10 10 10 8 10 10 10 10 10 10 10 10 10 2 10 10 10 8 10 10 10 10 2 10 10
left_child=1 -1 5 23 9 6 -3 -8 -5 11 -11 -4 13 14 -13 16 -15 21 19 20 -14 -17 -23 -2 25 27 29 -25 -27 -26
right_child=3 2 4 8 -6 -7 7 -9 -10 10 -12 12 18 15 -16 17 -18 -19 -20 -21 -22 22 -24 24 26 28 -28 -29 -30 -31
leaf_value=-0.0025692403644926557 0.0026244279370847778 0.0017073911222676656 -0.0021541966047322848 -0.11027854008600116 -0.052315916402919875 -0.0017267929639617101 -0.0025296720045228163 0.10513640754235287 -0.017839801202035755 0.00085044313464534076 0.059196874013413558 0.095586500247871437 0.072612452067625829 0.037461446367558986 0.0074528502826162538 -0.03347007294721676 0.16425141829710743 0.079759310735648292 -0.0053668844259120024 0.10196632628931719 -0.024627540727625741 0.11584841651575906 0.022870119469224671 0.078733870759606361 0.013108315115625208 0.088025466055102197 0.0054375786371258401 -0.0076337588774996745 0.028295509194761655 0.11693682960204539
leaf_weight=36356 8076 24288 267 20 37 21370 31 30 87 1099 46 27 39 21 274 33 26 72 238 34 66 21 134 28 33 59 3862 297 487 31
leaf_count=36356 8076 24288 267 20 37 21370 31 30 87 1099 46 27 39 21 274 33 26 72 238 34 66 21 134 28 33 59 3862 297 487 31
internal_value=1.27616e-11 -0.000726615 0.000664585 0.00473078 0.0100076 0.000167178 0.00182943 0.0504209 -0.0351181 0.0109696 0.00319449 0.0180803 0.0235652 0.0325916 0.0153585 0.0494879 0.107601 0.038983 0.00900797 0.033621 0.0114902 0.0233665 0.0354672 0.005062 0.00916579 0.0217115 0.00638246 -0.000192855 0.0347498 0.0634003
internal_weight=97489 84509 48153 12980 2434 45719 24349 61 107 2397 1145 1252 985 608 301 307 47 260 377 139 105 188 155 12873 4797 871 3926 325 546 64
internal_count=97489 84509 48153 12980 2434 45719 24349 61 107 2397 1145 1252 985 608 301 307 47 260 377 139 105 188 155 12873 4797 871 3926 325 546 64
is_linear=0
shrinkage=0.1


Tree=32
num_leaves=31
num_cat=0
split_feature=12 103 31 35 23 103 11 68 30 13 80 82 111 85 17 39 96 38 24 11 59 21 59 51 72 32 37 18 88 2
split_gain=29.6917 26.2819 17.138 15.3743 16.6118 15.2187 15.1412 14.6516 15.3883 26.2593 15.8191 24.3656 14.7749 14.4813 14.2113 16.886 14.0616 13.4473 12.3264 12.2668 11.9905 13.3128 11.7996 22.4824 27.9618 17.2273 16.2859 18.5333 12.8586 14.6984
threshold=4.9000000000000012 0.39200000000000007 2.7838676969280556 0.69627232120896287 0.73309395134597721 0.68900000000000017 3.3948490338223656 1.5000000000000002 3.3000000000000003 5.5317192897358298 1423.0500000000004 218.50000000000003 2.5000000000000004 106.50000000000001 3.8950393578024447 1.1831231205715003 253.50000000000003 2.4365079365079372 1.5500000000000003 7.773436542152246 15.500000000000002 2.6760250435333437 23.500000000000004 72.700000000000003 1.0000000180025095e-35 2.4142857142857146 1.6380804171854755 1.9000000000000001 23.650000000000002 41.665000000000013
decision_type=10 2 10 8 10 2 8 10 10 10 8 10 2 10 10 10 2 10 10 8 10 10 10 10 8 10 10 10 10 10
left_child=-1 2 3 -2 14 6 20 8 -8 10 11 -10 17 -12 15 -5 -7 -9 -15 -14 -3 -22 -6 24 25 26 28 -28 -24 -30
right_child=1 5 -4 4 22 16 7 12 9 -11 13 -13 19 18 -16 -17 -18 -19 -20 -21 21 -23 23 -25 -26 -27 27 -29 29 -31
leaf_value=-0.0015653339073251893 0.00073244144402634869 0.030901873116594515 0.079368197405710827 0.032855411358792073 0.0059903733439072484 -0.0025426634109081822 0.00057281563333765192 0.10086727141890497 0.0028135264929580062 0.13518906809389591 -0.074403835833072668 0.09066658513275562 0.02263985083807471 -0.013706227829206295 -0.0072697136902296153 0.10779749821675451 -0.018458957496414071 0.0093589321781809513 0.077136739215347916 -0.057924481293024577 -0.0052017010539770134 0.066374296322464943 0.088221093801961803 0.0087201652045611356 0.15194142166347732 -0.048711203519875811 0.16015785336494448 0.027150760814547537 0.008561932159886685 0.099427142366766932
leaf_weight=54025 3559 306 32 144 5555 2873 28345 42 76 20 28 54 106 59 61 38 688 26 20 23 250 29 31 830 21 24 22 20 162 20
leaf_count=54025 3559 306 32 144 5555 2873 28345 42 76 20 28 54 106 59 61 38 688 26 20 23 250 29 31 830 21 24 22 20 162 20
internal_value=-9.87595e-12 0.00194568 0.0062975 0.00607454 0.00881884 0.000556191 0.0013044 0.000980872 0.00079368 0.0251532 0.0158674 0.0393063 0.028159 -0.0126097 0.0345022 0.0485027 -0.00561776 0.0658788 0.00929199 0.00827567 0.0172315 0.0022381 0.00788525 0.0172003 0.0406621 0.0322862 0.0399095 0.0968211 0.0286875 0.0185471
internal_weight=97489 43464 10519 10487 6928 32945 29384 28799 28602 257 237 130 197 107 243 182 3561 68 79 129 585 279 6685 1130 300 279 255 42 213 182
internal_count=97489 43464 10519 10487 6928 32945 29384 28799 28602 257 237 130 197 107 243 182 3561 68 79 129 585 279 6685 1130 300 279 255 42 213 182
is_linear=0
shrinkage=0.1


Tree=33
num_leaves=31
num_cat=0
split_feature=71 103 52 54 3 7 3 93 29 72 2 100 90 41 34 14 24 9 106 31 21 0 39 12 41 96 33 57 87 25
split_gain=25.9012 17.1193 13.0115 16.8738 19.9006 25.8979 22.3273 19.0851 26.6853 17.2171 15.7456 14.4366 16.2469 18.4746 16.4252 23.7931 35.384 21.5856 23.2378 21.1958 20.5194 18.8916 18.2265 17.9894 16.0781 15.9809 15.8927 19.0894 15.4764 15.3679
threshold=5.5000000000000009 0.37850000000000006 15.500000000000002 1.0000000180025095e-35 8.2555705098323866 3.4784757272261762 7.8999753867212794 3.5000000000000004 1.0067287259593483 1.0000000180025095e-35 42.975000000000016 1.0000000180025095e-35 12.500000000000002 0.78659665406324641 2.1055555555555561 6.4142857142857155 0.77500000000000013 10.727948910028458 110.50000000000001 2.1446343412137621 1.3743625973076603 35.070000000000014 1.4414292762296912 5.1000000000000005 1.0705383010021172 264.50000000000006 1.714318016993259 14.500000000000002 69.500000000000014 0.82657830373090091
decision_type=10 2 8 10 8 10 10 10 10 8 10 2 10 10 10 10 10 10 2 10 10 10 10 10 10 2 10 10 10 10
left_child=1 -1 11 4 6 -6 10 9 -9 -7 -4 -2 14 -14 -13 16 20 18 22 23 -16 26 24 -18 -17 -23 27 -20 -15 -26
right_child=2 -3 3 -5 5 7 -8 8 -10 -11 -12 12 13 28 15 17 19 -19 21 -21 -22 25 -24 -25 29 -27 -28 -29 -30 -31
leaf_value=0.0019322637006886478 -6.7731894215166506e-05 -0.0015010230898742766 0.064211640509939383 0.063077635621385922 -0.054554282473948071 0.044728002777944011 0.14300792440772056 0.15170958211476154 -0.0078909330256283286 -0.0038779831205083752 -0.0070664164289587833 0.0021455974138198624 -0.068726312309503559 0.021386551235094239 -0.02665169969891551 0.0038147212937474253 0.20372035801410676 0.089514749425072829 0.0074559914651063253 0.0071432570274919272 0.09081120774149895 -0.013719096718314314 -0.0073776576854288588 0.089338529744947506 0.04623678840696812 -0.097317399621009826 -0.03223969821419035 0.098966204412281517 -0.019062137965890534 0.16384262359142304
leaf_weight=18869 7360 63061 63 70 68 90 20 22 20 383 61 5396 25 1159 58 20 20 31 53 20 20 268 40 44 20 25 35 40 103 25
leaf_count=18869 7360 63061 63 70 68 90 20 22 20 383 61 5396 25 1159 58 20 20 31 53 20 20 268 40 44 20 25 35 40 103 25
internal_value=3.2297e-12 -0.000710315 0.00374035 0.016186 0.011671 0.00344829 0.0449614 0.0111069 0.0757093 0.00537051 0.0291474 0.00306841 0.00618676 0.016399 0.00403744 0.0182355 0.0519666 0.00842499 0.00364594 0.097002 0.00346699 -0.00685089 0.0457332 0.125083 0.0784169 -0.0208521 0.0251986 0.0468152 0.0180853 0.111573
internal_weight=97489 81930 15559 797 727 583 144 515 42 473 124 14762 7402 1287 6115 719 162 557 526 84 78 421 105 64 65 293 128 93 1262 45
internal_count=97489 81930 15559 797 727 583 144 515 42 473 124 14762 7402 1287 6115 719 162 557 526 84 78 421 105 64 65 293 128 93 1262 45
is_linear=0
shrinkage=0.1


Tree=34
num_leaves=31
num_cat=0
split_feature=90 103 110 1 40 35 43 39 97 20 52 15 7 45 15 17 35 68 1 11 13 50 108 1 102 7 19 85 3 96
split_gain=23.5013 19.8558 21.7463 14.509 23.9203 18.9304 18.7889 14.9341 13.6502 22.5163 27.933 16.2276 14.6636 13.0031 14.6009 12.7117 15.3738 12.4608 16.3175 18.6684 16.896 12.7268 16.6973 23.0845 22.072 14.4842 15.6997 14.0613 22.084 14.9584
threshold=3.5000000000000004 0.58700000000000008 81.500000000000014 7.4884911697140621 0.59411764705882364 2.63078764368468 1.1897227048854206 0.71679496922166341 16.500000000000004 1.4722222222222225 5.5000000000000009 1.7278642655928953 6.1032764333158775 1.1761495463774236 2.5428072872380048 3.8374882135941069 1.2628271851500197 1.5000000000000002 10.776641406201071 6.4914200082644724 3.3640244544575082 -1.0000000180025095e-35 6.5000000000000009 19.701243615552702 4.5000000000000009 5.2057571734343773 0.70710678118654779 32.500000000000007 7.9292356363025656 264.50000000000006
decision_type=10 2 2 8 10 8 10 8 2 10 10 10 10 10 10 10 10 10 10 10 10 10 2 10 10 10 10 10 10 2
left_child=-1 2 15 8 6 17 7 -5 12 10 -10 -11 -4 -13 -15 16 -2 21 -19 -20 -21 22 23 24 27 26 -24 29 -29 -6
right_child=1 -3 3 4 5 -7 -8 -9 9 11 -12 13 -14 14 -16 -17 -18 18 19 20 -22 -23 25 -25 -26 -27 -28 28 -30 -31
leaf_value=-0.0019431944293955691 0.00093209941686416518 -0.0015846794918675383 0.00078144196412519018 0.040063209838636621 0.015951883148980037 0.094067559301853176 0.1060386208196481 -0.0098761400470521489 0.11106617105576921 -0.078472988544539976 0.0053417364933661055 -0.010538293186352771 -0.02165407774120999 0.082337072358599731 0.0096803991744915663 0.010701428569746834 -0.013346516148239796 -0.0074562183980430886 0.14248536477486293 -0.034066601991653449 0.095917838755995036 0.0037055460486241157 0.0815683887047427 0.12110821076414802 -0.029477161476793495 -0.0056873825616928567 0.011852464643790474 0.083998211021867719 0.024865155270579822 -0.031262620427802978
leaf_weight=37987 27918 17542 2811 222 522 25 33 82 51 22 49 134 325 42 81 1288 775 42 24 20 20 5410 35 22 92 703 419 70 646 77
leaf_count=37987 27918 17542 2811 222 522 25 33 82 51 22 49 134 325 42 81 1288 775 42 24 20 20 5410 35 22 92 703 419 70 646 77
internal_value=7.79038e-12 0.00124057 0.0024217 0.00602324 0.008266 0.00718346 0.0343723 0.0265927 0.000622734 0.0185484 0.0592612 0.00395603 -0.00154367 0.0110122 0.03449 0.000982697 0.000546433 0.00691536 0.0409765 0.0727605 0.0309256 0.00646383 0.0122342 0.0194646 0.0178753 0.0033041 0.017227 0.0211882 0.0306463 0.00988257
internal_weight=97489 59502 41960 11979 8464 8127 337 304 3515 379 100 279 3136 257 123 29981 28693 8102 106 64 40 7996 2586 1429 1407 1157 454 1315 716 599
internal_count=97489 59502 41960 11979 8464 8127 337 304 3515 379 100 279 3136 257 123 29981 28693 8102 106 64 40 7996 2586 1429 1407 1157 454 1315 716 599
is_linear=0
shrinkage=0.1


Tree=35
num_leaves=31
num_cat=0
split_feature=88 103 79 84 6 104 41 16 107 24 33 92 5 88 41 33 3 84 56 41 109 85 82 81 1 88 56 102 85 28
split_gain=20.2822 19.1166 16.1979 21.0185 22.8842 20.9415 18.4545 17.0215 28.3029 18.1117 16.4109 19.8733 14.6046 14.6028 26.8321 19.6287 20.0102 15.8499 20.5183 16.4633 15.8552 14.3299 17.5264 15.0811 14.7752 16.6715 17.1889 14.9668 16.778 22.7174
threshold=11.450000000000001 0.37850000000000006 1.0000000180025095e-35 17.500000000000004 19.700000000000006 118.75000000000001 1.3869920211225939 10.410526315789475 2020.5000000000002 0.77500000000000013 2.2779080526330842 1.0000000180025095e-35 9.8599902583487822 17.650000000000002 0.75935458991449933 1.060005038625601 9.0780473916041213 11.500000000000002 1.0000000180025095e-35 1.2747539381422459 20.028747433264893 29.500000000000004 403.50000000000006 563.50000000000011 14.879868950798693 26.050000000000004 6.5000000000000009 1.5000000000000002 97.500000000000014 1.6306818181818186
decision_type=8 2 8 8 10 2 10 10 2 10 10 10 10 10 8 10 8 10 10 10 2 8 10 10 10 10 10 10 10 10
left_child=-1 2 3 7 5 6 -5 13 9 -9 -4 -12 -10 14 -2 16 -16 20 -19 -20 -15 23 -23 -3 27 -26 -27 -24 -29 -30
right_child=1 21 10 4 -6 -7 -8 8 12 -11 11 -13 -14 17 15 -17 -18 18 19 -21 -22 22 24 -25 25 26 -28 28 29 -31
leaf_value=-0.0034161645327892274 -0.016790087373797283 1.6342528596912779e-05 0.0025237772580517979 -0.021539110462986961 0.079655117059455202 0.081892812338012919 0.027314159251749515 0.061255611975987757 0.068030871308985205 0.18543753950330227 0.13716193448752165 0.0075876154262444068 -0.04990614092066175 0.073926968548608862 0.072066101699303359 0.019245064725567189 0.19509437055327 0.10724689890489435 0.055817214272371157 -0.037559772035373112 -0.013570687680755958 0.0047292843486420912 -0.017380373666740275 -0.0039468406075314627 -0.024716489520427345 0.014327591543020378 0.10861058326438069 -0.0050294664584799526 0.0082678379006278901 0.089106743661938492
leaf_weight=14750 43 34905 17857 341 34 26 100 24 21 23 20 29 21 23 39 35 20 33 41 35 208 10563 759 13245 111 583 20 2968 575 37
leaf_count=14750 43 34905 17857 341 34 26 100 24 21 23 20 29 21 23 39 35 20 33 41 35 208 10563 759 13245 111 583 20 2968 575 37
internal_value=6.70322e-12 0.000609005 0.00339561 0.0153652 0.000447238 -0.0053195 -0.0104613 0.0285699 0.068717 0.122025 0.00268236 0.0604751 0.00906237 0.0210791 0.0486428 0.0785749 0.113771 0.00997258 0.0414042 0.0128147 -0.0048588 -0.000220126 0.0024122 -0.00107384 -0.00243153 0.0108987 0.0174547 -0.00462508 -0.00192081 0.0131552
internal_weight=97489 82739 18973 1067 501 467 441 566 89 47 17906 49 42 477 137 94 59 340 109 76 231 63766 15616 48150 5053 714 603 4339 3580 612
internal_count=97489 82739 18973 1067 501 467 441 566 89 47 17906 49 42 477 137 94 59 340 109 76 231 63766 15616 48150 5053 714 603 4339 3580 612
is_linear=0
shrinkage=0.1


Tree=36
num_leaves=31
num_cat=0
split_feature=96 100 93 111 103 86 84 31 103 13 7 11 46 1 80 82 29 40 81 79 3 21 34 33 0 65 50 33 104 93
split_gain=18.0629 18.7162 18.2068 17.956 16.0473 15.2699 14.2843 31.5763 18.1678 17.2539 18.958 16.0932 17.6513 14.3498 27.4106 14.2953 14.0563 14.7801 13.9444 14.9946 14.484 13.7122 17.4754 13.6104 13.575 17.3197 13.0129 15.5099 19.5493 14.9276
threshold=225.50000000000003 1.0000000180025095e-35 1.0000000180025095e-35 40.500000000000007 0.60050000000000014 22.500000000000004 9.5000000000000018 1.0477225575051665 0.61350000000000005 3.754973061528649 7.3416587783532181 9.190885072501386 0.30384615384615393 3.3327166096144456 188.05000000000004 61.500000000000007 1.1915269771356505 3.7029411764705888 998.50000000000011 3.5000000000000004 9.4703073985068542 0.87875606972955522 1.3166666666666669 2.0803307417005787 54.710000000000001 4.5000000000000009 -2.8999999999999995 1.1761495463774236 112.05000000000001 1.0000000180025095e-35
decision_type=2 2 8 2 2 10 10 10 2 10 10 8 8 10 8 10 10 10 10 10 10 10 10 10 10 10 8 10 2 10
left_child=23 4 -3 5 18 6 11 -8 9 10 15 13 -13 14 -4 -9 17 24 26 20 -20 22 -18 -1 -7 -26 27 28 -2 -29
right_child=1 2 3 -5 -6 16 7 8 -10 -11 -12 12 -14 -15 -16 -17 21 -19 19 -21 -22 -23 -24 -25 25 -27 -28 29 -30 -31
leaf_value=-0.001002103894272548 0.112876399400595 0.00057086438604470535 0.0063174124505068806 -0.0062301081044037771 -0.0055423653269711121 0.0035815427922690243 0.010024916917935183 0.13872587560461119 -0.0056224364591272256 0.14112654009769704 -0.022719375416636468 0.12750631912865423 0.027691511579042118 0.0061879345483481125 0.15162240195088089 0.056486735553109804 -0.0022517473938373422 -0.026814386799571016 0.010053241324931151 -0.0034902026140139295 -0.045541553077554066 0.012793374001211577 0.10472656929412404 -0.039918837250313831 0.012509909083434781 0.083099303468285757 0.0018747794375682518 0.075003106991450005 0.010758131299469923 -0.0010993078259415314
leaf_weight=60605 38 8417 37 946 4713 5130 353 26 38 29 25 22 91 1509 20 113 26 155 64 1357 175 1285 37 90 126 48 11764 30 37 183
leaf_count=60605 38 8417 37 946 4713 5130 353 26 38 29 25 22 91 1509 20 113 26 155 64 1357 175 1285 37 90 126 48 11764 30 37 183
internal_value=8.2531e-12 0.00174825 0.00399923 0.00688027 -0.000511549 0.00824768 0.0153639 0.0288351 0.0575797 0.0700236 0.0574505 0.0106783 0.0471245 0.00804839 0.0573016 0.0718696 0.00588187 0.00362376 0.00122572 -0.007558 -0.0306542 0.0150266 0.0605768 -0.00105981 0.00451326 0.0319828 0.00238891 0.0233898 0.0624981 0.00961934
internal_weight=97489 36794 18433 10016 18361 9070 2263 584 231 193 164 1679 113 1566 57 139 6807 5459 13648 1596 239 1348 63 60695 5304 174 12052 288 75 213
internal_count=97489 36794 18433 10016 18361 9070 2263 584 231 193 164 1679 113 1566 57 139 6807 5459 13648 1596 239 1348 63 60695 5304 174 12052 288 75 213
is_linear=0
shrinkage=0.1


Tree=37
num_leaves=31
num_cat=0
split_feature=110 24 85 13 30 21 9 6 4 82 11 52 27 1 52 15 25 27 80 82 28 13 81 85 30 89 86 0 29 88
split_gain=17.0372 15.9444 13.3043 12.9441 15.6262 14.9303 17.1199 18.0446 15.5888 19.5933 14.718 12.3472 12.1229 13.027 16.2147 12.6104 12.1885 13.0029 27.0604 26.7175 22.3941 17.6295 12.638 12.5489 12.2781 19.1611 19.9253 14.849 14.441 13.2744
threshold=74.500000000000014 0.70833333333333337 60.500000000000007 5.0315667464154421 1.3666666666666669 1.7053818821262869 3.2691132039598187 23.266666666666669 43.527500000000011 256.50000000000006 7.9733107365506806 4.5000000000000009 1.8633607621494999 18.974153454396141 5.5000000000000009 4.49444033092841 1.7604525947843548 0.97386269437804185 985.6500000000002 234.50000000000003 0.8973684210526317 1.3227406337702023 735.50000000000011 155.50000000000003 1.9000000000000001 19.500000000000004 66.500000000000014 53.910000000000004 0.94043231754460754 40.050000000000004
decision_type=2 10 8 10 10 8 10 10 10 10 10 10 10 10 10 10 10 10 8 8 10 10 8 10 10 10 8 10 10 10
left_child=-1 3 -3 4 -2 6 -6 8 -8 -10 -7 -11 13 16 -15 -16 17 18 -4 20 -20 22 -19 24 28 29 27 -27 -23 -26
right_child=1 2 12 -5 5 10 7 -9 9 11 -12 -13 -14 14 15 -17 -18 21 19 -21 -22 23 -24 -25 25 26 -28 -29 -30 -31
leaf_value=-0.0040117651342733932 -0.0015239232708087415 0.0011388450821302875 -0.063726124693168962 -0.012380694740242303 -0.014316381047495075 -0.010851351559763812 0.010850854530918691 -0.029711587958594906 0.13599434908140789 0.074599210669597002 0.028946424941754059 -0.017899408880170557 -0.037757181972896653 0.014996425823755261 0.12537111072190876 0.024969934333454482 0.032247899185029509 0.096218259976460385 0.033021332082502984 0.010979831090750361 0.16637640319764616 -0.02636651232126443 0.018628320995068878 0.050440645876635874 -0.01854888106647291 -0.042516311749138613 -0.059313854042631703 0.072399273142218598 0.0054997916278782593 0.030080522945297235
leaf_weight=9549 33081 45855 47 991 305 808 2714 107 22 27 105 31 59 123 29 22 177 26 34 1725 20 170 109 41 152 22 156 23 870 89
leaf_count=9549 33081 45855 47 991 305 808 2714 107 22 27 105 31 59 123 29 22 177 26 34 1725 20 170 109 41 152 22 156 23 870 89
internal_value=-5.81598e-12 0.000435619 0.00161539 -0.0011012 -0.000800717 0.00500758 0.00822045 0.0105899 0.0121333 0.0556397 -0.00627439 0.0251603 0.00722715 0.00791922 0.0346532 0.0820608 0.00664861 0.00534807 0.0111694 0.0131481 0.0824121 -0.00106312 0.0335716 -0.00413317 -0.00564297 -0.019605 -0.0424037 0.0162183 0.000290877 -0.000590304
internal_weight=97489 87940 49749 38191 37200 4119 3206 2901 2794 80 913 58 3894 3835 174 51 3661 3484 1826 1779 54 1658 135 1523 1482 442 201 45 1040 241
internal_count=97489 87940 49749 38191 37200 4119 3206 2901 2794 80 913 58 3894 3835 174 51 3661 3484 1826 1779 54 1658 135 1523 1482 442 201 45 1040 241
is_linear=0
shrinkage=0.1


Tree=38
num_leaves=31
num_cat=0
split_feature=12 103 44 35 109 3 38 111 14 13 50 85 53 68 2 15 10 0 88 13 32 12 35 39 85 10 81 30 104 4
split_gain=15.2375 15.4778 12.1748 12.56 13.2676 13.8546 21.8193 9.60645 18.4327 15.2887 17.1459 16.319 22.2548 14.8285 17.3619 14.4585 11.0622 16.5877 15.0556 14.4259 18.4543 18.1172 13.2649 12.6448 12.5645 21.8 13.3338 15.5028 12.5477 14.1015
threshold=1.7750000000000001 0.37850000000000006 1.4142857142857144 0.68694219605279438 20.028747433264893 7.8999753867212794 0.78888888888888908 2.5000000000000004 14.750000000000002 5.6847747992152291 20.800000000000001 36.500000000000007 39.500000000000007 1.5000000000000002 49.995000000000012 2.8778022093938551 16.81666666666667 45.070000000000014 33.250000000000007 4.4609275236284898 2.183333333333334 6.7083333333333348 1.4848432016667732 1.2671032908556688 97.500000000000014 16.025000000000002 558.50000000000011 2.9000000000000004 106.95000000000002 44.427500000000002
decision_type=8 2 8 8 2 8 10 2 10 8 10 10 10 10 10 10 10 10 10 8 10 10 8 8 10 10 10 10 2 10
left_child=-1 2 3 -2 5 -5 -7 8 9 13 11 -11 -13 -3 15 -15 17 19 -19 21 -21 24 -18 -24 -9 26 27 -26 -25 -30
right_child=1 7 -4 4 -6 6 -8 16 -10 10 -12 12 -14 14 -16 -17 22 18 -20 20 -22 -23 23 28 25 -27 -28 -29 29 -31
leaf_value=-0.0043174740359744291 0.0012672558170993258 0.0023885342838807552 1.6134230976404905e-05 -0.0053338296984027072 0.0069068974734590996 0.13992908426693507 0.032087245375574142 -0.00073092121652428509 -0.08411920592188836 -0.014395712322044757 0.12174920685589315 0.14501922622323035 0.017336150865222135 0.026771238852630965 -0.013470893199073859 0.1390048587229103 -0.002369744327212125 0.092371535879270786 0.016406714514775489 -0.0053756759351279238 -0.042920274309572772 0.0048304873117276277 -0.045723111139963912 -0.038309772567281242 0.11587640680372716 0.12005639624382769 -0.00055378682327845801 -0.0033329970017075537 -0.0059441736497569328 0.071071323463993683
leaf_weight=7542 5216 6107 9056 82 6111 21 176 33171 24 62 20 20 43 22 29 24 18886 29 260 2252 139 7625 137 79 24 21 158 20 102 31
leaf_count=7542 5216 6107 9056 82 6111 21 176 33171 24 62 20 20 43 22 29 24 18886 29 260 2252 139 7625 137 79 24 21 158 20 102 31
internal_value=-4.19007e-12 0.000362018 0.00276414 0.00490837 0.00788052 0.0292061 0.0435831 -0.000354337 0.00335233 0.00368413 0.0357813 0.0220264 0.0578705 0.00293129 0.0471257 0.0853279 -0.000728397 0.00015121 0.0240295 -7.75864e-06 -0.00755832 0.000432364 -0.00272673 -0.0220448 -0.000571879 0.0230855 0.0130043 0.0616903 -0.00674324 0.0120068
internal_weight=97489 89947 20662 11606 6390 279 197 69285 6351 6327 145 125 63 6182 75 46 62934 43699 289 43410 2391 41019 19235 349 33394 223 202 44 212 133
internal_count=97489 89947 20662 11606 6390 279 197 69285 6351 6327 145 125 63 6182 75 46 62934 43699 289 43410 2391 41019 19235 349 33394 223 202 44 212 133
is_linear=0
shrinkage=0.1


Tree=39
num_leaves=31
num_cat=0
split_feature=88 63 56 22 35 35 103 87 49 14 46 65 27 33 37 12 5 8 40 33 41 49 48 91 1 89 11 100 4 89
split_gain=13.1588 14.4408 13.9531 13.2561 11.9697 16.7275 11.9683 15.0818 15.4719 18.1142 19.0829 21.7461 18.4298 19.2893 16.5535 16.2926 14.6972 13.5153 12.6253 12.0793 12.4736 11.772 24.0932 22.4195 15.2241 12.2286 10.835 10.5045 10.5033 11.3927
threshold=11.450000000000001 10.500000000000002 6.5000000000000009 4.4142857142857155 1.0992465288770605 1.6874139945216025 0.37650000000000006 91.500000000000014 47.150000000000013 8.9500000000000011 0.17156862745098042 2.5000000000000004 0.92237834162261667 1.5652465782067826 2.5132957790129056 7.366666666666668 12.968522110037844 8.8166666666666682 3.9045454545454548 1.277989727675952 1.0904165719600523 36.250000000000007 3.0500000000000003 1.5000000000000002 4.3235402160729359 8.5000000000000018 9.4464557231214759 1.0000000180025095e-35 54.20750000000001 33.500000000000007
decision_type=8 8 10 8 10 10 2 8 10 10 10 10 10 10 10 10 8 10 10 10 10 10 10 10 10 10 10 2 10 10
left_child=-1 2 6 4 -3 28 7 8 9 10 11 12 13 16 18 17 21 -13 -10 -9 -21 24 23 25 -2 -23 -4 -7 29 -6
right_child=1 3 26 -5 5 27 -8 19 14 -11 -12 15 -14 -15 -16 -17 -18 -19 -20 20 -22 22 -24 -25 -26 -27 -28 -29 -30 -31
leaf_value=-0.0027516280961917493 0.082879318528134252 -0.0029978293063355936 0.01056422279647805 0.0002555065703272356 -0.017498120173702281 -0.0016360381884234295 0.00045463182575381211 -0.0033136156396100114 0.0096348492264038254 -0.030384356351879978 0.00098938166391730037 -0.0082655906455329393 0.11997951457188244 -0.038240064394970741 0.074786282619461422 -0.052634265520057434 0.11406068302690985 0.048442430258320096 0.087402490526437768 -0.089374037229401238 -0.0065061269089197503 -0.0036610203033143824 0.019414800319534083 0.16799406039714815 0.006632823687891855 0.09763929363913261 0.070444126883822109 0.099627943672239788 -0.074741675981110145 0.049692653398960833
leaf_weight=14750 29 9656 1198 21784 858 21 38242 1319 3530 163 4862 160 21 45 40 59 20 57 21 34 39 22 130 25 270 26 31 20 31 26
leaf_count=14750 29 9656 1198 21784 858 21 38242 1319 3530 163 4862 160 21 45 40 59 20 57 21 34 39 22 130 25 270 26 31 20 31 26
internal_value=4.04298e-13 0.000490537 0.00155032 -0.00115635 -0.00405458 -0.0147282 0.00128697 0.00421468 0.00564189 0.00248722 0.00342296 0.0171175 0.0279867 0.0245796 0.0108153 -0.00603876 0.0299951 0.00663006 0.0100948 -0.00550511 -0.0451021 0.0266459 0.0452308 0.0912045 0.014028 0.05121 0.0120746 0.047761 -0.0175283 -0.0155219
internal_weight=97489 82739 50343 32396 10612 956 49114 10872 9480 5889 5726 864 588 567 3591 276 522 217 3551 1392 73 502 203 73 299 48 1229 41 915 884
internal_count=97489 82739 50343 32396 10612 956 49114 10872 9480 5889 5726 864 588 567 3591 276 522 217 3551 1392 73 502 203 73 299 48 1229 41 915 884
is_linear=0
shrinkage=0.1


Tree=40
num_leaves=31
num_cat=0
split_feature=110 24 100 71 79 83 12 0 82 60 8 104 105 87 102 80 3 86 9 5 111 45 37 14 13 6 85 7 9 25
split_gain=12.1659 11.9941 12.9661 12.0273 21.2024 22.3094 20.9683 19.4079 15.3752 14.6352 14.7515 14.1518 12.2161 15.6026 17.5475 11.9834 20.4912 21.4404 25.9967 19.649 16.9045 13.0117 12.7576 16.6435 13.7573 11.57 11.5511 11.5001 11.1741 10.9492
threshold=74.500000000000014 0.70833333333333337 1.0000000180025095e-35 6.5000000000000009 7.5000000000000009 5.5000000000000009 8.6333333333333346 30.340000000000003 162.50000000000003 2.5000000000000004 18.725000000000005 117.45 0.55000000000000016 43.500000000000007 2.5000000000000004 2341.3499999999999 10.761239602276833 124.50000000000001 5.4979794036094987 14.105743041088724 2.5000000000000004 1.2888391932218626 1.0477225575051665 15.550000000000002 4.6097690384871344 16.633333333333336 138.50000000000003 4.161329433774676 4.7485795460976385 1.1178102700547354
decision_type=2 10 2 10 10 10 10 10 10 8 10 2 10 10 10 10 10 10 10 10 2 10 10 10 10 10 10 10 10 10
left_child=-1 -2 -3 26 9 -6 7 8 -7 15 -11 12 -9 -14 -15 22 20 19 -19 -18 -17 -20 24 27 -5 -22 -4 28 -24 -29
right_child=1 2 3 4 5 6 -8 11 -10 10 -12 -13 13 14 -16 16 17 18 21 -21 25 -23 23 -25 -26 -27 -28 29 -30 -31
leaf_value=-0.0033900651774527281 -0.0009648042162801291 -0.0002312138602960079 0.0022632760421817766 0.018352795519511883 0.13445482339177814 0.029121023706263967 0.12606384694576264 -0.037481480825839464 0.13379094043503637 0.099050121094015509 0.013244634827452841 0.06006312623015933 0.090209442444823013 -0.049006338848879463 0.064895757890882949 -0.086672465044718539 0.026033207330265609 0.12691403362900019 0.018227253858260139 0.14980126989298856 -0.038578964271785129 -0.067611351822103774 -0.01070672002269776 0.059543541508416335 -0.025857178262639335 0.058788710384844595 0.07646278387733868 0.0074947957935996542 -0.058262481301036832 -0.019229215008101576
leaf_weight=9549 38191 24749 22867 497 21 36 20 76 23 33 51 37 22 38 21 26 23 20 111 29 23 21 118 36 82 26 21 380 85 257
leaf_count=9549 38191 24749 22867 497 21 36 20 76 23 33 51 37 22 38 21 26 23 20 111 29 23 21 118 36 82 26 21 380 85 257
internal_value=4.64458e-12 0.000368112 0.00139136 0.00299764 0.0102182 0.0351337 0.0274936 0.0197015 0.0699246 0.00618896 0.0469539 0.00442743 -0.00868417 0.0183355 -0.00846491 0.00421419 0.0231985 0.0396307 0.0206689 0.0950577 -0.0214973 0.00457111 0.000573903 -0.00703884 0.0120916 0.0130855 0.00233135 -0.00989237 -0.0306192 -0.0032871
internal_weight=97489 87940 49749 25000 2112 294 273 253 59 1818 84 194 157 81 59 1734 279 204 152 52 75 132 1455 876 579 49 22888 840 203 637
internal_count=97489 87940 49749 25000 2112 294 273 253 59 1818 84 194 157 81 59 1734 279 204 152 52 75 132 1455 876 579 49 22888 840 203 637
is_linear=0
shrinkage=0.1


Tree=41
num_leaves=31
num_cat=0
split_feature=103 28 23 111 83 46 92 89 32 19 32 35 105 33 36 57 36 81 23 110 33 105 23 3 3 82 20 8 6 13
split_gain=11.5263 12.7328 14.9025 12.1805 16.6416 13.0509 12.7073 16.9679 25.198 13.7611 14.7368 17.6295 14.4348 13.9258 13.5543 11.8789 11.7645 11.5433 11.784 10.881 15.266 21.695 16.0809 17.0702 24.8267 15.3077 14.1961 17.0152 21.6211 19.8813
threshold=0.5335000000000002 0.84412955465587058 0.60946741720815634 1.5000000000000002 2.5000000000000004 1.4058823529411766 1.5000000000000002 32.500000000000007 1.6833333333333336 1.0000000000000002 2.3541666666666674 1.9517184629530939 0.77500000000000013 1.6346924281699649 0.77500000000000013 4.5000000000000009 1.4500000000000002 1772.0000000000002 0.92398221145998738 84.500000000000014 1.8469095587447586 0.55000000000000016 1.0771240531701665 7.7240964950474504 8.3107360282784004 124.50000000000001 1.0500000000000003 19.535714285714288 15.633333333333335 3.4784757272261762
decision_type=2 8 8 2 8 8 8 10 10 8 10 10 10 10 10 10 10 10 8 2 8 10 10 10 10 10 10 10 10 10
left_child=3 -2 16 4 -1 15 14 9 -9 13 12 -12 -11 -8 -6 -5 -3 18 -16 -17 22 25 -21 -24 -25 -22 -26 28 -28 -30
right_child=1 2 -4 5 6 -7 7 8 -10 10 11 -13 -14 -15 17 19 -18 -19 -20 20 21 -23 23 24 26 -27 27 -29 29 -31
leaf_value=0.094146805459802807 -0.0028004197633264851 0.016318683743582304 0.00030855245077736359 -0.003864435731044346 0.068713418742020929 -0.0012411746948399129 0.023456721157268729 0.026953059439959171 0.1261625650398914 0.0043166323581166578 -0.084125329671721705 0.031866455576382582 0.066718277484178551 0.10960597351077013 -0.045289608351886279 0.0023803625846895043 0.083185387876416966 -0.038872141625200002 0.0039748856512149613 0.0031080098864457789 0.036303287893533709 0.049530440675360818 -0.016624076365295684 0.1290743535650628 0.074716390745108205 -0.061509329199652713 0.011415484181738326 -0.035733062700303485 0.034023128463221447 0.12927456742359533
leaf_weight=22 23140 106 23360 2988 30 20480 86 147 31 506 38 20 40 24 50 23639 35 70 1679 396 20 35 66 28 63 80 175 43 56 36
leaf_count=22 23140 106 23360 2988 30 20480 86 147 31 506 38 20 40 24 50 23639 35 70 1679 396 20 35 66 28 63 80 175 43 56 36
internal_value=-4.59689e-12 -0.00113532 0.000504194 0.00104139 0.00752293 0.000671806 0.00682256 0.0166082 0.0442311 0.00972176 0.00379721 -0.0441282 0.00888818 0.0422529 0.00205014 0.00209001 0.0329168 0.000938467 0.00255023 0.00281217 0.0130401 -0.0182305 0.0179318 0.0305019 0.0382583 -0.0419468 0.031441 0.0226463 0.0320483 0.0712954
internal_weight=97489 46641 23501 50848 2743 48105 2721 892 178 714 604 58 546 110 1829 27625 141 1799 1729 24637 998 135 863 467 401 100 373 310 267 92
internal_count=97489 46641 23501 50848 2743 48105 2721 892 178 714 604 58 546 110 1829 27625 141 1799 1729 24637 998 135 863 467 401 100 373 310 267 92
is_linear=0
shrinkage=0.1


Tree=42
num_leaves=31
num_cat=0
split_feature=33 103 110 59 51 80 10 102 9 21 23 10 26 109 85 85 29 6 1 6 30 9 35 85 82 17 31 48 31 92
split_gain=10.2982 10.4728 10.923 9.39818 18.2498 24.044 16.0974 12.1867 10.8172 12.8126 22.6023 11.512 11.4308 10.3186 10.0279 15.015 9.90059 12.314 10.6112 10.445 9.3712 8.77261 8.6952 8.62527 18.765 28.4442 19.6219 24.809 29.0139 23.9684
threshold=1.0000000180025095e-35 0.37850000000000006 85.500000000000014 23.500000000000004 70.050000000000011 726.5500000000003 14.422222222222224 4.5000000000000009 7.057305021128415 1.1831231205715005 1.5614120060577308 23.522727272727277 1.3875000000000002 28.95140314852841 32.500000000000007 38.500000000000007 0.68184354922134705 12.900000000000002 9.2252913231541118 16.633333333333336 4.5000000000000009 5.5382508042393228 1.2544639532008561 65.500000000000014 262.50000000000006 3.0860466961026889 1.3779271744364847 14.850000000000003 2.0246950765959606 1.0000000180025095e-35
decision_type=8 2 2 10 10 8 10 10 10 10 10 10 10 2 10 10 10 10 10 10 10 10 10 8 8 10 10 10 10 10
left_child=-1 2 3 -2 5 6 -5 8 14 -10 -11 -12 -13 -9 22 21 18 -18 -7 -19 23 -16 -6 -3 25 26 -25 28 29 -28
right_child=1 20 -4 4 7 16 -8 13 9 10 11 12 -14 -15 15 -17 17 19 -20 -21 -22 -23 -24 24 -26 -27 27 -29 -30 -31
leaf_value=-0.0034577812456274264 0.0016589060846173632 -0.00056624501552119538 0.061600240824684016 0.041013073840371846 -0.010791322458336895 0.10845658324658872 0.12766604374628515 0.086467424151487657 -0.033846063391704644 0.11650974944716803 -0.011424263165099547 0.082714973999751043 0.0022661742043441559 0.0016543037150628292 0.099012572929263118 -0.0018250055567203265 0.046247595353495513 -0.050842481762170794 0.0098314145036662633 0.012586734988899144 -0.051292349936233633 0.015238546967506409 -0.055979413378472426 -0.01116833231951061 0.0020696682487492562 0.092836045673875905 0.030503373641113288 -0.052624042238070018 -0.0049623610503557658 0.1442464671097696
leaf_weight=7914 19326 64104 31 53 258 20 36 32 35 27 72 38 33 26 25 318 42 50 24 54 36 25 51 152 4508 54 32 24 45 44
leaf_count=7914 19326 64104 31 53 258 20 36 32 35 27 72 38 33 26 25 318 42 50 24 54 36 25 51 152 4508 54 32 24 45 44
internal_value=2.39929e-12 0.000305497 0.00228556 0.00219606 0.0107121 0.033171 0.0760637 0.00404611 0.00112627 0.0212515 0.0325951 0.0167511 0.0453233 0.0484477 -0.00496778 0.00618458 0.0130792 0.000547662 0.054661 -0.0179081 -0.000284972 0.0571256 -0.0182496 -0.000258345 0.00380372 0.0260747 0.0139363 0.0402529 0.0586748 0.0963546
internal_weight=97489 89575 20576 20545 1219 279 89 940 882 205 170 143 71 58 677 368 190 146 44 104 68999 50 309 68963 4859 351 297 145 121 76
internal_count=97489 89575 20576 20545 1219 279 89 940 882 205 170 143 71 58 677 368 190 146 44 104 68999 50 309 68963 4859 351 297 145 121 76
is_linear=0
shrinkage=0.1


Tree=43
num_leaves=31
num_cat=0
split_feature=88 83 109 12 31 82 32 2 14 111 17 11 93 111 0 33 71 83 104 31 7 33 41 37 34 81 1 0 84 57
split_gain=9.57658 9.94438 15.7168 18.6472 11.0249 13.6242 20.4122 11.8552 11.2913 10.6676 11.0404 10.5167 13.5832 9.96604 9.88939 9.63611 9.61039 29.9048 25.2793 13.4315 16.0632 15.9955 21.7574 18.6791 16.7432 16.1989 15.7888 15.5981 15.1813 13.5392
threshold=7.1500000000000012 56.500000000000007 24.453114305270365 5.2250000000000005 2.0246950765959606 202.50000000000003 2.4142857142857146 34.284444444444453 14.050000000000002 3.5000000000000004 4.0203429538138264 4.0766081899494786 1.5000000000000002 5.5000000000000009 47.330000000000013 1.8272620441316241 5.5000000000000009 53.500000000000007 110.55000000000001 1.3227406337702019 3.4784757272261762 1.0232946570191743 1.231285774706292 1.297417464888168 1.552777777777778 523.50000000000011 9.4587261298391265 23.230000000000008 20.500000000000004 10.500000000000002
decision_type=8 10 2 10 8 10 10 10 10 2 10 10 10 2 10 10 10 10 2 10 10 10 10 10 10 8 10 10 10 8
left_child=-1 2 3 14 8 -6 7 -7 16 10 11 12 -4 -11 -2 -9 -5 19 -19 21 -21 22 23 24 26 -24 28 -23 -18 -22
right_child=1 -3 9 4 5 6 -8 15 -10 13 -12 -13 -14 -15 -16 -17 17 18 -20 20 29 27 25 -25 -26 -27 -28 -29 -30 -31
leaf_value=-0.0032872008629143698 0.00095710559159000905 -0.00064146532727575828 0.0128616557366425 0.0068016350414580058 -0.023304056464732926 0.037127227324151225 0.087970581374341439 -0.094344295270275325 -0.022385438954580793 -0.011910275432132444 -0.020645344896875629 0.008921884298804356 0.11702449875218529 -0.00087097574677227722 0.059413306026494708 0.0038193876296281817 0.088507516040570222 0.020772913015551037 0.15761379654760715 -0.012634192515785495 -0.029834572218910411 0.061466139963557646 -0.0096404865866485806 0.11934799894450172 0.11125669884072109 0.083142893007468618 -0.031712149534862309 -0.012069693223849579 -0.018479324859522639 0.044148452942322752
leaf_weight=8124 14139 49798 31 6235 242 31 31 20 121 864 122 1118 21 15289 29 20 36 27 27 78 27 31 181 31 22 21 42 415 21 295
leaf_count=8124 14139 49798 31 6235 242 31 31 20 121 864 122 1118 21 15289 29 20 36 27 27 78 27 31 181 31 22 21 42 415 21 295
internal_value=-1.0854e-11 0.000298833 0.00148227 0.00325213 0.00712699 -0.0103839 0.0202699 -0.00928949 0.00791854 -0.00076209 0.00798155 0.0109666 0.0549274 -0.00146145 0.00107676 -0.0452625 0.00840817 0.016396 0.0891934 0.0131201 0.028082 0.00563916 0.0215107 0.0500903 0.0323466 5.3103e-06 0.0148111 -0.00695846 0.0490913 0.0379449
internal_weight=97489 89365 39567 22122 7954 344 102 71 7610 17445 1292 1170 52 16153 14168 40 7489 1254 54 1200 400 800 354 152 121 202 99 446 57 322
internal_count=97489 89365 39567 22122 7954 344 102 71 7610 17445 1292 1170 52 16153 14168 40 7489 1254 54 1200 400 800 354 152 121 202 99 446 57 322
is_linear=0
shrinkage=0.1


Tree=44
num_leaves=31
num_cat=0
split_feature=103 12 17 23 90 57 17 71 63 32 85 85 104 45 47 82 35 9 85 1 15 24 104 31 106 13 17 106 36 10
split_gain=8.98636 10.5049 10.1538 10.0684 11.1672 16.6106 15.5296 10.4102 19.5419 17.5625 14.4597 13.2299 12.8142 17.9251 16.0805 14.3091 20.1624 19.4828 16.3504 12.6894 12.5118 13.5826 13.8815 13.2537 14.5442 12.7511 13.1367 12.4696 12.3291 23.1674
threshold=0.68900000000000017 1.7750000000000001 4.0566708382418559 0.68694219605279438 15.500000000000002 25.500000000000004 3.8950393578024447 6.5000000000000009 3.5000000000000004 1.1833333333333336 43.500000000000007 61.500000000000007 113.05000000000001 2.1666632529072034 1.9814457952024034 426.50000000000006 1.5786383406945077 11.161690297554662 162.50000000000003 17.921816312633165 3.2136858948350251 2.1000000000000005 107.05000000000001 1.0477225575051665 507.50000000000006 2.8459956687007311 3.014117916726466 507.50000000000006 1.7750000000000001 13.911538461538465
decision_type=2 10 10 8 10 10 10 10 10 10 10 10 2 10 10 10 10 10 10 10 10 10 2 10 2 10 10 2 10 10
left_child=1 -1 -2 4 5 -3 -6 -5 9 10 -9 -12 13 15 -15 -10 18 -18 20 -14 23 22 27 24 25 26 -17 -22 29 -24
right_child=2 3 -4 7 6 -7 -8 8 12 -11 11 -13 19 14 -16 16 17 -19 -20 -21 21 -23 28 -25 -26 -27 -28 -29 -30 -31
leaf_value=-0.0033850586036475137 -0.0023894853949444177 0.006686163153187966 -0.01882913801512575 5.4402907423122894e-05 0.12147112041711808 -0.070778047878827369 0.013088560942560435 -0.019504180341933908 0.01115117999911841 -0.052627618463399507 0.097000969492870834 0.0030390591273993951 0.0011216600422324662 0.10661784531814711 0.0049444574330534258 0.12941133252211981 -0.030714258748452402 0.05025165430411245 0.087939175226104768 -0.030999454164546199 -0.0053399611668414381 0.073533534173454568 -0.0023204483690538575 -0.036748400996814992 -0.027467960537984393 -0.0086495606521410605 0.020016745728966986 -0.090017875639552436 0.0026520320507282384 0.07600521986236479
leaf_weight=7160 7690 2430 395 72617 20 28 39 167 3164 108 23 43 2280 35 28 21 299 33 24 130 83 35 70 127 65 35 23 22 213 82
leaf_count=7160 7690 2430 395 72617 20 28 39 167 3164 108 23 43 2280 35 28 21 299 33 24 130 83 35 70 127 65 35 23 22 213 82
internal_value=-6.89697e-13 0.000288719 -0.00319266 0.000608551 0.0068357 0.00580374 0.0498284 0.000411958 0.0040638 -0.0192941 -0.00384333 0.0357834 0.00524049 0.00847567 0.0614297 0.00769911 -0.0019496 -0.0226664 0.00664788 -0.000611014 0.00413372 0.0134355 0.00896015 -0.0131999 0.00756855 0.0363961 0.0722278 -0.023082 0.0181778 0.0399342
internal_weight=97489 89404 8085 82244 2517 2458 59 79727 7110 341 233 66 6769 4359 63 4296 1132 332 800 2410 776 505 470 271 144 79 44 105 365 152
internal_count=97489 89404 8085 82244 2517 2458 59 79727 7110 341 233 66 6769 4359 63 4296 1132 332 800 2410 776 505 470 271 144 79 44 105 365 152
is_linear=0
shrinkage=0.1


Tree=45
num_leaves=31
num_cat=0
split_feature=111 14 71 3 38 88 2 86 12 9 85 30 30 3 52 102 49 38 110 88 8 30 45 10 30 44 30 31 41 103
split_gain=8.6459 13.4444 12.0951 9.83644 10.3886 10.4087 15.0982 13.3685 9.97939 22.3935 11.934 10.7261 11.3678 13.8408 10.4935 9.19592 19.5956 21.8985 9.54251 27.5618 23.2795 16.0814 18.3099 12.9357 15.8583 8.78586 10.7947 9.15522 8.14271 8.11277
threshold=2.5000000000000004 14.750000000000002 1.0000000180025095e-35 9.7913822653728868 0.78888888888888908 63.250000000000007 51.155000000000008 162.50000000000003 12.700000000000001 6.1380770027883349 120.50000000000001 2.7750000000000004 1.9000000000000001 8.5023558821410781 22.500000000000004 3.5000000000000004 81.350000000000009 2.5634920634920637 87.000000000000014 44.850000000000001 22.450000000000003 3.1000000000000005 0.9689585494434233 24.275000000000002 3.4500000000000006 1.0000000180025095e-35 2.9000000000000004 1.658243862791825 1.3090919593832433 0.68900000000000017
decision_type=2 10 8 8 10 10 10 10 10 10 10 10 10 10 10 8 10 10 2 10 10 10 10 10 10 8 10 10 10 2
left_child=1 2 -1 4 -4 8 -7 -8 10 -10 11 12 14 -14 -6 18 25 -18 21 -20 -21 -5 23 28 -25 -17 27 -27 -23 -2
right_child=29 -3 3 15 5 6 7 -9 9 -11 -12 -13 13 -15 -16 16 17 -19 19 20 -22 22 -24 24 -26 26 -28 -29 -30 -31
leaf_value=0.081031100526452071 6.8508337233235418e-07 -0.061584568833495723 0.057334598054488498 0.0047808277244659331 -0.0030116009341078303 0.10933807652443649 -0.034194128727540372 0.0645373068905125 -0.014462011920348293 0.11745684040202337 -0.054587017745814398 0.057819293031533214 -0.00041725136248803725 -0.084191548040038672 0.046769414322320811 0.064693611065546677 0.13633022005004544 0.0012422021328737695 0.12836035033687951 -0.052907596473746446 0.072792661648530224 -0.0089360212683677678 -0.09852475403778016 0.086634944184966714 -0.033558487821192966 0.008991599205761867 -0.05506408613920212 0.071257169336080547 -0.0945423441939056 -0.0034610208625281179
leaf_weight=20 81906 32 30 4261 2776 20 32 24 31 22 45 29 41 38 43 30 28 21 24 34 26 25 31 23 21 426 25 25 20 7380
leaf_count=20 81906 32 30 4261 2776 20 32 24 31 22 45 29 41 38 43 30 28 21 24 34 26 25 31 23 21 426 25 25 20 7380
internal_value=-6.81983e-12 0.00310694 0.00336029 0.00316971 -0.00122898 -0.00179555 0.0347559 0.00811934 -0.00271386 0.0402968 -0.00348088 -0.00269516 -0.00330073 -0.0407137 -0.00225226 0.0059132 0.018053 0.0784354 0.00440423 0.0377905 0.00156252 0.00376409 -0.0323387 -0.00928508 0.0292699 0.0122056 0.00889758 0.0124431 -0.0469833 -0.000285445
internal_weight=97489 8203 8171 8151 3131 3101 76 56 3025 53 2972 2927 2898 79 2819 5020 555 49 4465 84 60 4381 120 89 44 506 476 451 45 89286
internal_count=97489 8203 8171 8151 3131 3101 76 56 3025 53 2972 2927 2898 79 2819 5020 555 49 4465 84 60 4381 120 89 44 506 476 451 45 89286
is_linear=0
shrinkage=0.1


Tree=46
num_leaves=31
num_cat=0
split_feature=26 85 86 17 85 29 85 33 38 89 82 3 33 1 90 15 5 22 0 23 83 88 11 32 50 12 105 6 9 104
split_gain=8.49703 14.604 9.38406 12.8374 12.1106 18.7679 18.6414 14.7322 16.8548 14.9148 17.2038 18.22 17.3758 16.784 14.329 12.7837 23.9439 12.0873 22.7924 18.7587 11.5975 12.3064 13.2924 11.6855 12.5068 21.8495 17.7279 11.7208 11.5964 15.3028
threshold=1.267857142857143 175.50000000000003 92.500000000000014 5.41865682035096 29.500000000000004 1.3341475681229584 76.500000000000014 1.8393833349049535 2.2928571428571431 11.500000000000002 118.50000000000001 16.10307079065041 1.5881351559757886 17.921816312633165 11.500000000000002 1.6389339973919144 8.6251925989126352 0.51315789473684215 28.590000000000007 0.68694219605279438 27.500000000000004 42.45000000000001 5.2363858553701048 2.9500000000000006 -2.2499999999999996 15.100000000000001 0.63333333333333341 30.700000000000006 6.8349591440987956 109.45000000000002
decision_type=10 10 10 10 10 10 10 10 10 10 10 10 10 8 10 10 10 10 10 10 10 10 10 10 10 10 8 10 10 2
left_child=2 -2 3 4 -1 7 14 9 15 -6 12 17 -11 -13 -7 -9 -17 18 19 -12 21 -19 -23 24 25 26 -22 -26 -18 -30
right_child=1 -3 -4 -5 5 6 -8 8 -10 10 11 13 -14 -15 -16 16 28 20 -20 -21 23 22 -24 -25 27 -27 -28 -29 29 -31
leaf_value=-0.00053477906859848842 0.0017004567240477683 0.083218342167409989 -0.0031109815240002747 -0.028049177788426541 -0.00038505764137334908 0.0038453928100953411 0.10500781181617641 -0.069236072618514305 -0.072589001432061193 0.02796138562985416 0.040671763040645181 0.0052599192814280597 0.12981859013438224 -0.081108690102895106 0.084045743622950142 0.10045531628143399 -0.017013254119720642 -0.023643507561749884 -0.024703434111098901 0.15789744017645718 -0.0030180865779836129 0.084861246403306723 -0.0088431961198405518 -0.040918012747230635 0.007209168332894287 0.10884965557435698 0.091729434192180645 0.083961801975965505 -0.041405424924084437 0.047578237843973671
leaf_weight=54807 20896 22 11577 163 4652 109 32 32 44 103 43 45 20 45 28 21 358 225 33 20 94 24 41 48 3834 33 25 20 27 68
leaf_count=54807 20896 22 11577 163 4652 109 32 32 44 103 43 45 20 45 28 21 358 225 33 20 94 24 41 48 3834 33 25 20 27 68
internal_value=1.52528e-12 0.00178619 -0.00048796 -2.0736e-05 4.9734e-05 0.0032456 0.036288 0.00267897 -0.0132241 0.00361897 0.00762214 0.00662018 0.0445235 -0.0379244 0.0202367 -0.00806198 -0.00393209 0.00752311 0.0426211 0.0778863 0.00674747 -0.0125713 0.0257554 0.00812943 0.00871711 0.0368525 0.0168869 0.00760747 -0.00877124 0.0222881
internal_weight=97489 20918 76571 64994 64831 10024 169 9855 550 9305 4653 4530 123 90 137 506 474 4440 96 63 4344 290 65 4054 4006 152 119 3854 453 95
internal_count=97489 20918 76571 64994 64831 10024 169 9855 550 9305 4653 4530 123 90 137 506 474 4440 96 63 4344 290 65 4054 4006 152 119 3854 453 95
is_linear=0
shrinkage=0.1


Tree=47
num_leaves=31
num_cat=0
split_feature=110 46 109 31 35 36 26 4 24 85 12 39 104 21 34 86 9 7 35 86 103 93 5 83 23 23 3 1 56 103
split_gain=7.772 9.99111 10.1196 10.5473 29.2061 11.2076 13.1355 11.8218 9.57125 16.9368 22.0918 12.5856 14.3899 10.0547 9.70413 9.22707 9.2225 10.4609 11.8054 16.2959 16.0442 14.7192 19.0555 16.9945 9.58116 11.5966 10.1811 9.636 8.90928 11.7415
threshold=74.500000000000014 4.5750000000000002 27.152635181382617 1.6905725903640423 2.0567591362099322 0.77500000000000013 0.29285714285714287 32.452500000000008 1.4500000000000002 106.50000000000001 11.900000000000002 1.5105443741965729 108.05000000000001 1.8150598068116108 4.1250000000000009 99.500000000000014 3.6386081027906907 5.4977263328068187 1.4685294503919091 41.500000000000007 0.43500000000000005 1.5000000000000002 9.9947552034405156 17.500000000000004 1.4466360557193279 1.5856085917213403 9.551803203540091 15.321096551171639 5.5000000000000009 0.63200000000000012
decision_type=2 10 2 10 10 10 10 10 10 10 10 10 2 10 10 10 10 10 10 8 2 10 10 10 10 10 10 10 10 2
left_child=-1 2 8 4 -4 7 -7 -5 14 -10 11 12 -11 -13 28 16 -8 18 19 -18 -21 22 -20 -23 26 -26 -19 -28 -2 -30
right_child=1 -3 3 5 -6 6 15 -9 9 10 -12 13 -14 -15 -16 -17 17 24 21 20 -22 23 -24 -25 25 -27 27 -29 29 -31
leaf_value=-0.0027095855357559804 0.00020943105804795874 0.028891547467391632 -0.0012801366399127823 -0.0032985533481197701 0.11399856446818873 -0.093004891047762203 -0.052585149804751076 0.072631028692783983 0.0033860049389881118 -0.0086919834980597865 0.11037625020200557 -0.074803678904260915 0.092186489436895613 0.024268661765381696 -0.069246022403240209 -0.038407321607298928 -0.060370586198987441 0.013306421634148469 0.14465033039450645 0.08080254886299372 -0.01718825437128544 0.071066976325320344 0.022909125406295062 -0.018892115630608584 0.05695838059857488 -0.017962389675696858 -0.091709448328322701 -0.014578515753149987 0.01146255654002056 -0.012212045203083225
leaf_weight=9549 55052 122 21334 70 22 22 45 29 8830 26 33 21 31 20 20 132 50 22 20 24 55 28 36 84 25 119 46 25 1349 248
leaf_count=9549 55052 122 21334 70 22 22 45 29 8830 26 33 21 31 20 20 132 50 22 20 24 55 28 36 84 25 119 46 25 1349 248
internal_value=-1.59081e-12 0.000294221 0.000254493 -0.00159172 -0.00116138 -0.0126378 -0.0169032 0.0189434 0.000878656 0.00391554 0.0396084 0.0157784 0.0461717 -0.0264757 0.000398438 -0.0145485 -0.00910916 -0.00544545 0.00705741 -0.0156947 0.0125811 0.0245278 0.0663881 0.00359766 -0.0211136 -0.00495531 -0.0461329 -0.0645507 0.000423026 0.0077861
internal_weight=97489 87940 87818 22188 21356 832 733 99 65630 8961 131 98 57 41 56669 711 579 534 297 129 79 168 56 112 237 144 93 71 56649 1597
internal_count=97489 87940 87818 22188 21356 832 733 99 65630 8961 131 98 57 41 56669 711 579 534 297 129 79 168 56 112 237 144 93 71 56649 1597
is_linear=0
shrinkage=0.1


Tree=48
num_leaves=31
num_cat=0
split_feature=30 88 110 90 7 33 19 70 100 29 85 11 41 2 44 80 83 82 90 35 48 16 27 79 26 39 17 43 14 106
split_gain=7.52547 10.9919 7.80748 15.3534 26.2499 26.3808 13.2563 8.57879 6.90889 14.7784 12.6835 17.4207 22.4241 21.2975 14.7536 13.7116 12.8435 12.5717 12.8441 11.5171 15.8465 26.4009 20.3313 17.114 16.653 15.715 17.1116 21.3716 20.6961 26.0694
threshold=4.5000000000000009 56.350000000000001 85.500000000000014 9.5000000000000018 4.2749258999501283 2.0595296972051464 1.6070659959698212 1.0000000180025095e-35 1.0000000180025095e-35 1.0992465288770605 62.500000000000007 8.9792157621688258 1.5661344103611374 34.775000000000013 1.0500000000000003 2341.3499999999999 140.50000000000003 398.50000000000006 9.5000000000000018 1.4100204527009719 8.9500000000000011 5.2052631578947377 1.2888391932218626 7.5000000000000009 1.5857142857142861 1.1622332768749206 2.5107662774064852 1.5543320308680684 11.15 285.50000000000006
decision_type=10 10 2 10 8 10 10 10 2 8 10 10 10 10 10 10 10 10 10 10 10 10 10 10 10 10 10 10 10 2
left_child=2 -2 7 4 -4 -6 -5 8 19 -10 -11 13 16 14 -12 17 -13 18 -15 -1 21 -21 23 24 -23 -22 -27 28 -28 -30
right_child=1 -3 3 6 5 -7 -8 -9 9 10 11 12 -14 15 -16 -17 -18 -19 -20 20 25 22 -24 -25 -26 26 27 -29 29 -31
leaf_value=-0.00048057429982776342 -0.081626590903572466 0.016184383891522887 -0.014952573371920153 0.028227732053824835 0.17806940911256749 0.023046107900639379 -0.064086523798427414 -0.026090857289668673 -0.00016842509049820305 0.0031044667695291975 0.023017312086779963 0.15596480309497565 0.0014568459349019189 -0.016567488952919287 0.095054254042250777 0.018220405403761086 0.048451166898012162 -0.041323406863454232 0.070128421902656557 -0.021838669698059573 -0.027248243258540729 0.012537907590591112 -0.048891770872804857 0.092016089824028313 0.1015626038043675 -0.039208218525626844 -0.01887775261624149 0.055089711837354116 0.076331289190995077 0.00055127020365654624
leaf_weight=46163 27 20 32 35 23 21 28 126 36102 12003 88 25 35 54 42 193 20 111 25 282 556 468 45 32 22 132 435 64 57 223
leaf_count=46163 27 20 32 35 23 21 28 126 36102 12003 88 25 35 54 42 193 20 111 25 282 556 468 45 32 22 132 435 64 57 223
internal_value=1.66476e-12 -0.0400049 1.92959e-05 0.0237024 0.0539616 0.104081 -0.0128008 -1.4536e-05 1.92746e-05 0.00086056 0.00380979 0.0180862 0.0614892 0.0113178 0.0462908 -0.000552986 0.108181 -0.0196228 0.0108679 -0.000825812 -0.00770716 0.00316608 0.0156023 0.0211621 0.0165349 -0.0139998 -0.0059141 -0.000272483 -0.00522798 0.0159779
internal_weight=97489 47 97442 139 76 44 63 97303 97177 48698 12596 593 80 513 130 383 45 190 79 48479 2316 849 567 522 490 1467 911 779 715 280
internal_count=97489 47 97442 139 76 44 63 97303 97177 48698 12596 593 80 513 130 383 45 190 79 48479 2316 849 567 522 490 1467 911 779 715 280
is_linear=0
shrinkage=0.1


Tree=49
num_leaves=31
num_cat=0
split_feature=103 59 51 80 4 40 18 102 14 29 22 27 95 5 103 33 48 35 90 23 32 12 88 49 13 11 94 30 10 9
split_gain=7.26657 8.09809 13.7249 19.5727 13.5108 18.9742 11.4244 9.7552 10.0478 10.8847 9.13609 10.3899 10.7075 8.80873 8.52605 8.36036 21.4081 10.4121 15.4352 13.4763 8.19912 10.7063 13.9277 11.6776 11.3983 8.78158 7.63683 13.389 11.5966 11.1062
threshold=0.37850000000000006 23.500000000000004 70.050000000000011 726.5500000000003 29.215000000000003 1.3867521367521369 1.3666666666666669 4.5000000000000009 16.550000000000004 1.1483517881994179 1.0954545454545457 1.3752257190455035 1.0000000180025095e-35 10.353721680014967 0.30400000000000005 2.2779080526330842 11.450000000000001 1.8606025852491037 9.5000000000000018 1.4619437742906609 2.3541666666666674 7.366666666666668 25.850000000000005 61.350000000000001 2.8106375667499899 5.1451305527364957 1.5000000000000002 1.7083333333333337 24.116666666666671 5.0293582234113412
decision_type=2 10 10 8 10 10 10 10 10 10 10 10 10 10 2 10 10 10 10 10 10 10 10 8 10 10 10 10 10 10
left_child=1 15 3 4 -3 -6 -7 8 9 26 -11 12 14 -9 -12 17 -17 -1 19 -19 21 -5 -23 24 -24 -26 -4 28 29 -28
right_child=-2 2 7 20 5 6 -8 13 -10 10 11 -13 -14 -15 -16 16 -18 18 -20 -21 -22 22 23 -25 25 -27 27 -29 -30 -31
leaf_value=0.0011884729879215932 -0.00047224148404962312 0.0035581638803705573 0.0090894145448614794 -0.047337879657390572 0.17239692810922863 0.11166786271147432 0.010268065573181958 -0.0063954865813932631 -0.053890416221111084 -0.025660773434986673 0.14126807741820813 0.0059398909828261189 0.022607386307347391 0.07392162974509929 0.05105440898544409 -0.019013431437056642 0.10595043641156876 -0.031746443146474512 -0.077239217092504808 0.056716049777773718 -0.040189437347429774 0.10230518872426315 -0.0066106989979743958 -0.02053254956708235 0.030994810239367544 0.12358255710452795 0.018406770675074915 -0.052093453520227331 0.046888969768770043 -0.02556371905350038
leaf_weight=21056 75038 24 301 21 20 20 25 22 32 30 20 69 42 36 22 29 26 51 42 26 27 22 28 51 21 20 86 69 40 173
leaf_count=21056 75038 24 301 21 20 20 25 22 32 30 20 69 42 36 22 29 26 51 42 26 27 22 28 51 21 20 86 69 40 173
internal_value=-1.72674e-12 0.00157837 0.00949774 0.0289791 0.0676786 0.0913538 0.0553346 0.00372778 0.00112114 0.0031873 0.0247983 0.0346923 0.0583103 0.0434565 0.0940133 0.00112291 0.0400604 0.00102177 -0.0284748 -0.00187599 0.0108515 0.0193061 0.0291619 0.0157524 0.0425716 0.0761596 -0.00272424 -0.012387 -0.00322402 -0.0109635
internal_weight=97489 22451 1221 279 89 65 45 942 884 852 183 153 84 58 42 21230 55 21175 119 77 190 163 142 120 69 41 669 368 299 259
internal_count=97489 22451 1221 279 89 65 45 942 884 852 183 153 84 58 42 21230 55 21175 119 77 190 163 142 120 69 41 669 368 299 259
is_linear=0
shrinkage=0.1


Tree=50
num_leaves=31
num_cat=0
split_feature=111 32 1 100 93 87 32 14 13 41 87 110 104 44 104 35 29 90 72 14 33 13 48 13 15 34 102 48 35 88
split_gain=6.86899 11.9994 15.5832 9.21501 14.3464 11.6765 15.722 10.7548 11.5125 11.6688 11.2671 10.5504 15.7029 21.1193 18.2902 11.2941 12.2513 12.0184 15.9626 13.3395 11.0794 16.8397 16.6303 23.4945 19.1603 12.4286 13.4717 13.9579 13.2723 12.3139
threshold=38.500000000000007 1.6833333333333336 5.3489251248509833 1.0000000180025095e-35 1.0000000180025095e-35 60.500000000000007 3.8500000000000001 15.15 2.2582094138490336 1.5038327866618784 2.5000000000000004 84.500000000000014 118.05000000000001 1.8166666666666669 117.65000000000002 1.3173936641710229 1.6003005151120757 7.5000000000000009 2.5000000000000004 6.3166666666666673 1.6931106283103656 5.6847747992152291 13.350000000000003 2.9580278177943957 2.4596745159918361 1.4522727272727274 1.5000000000000002 9.1500000000000004 1.5457885014760213 41.45000000000001
decision_type=2 10 8 2 8 10 10 10 10 10 10 2 2 8 2 8 10 8 8 8 10 10 10 10 10 8 8 10 10 10
left_child=3 -2 -3 7 -5 6 -6 11 -9 -10 -11 15 14 -14 -13 -1 17 18 -17 -19 25 22 23 24 -22 28 27 -27 -21 -25
right_child=1 2 -4 4 5 -7 -8 8 9 10 -12 12 13 -15 -16 16 -18 19 -20 20 21 -23 -24 29 -26 26 -28 -29 -30 -31
leaf_value=-0.00043605546490787595 -0.0016181796834357734 0.043747909608013606 -0.046486493285026464 -9.7562839980554769e-05 0.0054414593262361441 -0.00084887967091287905 -0.083293882478028547 0.030364138579687047 -0.063676865790765008 0.024810556850807613 -0.055846044356966842 0.0080120116870895756 0.12758657047525049 -0.010280640833079816 -0.073724945767649583 -0.016125002159141543 -0.053669854765757918 0.036677502287784595 0.068099353932168177 0.00222080672159791 0.004268613329622895 0.096200162544846535 -0.014894923511692275 0.035098702848957081 0.10192009561902121 0.011830843585942474 -0.0098473656738480159 -0.070338320897161216 0.079202837135642773 -0.037304828750731593
leaf_weight=36482 16264 23 114 24340 12153 4146 20 31 77 43 29 1230 25 20 28 1040 56 92 23 215 32 22 186 41 54 28 516 79 25 55
leaf_count=36482 16264 23 114 24340 12153 4146 20 31 77 43 29 1230 25 20 28 1040 56 92 23 215 32 22 186 41 54 28 516 79 25 55
internal_value=1.43106e-11 -0.00186643 -0.0313377 0.000377508 0.00144052 0.00373459 0.00529567 -0.000691551 -0.0250806 -0.0366161 -0.00767613 -0.000582479 0.00826902 0.0663123 0.00619275 -0.00087862 -0.00743123 -0.00635591 -0.0143027 -7.53309e-05 -0.00277386 0.0112141 0.00613344 0.027624 0.0655847 -0.0090952 -0.0165437 -0.0488361 0.0102398 -0.00638249
internal_weight=97489 16401 137 81088 40659 16319 12173 40429 180 149 72 40249 1303 45 1258 38946 2464 2408 1063 1345 1253 390 368 182 86 863 623 107 240 96
internal_count=97489 16401 137 81088 40659 16319 12173 40429 180 149 72 40249 1303 45 1258 38946 2464 2408 1063 1345 1253 390 368 182 86 863 623 107 240 96
is_linear=0
shrinkage=0.1


Tree=51
num_leaves=31
num_cat=0
split_feature=103 12 48 85 20 13 16 24 85 51 0 15 50 3 22 7 104 22 89 33 12 33 29 88 12 33 55 39 15 39
split_gain=6.44684 12.3411 12.0664 12.0353 11.3902 14.8797 9.86661 10.7877 9.81126 14.3206 25.8853 11.7 11.7096 12.7666 18.3866 12.6332 11.3874 16.0286 15.4654 13.7835 11.2801 11.2233 14.5701 17.5257 16.4017 14.7856 18.1098 14.1787 13.4997 13.1373
threshold=0.58700000000000008 13.100000000000001 28.450000000000003 87.500000000000014 1.267857142857143 3.3540936844653131 14.775000000000002 1.3666666666666669 41.500000000000007 39.750000000000007 16.450000000000006 6.0249478503125813 -0.89999999999999991 13.487988479904944 7.2250000000000005 2.8459956687007311 105.15000000000002 0.51315789473684215 8.5000000000000018 1.7834069622329103 15.900000000000002 1.0232946570191743 0.85026644741109936 43.250000000000007 7.366666666666668 0.85793099469161815 30.500000000000004 2.1245889496801307 1.8870900731964169 1.0339469490010884
decision_type=2 10 8 10 10 10 10 10 10 10 10 10 10 10 10 10 2 10 10 10 10 10 10 10 10 10 10 10 10 10
left_child=8 -2 3 6 -5 -6 -3 -8 -1 10 -10 12 13 14 20 -14 19 18 -18 -17 21 22 -11 24 -24 -26 -27 28 -23 -30
right_child=1 2 -4 4 5 -7 7 -9 9 11 -12 -13 15 -15 -16 16 17 -19 -20 -21 -22 27 23 -25 25 26 -28 -29 29 -31
leaf_value=8.55822766885898e-05 -0.00096867147946460674 -0.039911227372491309 0.012349279205773202 -0.034738462104609139 0.10274062270209904 -0.0037344686420900486 0.062817401261556716 -0.035324507051457961 0.10774366781115532 0.0045192209004708541 0.0013941027193019788 -0.038947826540813996 -0.013038782368673375 -0.0081871349606247746 0.063954945488699844 -0.0060808733282600481 -0.0060367806243800358 0.0036190818332499717 0.084576759580522784 -0.06244146279059351 0.071332741516732398 -0.036760225289368204 0.02950428519397974 -0.0066871563245852793 0.041750464839644209 0.053927582949399949 0.18277115241313976 -0.07957942828536034 0.025850672099002017 5.9268304636656825e-05
leaf_weight=60398 28310 285 116 38 21 35 21 24 37 282 60 65 546 314 70 452 31 4967 48 48 31 70 160 75 43 20 24 20 300 578
leaf_count=60398 28310 285 116 38 21 35 21 24 37 282 60 65 546 314 70 452 31 4967 48 48 31 70 160 75 43 20 24 20 300 578
internal_value=-1.91123e-11 -0.00125432 -0.0162297 -0.0240484 0.00751899 0.0361937 -0.0330404 0.0104751 0.000527209 0.00376388 0.0419604 0.00330893 0.00364891 0.010315 0.0137876 0.00147466 0.00290349 0.00432987 0.0490195 -0.0114915 0.0115969 0.0104189 0.0211157 0.0356506 0.0485061 0.0834521 0.124206 0.00374448 0.00550237 0.00887182
internal_weight=97489 28850 540 424 94 56 330 45 68639 8241 97 8144 8079 1987 1673 6092 5546 5046 79 500 1603 1572 604 322 247 87 44 968 948 878
internal_count=97489 28850 540 424 94 56 330 45 68639 8241 97 8144 8079 1987 1673 6092 5546 5046 79 500 1603 1572 604 322 247 87 44 968 948 878
is_linear=0
shrinkage=0.1


Tree=52
num_leaves=31
num_cat=0
split_feature=81 85 102 7 80 20 1 41 88 63 6 87 2 104 31 25 35 53 26 7 35 84 89 46 52 97 15 8 7 29
split_gain=6.48497 10.7676 16.0311 12.1254 12.0307 11.2611 18.6255 19.0943 19.4679 12.3514 19.4169 12.2831 11.0078 14.5943 10.7816 16.0464 9.70108 9.62129 17.2931 14.6832 11.1119 13.35 12.9872 15.1481 13.1332 13.1583 22.3564 12.5427 12.2437 12.4193
threshold=977.50000000000011 31.500000000000004 14.500000000000002 1.658243862791825 385.25000000000011 5.3166666666666673 8.8446311398045943 1.7811357455043735 42.850000000000001 14.500000000000002 25.700000000000006 59.500000000000007 38.045000000000016 110.65000000000002 1.6121532512998444 1.3227406337702019 0.89475398212536505 14.500000000000002 0.89444444444444449 3.968621967051075 1.0813765148094723 92.500000000000014 22.500000000000004 2.757352941176471 9.5000000000000018 11.500000000000002 3.0586847265664545 16.725000000000005 10.523782321801365 1.231285774706292
decision_type=10 10 10 10 10 10 10 10 10 10 10 10 10 2 10 10 10 10 10 10 10 10 10 10 10 2 10 10 10 10
left_child=1 -1 3 16 -5 17 7 11 -9 10 14 12 13 -7 15 -8 -3 18 19 -6 22 28 -19 24 25 -24 -27 -28 -22 -30
right_child=-2 2 -4 4 5 6 9 8 -10 -11 -12 -13 -14 -15 -16 -17 -18 20 -20 -21 21 -23 23 -25 -26 26 27 -29 29 -31
leaf_value=-0.00017772197213810516 -0.0022764843375503102 0.016130453353980556 -0.043155207031096023 0.075915396262122237 0.031764087762604372 0.14139739274978638 0.0048805466161388226 0.13234227714322819 0.029049828975788644 -0.0092399972340402505 0.098197459917643976 -0.0047952703029626393 0.011429684545146302 0.032703340321313591 -0.052293532729769748 0.085627555064857017 -0.028493934138404099 0.0043090002644741417 -0.0221271775461532 0.1323428207919711 0.00082830624804951323 -0.044806773029267791 0.012677249454721529 0.096141178177024889 -0.03858517102014862 0.0088317147359096761 0.054124790971929383 0.16090709412978454 -0.0092721303909774726 -0.068805823094990795
leaf_weight=73394 11090 64 75 23 47 21 137 36 37 300 29 99 50 30 24 30 204 5062 37 21 5991 67 293 26 38 48 22 22 123 49
leaf_count=73394 11090 64 75 23 47 21 137 36 37 300 29 99 50 30 24 30 204 5062 37 21 5991 67 293 26 38 48 22 22 123 49
internal_value=-1.52965e-11 0.000292205 0.00294425 0.00321165 0.00365716 0.00352567 0.0150624 0.0362138 0.0799886 0.00395797 0.0219552 0.020236 0.0447716 0.0774597 0.0103791 0.019386 -0.0178374 0.00275337 0.0328896 0.0628252 0.00248386 -0.000409571 0.00575479 0.0220545 0.0175008 0.0230365 0.0560285 0.107516 7.30854e-05 -0.0262323
internal_weight=97489 86399 13005 12930 12662 12639 793 273 73 520 220 200 101 51 191 167 268 11846 105 68 11741 6230 5511 449 423 385 92 44 6163 172
internal_count=97489 86399 13005 12930 12662 12639 793 273 73 520 220 200 101 51 191 167 268 11846 105 68 11741 6230 5511 449 423 385 92 44 6163 172
is_linear=0
shrinkage=0.1


Tree=53
num_leaves=31
num_cat=0
split_feature=111 9 87 14 68 83 13 105 3 88 100 60 48 31 33 5 4 56 42 40 17 102 79 1 20 19 93 37 88 13
split_gain=6.81203 10.4748 10.5795 9.74997 9.08142 12.6457 13.1393 11.5881 8.55268 9.78711 11.125 8.60514 8.61867 16.6757 9.69924 9.10967 8.54341 12.5101 9.10961 9.46332 9.28874 8.26779 17.117 8.50933 9.59439 13.9654 9.53828 12.0458 10.9592 10.0835
threshold=2.5000000000000004 2.5440541449801546 1.5000000000000002 14.750000000000002 1.5000000000000002 7.5000000000000009 4.0124611797498124 0.55000000000000016 9.7913822653728868 63.250000000000007 1.0000000180025095e-35 1.5000000000000002 28.650000000000002 1.1897227048854206 1.0865149352258221 7.903106484475428 46.112500000000011 5.5000000000000009 1.5500000000000003 2.9187500000000006 3.3673265669362302 3.5000000000000004 1.5000000000000002 11.972781631666221 1.5857142857142861 0.70710678118654779 3.5000000000000004 1.297417464888168 58.350000000000001 5.5060570625476286
decision_type=2 10 10 10 10 10 10 10 10 10 2 10 10 10 10 10 10 10 10 10 10 10 10 10 10 10 10 10 10 10
left_child=1 2 -1 4 8 7 -7 -6 9 11 -11 12 16 14 15 -14 -3 18 -18 -20 -21 23 -23 -10 -25 -26 29 -28 -29 -27
right_child=-2 3 -4 -5 5 6 -8 -9 21 10 -12 -13 13 -15 -16 -17 17 -19 19 20 -22 22 -24 24 25 26 27 28 -30 -31
leaf_value=0.012191589176654817 -0.00025336999545335037 0.00091180732889671904 0.10197206587486325 -0.052628351212479177 0.12391370927745647 -0.053562470401326813 0.0534286090257493 0.021275252387964762 0.0078989347012580115 0.078596065088640907 -0.00051043662708252671 -0.011515488920397825 0.070821324721768955 -0.019161113722903002 0.089937755722424087 0.0095784775568577268 -0.047825150073334141 0.053157683055509219 0.036461341290601662 -0.0070958373177310704 -0.08305242416404543 0.094246459379792216 0.012531981748001582 -0.026632418500273217 0.0471474086244901 -0.00061973059151386423 -0.070356685513370612 0.047105577560486618 -0.031421648710966109 0.032487553415685586
leaf_weight=35 89286 1742 21 32 22 24 22 22 2190 32 40 805 33 77 29 92 103 22 35 69 21 27 507 136 63 1783 43 27 52 97
leaf_count=35 89286 1742 21 32 22 24 22 22 2190 32 40 805 33 77 29 92 103 22 35 69 21 27 507 136 63 1783 43 27 52 97
internal_value=1.08438e-11 0.00275782 0.0458593 0.00246155 0.00267879 0.0342676 -0.00239282 0.0725945 0.00232452 -0.0017903 0.034648 -0.00265673 0.000551234 0.018836 0.0378345 0.0257466 -0.00156914 -0.0188564 -0.0258051 -0.00766053 -0.024819 0.00491456 0.0166636 0.00348573 -0.000905417 0.000788953 -0.00066988 -0.0277657 -0.00458323 0.00108846
internal_weight=97489 8203 56 8147 8115 90 46 44 8025 3100 72 3028 2223 231 154 125 1992 250 228 125 90 4925 534 4391 2201 2065 2002 122 79 1880
internal_count=97489 8203 56 8147 8115 90 46 44 8025 3100 72 3028 2223 231 154 125 1992 250 228 125 90 4925 534 4391 2201 2065 2002 122 79 1880
is_linear=0
shrinkage=0.1


Tree=54
num_leaves=31
num_cat=0
split_feature=24 13 49 83 33 33 109 110 85 85 56 38 103 88 1 13 8 5 35 31 11 18 109 28 29 38 41 37 36 57
split_gain=6.34508 9.92576 9.66949 9.90318 9.58598 11.5787 8.75768 13.4967 13.3672 12.2978 8.58164 12.184 24.8365 15.59 13.6807 12.8608 10.7029 10.1571 8.46975 11.9509 19.3832 21.546 23.0675 15.9317 17.588 23.5861 24.5733 15.6539 15.1756 15.6534
threshold=0.70833333333333337 5.0315667464154421 41.750000000000007 20.500000000000004 0.97386269437804185 1.1377339247471159 23.790554414784399 78.500000000000014 172.50000000000003 153.50000000000003 6.5000000000000009 1.9500000000000002 0.32400000000000007 43.050000000000004 14.14987632295948 1.3779271744364849 16.112500000000004 13.25432749292743 1.7377684828476641 1.5082875444051553 8.107744834983718 1.1000000000000003 23.190965092402468 0.31414473684210531 0.72637809822967114 1.9500000000000002 1.0904165719600523 0.86554360876699599 1.5500000000000003 14.500000000000002
decision_type=10 10 10 10 10 10 2 2 10 10 10 10 2 10 10 8 10 10 10 10 10 10 2 10 10 10 10 10 10 8
left_child=1 6 4 -4 -3 -6 7 -1 9 -8 -2 12 13 16 -14 -13 -12 -16 19 -9 21 22 27 -23 25 26 -25 -21 29 -29
right_child=10 2 3 -5 5 -7 8 18 -10 -11 11 15 14 -15 17 -17 -18 -19 -20 20 -22 23 -24 24 -26 -27 -28 28 -30 -31
leaf_value=-0.0021335044528874138 0.00050727489603923917 -0.0029508739189048738 -0.042835429654173231 -0.011122366162594816 0.097042195002237958 -0.0046343431054126655 -0.00212136358584992 0.0026338890293353648 0.069527124412930935 -0.062312394238131889 0.085348405301570895 0.047433952910400798 0.0034875027048251322 0.14021907362341882 0.095449735428537102 -0.0018221729526374996 -0.012797257434576751 0.013115487607388661 -0.016074934191587897 0.055273663058284329 0.10621342681672262 -0.066583188671086521 0.13695061795413496 0.0010125312288956983 -0.014696284110775374 -0.04313723472612245 0.090766399089636199 -0.03733275313066637 0.045556502394902054 0.051715015343282947
leaf_weight=8710 54726 152 115 685 24 21 20675 10110 26 34 25 57 310 25 31 757 20 29 225 110 23 35 20 56 214 35 67 82 64 26
leaf_count=8710 54726 152 115 685 24 21 20675 10110 26 34 25 57 310 25 31 757 20 29 225 110 23 35 20 56 214 35 67 82 64 26
internal_value=-6.17795e-13 -0.000936884 -0.0107941 -0.0156811 0.00905157 0.0495931 -0.000694298 0.00081118 -0.00213022 -0.00222019 0.000694697 0.00887401 0.022281 0.0769035 0.0119471 0.00162697 0.0417281 0.0556548 0.00312872 0.00352725 0.0158658 0.0129349 0.0331723 -0.0020815 0.00398721 0.0292927 0.0499028 0.0258121 0.00697047 -0.0158953
internal_weight=97489 41509 997 800 197 45 40512 19777 20735 20709 55980 1254 440 70 370 814 45 60 11067 10842 732 709 302 407 372 158 123 282 172 108
internal_count=97489 41509 997 800 197 45 40512 19777 20735 20709 55980 1254 440 70 370 814 45 60 11067 10842 732 709 302 407 372 158 123 282 172 108
is_linear=0
shrinkage=0.1


Tree=55
num_leaves=31
num_cat=0
split_feature=30 15 14 12 110 90 21 30 17 13 88 81 85 96 6 2 75 83 81 42 11 83 42 5 111 89 38 80 88 103
split_gain=6.06996 14.5637 12.7327 9.56432 9.01507 26.4001 11.0489 7.09413 11.6857 7.08799 5.65677 8.49387 12.2774 16.8874 16.4038 22.2739 19.0419 17.2227 17.1265 15.5266 21.1617 18.1534 16.6935 13.1095 12.4887 12.4877 15.6782 13.2066 14.0544 11.6126
threshold=4.1000000000000005 2.6359840917279804 10.15 8.2250000000000014 87.000000000000014 9.5000000000000018 1.730445569110435 3.9000000000000004 3.2025893535653767 4.2130707077691634 7.1500000000000012 159.50000000000003 10.500000000000002 249.00000000000003 4.6333333333333337 11.470714285714289 7.5000000000000009 10.500000000000002 111.50000000000001 0.90000000000000013 4.7182456576380893 9.5000000000000018 1.5500000000000003 6.944228008113126 12.500000000000002 4.5000000000000009 2.4365079365079372 428.05000000000013 20.850000000000005 0.45500000000000007
decision_type=10 8 10 8 2 8 10 10 8 10 8 8 10 2 10 10 10 10 10 10 10 10 10 10 2 10 10 10 10 2
left_child=4 -2 3 -3 7 -6 -7 10 -9 -4 -1 12 -12 19 -15 -16 17 23 24 -14 -21 22 -22 -17 -19 -20 27 28 29 -27
right_child=1 2 9 -5 5 6 -8 8 -10 -11 11 -13 13 14 15 16 -18 18 25 20 21 -23 -24 -25 -26 26 -28 -29 -30 -31
leaf_value=-0.0025455774843476343 -0.096345529789951714 -0.014449030347168447 -0.087876119501888755 0.078797077116641134 0.098921545539051303 0.040539588294923309 -0.057524697317017454 0.096291420892812313 -0.010514548509603455 -0.0036858991533517838 0.0010458432091478291 -0.00032334240784732374 -0.0052382908041270163 -0.0068689301574782549 0.12509288429504348 0.084984769113361835 -0.031233366158647607 0.061219033838382786 0.0057192073093127399 0.047269108367005465 0.00018086136551573873 -0.0073179534639824517 0.12938408270478249 0.0013594481421254551 -0.0064827785916187295 0.17147534589537167 -0.029699876271188259 0.018246935178467538 0.057542804599200428 0.081023137422744196
leaf_weight=8124 22 22 20 22 35 20 27 20 21 20 17850 68597 1067 224 21 20 65 35 59 152 20 275 20 299 123 22 20 56 171 40
leaf_count=8124 22 22 20 22 35 20 27 20 21 20 17850 68597 1067 224 21 20 65 35 59 152 20 275 20 299 123 22 20 56 171 40
internal_value=4.32438e-12 -0.0239168 -0.00494742 0.032174 2.60331e-05 0.0331693 -0.0157952 -1.89817e-06 0.0415859 -0.045781 -1.94295e-05 0.000210808 0.00199478 0.008294 0.0174269 0.0232725 0.0209228 0.0249348 0.0360528 0.00141754 0.0166248 0.00183766 0.0647825 0.00660241 0.00851446 0.0478763 0.0559257 0.0618513 0.0723313 0.113119
internal_weight=97489 106 84 44 97383 82 47 97301 41 40 97260 89136 20539 2689 1155 931 910 845 526 1534 467 315 40 319 158 368 309 289 233 62
internal_count=97489 106 84 44 97383 82 47 97301 41 40 97260 89136 20539 2689 1155 931 910 845 526 1534 467 315 40 319 158 368 309 289 233 62
is_linear=0
shrinkage=0.1


Tree=56
num_leaves=31
num_cat=0
split_feature=17 37 16 93 31 8 31 33 85 82 35 30 87 47 39 39 39 31 89 89 91 41 106 87 21 85 32 57 35 33
split_gain=5.61707 12.9751 7.90047 11.4451 10.4861 8.30036 6.29709 7.18369 5.90256 10.7158 12.8128 10.6825 10.2657 11.2227 10.3482 13.6693 12.382 10.1972 11.712 13.4287 17.126 10.134 14.2106 9.79422 11.7277 9.41452 21.5214 16.3939 15.69 14.9881
threshold=5.41865682035096 1.8482852758687625 13.825000000000001 1.5000000000000002 1.6905725903640423 8.8166666666666682 1.1178102700547354 1.1868699556559867 60.500000000000007 394.50000000000006 0.85026644741109936 4.1000000000000005 155.50000000000003 1.839542416804089 1.3395671481745666 0.9499365146309281 1.854423534450824 0.52386127875258326 13.500000000000002 20.500000000000004 1.5000000000000002 2.0885021456041648 579.50000000000011 1.5000000000000002 1.9578900207451224 42.500000000000007 1.1833333333333336 11.500000000000002 1.3878497917710195 1.5105443741965727
decision_type=10 10 10 10 10 10 10 10 10 10 10 10 10 10 10 10 10 10 10 10 10 10 2 10 10 10 10 10 10 10
left_child=8 2 4 -4 5 -2 -7 -8 9 11 23 25 13 17 15 -15 -16 18 -10 20 -20 -19 -23 24 -11 -1 29 28 -28 -27
right_child=1 -3 3 -5 -6 6 7 -9 12 10 -12 -13 -14 14 16 -17 -18 21 19 -21 -22 22 -24 -25 -26 26 27 -29 -30 -31
leaf_value=-8.944059331898968e-05 0.010737512539225546 0.04701958855223512 0.065790046103622601 -0.03509822840463709 -0.093423538298710529 -0.050543277705705651 0.039713435726152969 -0.044028142042502411 -0.035428500348158802 0.012646322511567701 -0.010288952948734919 -0.05858744077624814 -0.036596718074360983 0.023051440025921223 -0.028882271353457424 0.13062435465953534 0.060181922529375667 0.0035997135683010933 -0.019186010730585883 -0.029882719892947402 0.075026295466218584 0.086498245465404855 -0.019732228964567184 -0.0015227542991101397 0.088509872648864993 0.011579858380948941 -0.0077365897950991032 0.0024797913445736694 -0.051257235645237625 0.08404827379974826
leaf_weight=83299 55 31 23 22 23 89 20 21 144 135 2233 31 64 27 37 21 27 4996 35 61 43 34 20 2424 24 1798 278 1327 118 29
leaf_count=83299 55 31 23 22 23 89 20 21 144 135 2233 31 64 27 37 21 27 4996 35 61 43 34 20 2424 24 1798 278 1327 118 29
internal_value=6.14623e-12 -0.0140431 -0.0215251 0.0164669 -0.0297445 -0.0218276 -0.0356052 -0.00317859 4.10291e-05 -0.000149972 -0.00474147 0.000104547 0.00322021 0.00368821 0.0350158 0.0701146 0.00869169 0.00303029 -0.0154414 0.00526456 0.0327515 0.00406544 0.0471536 5.43299e-05 0.0240974 0.000125496 0.00516889 -0.00284878 -0.0207049 0.0127302
internal_weight=97489 284 253 45 208 185 130 41 97205 91696 4816 86880 5509 5445 112 48 64 5333 283 139 78 5050 54 2583 159 86849 3550 1723 396 1827
internal_count=97489 284 253 45 208 185 130 41 97205 91696 4816 86880 5509 5445 112 48 64 5333 283 139 78 5050 54 2583 159 86849 3550 1723 396 1827
is_linear=0
shrinkage=0.1


Tree=57
num_leaves=31
num_cat=0
split_feature=14 50 33 28 9 39 12 35 24 108 33 33 42 71 50 32 12 55 39 1 88 79 39 105 15 13 11 37 23 104
split_gain=5.67519 5.49575 11.2498 16.1348 12.6155 13.5912 14.7527 12.9048 12.061 10.9489 11.8332 24.9486 11.4829 14.29 10.8399 17.2037 14.0321 20.9159 12.3886 17.671 12.2053 12.6738 11.5263 11.191 15.7763 30.7196 13.2049 10.8511 10.7812 11.0249
threshold=17.950000000000003 1.3 1.238245861615183 0.44097222222222227 4.9671140423267781 1.3395671481745666 6.5500000000000007 1.5457885014760213 0.70833333333333337 14.500000000000002 1.639779683499988 1.3551045413165992 2.9000000000000004 9.5000000000000018 5.2500000000000009 1.7250000000000003 7.366666666666668 24.500000000000004 1.1066011075714932 6.8699344971188019 27.050000000000004 2.5000000000000004 0.70315633998332439 0.90000000000000013 3.9812052972241747 4.7539340950406048 4.5931871656824717 1.658243862791825 2.6546878231510997 107.65000000000002
decision_type=10 10 10 10 10 10 10 10 10 2 10 10 10 10 10 10 10 10 10 10 10 10 10 8 10 10 10 10 10 2
left_child=1 -1 14 4 -4 7 -7 -6 28 12 11 -11 13 -10 16 -16 -3 18 20 -20 21 -18 -19 -24 26 -26 -25 -28 29 -5
right_child=-2 2 3 8 5 6 -8 -9 9 10 -12 -13 -14 -15 15 -17 17 22 19 -21 -22 -23 23 24 25 -27 27 -29 -30 -31
leaf_value=-0.00045493665809026476 -0.051979706294479823 0.0024914987280235021 -0.0024394776061129799 0.00019751479244897748 0.041786327389283826 0.13815381290876996 0.035624758645685185 -0.032846327138961191 -0.0028262057548677165 0.01638186589628458 -0.01158778254977531 0.14853338242508471 -0.038012973432030001 0.060737012616462187 0.0001427742230851109 -0.037172159999608996 0.091476483259882252 -0.029183328262369298 0.12536876403698416 0.03639764158203658 -0.011831201922926885 0.013641177630051972 0.0057167519299092182 0.078109280808296599 0.12994090566705715 0.0084407035463854013 0.018279969851880514 -0.031965139819758723 0.048232175720234714 -0.021871786685970541
leaf_weight=70356 21 10378 157 314 65 23 36 36 2017 50 45 20 91 36 10680 125 35 81 33 69 67 52 1528 28 38 46 166 58 27 811
leaf_count=70356 21 10378 157 314 65 23 36 36 2017 50 45 20 91 36 10680 125 35 81 33 69 67 52 1528 28 38 46 166 58 27 811
internal_value=-3.57576e-12 1.11993e-05 0.00122083 -0.00388086 0.0176993 0.0374605 0.0755937 0.0151846 -0.0058864 -0.00164002 0.0284201 0.0541394 -0.00325238 -0.0017116 0.00203417 -0.000288912 0.00402962 0.0112821 0.0381521 0.0651824 0.0202489 0.0449542 0.00774547 0.0093502 0.0258738 0.0634051 0.0133633 0.00527008 -0.0142133 -0.015712
internal_weight=97489 97468 27112 3728 317 160 59 101 3411 2259 115 70 2144 2053 23384 10805 12579 2201 256 102 154 87 1945 1864 336 84 252 224 1152 1125
internal_count=97489 97468 27112 3728 317 160 59 101 3411 2259 115 70 2144 2053 23384 10805 12579 2201 256 102 154 87 1945 1864 336 84 252 224 1152 1125
is_linear=0
shrinkage=0.1


Tree=58
num_leaves=31
num_cat=0
split_feature=30 88 111 71 68 7 10 14 36 103 3 63 22 34 6 88 48 110 10 36 102 33 85 34 5 6 49 19 37 104
split_gain=5.40788 8.24432 5.84249 8.82407 8.73235 10.8875 7.86954 7.7559 7.16065 13.0616 8.95406 6.81946 8.7508 13.5171 8.33267 7.92298 12.7288 11.6505 7.73893 8.10389 12.5168 12.6102 9.86063 11.2592 13.8449 16.0582 27.8983 11.5513 9.83549 13.1085
threshold=4.5000000000000009 56.350000000000001 2.5000000000000004 1.0000000180025095e-35 1.5000000000000002 5.4144865220901925 22.275000000000002 14.750000000000002 0.77500000000000013 0.32400000000000007 11.043887198099375 10.500000000000002 4.4142857142857155 1.3166666666666669 10.675000000000002 67.15000000000002 9.1500000000000004 82.500000000000014 27.275000000000002 0.90000000000000013 3.5000000000000004 1.5257045792034711 91.500000000000014 1.3166666666666669 13.03854760632376 16.450000000000003 57.350000000000001 2.1407836215144651 0.64222852518808682 108.15000000000002
decision_type=10 10 2 8 10 10 10 10 8 2 10 8 8 10 10 10 10 2 10 10 10 10 10 10 8 10 10 10 10 2
left_child=2 -2 3 -1 7 -6 -7 8 9 -5 -11 15 13 -13 -15 18 -17 -18 19 20 22 -22 23 -4 25 27 -27 28 -25 -30
right_child=1 -3 11 4 5 6 -8 -9 -10 10 -12 12 -14 14 -16 16 17 -19 -20 -21 21 -23 -24 24 -26 26 -28 -29 29 -31
leaf_value=0.068917606100440024 -0.069958876214783514 0.014750120528042317 0.00021374376754540277 0.098661809308188297 0.073157495986192658 0.052469331733882435 -0.027493186653009618 -0.047068235627375547 0.0019139517929636363 -0.013532467542046851 0.053671820723121204 -0.0032179014304786037 -0.00013119232018237012 0.0022727513078799741 -0.043660011510395121 0.10149423345923424 0.054601886570453645 -0.042940828239079569 -0.025901307741047014 0.0013542406604740041 -0.005595247937730365 -0.047866450875436485 0.021302450157997907 -0.027795545761851045 -0.056899075944804478 -0.027741493107307526 0.13728603541851045 0.053752891604716961 0.030606381691478453 -0.013722599412223417
leaf_weight=20 27 20 18812 21 39 20 32 32 7921 55 31 10902 18635 56 134 20 25 24 112 35907 3559 72 214 296 63 21 20 26 87 286
leaf_count=20 27 20 18812 21 39 20 32 32 7921 55 31 10902 18635 56 134 20 25 24 112 35907 3559 72 214 296 63 21 20 26 87 286
internal_value=-4.67607e-12 -0.0339125 1.63573e-05 0.00257579 0.00241301 0.033217 0.00326163 0.00206522 0.00226107 0.0279574 0.0106923 -0.000217908 -0.00145489 -0.00367875 -0.0301219 0.000399648 0.034266 0.00682586 0.000360358 0.000409905 -0.00103571 -0.00643345 -4.70938e-05 -0.000280065 -0.0119065 -0.00805525 0.0527597 -0.0116429 -0.0141844 -0.00338313
internal_weight=97489 47 97442 8171 8151 91 52 8060 8028 107 86 89271 29727 11092 190 59544 69 49 59475 59363 23456 3631 19825 19611 799 736 41 695 669 373
internal_count=97489 47 97442 8171 8151 91 52 8060 8028 107 86 89271 29727 11092 190 59544 69 49 59475 59363 23456 3631 19825 19611 799 736 41 695 669 373
is_linear=0
shrinkage=0.1


Tree=59
num_leaves=31
num_cat=0
split_feature=104 30 26 35 41 88 88 41 16 13 11 12 35 29 16 41 49 36 104 13 85 35 93 38 27 83 109 15 104 61
split_gain=5.45246 7.90446 7.41324 12.4239 18.9408 19.7256 18.1789 16.7552 14.7022 13.2904 14.1361 11.1985 10.2537 12.9737 19.7484 12.9584 10.781 10.1391 10.0326 9.96734 9.76813 18.2166 16.348 14.8434 9.367 13.9127 13.7403 10.8305 8.66183 9.94956
threshold=104.15000000000002 4.5000000000000009 1.267857142857143 1.6776337729169599 1.2815932199788433 40.250000000000007 58.350000000000001 1.1522763754798115 11.275000000000002 2.9296981180992998 7.358757756410907 11.700000000000001 1.356536515387968 1.3223781467535418 15.225000000000001 0.8652650648275283 56.050000000000004 1.3666666666666669 108.85000000000001 3.1976530016253442 79.500000000000014 1.2595245227222394 1.5000000000000002 2.8875000000000006 1.1377339247471161 209.50000000000003 23.995893223819305 3.0992829416278238 106.05000000000001 2.5000000000000004
decision_type=2 10 10 10 10 10 10 10 10 10 10 10 10 10 10 10 10 10 2 10 10 10 10 10 10 10 2 10 2 10
left_child=-1 2 28 12 7 -6 9 -5 -8 11 -11 -7 20 14 15 -14 -17 -15 19 -19 -4 23 -23 -22 25 -18 27 -26 29 -2
right_child=1 -3 3 4 5 6 8 -9 -10 10 -12 -13 13 17 -16 16 24 18 -20 -21 21 22 -24 -25 26 -27 -28 -29 -30 -31
leaf_value=-0.0028841036489147872 0.017915148793654825 -0.044249852569773797 0.0018916264052867501 0.029808087522784871 -0.048573790871254775 0.14503982608968563 -0.067695244042010147 0.13767620964596669 0.029227004178306638 0.074844354887803402 -0.031583962288613508 0.041650013029575356 0.067903234323729647 -0.078897588966148235 0.094531607414994931 -0.044515071382982219 -0.049351687244540692 -0.027134082565466185 -0.037728357583364416 0.045320060970009984 -0.015039155694345633 0.13623071798744302 0.02068475338816643 0.058119441401691008 0.014333928690757603 0.031539752455428248 -0.0050875042025541797 0.10217893344163896 -0.00048609764429571672 0.0024700236403005474
leaf_weight=6142 488 40 17686 36 46 22 29 24 34 24 26 20 23 35 21 71 73 39 128 37 96 24 25 39 32 30 145 25 69159 2870
leaf_count=6142 488 40 17686 36 46 22 29 24 34 24 26 20 23 35 21 71 73 39 128 37 96 24 25 39 32 30 145 25 69159 2870
internal_value=5.93267e-12 0.000193922 0.000213392 0.00198354 0.0236492 0.00893094 0.0259969 0.0729553 -0.015388 0.0543365 0.0195016 0.0958066 0.00167835 -0.0105716 1.27582e-05 -0.00496192 -0.00941909 -0.0291717 -0.0206403 0.00813965 0.0021301 0.0250519 0.0772787 0.00609555 -0.00124921 -0.0257911 0.0112647 0.0528624 -0.000245273 0.00471458
internal_weight=97489 91347 91307 18790 261 201 155 60 63 92 50 42 18529 659 420 399 376 239 204 76 17870 184 49 135 305 103 202 57 72517 3358
internal_count=97489 91347 91307 18790 261 201 155 60 63 92 50 42 18529 659 420 399 376 239 204 76 17870 184 49 135 305 103 202 57 72517 3358
is_linear=0
shrinkage=0.1


Tree=60
num_leaves=31
num_cat=0
split_feature=81 85 102 6 80 55 105 35 48 51 7 0 5 13 105 38 8 85 18 9 3 53 32 15 32 58 39 39 5 33
split_gain=5.3328 7.88164 12.9537 10.3191 15.7006 11.2971 14.7159 10.42 12.5418 17.043 11.4711 12.7741 14.8904 11.2488 14.9981 10.6252 10.0618 9.91875 10.4132 9.57353 9.46127 13.3802 19.6903 11.9432 22.3332 17.4116 13.4781 13.6267 11.7455 15.9257
threshold=977.50000000000011 31.500000000000004 16.500000000000004 3.9000000000000004 391.35000000000008 15.500000000000002 0.36666666666666675 0.86008240010958248 1.4500000000000002 41.350000000000001 1.658243862791825 12.290000000000004 7.0299762296505532 1.4487266298961143 1.0000000180025095e-35 2.2928571428571431 7.7071428571428582 42.500000000000007 0.77500000000000013 2.7595432317886135 8.7252316110521964 19.500000000000004 2.183333333333334 3.4391535478095423 2.2678571428571432 1.0000000180025095e-35 1.947932855857992 1.7998394371555957 9.7059389035766568 0.85793099469161815
decision_type=10 10 10 10 10 10 10 10 10 10 10 10 10 10 10 10 10 10 10 10 10 10 10 10 10 10 10 8 10 10
left_child=1 -1 3 -3 -5 6 -6 13 -9 17 -11 -12 -13 14 -7 -16 -14 18 -10 -18 21 22 -21 26 25 28 27 -23 -25 -30
right_child=-2 2 -4 4 5 7 -8 8 9 10 11 12 16 -15 15 -17 19 -19 -20 20 -22 23 -24 24 -26 -27 -28 -29 29 -31
leaf_value=-0.00013707007370305826 -0.0020643732284044403 -0.016033327754528322 -0.043439877243926291 0.085721662057482675 -0.0060023572916785874 0.090244475007057193 0.10258668411809664 -0.008352354138220176 0.066071020066738137 -0.026145425210313374 0.078612173780460259 -0.021299554972458112 -0.01128150187372421 0.0058456212034812237 0.014100704013761726 0.089266412407159809 -0.034333576615899801 0.055879952645172253 -0.0085780523113302282 0.023195145038239981 0.0022186905511804725 0.0045869618111742507 0.12850608888336204 -0.015058405309009855 0.11965335331236322 0.083954270918454449 0.05586635806737468 -0.057692847950966103 -0.035632503846696077 0.054885585281949534
leaf_weight=73394 11090 286 61 23 24 32 26 1162 25 142 22 259 463 2078 315 20 65 92 74 92 5909 1456 22 109 24 35 50 36 26 77
leaf_count=73394 11090 286 61 23 24 32 26 1162 25 142 22 259 463 2078 315 20 65 92 74 92 5909 1456 22 109 24 35 50 36 26 77
internal_value=8.60313e-13 0.000264979 0.00253395 0.00275061 0.00317502 0.00302476 0.0504639 0.00283628 0.00142332 0.00268857 0.0020462 0.00250927 0.00231511 0.00869614 0.0248362 0.0185882 0.00304636 0.0322406 0.0102727 0.00388598 0.00420301 0.0102878 0.0435183 0.00819826 0.0275589 0.0186104 0.00479571 0.00308423 0.00782254 0.0320364
internal_weight=97489 86399 13005 12944 12658 12635 50 12585 10140 8978 8787 8645 8623 2445 367 335 8364 191 99 7901 7836 1927 114 1813 271 247 1542 1492 212 103
internal_count=97489 86399 13005 12944 12658 12635 50 12585 10140 8978 8787 8645 8623 2445 367 335 8364 191 99 7901 7836 1927 114 1813 271 247 1542 1492 212 103
is_linear=0
shrinkage=0.1


Tree=61
num_leaves=31
num_cat=0
split_feature=103 10 47 81 100 85 93 85 91 88 29 88 0 80 59 9 49 58 14 55 36 34 103 104 6 103 14 83 39 85
split_gain=5.18111 8.07072 8.73034 13.3715 10.5128 15.4863 14.7262 11.5694 11.3194 19.6731 10.687 10.6456 9.66122 9.35518 11.2449 9.28211 9.06682 16.2221 12.2069 13.0689 11.3019 11.0718 10.9541 11.6601 14.6952 12.9818 9.66882 10.2696 13.5088 10.7055
threshold=0.5335000000000002 31.425000000000001 1.019904186645846 998.50000000000011 1.0000000180025095e-35 62.500000000000007 3.5000000000000004 42.500000000000007 3.5000000000000004 43.250000000000007 0.89460983899425761 42.850000000000001 41.870000000000012 2299.0500000000006 25.500000000000004 4.8554092786890353 69.950000000000017 2.5000000000000004 13.65 58.500000000000007 2.1000000000000005 2.9250000000000003 0.45150000000000007 113.65000000000002 16.633333333333336 0.38450000000000006 16.550000000000004 23.500000000000004 1.3743625973076603 99.500000000000014
decision_type=2 10 8 8 2 10 10 10 10 10 10 10 10 10 10 10 10 10 10 10 10 10 2 2 10 2 10 10 10 10
left_child=1 2 3 13 7 -6 8 -5 10 -10 12 -12 -7 16 -15 -16 18 21 19 -1 -21 26 23 24 25 -20 27 28 -18 -29
right_child=-2 -3 -4 4 5 6 -8 -9 9 -11 11 -13 -14 14 15 -17 17 -19 22 20 -22 -23 -24 -25 -26 -27 -28 29 -30 -31
leaf_value=0.0024049640681536224 -0.00076117857225419991 0.014740955704144144 -0.0005402917998362397 -0.0041153039900150073 -0.0072779085237049948 0.081264711110978521 -0.049038281299173835 -0.027919471751475435 0.14405712063678286 0.025231710924325808 -0.031754558309912688 0.040787338766676839 -0.0024168511683290653 0.066916244786232718 -0.039714065327176029 0.035356342298910021 0.017008827304517901 0.088132323856864661 0.029452797285083571 0.11278138186782599 0.00647105522453785 -0.037477182000875478 -0.052638811148601042 -0.039159329021201728 0.069002704201814008 -0.063122783441628735 -0.054751956220716241 0.00927646084714474 0.11334005588044722 0.081965567561842145
leaf_weight=18547 46641 406 29126 470 567 37 25 361 22 38 55 32 22 50 28 40 37 28 33 20 20 45 73 63 34 28 20 576 24 21
leaf_count=18547 46641 406 29126 470 567 37 25 361 22 38 55 32 22 50 28 40 37 28 33 20 20 45 73 63 34 28 20 576 24 21
internal_value=-8.48537e-12 0.000698201 0.000585173 0.002123 -0.00658396 0.00161384 0.0234391 -0.0144562 0.0322349 0.068801 0.0172077 -0.00507248 0.0500614 0.00284346 0.0309159 0.004445 0.00267418 0.013449 0.00224417 0.00252811 0.0596262 0.0105567 -0.0206021 -0.00580026 0.0163221 -0.0130409 0.0137448 0.0158268 0.0549096 0.0118334
internal_weight=97489 50848 50442 21316 1629 798 231 831 206 60 146 87 59 19687 118 68 19569 751 18818 18587 40 723 231 158 95 61 678 658 61 597
internal_count=97489 50848 50442 21316 1629 798 231 831 206 60 146 87 59 19687 118 68 19569 751 18818 18587 40 723 231 158 95 61 678 658 61 597
is_linear=0
shrinkage=0.1


Tree=62
num_leaves=31
num_cat=0
split_feature=33 82 85 35 93 65 84 35 96 31 7 5 103 9 79 27 3 14 7 31 41 81 104 4 29 91 23 3 88 13
split_gain=4.90561 6.14165 12.2645 11.0708 12.1485 12.1683 11.483 16.0374 10.3536 16.3857 15.1908 14.9872 23.7675 14.9674 13.9487 13.2169 12.7743 15.3188 14.4161 12.5105 11.9757 10.8005 11.6172 20.7332 21.7347 13.3792 21.112 17.5685 20.4443 13.3138
threshold=1.0000000180025095e-35 132.50000000000003 11.500000000000002 1.503942124519231 3.5000000000000004 1.0000000180025095e-35 2.5000000000000004 1.748683067952149 241.00000000000003 1.1178102700547354 9.9196761334979779 9.8392205094490119 0.23400000000000001 9.179990312122408 2.5000000000000004 0.85793099469161826 10.088786404257931 3.9500000000000006 5.7951084232857593 1.6121532512998444 1.7859379366115393 87.500000000000014 113.35000000000001 29.085000000000008 1.0567488221573291 1.0000000180025095e-35 1.1068451971051692 13.487988479904944 32.45000000000001 2.1794192844442732
decision_type=8 10 10 10 10 10 10 10 2 10 10 10 2 10 10 10 10 10 10 10 10 10 2 10 10 10 10 10 10 10
left_child=-1 2 3 -2 6 -6 -5 -8 19 11 13 12 -10 20 -13 -14 17 -16 -19 -4 21 -11 25 -24 -25 -23 27 28 -27 -28
right_child=1 -3 8 4 5 -7 7 -9 9 10 -12 14 15 -15 16 -17 -18 18 -20 -21 -22 22 23 24 -26 26 29 -29 -30 -31
leaf_value=-0.0023865157438478358 0.00040043975475556181 -0.00061152022147086124 0.003382097567794032 -0.037062350298691225 0.088233546557880585 -0.020755280200392009 -0.014807540287216337 0.078191561116413635 0.11235381229578152 -0.00014904056415183559 -0.029313601538554203 -0.029458218614357809 0.00337532371196978 0.089371831936296081 -0.032452197891214618 0.052272363974442404 -0.0092809625976625395 0.12356814965605736 0.023512392925719421 -0.016878951469989262 -0.022301653955900481 0.011336961966342554 -0.027892521290462127 0.067725195676321168 -0.039347054795003861 0.085650443910591068 -0.012244166166951452 0.15431776446816714 0.00088772761249324172 0.040797740523971018
leaf_weight=7914 35180 45095 6397 213 21 20 118 22 23 168 61 223 510 32 23 62 214 24 36 320 63 167 91 70 26 93 65 23 41 174
leaf_count=7914 35180 45095 6397 213 21 20 118 22 23 168 61 223 510 32 23 62 214 24 36 320 63 167 91 70 26 93 65 23 41 174
internal_value=1.06413e-11 0.00021085 0.00104459 0.000213749 -0.0164557 0.0350683 -0.0224401 -0.000193396 0.00436329 0.010336 0.0191514 0.00184467 0.0126831 0.0220699 -0.010557 0.00867535 0.00363487 0.0369359 0.0635347 0.00241685 0.0198745 0.0227689 0.0279026 0.0063076 0.0387265 0.0350753 0.0450862 0.0735745 0.0597156 0.0263721
internal_weight=97489 89575 44480 35574 394 41 353 140 8906 2189 1074 1115 595 1013 520 572 297 83 60 6717 981 918 750 187 96 563 396 157 134 239
internal_count=97489 89575 44480 35574 394 41 353 140 8906 2189 1074 1115 595 1013 520 572 297 83 60 6717 981 918 750 187 96 563 396 157 134 239
is_linear=0
shrinkage=0.1


Tree=63
num_leaves=31
num_cat=0
split_feature=104 90 35 85 13 3 1 14 40 7 51 44 19 71 83 34 24 17 33 104 32 32 39 56 3 110 13 8 2 80
split_gain=4.77359 9.55556 11.3323 10.8949 16.1445 17.5339 15.8092 13.7728 12.162 14.0182 13.5482 13.4546 14.8629 10.1042 9.48724 9.12529 11.9455 13.3387 8.12023 7.58408 21.1675 16.2661 11.8398 7.45123 7.69482 7.43919 7.40817 7.33495 7.97065 7.25915
threshold=116.35000000000001 11.500000000000002 1.3356326837799799 43.500000000000007 1.3779271744364849 10.001602649112522 6.5264078936372529 5.0500000000000007 3.215384615384616 2.9762791030165432 57.45000000000001 0.47222222222222227 0.92592714937812726 7.5000000000000009 67.500000000000014 1.552777777777778 0.55000000000000016 3.7196136942210551 1.106601107571493 115.45000000000002 1.5857142857142861 2.8166666666666669 1.5057429613629392 6.5000000000000009 13.233690171487359 83.500000000000014 3.9496632441188484 12.250000000000002 29.315000000000001 428.05000000000013
decision_type=2 10 10 10 8 10 10 10 10 10 10 10 10 10 10 10 10 10 10 2 10 10 10 10 10 2 10 10 10 10
left_child=19 3 13 23 5 7 14 -5 9 -8 11 12 -11 25 -6 -12 -17 -18 -16 -1 -21 22 26 -2 -25 27 -22 28 -3 -4
right_child=1 2 29 4 6 -7 8 -9 -10 10 15 -13 -14 -15 18 16 17 -19 -20 20 21 -23 -24 24 -26 -27 -28 -29 -30 -31
leaf_value=-2.7577139265983176e-05 0.0016459252295829838 0.0031466274442983437 0.015794642418622971 0.0776545217037201 -0.068096325162685281 0.13778216636606627 -0.04216850890945166 -0.032198283324639004 0.091210093679414558 0.016398066914241231 -0.0027689706754787822 0.0076334885966319313 0.12172869252594742 0.050773019206826579 -0.024074630530861518 -0.031173787691763474 0.022617523019459657 0.11188281231488173 0.045810327533146615 -0.0029695158337095023 -0.048566506053519219 0.043337176935303784 0.015307789717031561 0.014785044194939426 0.082981187530926301 -0.037497564685949385 -0.10427247341722251 -0.0091466681554536727 0.073977308297374603 -0.0506141434673981
leaf_weight=84407 7940 47 20 25 33 21 39 21 22 21 191 39 37 32 60 21 47 26 23 3700 94 21 23 78 21 69 32 262 24 93
leaf_count=84407 7940 47 20 25 33 21 39 21 22 21 191 39 37 32 60 21 47 26 23 3700 94 21 23 78 21 69 32 262 24 93
internal_value=3.03827e-12 0.00216617 -0.0106525 0.00297537 0.0156823 0.062069 0.0101226 0.0275043 0.0187281 0.0149404 0.0207709 0.0530518 0.0835917 -0.00330801 -0.0227415 0.00978405 0.0352907 0.0544106 -0.00470892 -0.000226047 -0.00455479 -0.0390577 -0.0506704 0.00198588 0.0292509 -0.00761297 -0.0627141 -0.00142066 0.0270894 -0.0388604
internal_weight=97489 9212 547 8665 626 67 559 46 443 421 382 97 58 434 116 285 94 73 83 88277 3870 170 149 8039 99 402 126 333 71 113
internal_count=97489 9212 547 8665 626 67 559 46 443 421 382 97 58 434 116 285 94 73 83 88277 3870 170 149 8039 99 402 126 333 71 113
is_linear=0
shrinkage=0.1


Tree=64
num_leaves=31
num_cat=0
split_feature=17 37 16 93 8 10 31 31 30 84 87 110 90 93 90 30 33 31 15 22 61 15 9 105 85 35 50 9 27 25
split_gain=4.73172 10.2628 6.3179 8.55393 8.05632 6.79846 5.40965 6.20227 6.9339 12.5248 11.5571 7.68312 18.3853 14.9525 7.19756 5.86995 5.39835 8.96668 5.24154 11.2816 14.1725 10.0844 9.51821 11.7083 13.0465 12.7257 10.8669 13.2007 10.2803 11.9298
threshold=5.41865682035096 1.8482852758687625 13.825000000000001 1.5000000000000002 8.8166666666666682 8.7029411764705902 3.3972973171698291 3.1224887344895969 4.1000000000000005 16.500000000000004 36.500000000000007 87.000000000000014 11.500000000000002 2.5000000000000004 8.5000000000000018 3.9000000000000004 1.1868699556559867 1.1178102700547354 4.9643166130823442 0.94868421052631591 1.5000000000000002 4.798724972224961 6.8133853232287604 0.36666666666666675 113.50000000000001 1.4547261073653115 3.4500000000000006 6.053465212206885 0.52229772310074785 0.64222852518808682
decision_type=10 10 10 10 10 10 10 10 10 10 10 2 8 10 10 10 10 10 10 10 10 10 10 10 10 10 10 10 10 10
left_child=6 2 4 -4 5 -2 7 8 11 -10 -11 15 13 -13 -12 18 17 -6 21 -20 -21 -1 23 25 26 -22 -25 -28 -24 -30
right_child=1 -3 3 -5 16 -7 -8 -9 9 10 14 12 -14 -15 -16 -17 -18 -19 19 20 22 -23 28 24 -26 -27 27 -29 29 -31
leaf_value=9.2334440837808004e-06 -0.020531116290949288 0.041417819177431453 0.057071908215141826 -0.030147620087320155 -0.041221404834076353 0.049732511554334669 0.044792733296182836 -0.041474366664058633 -0.095283785342083635 0.044047419092169519 -0.083301709573715924 0.13029859208247879 -0.031223383822060864 0.018282557020966823 -0.0012763856221800266 0.039864338058474905 -0.064719863827512769 0.034354086704552173 -0.016346668270794121 0.08060733649347511 0.0061310631284737091 -0.015745915438039413 0.059282550417507685 0.014255053253607855 0.097878410942528568 -0.064639842932422961 0.021494714392434076 0.11555871248245241 -0.047819612506363129 0.00013239800226779618
leaf_weight=95276 40 31 23 22 73 21 27 36 21 27 20 22 29 26 23 37 54 20 185 28 166 408 24 378 23 30 37 25 63 294
leaf_count=95276 40 31 23 22 73 21 27 36 21 27 20 22 29 26 23 37 54 20 185 28 166 408 24 378 23 30 37 25 63 294
internal_value=-9.45611e-12 -0.0128889 -0.0195431 0.0144312 -0.0268933 0.003658 3.76571e-05 2.52223e-05 4.06017e-05 -0.0275502 -0.00723015 6.64723e-05 0.031642 0.0696232 -0.0394277 4.14004e-05 -0.0395711 -0.0249686 2.62003e-05 0.00645203 0.0104012 -5.79471e-05 0.00851107 0.0157852 0.0244576 -0.00470122 0.0206197 0.0594237 -0.00407068 -0.00832972
internal_weight=97489 284 253 45 208 61 97205 97178 97142 91 70 97051 77 48 43 96974 147 93 96937 1253 1068 95684 1040 659 463 196 440 62 381 357
internal_count=97489 284 253 45 208 61 97205 97178 97142 91 70 97051 77 48 43 96974 147 93 96937 1253 1068 95684 1040 659 463 196 440 62 381 357
is_linear=0
shrinkage=0.1


Tree=65
num_leaves=31
num_cat=0
split_feature=14 54 58 43 84 34 42 110 35 31 28 23 48 32 20 25 81 8 54 88 49 37 39 79 16 35 49 21 21 91
split_gain=4.72459 4.71171 5.40391 14.2451 23.0501 12.3118 9.75892 9.61911 9.16957 8.18723 11.1375 10.45 5.53495 9.09337 10.4559 16.1672 19.1951 11.4886 9.28643 12.3165 10.0689 8.07445 9.08028 10.3429 8.85888 10.991 7.88135 7.45744 7.44905 6.97036
threshold=17.950000000000003 17.500000000000004 3.5000000000000004 0.56253641334739612 11.500000000000002 0.62828947368421062 1.1000000000000003 80.500000000000014 1.5526172418969886 1.2415253053016906 0.6132478632478634 1.6527481393504082 31.750000000000004 2.8166666666666669 2.8166666666666669 0.97871355387816916 42.500000000000007 18.31666666666667 1.5000000000000002 39.45000000000001 38.150000000000013 2.932526094086588 2.6624934691584596 7.5000000000000009 6.9750000000000005 1.1658019396531019 73.850000000000009 1.4925730515485933 2.313177850342337 9.5000000000000018
decision_type=10 10 10 10 10 10 10 2 10 8 10 10 10 8 10 10 10 10 10 10 10 10 10 10 10 10 10 10 10 10
left_child=1 2 12 5 6 7 -5 -4 -6 10 -7 -12 -1 14 15 18 -17 -18 19 20 -14 24 23 -23 25 29 -25 -21 -27 -16
right_child=-2 -3 3 4 8 9 -8 -9 -10 -11 11 -13 13 -15 21 16 17 -19 -20 27 -22 22 -24 26 -26 28 -28 -29 -30 -31
leaf_value=-0.00016646339890254635 -0.04742700606584549 -0.044292485931267341 0.0096007565563579773 0.045316612123487858 0.14545779405605228 0.067978069718394971 -0.022681870076643386 0.08957236430474691 0.054061767669475604 -0.039426915586085583 0.013120915322360815 -0.065595591612733331 -0.016869984696117734 -0.050783682242035867 0.0025729914779495104 0.00076787396002624001 0.13010958490463406 0.051793472566850379 0.051899841590420694 -0.056020035070401653 0.052199963200837377 0.092412892431020743 -0.011872691909472148 -0.0053476949967443945 -0.0030105714645273962 0.0091001636925197773 0.070305228339774276 0.003239619774477823 0.087303750795023199 0.0251823281988547
leaf_weight=93794 21 24 53 39 21 21 46 21 23 82 48 26 39 30 809 59 26 67 32 54 46 30 42 40 1726 21 21 35 29 164
leaf_count=93794 21 24 53 39 21 21 46 21 23 82 48 26 39 30 809 59 26 67 32 54 46 30 42 40 1726 21 21 35 29 164
internal_value=1.4585e-12 1.02184e-05 2.113e-05 0.011923 0.0389304 -0.00195733 0.00851743 0.0322954 0.0976826 -0.0162777 0.00370377 -0.0145362 -2.54651e-05 0.00401882 0.00452625 0.0206444 0.0453837 0.0736883 0.00239014 -0.00671509 0.020509 0.00252406 0.0265882 0.0443394 0.00135981 0.00873349 0.0206968 -0.0327157 0.0544582 0.00638381
internal_weight=97489 97468 97444 380 129 251 85 74 44 177 95 74 97064 3270 3240 358 152 93 206 174 85 2882 133 91 2749 1023 61 89 50 973
internal_count=97489 97468 97444 380 129 251 85 74 44 177 95 74 97064 3270 3240 358 152 93 206 174 85 2882 133 91 2749 1023 61 89 50 973
is_linear=0
shrinkage=0.1


Tree=66
num_leaves=31
num_cat=0
split_feature=110 46 28 34 109 31 35 36 26 8 7 7 34 3 93 34 85 32 104 26 47 24 53 35 37 85 30 85 0 69
split_gain=4.65512 7.741 8.31829 6.99765 6.447 7.98017 20.6751 8.53498 10.5773 9.3593 8.09521 9.57679 17.3631 18.9799 10.116 7.45821 7.24275 7.13539 7.08732 8.9681 8.58152 9.8975 8.79595 18.2521 10.8492 8.46655 9.40368 8.11713 12.3475 9.4165
threshold=74.500000000000014 4.5750000000000002 2.2250000000000005 0.56696428571428581 27.152635181382617 1.6905725903640423 2.0567591362099322 0.77500000000000013 0.29285714285714287 11.105555555555556 3.2119557804202814 4.6457779645020842 1.4083333333333334 8.8337012498497938 1.5000000000000002 2.552777777777778 65.500000000000014 2.9500000000000006 104.45000000000002 1.267857142857143 0.83365907064964151 1.7750000000000001 43.500000000000007 1.1915269771356505 1.658243862791825 152.50000000000003 3.3000000000000003 148.50000000000003 34.45000000000001 7.5000000000000009
decision_type=2 10 10 10 2 10 10 10 10 10 10 10 10 10 10 10 10 10 2 10 8 10 10 10 10 10 10 10 10 10
left_child=3 4 -3 -1 18 6 17 9 -9 -7 -10 12 -12 -14 -15 -13 -16 -6 -2 20 21 22 -20 24 -24 -21 -27 29 -29 -22
right_child=1 2 -4 -5 5 7 -8 8 10 -11 11 15 13 14 16 -17 -18 -19 19 25 27 -23 23 -25 -26 26 -28 28 -30 -31
leaf_value=-0.0017955151056370006 -0.0028047358869153958 0.038321676205995747 -0.027365169239540896 -0.026402606057305624 -0.00094904835904055312 -0.0081185680534690621 0.095985593849962414 -0.082901502527635215 -0.04145555728936897 0.054807622081194177 -0.021678929501908951 -0.012316839551806284 0.1266778565198183 0.059972039842978123 0.02484578960372702 -0.056608551980129311 -0.056382000322143237 -0.059268434514247237 0.0018310710980042101 0.0034021228839516979 -0.00059909357764861924 0.03195891594430348 0.034104098557213018 -0.02391550086291605 0.12044387967749076 0.093585648997263474 0.0011259164661169053 0.015301898776581793 -0.063828277937611755 0.024515901222718336
leaf_weight=9432 5329 98 24 117 21313 60 22 22 85 39 87 401 20 32 23 42 21 21 17397 10985 31429 111 43 38 22 22 22 33 49 150
leaf_count=9432 5329 98 24 117 21313 60 22 22 85 39 87 401 20 32 23 42 21 21 17397 10985 31429 111 43 38 22 22 22 33 49 150
internal_value=7.77781e-12 0.000227705 0.0253997 -0.00209702 0.000192735 -0.00128086 -0.000906538 -0.0108891 -0.0146114 0.0166705 -0.0124983 -0.00856643 0.0106777 0.040001 0.0171913 -0.0165161 -0.013922 -0.00100645 0.000690925 0.000999848 0.000422875 0.00219238 0.00200358 0.0311403 0.0633268 0.00357748 0.0473558 -0.000561389 -0.0319832 -0.000479798
internal_weight=97489 87940 122 9549 87818 22188 21356 832 733 99 711 626 183 96 76 443 44 21334 65630 60301 49272 17611 17500 103 65 11029 44 31661 82 31579
internal_count=97489 87940 122 9549 87818 22188 21356 832 733 99 711 626 183 96 76 443 44 21334 65630 60301 49272 17611 17500 103 65 11029 44 31661 82 31579
is_linear=0
shrinkage=0.1


Tree=67
num_leaves=31
num_cat=0
split_feature=24 100 15 48 11 48 90 108 3 31 37 111 20 25 81 58 102 40 21 7 23 35 109 106 108 48 39 20 8 1
split_gain=4.38393 8.07476 8.54423 13.1983 17.878 16.3211 12.9941 12.1183 11.9193 12.709 8.73901 8.28019 10.2756 9.35592 9.01797 18.9631 8.64226 8.49494 8.60976 8.26931 8.41404 7.57649 13.8532 12.7598 19.9419 16.8457 14.8762 11.1866 11.3496 10.038
threshold=0.55000000000000016 1.0000000180025095e-35 5.499999791301426 15.050000000000002 4.5700068270460976 12.750000000000002 15.500000000000002 7.5000000000000009 15.344311287154307 1.1178102700547354 1.0477225575051665 2.5000000000000004 8.7500000000000018 2.2912618684212727 66.500000000000014 2.5000000000000004 3.5000000000000004 4.1250000000000009 4.0407644456471159 4.7240516037498246 1.6527481393504082 1.3545610530158287 21.581108829568795 138.50000000000003 3.5000000000000004 17.650000000000002 1.3395671481745666 3.8166666666666669 8.3166666666666682 15.025877674507781
decision_type=10 2 8 10 8 8 10 2 10 10 10 2 10 10 8 10 10 10 10 10 10 10 2 2 2 8 10 10 10 10
left_child=-1 21 11 4 -4 6 7 10 9 -5 -6 12 13 14 15 19 -14 18 -16 -3 -21 29 27 24 25 26 -24 28 -23 -2
right_child=1 2 3 8 5 -7 -8 -9 -10 -11 -12 -13 16 -15 17 -17 -18 -19 -20 20 -22 22 23 -25 -26 -27 -28 -29 -30 -31
leaf_value=-0.001075627227337168 0.00023331516770051808 0.066168255731463441 -0.032481933776289225 -0.014205425226113254 0.0061991513473913075 0.13166515148160132 0.092347244804184284 -0.045185266673038516 -0.059987519128668704 0.069081226584536068 0.085107597067952165 0.00083757512110545728 -0.027791680186055601 0.057942418697186637 0.0060897489336165208 0.1173713718456301 0.032043491047004179 -0.024640520109484594 0.070342707900064333 -0.053325750746510248 0.019847944910553372 0.019078162376110149 -0.023130185215960563 -0.0057757931736561238 0.11371112568137637 0.080925272764371975 0.053156389427535679 0.032824912691308605 -0.037243122633155504 -0.0061669218801779111
leaf_weight=27286 30189 24 30 57 32 22 31 23 31 27 25 31507 144 36 3015 22 29 90 21 22 55 41 103 1565 21 28 34 31 281 2667
leaf_count=27286 30189 24 30 57 32 22 31 23 31 27 25 31507 144 36 3015 22 29 90 21 22 55 41 103 1565 21 28 34 31 281 2667
internal_value=-1.09361e-11 0.000418067 0.00148623 0.0189482 0.0372499 0.0529789 0.0373835 0.016085 -0.00699243 0.0125653 0.0408081 0.00134739 0.00599248 0.00724345 0.00668169 0.0332413 -0.0177615 0.00563664 0.00653419 0.0149159 -0.00105883 -0.00065874 -0.00647619 -0.00283288 0.0219288 0.0102474 -0.00419775 -0.0245483 -0.0300718 -0.000286207
internal_weight=97489 70203 35243 278 163 133 111 80 115 84 57 34965 3458 3285 3249 123 173 3126 3036 101 77 34960 2104 1751 186 165 137 353 322 32856
internal_count=97489 70203 35243 278 163 133 111 80 115 84 57 34965 3458 3285 3249 123 173 3126 3036 101 77 34960 2104 1751 186 165 137 353 322 32856
is_linear=0
shrinkage=0.1


Tree=68
num_leaves=31
num_cat=0
split_feature=103 12 89 85 15 48 89 16 24 56 30 86 15 86 84 14 7 5 33 23 47 77 85 13 100 106 105 103 82 110
split_gain=4.35404 10.0295 10.0464 9.70694 9.71174 8.83228 8.88246 10.0982 10.131 8.83436 8.288 6.98172 13.672 10.4574 10.7258 8.93615 8.8698 7.08082 9.99309 10.0104 10.4661 9.91287 9.82407 16.6976 8.67757 13.2498 9.89128 8.09843 7.96002 7.0245
threshold=0.58700000000000008 13.100000000000001 9.5000000000000018 118.50000000000001 4.1693324273145995 28.750000000000004 23.500000000000004 14.775000000000002 1.3666666666666669 5.5000000000000009 4.3000000000000016 58.500000000000007 4.9643166130823442 72.500000000000014 53.500000000000007 13.450000000000001 7.2330260153880284 17.341073327040601 1.4161750273926361 2.1595360580301786 1.356536515387968 5.5000000000000009 40.500000000000007 2.3057869817013863 1.0000000180025095e-35 333.50000000000006 0.63333333333333341 0.65600000000000014 448.50000000000006 85.500000000000014
decision_type=2 10 10 8 8 10 10 10 10 10 10 10 10 10 10 10 10 10 10 10 10 10 10 10 2 2 8 2 10 2
left_child=-1 10 -3 5 -5 6 7 9 -9 -4 11 29 15 -14 -15 17 -16 18 -13 20 21 24 -21 -24 -20 27 -27 -26 -19 -2
right_child=1 2 3 4 -6 -7 -8 8 -10 -11 -12 12 13 14 16 -17 -18 28 19 22 -22 -23 23 -25 25 26 -28 -29 -30 -31
leaf_value=0.00043326723130922328 0.00035458806321422707 -0.056766424605659407 -0.012029710447233988 0.079565778439459597 -0.015714694187045099 0.010702368686467692 -0.051981393286647894 0.070133680162521514 -0.019965116245051227 -0.060806458579221123 -0.060777884146765528 -0.0029376648390945395 0.079100918409725038 -0.0091855370290117502 0.017267004827804425 0.057615627689907946 0.10119355723261834 -0.0024624594748020173 -0.041519802328024949 -0.047983020193015154 -0.064038160062570612 0.040438601174033612 0.093642414143929875 -0.0023460383099075909 -0.071455898086229971 0.076112526931144578 -0.015394696806158341 -0.0054845668223439436 0.081050991799150207 0.047248109881911665
leaf_weight=68639 18262 51 164 23 20 106 78 26 24 48 23 9281 30 81 34 24 20 25 139 26 61 26 24 74 30 27 21 49 21 32
leaf_count=68639 18262 51 164 23 20 106 78 26 24 48 23 9281 30 81 34 24 20 25 139 26 61 26 24 74 30 27 21 49 21 32
internal_value=-8.04505e-12 -0.00103082 -0.014531 -0.0101261 0.0352493 -0.0145008 -0.0223583 -0.0135392 0.0268863 -0.0230735 -0.000773306 -0.000724517 -0.00285018 0.0256967 0.013829 -0.00332944 0.0483509 -0.00347864 -0.00366315 -0.017779 -0.026365 -0.0184949 0.00666333 0.0211613 -0.0242554 -0.00535962 0.0360781 -0.030537 0.0356632 0.000436615
internal_weight=97489 28850 540 489 43 446 340 262 50 212 28310 28287 9993 165 135 9828 54 9804 9758 477 353 292 124 98 266 127 48 79 46 18294
internal_count=97489 28850 540 489 43 446 340 262 50 212 28310 28287 9993 165 135 9828 54 9804 9758 477 353 292 124 98 266 127 48 79 46 18294
is_linear=0
shrinkage=0.1


Tree=69
num_leaves=31
num_cat=0
split_feature=88 22 32 6 28 15 31 33 35 111 35 83 4 29 16 81 32 82 17 6 46 17 32 15 42 50 96 34 88 56
split_gain=4.19589 5.46555 12.182 13.1564 8.34671 11.7166 8.34384 7.88786 7.73893 6.68634 6.33262 12.1463 10.4317 9.9748 7.81997 8.1841 7.79817 11.8467 8.44375 7.63381 8.61273 9.25856 13.5131 13.6135 13.0829 11.2657 11.1206 10.8903 10.7539 14.2041
threshold=2.7500000000000004 0.68990384615384626 2.2678571428571432 17.100000000000005 0.25657894736842107 4.9643166130823442 1.1178102700547354 1.8272620441316241 0.94619501361348168 2.5000000000000004 1.3429471565653943 34.500000000000007 37.377500000000019 0.5986938655656987 6.3568181818181824 232.50000000000003 1.7250000000000003 226.50000000000003 3.6121140472413553 5.4500000000000011 1.0645833333333334 3.4989346474555778 0.58571428571428574 3.4649033049782161 0.90000000000000013 1.3 244.50000000000003 0.97500000000000009 28.250000000000004 1.0000000180025095e-35
decision_type=8 8 10 10 8 10 10 10 10 2 10 8 10 10 10 10 10 10 10 10 10 10 10 8 10 10 2 10 10 10
left_child=-1 2 3 10 5 9 -5 -4 -7 -3 12 13 16 14 15 -12 19 -18 -19 -2 21 22 -21 24 25 28 -25 -28 -24 -30
right_child=1 4 7 6 -6 8 -8 -9 -10 -11 11 -13 -14 -15 -16 -17 17 18 -20 20 -22 -23 23 26 -26 -27 27 -29 29 -31
leaf_value=-0.0035159565487921964 0.00059175551268666679 0.037142141908407214 -0.083668216024167269 0.011115621685981751 8.6655943270863724e-05 0.0013930603489279748 0.09059820328173894 -0.0084147787032028045 0.08734167246994648 -0.0075317375523305296 -5.2559949008041418e-05 0.057770608582169473 0.064674526273405974 -0.034514483125880367 -0.04986001335084439 0.070441080176311996 -0.075892371323800861 0.05066212232978571 -0.037042104517636093 0.0055962719119283383 -0.0078554182594357917 -0.0021452915024660203 0.013034499697047128 0.11361365585720964 0.051929529671313118 -0.013452249190689351 -0.0007335179834626615 0.093332192366942776 0.083595806767267217 -0.001329759449788159
leaf_weight=3280 3033 34 26 25 85928 20 28 30 22 2291 58 23 28 150 20 23 31 21 23 892 295 460 356 28 103 124 32 20 54 31
leaf_count=3280 3033 34 26 25 85928 20 28 30 22 2291 58 23 28 150 20 23 31 21 23 892 295 460 356 28 103 124 32 20 54 31
internal_value=5.39925e-12 0.000122412 0.00306547 0.00350922 -7.47135e-05 -0.00593283 0.0531064 -0.0433539 0.0464138 -0.00687844 0.00305639 -0.011783 0.00379152 -0.0181565 0.00613759 0.0199642 0.00348174 -0.028543 0.00481673 0.00392423 0.00814444 0.010392 0.0139086 0.0238212 0.0191525 0.0131773 0.0628044 0.0354456 0.0206649 0.052623
internal_weight=97489 94209 5914 5858 88295 2367 53 56 42 2325 5805 274 5531 251 101 81 5503 75 44 5428 2395 2100 1640 748 668 565 80 52 441 85
internal_count=97489 94209 5914 5858 88295 2367 53 56 42 2325 5805 274 5531 251 101 81 5503 75 44 5428 2395 2100 1640 748 668 565 80 52 441 85
is_linear=0
shrinkage=0.1


Tree=70
num_leaves=31
num_cat=0
split_feature=13 104 34 12 36 3 111 13 53 89 89 11 63 103 56 98 0 50 37 32 56 5 12 39 88 0 0 17 7 103
split_gain=4.21417 8.53884 10.7651 10.8033 11.668 13.5285 13.1011 11.8327 8.44501 11.765 9.60964 10.8615 10.2618 8.62849 10.8282 8.25027 8.23346 11.3206 13.3621 8.64097 16.3746 11.5368 8.08075 8.6983 7.60975 8.19188 7.25332 9.94632 8.38806 6.97959
threshold=4.6097690384871344 114.85000000000001 0.70294117647058829 6.291666666666667 1.9000000000000001 12.357934922772278 5.5000000000000009 5.0099800796022285 15.500000000000002 6.5000000000000009 7.5000000000000009 6.706928842345957 6.5000000000000009 0.50900000000000012 1.5000000000000002 2022.5000000000002 57.620000000000005 1.0000000180025095e-35 1.4487266298961141 2.5857142857142863 3.5000000000000004 10.892836250352959 10.266666666666667 1.8870900731964169 10.250000000000002 30.77 38.370000000000012 4.0904252264853822 5.7227599037544321 0.63750000000000007
decision_type=10 2 10 10 10 10 2 10 8 10 10 10 10 2 10 2 10 10 10 10 10 10 10 10 10 10 10 10 10 2
left_child=-1 8 -3 -4 5 6 -5 -8 13 24 11 12 -11 14 -2 16 19 18 -18 29 21 -21 23 -19 25 -10 27 -26 -29 -12
right_child=1 2 3 4 -6 -7 7 -9 9 10 15 -13 -14 -15 -16 -17 17 22 -20 20 -22 -23 -24 -25 26 -27 -28 28 -30 -31
leaf_value=0.00013765453363166945 0.0088160061637278311 0.0005457449920278117 -0.092868606712330479 0.088035667428503869 -0.042507453515500455 -0.029294232667398154 -0.03594826102638856 0.045413220718954553 -0.011014849485722013 0.10919264703989029 0.00048402104660983324 -0.027684763856232166 0.021034053725100334 0.0037080496951768342 0.081185882175580051 0.047692688883227467 0.0094962094393041402 0.085596276391297577 0.11095422744750977 -0.0060812647143999735 0.018604136836764061 -0.098437738751894557 -0.016200073586800433 -0.0076684041321277629 -0.038372764998264072 0.054934903703953909 -0.070641398724789417 0.040838811808341258 -0.024462045744682352 -0.013154904749332076
leaf_weight=93395 44 302 22 23 143 109 39 33 104 23 1943 20 31 176 39 34 27 20 25 21 38 38 79 20 138 23 36 37 42 465
leaf_count=93395 44 302 22 23 143 109 39 33 104 23 1943 20 31 176 39 34 27 20 25 21 38 38 79 20 138 23 36 37 42 465
internal_value=1.56009e-11 -0.00314026 -0.0134552 -0.024914 -0.0206057 -0.00525293 0.0223313 0.00134242 -0.00111825 -0.00253937 -0.000286499 0.0352674 0.0585831 0.0162424 0.0428211 -0.00125734 -0.00187928 0.0193509 0.0582741 -0.00332853 -0.0325916 -0.0655651 0.00234245 0.0389639 -0.0190446 0.000928807 -0.0290708 -0.0221742 0.0061219 -0.00214974
internal_weight=97489 4094 671 369 347 204 95 72 3423 3164 2784 74 54 259 83 2710 2676 171 52 2505 97 59 119 40 380 127 253 217 79 2408
internal_count=97489 4094 671 369 347 204 95 72 3423 3164 2784 74 54 259 83 2710 2676 171 52 2505 97 59 119 40 380 127 253 217 79 2408
is_linear=0
shrinkage=0.1


Tree=71
num_leaves=31
num_cat=0
split_feature=71 86 5 42 41 53 6 87 21 35 19 32 88 80 103 88 94 93 81 2 32 46 1 31 5 48 9 7 15 20
split_gain=4.26426 9.2799 9.59417 13.1242 13.2988 12.2196 11.1203 11.103 11.2328 13.5433 10.1338 10.0962 16.8301 8.99652 11.9632 12.3391 10.2232 14.7287 13.634 13.9633 13.6532 12.9205 18.1257 13.3974 12.3788 10.8093 13.329 21.362 11.2072 9.74658
threshold=5.5000000000000009 232.50000000000003 8.9993362327260034 0.77500000000000013 0.65779974967410937 47.500000000000007 2.6333333333333337 46.500000000000007 2.2223607552743743 0.82762443153966825 1.0000000180025095e-35 2.5857142857142863 38.050000000000004 1761.8500000000006 0.75000000000000011 35.250000000000007 1.5000000000000002 3.5000000000000004 631.50000000000011 56.045000000000009 2.2678571428571432 0.28991596638655465 11.57760769472072 1.5543320308680684 9.1094449249997691 5.4500000000000011 7.006346150021761 4.6636864457561762 3.0673636397283306 2.9500000000000006
decision_type=10 10 10 10 10 8 10 10 10 10 10 10 10 10 2 10 10 10 10 10 10 10 10 10 10 10 10 10 10 10
left_child=-1 2 3 7 -5 11 -4 8 10 -10 -2 -6 -13 -8 16 -16 17 18 -15 20 25 22 -22 -23 -18 26 27 -20 -29 -19
right_child=1 -3 6 4 5 -7 13 -9 9 -11 -12 12 -14 14 15 -17 24 29 19 -21 21 23 -24 -25 -26 -27 -28 28 -30 -31
leaf_value=-0.00028821283295533587 0.070416914118686696 0.058033161096531775 -0.038006248697638516 0.069368855546160443 0.0089748172920849859 0.085561215064742346 0.0019394490261727669 -0.053721672292119153 0.094632741636424156 0.011890902648352691 -0.0011968887660812719 0.12205203984464918 -0.004552435076662472 0.070841052915368768 -0.021024789209835804 0.063908142261207099 -0.06764396086887077 -0.066588636352257299 -0.013992037369833128 0.049052257009928948 -0.059028069666098984 -0.12933552855694738 0.039189592206521948 -0.033686696458607911 0.0005912357992218344 -0.013261088841312055 -0.029420640581148738 0.028027893490447056 0.11323744640174097 0.0014310729143948392
leaf_weight=81930 20 29 76 41 1370 22 9117 37 27 74 1644 21 21 21 26 50 27 77 51 38 42 27 34 32 1736 761 47 29 33 29
leaf_count=81930 20 29 76 41 1370 22 9117 37 27 74 1644 21 21 21 26 50 27 77 51 38 42 27 34 32 1736 761 47 29 33 29
internal_value=9.92344e-13 0.00151766 0.00141213 0.00621832 0.0132132 0.0116076 0.000126736 0.000492765 0.00162927 0.03401 -0.000336146 0.0104554 0.0587498 0.000364734 -0.00432699 0.0348521 -0.00532485 -0.0123582 -0.00897177 -0.0105038 -0.0126469 -0.0423464 -0.0150886 -0.0774582 -0.000453773 -0.0082936 0.015333 0.0339474 0.0733814 -0.0479795
internal_weight=97489 15559 15530 3277 1475 1434 12253 1802 1765 101 1664 1412 42 12177 3060 76 2984 1221 1115 1094 1056 135 76 59 1763 921 160 113 62 106
internal_count=97489 15559 15530 3277 1475 1434 12253 1802 1765 101 1664 1412 42 12177 3060 76 2984 1221 1115 1094 1056 135 76 59 1763 921 160 113 62 106
is_linear=0
shrinkage=0.1


Tree=72
num_leaves=31
num_cat=0
split_feature=103 59 51 80 10 7 104 25 26 7 26 33 22 53 12 90 80 30 104 89 19 14 0 16 93 103 10 82 33 33
split_gain=3.97993 6.38908 9.48709 15.6602 11.1 8.43275 11.0673 8.95605 8.79943 16.2484 12.891 10.6346 7.55474 17.1258 22.0021 11.9827 9.36158 9.03347 13.245 8.42706 8.21562 7.5213 7.43889 9.31306 10.6729 7.22658 7.19854 7.1838 6.80268 10.4729
threshold=0.37850000000000006 23.500000000000004 70.050000000000011 726.5500000000003 14.422222222222224 2.6188183008788219 115.65000000000002 1.0000000180025095e-35 0.89444444444444449 5.031566746415443 0.78888888888888908 1.4031488753667809 2.8535714285714291 31.500000000000004 15.300000000000002 6.5000000000000009 1172.5500000000002 1.5500000000000003 112.95000000000002 14.500000000000002 1.8818990709935315 10.633333333333335 42.370000000000012 10.225000000000001 1.5000000000000002 0.30100000000000005 20.825000000000006 356.50000000000006 2.2779080526330842 2.1095018999886315
decision_type=2 10 10 8 10 10 2 10 10 10 10 10 10 8 10 10 10 10 2 10 10 10 10 10 10 2 10 8 10 10
left_child=1 27 3 4 25 6 -4 -7 9 10 22 -11 13 14 16 -14 19 18 -17 21 -19 -10 23 -9 -25 -3 -20 28 29 -1
right_child=-2 2 5 -5 -6 7 -8 8 12 11 -12 -13 15 -15 -16 17 -18 20 26 -21 -22 -23 -24 24 -26 -27 -28 -29 -30 -31
leaf_value=0.001394982744827176 -0.00034949178357260454 0.070499798329547045 -0.073251630223239772 0.0081843526690806214 0.10186572087307771 0.052824402571870738 0.0092846271927666032 0.0068196011055260894 -0.029989699758589269 -0.016533058113674379 -0.03190405946890159 -0.079895837076248671 0.092746487663437932 -0.043673239340205332 0.098043481586501002 0.08596965534722105 0.04526918731629849 0.011924431007355452 -0.023691773855620449 -0.053557871020812955 -0.06725771629251541 0.038245511975671567 -0.017799880790213742 0.10599463933065315 0.020882656428819667 -0.0036823864929891865 0.03113456129004466 -0.0048374277518290114 0.043089723548828035 -0.047448534416881481
leaf_weight=19080 75038 24 32 190 36 39 33 40 30 182 42 31 24 64 28 34 35 38 34 36 20 35 24 34 26 29 81 2067 39 44
leaf_count=19080 75038 24 32 190 36 39 33 40 30 182 42 31 24 64 28 34 35 38 34 36 20 35 24 34 26 29 81 2067 39 44
internal_value=1.19718e-11 0.00116811 0.00820237 0.0243993 0.0590154 0.0034052 -0.0313486 0.00598102 0.00380096 -0.007476 0.0159782 -0.0257549 0.0131124 0.000198993 0.0173199 0.0258582 0.000700295 0.018103 0.0311366 -0.0147444 -0.0153798 0.00675234 0.0321964 0.0441955 0.0691128 0.0299095 0.014925 0.000763546 0.00136769 0.0012826
internal_weight=97489 22451 1221 279 89 942 65 877 838 379 166 213 459 228 164 231 136 207 149 101 58 65 124 100 60 53 115 21230 19163 19124
internal_count=97489 22451 1221 279 89 942 65 877 838 379 166 213 459 228 164 231 136 207 149 101 58 65 124 100 60 53 115 21230 19163 19124
is_linear=0
shrinkage=0.1


Tree=73
num_leaves=31
num_cat=0
split_feature=85 25 24 95 1 89 25 7 32 82 88 30 26 41 25 18 83 1 102 104 14 82 35 25 41 28 29 90 3 90
split_gain=3.92288 8.2359 10.3275 13.5037 17.7974 14.8356 12.9286 14.7298 10.7016 9.67761 21.1956 15.2253 10.975 19.4776 13.5922 10.1549 12.2627 19.5047 13.4237 9.18293 11.9336 9.89272 10.111 9.35343 8.60158 11.2728 11.5435 22.0198 10.8295 12.2892
threshold=60.500000000000007 2.3978930965105625 1.7750000000000001 2.5000000000000004 9.6159242924066497 5.5000000000000009 1.7604525947843548 4.5027760652137632 3.0500000000000003 262.50000000000006 52.750000000000007 4.3000000000000016 0.95000000000000007 1.1747126000054033 1.1178102700547354 0.55000000000000016 87.500000000000014 7.7763101787329578 3.5000000000000004 112.15000000000002 15.950000000000001 378.50000000000006 1.5786383406945077 1.6121532512998444 1.0713822763440657 1.2426470588235297 1.2607968250724588 7.5000000000000009 14.16323291714424 4.5000000000000009
decision_type=10 10 10 10 10 10 10 10 10 10 10 10 10 10 10 10 10 10 10 2 10 10 10 10 10 10 10 10 10 10
left_child=-1 2 6 5 -5 -4 9 -8 19 10 12 24 15 14 -14 -2 18 -18 -17 20 21 -7 -23 -21 -11 26 -26 -28 -27 -30
right_child=1 -3 3 4 -6 8 7 -9 -10 11 -12 -13 13 -15 -16 16 17 -19 -20 23 -22 22 -24 -25 25 28 27 -29 29 -31
leaf_value=-0.00015696881158927721 0.051490113903314642 -0.059944222335304533 0.089420300228116312 0.00769171454012394 0.13079158391641535 0.048429818383672024 0.11023008651707485 0.010245484414385497 0.071472269296646115 -0.0072437589288172335 0.10483419721325238 -0.072892391989971037 0.12393544315050045 -0.008466849521714814 0.02705880217254162 -0.0026048061760310603 0.12125607728958131 -0.0025386560442192214 -0.072228406791885691 -0.0041454583764009715 0.085001239776611337 0.0070167358034617603 -0.045836259275674821 -0.080343390194078296 0.0040401602859379097 -0.020481623065886231 0.11822568433215985 0.0051471188262689352 -0.056551745760699983 0.022569927469255582
leaf_weight=91864 39 21 23 24 23 44 23 41 24 1246 24 29 30 49 28 360 20 35 30 49 20 185 45 24 2594 361 26 51 23 134
leaf_count=91864 39 21 23 24 23 44 23 41 24 1246 24 29 30 49 28 360 20 35 30 49 20 185 45 24 2594 361 26 51 23 134
internal_value=-3.97111e-13 0.00256352 0.00279775 0.0171363 0.0679321 0.0113696 0.0015125 0.0461775 0.00677843 0.000949678 0.01271 -0.000670529 0.00896893 0.0379517 0.0771674 0.00256157 -0.00172655 0.0424776 -0.00796047 0.00254777 0.0104299 0.00498678 -0.00332407 -0.0291968 -0.000198278 0.00255452 0.0051728 0.0433295 -0.0109463 0.0109789
internal_weight=97489 5625 5604 461 47 414 5143 64 391 5079 615 4464 591 107 58 484 445 55 390 367 294 274 230 73 4435 3189 2671 77 518 157
internal_count=97489 5625 5604 461 47 414 5143 64 391 5079 615 4464 591 107 58 484 445 55 390 367 294 274 230 73 4435 3189 2671 77 518 157
is_linear=0
shrinkage=0.1


Tree=74
num_leaves=31
num_cat=0
split_feature=14 111 32 39 22 1 18 0 20 111 85 33 30 13 50 83 29 1 33 32 49 17 105 100 14 90 38 39 29 34
split_gain=3.98973 3.86602 9.06629 13.2458 13.3072 13.1826 22.2165 7.97595 11.7755 7.13359 8.24125 12.0052 10.4119 10.6044 11.8478 10.2855 7.93364 7.87173 6.42214 6.28013 7.46593 6.2223 6.16347 5.69161 8.54276 13.3648 13.7468 9.59213 7.77146 9.25773
threshold=17.950000000000003 38.500000000000007 1.1833333333333336 1.0567212294304205 0.51315789473684215 6.1128553066468054 1.1000000000000003 26.750000000000004 1.1833333333333336 60.500000000000007 36.500000000000007 1.3551045413165992 1.3666666666666669 4.7169875885014703 1.0000000180025095e-35 83.500000000000014 0.85354602024595061 6.4080028088693863 1.0232946570191743 1.788888888888889 37.050000000000004 3.3253412021285702 0.55000000000000016 1.0000000180025095e-35 15.550000000000002 17.500000000000004 2.683333333333334 1.5057429613629392 1.0992465288770605 3.0250000000000004
decision_type=10 2 10 8 10 10 8 10 10 2 10 10 10 10 10 10 10 10 10 10 10 10 10 2 10 10 10 10 8 10
left_child=1 23 9 4 -4 6 -6 18 -9 10 -3 12 13 14 15 -12 -17 -16 -7 20 -5 -19 -10 -1 28 26 -26 -27 29 -25
right_child=-2 2 3 19 5 7 -8 8 22 -11 11 -13 -14 -15 17 16 -18 21 -20 -21 -22 -23 -24 24 25 27 -28 -29 -30 -31
leaf_value=-0.00054760756501366647 -0.043582800988640105 -0.0036260058691055747 0.070302850127220151 0.019650775287300349 -0.014019585664694509 0.025351137840797573 0.10273220934239882 0.075863880060967948 0.015384405599907043 0.0014022907699906811 0.0016889758254100961 0.070161006449451377 -0.048247062032477875 0.061197586781722872 -0.068721356879298895 0.083329517946445525 0.022207112686225661 0.022684930502734287 -0.031937485323997879 -0.080982793974024914 -0.03030618651939302 -0.022851518662758624 -0.045788347909027444 9.9410526517918239e-05 0.095590220508165666 -0.059614207832650701 -0.00060044088556120796 0.032746758538743724 0.0032983433172858339 0.031700307170620133
leaf_weight=40419 21 8000 25 34 39 22 28 21 40 7249 124 31 33 37 24 35 54 47 177 21 249 83 28 29276 39 22 24 23 11171 93
leaf_count=40419 21 8000 25 34 39 22 28 21 40 7249 124 31 33 37 24 35 54 47 177 21 249 83 28 29276 39 22 24 23 11171 93
internal_value=-2.16573e-11 9.39013e-06 -0.0013908 -0.0126611 -0.00021436 -0.00518036 0.0347722 -0.0144749 0.0104095 -0.000900321 -0.00287146 0.0100267 0.00576089 0.0101724 0.00502821 0.0203059 0.046244 -0.0161026 -0.0256041 -0.0282196 -0.0243043 -0.00638834 -0.00980438 0.000292669 0.00112821 0.0292155 0.0589462 -0.0124075 0.00105339 0.000199478
internal_weight=97489 97468 16401 684 380 355 67 288 89 15717 8468 468 437 404 367 213 89 154 199 304 283 130 68 81067 40648 108 63 45 40540 29369
internal_count=97489 97468 16401 684 380 355 67 288 89 15717 8468 468 437 404 367 213 89 154 199 304 283 130 68 81067 40648 108 63 45 40540 29369
is_linear=0
shrinkage=0.1


Tree=75
num_leaves=31
num_cat=0
split_feature=32 3 5 56 29 43 9 102 9 88 7 82 3 0 2 15 26 29 9 27 9 27 90 5 68 15 109 38 33 20
split_gain=4.00796 10.2471 12.3543 18.8369 10.6765 13.2195 17.2439 12.8362 12.5724 10.6571 9.92587 12.8271 12.7299 14.208 24.3357 11.6284 10.2146 16.1588 15.2085 16.5654 14.3038 15.0867 18.2608 18.6661 17.2162 13.737 12.4741 11.5465 12.7267 11.4302
threshold=2.3541666666666674 6.4890249206406727 8.7702997601228709 1.5000000000000002 1.3869920211225939 2.1446343412137621 9.5673053669552193 2.5000000000000004 7.3318178686409246 67.15000000000002 3.4784757272261762 98.500000000000014 9.2472368245226466 37.310000000000009 35.415000000000013 3.4649033049782161 1.3166666666666669 1.0313789845082579 6.8133853232287604 0.97386269437804185 5.9409127434953204 0.73217397231470061 11.500000000000002 11.175814464609196 1.0000000180025095e-35 2.4267022165469911 25.375770020533881 1.9500000000000002 1.6346924281699649 1.5857142857142861
decision_type=10 10 10 10 10 10 10 10 10 10 10 8 10 10 10 10 10 10 10 10 10 10 10 10 8 10 2 10 10 10
left_child=-1 -2 3 -3 5 6 10 8 -6 -10 11 -4 13 14 -12 -15 17 18 20 25 21 24 26 -24 -14 -20 -23 28 -19 -27
right_child=1 2 4 -5 7 -7 -8 -9 9 -11 12 -13 16 15 -16 -17 -18 27 19 -21 -22 22 23 -25 -26 29 -28 -29 -30 -31
leaf_value=8.4596293697733872e-05 -0.053042887679712714 0.093113727052696049 0.023605556730684398 0.0030990906454184479 -0.048483441907774254 0.060754208804832566 -0.048245815116118779 0.072400510062774023 0.063882044855771328 -0.026227435966332754 0.020353832402890858 -0.0426989036085813 -0.051860997584331173 -0.026448673779917199 0.13755415147170424 0.047225581905965153 0.01528851240936264 -0.07746514857613615 -0.064405969206405719 0.093158618647318628 -0.046140502420205037 0.024208050722010294 0.12316906627405573 0.0019630984713633853 0.033414742816239594 -0.019067735866540009 -0.048755212443038112 -0.076936054688097 0.0026399496778407518 0.045530410553578156
leaf_weight=95821 43 32 37 85 32 27 108 36 35 21 91 138 91 82 22 29 148 28 23 26 114 53 27 24 32 45 42 59 68 70
leaf_count=95821 43 32 37 85 32 27 108 36 35 21 91 138 91 82 22 29 148 28 23 26 114 53 27 24 32 45 42 59 68 70
internal_value=-8.35579e-12 -0.00485977 -0.00358477 0.0277185 -0.00601347 -0.00853205 -0.00991063 0.0220971 0.00151847 0.030091 -0.00659582 -0.0286802 -0.00299733 0.0182104 0.0431716 -0.00720044 -0.00858621 -0.0136196 -0.0055434 0.0199382 -0.0164546 -0.00387395 0.0178629 0.066131 -0.0296754 0.00614307 -0.00804939 -0.0421209 -0.020724 0.0202529
internal_weight=97489 1668 1625 117 1508 1384 1357 124 88 56 1249 175 1074 224 113 111 850 702 547 164 383 269 146 51 123 138 95 155 96 115
internal_count=97489 1668 1625 117 1508 1384 1357 124 88 56 1249 175 1074 224 113 111 850 702 547 164 383 269 146 51 123 138 95 155 96 115
is_linear=0
shrinkage=0.1


Tree=76
num_leaves=31
num_cat=0
split_feature=17 16 93 31 1 9 89 63 56 13 10 94 104 106 4 50 15 39 31 90 24 4 2 21 104 11 1 37 27 22
split_gain=3.91791 7.81181 7.34961 6.1597 6.60422 6.46508 6.66701 4.2179 7.67444 8.74641 9.78466 12.7091 12.6873 14.3392 11.2847 10.6788 10.1631 11.6625 11.6378 10.0856 13.8887 9.39368 8.70899 8.29888 8.61687 10.2456 8.10388 7.69381 6.90955 6.78391
threshold=5.41865682035096 13.825000000000001 1.5000000000000002 1.6905725903640423 13.730458841266453 5.0529532806684196 9.5000000000000018 10.500000000000002 6.5000000000000009 6.1441015163896315 12.825000000000001 1.5000000000000002 113.65000000000002 428.50000000000006 33.962500000000013 4.3000000000000016 2.7537836109275404 1.5257045792034711 1.1178102700547354 14.500000000000002 0.77500000000000013 45.062500000000021 41.935000000000009 2.313177850342337 105.65000000000002 5.9915044785777631 3.9802638098566931 1.4487266298961141 1.0567212294304205 4.4142857142857155
decision_type=10 10 10 10 10 10 10 8 10 10 10 10 2 2 10 10 8 10 10 10 10 10 10 8 2 10 10 10 10 8
left_child=7 3 -3 4 5 6 -2 8 -1 10 11 14 13 23 26 -14 18 -18 -13 20 -15 28 -21 24 25 -12 -10 -24 -22 -9
right_child=1 2 -4 -5 -6 -7 -8 29 9 -11 12 16 15 19 -16 -17 17 -19 -20 22 21 -23 27 -25 -26 -27 -28 -29 -30 -31
leaf_value=0.00036421829010901036 0.023972055602919415 0.06089828667732386 -0.01429180080214372 -0.065445331656015834 0.010898265539025757 -0.046349630914628508 -0.04458883574546274 -0.0027826834711724095 0.047213153298134393 0.059974285344651435 -0.0068714054502748163 0.11194662273381695 -0.043523722781124069 0.0071695486533765998 0.064242906227707869 0.018582230718120148 0.008438688762993975 0.077881750536541783 0.018050131608139387 0.041080465930696974 0.067125412906919202 0.019990182891488077 -0.074023613178481662 0.041660602592133195 -0.013930310075029043 0.075997940838336941 -0.016772160016354436 0.0096952654097391209 0.14080670027062298 0.00017310463579413182
leaf_weight=61853 37 26 26 26 71 75 23 11944 23 32 37 33 102 60 25 38 110 31 22 28 35 25 21 37 347 25 142 23 20 22192
leaf_count=61853 37 26 26 26 71 75 23 11944 23 32 37 33 102 60 25 38 110 31 22 28 35 25 21 37 347 25 142 23 20 22192
internal_value=5.40662e-12 -0.0117283 0.0233032 -0.0195802 -0.0137914 -0.0267763 -0.00230962 3.42661e-05 0.000518887 0.00838624 0.00699197 0.0200628 0.000669468 0.00648561 0.00163331 -0.0266664 0.0379282 0.0237063 0.074388 0.0278972 0.0435389 0.070816 -0.00251739 -0.00369208 -0.00779489 0.0265437 -0.007853 -0.0302615 0.0939186 -0.000861109
internal_weight=97489 284 52 232 206 135 60 97205 63069 1216 1184 386 798 658 190 140 196 141 55 212 140 80 72 446 409 62 165 44 55 34136
internal_count=97489 284 52 232 206 135 60 97205 63069 1216 1184 386 798 658 190 140 196 141 55 212 140 80 72 446 409 62 165 44 55 34136
is_linear=0
shrinkage=0.1


Tree=77
num_leaves=31
num_cat=0
split_feature=54 58 43 84 34 111 42 103 19 3 8 10 25 111 104 85 32 29 25 111 71 86 17 43 1 7 7 32 35 85
split_gain=3.89696 3.98495 11.2031 18.3993 9.03277 7.88972 7.86319 7.54154 7.14006 5.02798 5.71827 6.59409 5.66429 4.60251 3.85563 11.6183 10.3089 11.7784 11.3578 11.7527 9.06285 9.4076 8.96756 9.09901 8.56313 8.16263 6.72019 6.3654 6.32383 5.57211
threshold=17.500000000000004 3.5000000000000004 0.56253641334739612 11.500000000000002 0.62828947368421062 8.5000000000000018 1.2916666666666667 0.57100000000000006 0.70710678118654779 6.8022276929239416 14.050000000000002 15.516666666666667 0.92592714937812726 3.5000000000000004 118.25000000000001 90.500000000000014 1.2111111111111115 1.7103894354260114 0.56253641334739612 9.5000000000000018 7.5000000000000009 41.500000000000007 3.9241157198047012 1.4487266298961141 7.2387153553119452 5.2678247386809689 6.0263309529492686 1.5857142857142861 1.3507073262513085 8.5000000000000018
decision_type=10 10 10 10 10 2 10 2 8 8 10 8 8 2 2 10 8 8 8 2 10 8 10 10 10 10 10 10 10 10
left_child=1 14 4 6 5 -3 13 -5 -6 -10 12 -12 -11 -4 -1 16 17 20 19 27 28 -22 23 24 -20 -21 -17 -18 29 -16
right_child=-2 2 3 7 8 -7 -8 -9 9 10 11 -13 -14 -15 15 26 18 -19 22 25 21 -23 -24 -25 -26 -27 -28 -29 -30 -31
leaf_value=-0.00015648818253010375 -0.040290608257055285 0.058192623779177666 0.066962746368802117 0.13202435083687306 0.028408723734901289 -0.0072077816299029769 -0.025251024328172209 0.048879403178580111 0.022773310672491789 -0.097811302524060006 0.031604575203812643 -0.033740634758500976 -0.031099153419158289 0.0029851045120846144 -0.00084204594854182476 0.017157276595632234 0.0052613412402570253 0.080394082814455037 -0.012287853271342242 0.065251205416603217 0.096911316790751045 0.0010801842878572644 0.018065995454788208 0.013180649187415839 -0.079762267343261667 -0.0047523947806292844 0.090715293610549502 -0.073566595837473867 -0.042093075340193131 0.0072959978902532212
leaf_weight=93330 24 39 23 20 32 35 40 24 20 20 23 47 35 22 1661 27 20 20 26 36 21 20 25 20 68 31 23 21 31 1705
leaf_count=93330 24 39 23 20 32 35 40 24 20 20 23 47 35 22 1661 27 20 20 26 36 21 20 25 20 68 31 23 21 31 1705
internal_value=7.88251e-12 9.92126e-06 0.0102304 0.0341811 -0.00207895 0.02726 0.00700911 0.0866726 -0.0143449 -0.0237802 -0.0312288 -0.0122701 -0.0553581 0.0356848 -3.00827e-05 0.00311171 0.00246552 0.0038753 -0.0172713 0.007056 0.00343016 0.0501644 -0.0361731 -0.0480676 -0.0610991 0.0328615 0.050994 -0.0351139 0.0028661 0.00328017
internal_weight=97489 97465 380 129 251 74 85 44 177 145 125 70 55 45 97085 3755 3705 3458 247 108 3438 41 139 114 94 67 50 41 3397 3366
internal_count=97489 97465 380 129 251 74 85 44 177 145 125 70 55 45 97085 3755 3705 3458 247 108 3438 41 139 114 94 67 50 41 3397 3366
is_linear=0
shrinkage=0.1


Tree=78
num_leaves=31
num_cat=0
split_feature=23 9 75 110 36 57 103 12 47 27 70 7 109 90 49 90 17 40 27 0 3 5 17 36 40 18 3 103 15 32
split_gain=3.78437 9.94061 7.97823 9.46751 7.74978 7.70097 16.1474 8.39969 7.4362 8.03687 6.13464 7.67405 6.96041 5.9515 13.8325 6.72141 9.39592 8.87334 11.2581 11.3897 11.2753 9.04103 7.8281 6.68487 9.41219 9.40281 11.3625 7.20922 6.42346 6.22781
threshold=0.68694219605279438 7.5051833848876077 5.5000000000000009 81.500000000000014 1.4500000000000002 10.500000000000002 0.5335000000000002 12.500000000000002 1.5765687837017284 0.70315633998332439 1.0000000180025095e-35 2.8838617020628585 21.386721423682413 1.0000000180025095e-35 34.250000000000007 3.5000000000000004 3.5750925082689324 1.0513157894736844 0.70315633998332439 12.022500000000003 5.9978005194780817 10.52625789389362 3.6121140472413553 0.55000000000000016 0.54195804195804198 0.55000000000000016 7.9586291393419559 0.57100000000000006 1.8393833349049538 0.89444444444444449
decision_type=8 10 10 2 10 8 2 10 10 10 10 10 2 10 8 10 10 10 10 10 10 10 10 10 10 10 10 2 10 10
left_child=1 2 3 -1 13 6 -6 -7 9 -3 -2 12 -12 14 -5 16 29 18 19 28 -21 -19 -20 -22 -25 26 -26 -27 -17 -15
right_child=10 8 -4 4 5 7 -8 -9 -10 -11 11 -13 -14 15 -16 17 -18 21 22 20 23 -23 -24 24 25 27 -28 -29 -30 -31
leaf_value=-0.00055937067848267109 -0.00010196016925431879 0.085524797899758115 -0.013661056300181718 0.012213592989878222 0.0082672067163955601 -0.0050198718500959576 0.13381758630275728 0.070844118371605869 -0.013578667223453522 0.020464624527321999 0.010351150215913853 -0.063991273849299465 -0.057768399864435195 2.9325192367815109e-05 0.085017536989142828 0.046187324573596318 0.049517349129722971 -0.051126235093744032 0.0047635097259567495 0.11317855400498958 0.065628386162221428 0.014488175584535516 -0.05473214385028069 0.080035754137982931 -0.020624252006580884 -0.05599468543573663 0.068460567345524706 0.017781042529699895 -0.0059152325083102501 -0.025444264613367896
leaf_weight=2262 93299 34 294 165 21 54 20 20 25 43 60 33 20 332 31 30 31 42 148 20 50 42 26 24 22 27 41 26 112 135
leaf_count=2262 93299 34 294 165 21 54 20 20 25 43 60 33 20 332 31 30 31 42 148 20 50 42 26 24 22 27 41 26 112 135
internal_value=3.23712e-13 0.00298229 0.00219131 0.00345743 0.00986052 0.0347458 0.0695113 0.0154839 0.0338074 0.0491925 -0.000130163 -0.023416 -0.00667874 0.00766588 0.0237285 0.00482448 -0.00379559 0.0118618 0.0166816 0.0269675 0.0417593 -0.018319 -0.00412665 0.0342415 0.0230318 0.0112379 0.0373516 -0.0198028 0.00509235 -0.00733456
internal_weight=97489 4077 3975 3681 1419 115 41 74 102 77 93412 113 80 1304 196 1108 498 610 526 352 210 84 174 190 140 116 63 53 142 467
internal_count=97489 4077 3975 3681 1419 115 41 74 102 77 93412 113 80 1304 196 1108 498 610 526 352 210 84 174 190 140 116 63 53 142 467
is_linear=0
shrinkage=0.1


Tree=79
num_leaves=31
num_cat=0
split_feature=103 35 105 44 34 109 33 44 111 47 30 30 91 36 80 35 5 1 86 21 15 96 105 1 45 15 88 30 86 88
split_gain=3.74409 8.51357 9.9381 11.2258 8.94937 8.39618 10.9417 8.00742 12.9966 12.6898 7.45521 8.80416 9.82227 16.8798 12.441 10.7971 11.3052 10.2509 9.36619 8.83183 9.15681 9.14224 17.2307 10.1976 8.5443 7.32354 7.14653 8.99895 8.61996 9.41608
threshold=0.68900000000000017 0.89055284597131001 0.70833333333333337 0.18333333333333338 1.2565789473684212 22.459958932238198 1.1377339247471159 1.9500000000000002 2.5000000000000004 1.0500465896795479 0.90000000000000013 2.9000000000000004 3.5000000000000004 1.5500000000000003 907.75000000000034 1.251343985071514 10.552983489202195 8.7010056889519678 138.50000000000003 2.1762584700856107 1.4925730515485938 233.00000000000003 0.90000000000000013 9.5777868005753195 0.94993651463092799 3.0114859227258779 42.050000000000004 2.1000000000000005 57.500000000000007 30.050000000000004
decision_type=2 10 8 10 10 2 10 10 2 10 10 10 10 10 10 10 10 10 8 10 10 2 10 10 10 10 10 10 10 10
left_child=-1 4 3 5 -2 6 -3 8 9 -5 -4 12 18 14 -14 16 17 -15 19 20 -12 22 24 -24 -22 -13 28 -28 29 -23
right_child=1 2 10 7 -6 -7 -8 -9 -10 -11 11 25 13 15 -16 -17 -18 -19 -20 -21 21 26 23 -25 -26 -27 27 -29 -30 -31
leaf_value=0.00018636179224360027 0.00014766971643189058 -0.044269109460892103 -0.012429133987336785 -0.008149364655432494 -0.051303106502575038 -0.046654521618501359 0.038466912868522829 -0.031282985157929689 -0.0086345303741594166 0.092930873416372822 -0.063944713839075781 0.0041532064244771995 0.017810354470497086 0.084389430257890918 0.12043606020786145 0.045888888149056589 -0.02899945648499282 -0.0080359659024647305 0.055014900297724781 -0.048939546464130332 0.037620053475257015 0.016359334228433331 0.12942335646599532 0.030762006157204848 -0.02997305769059393 -0.070524970390673333 -0.0025385884878536065 0.071450321584939955 -0.033338586445818892 -0.029225627457270861
leaf_weight=89404 5960 33 501 23 34 171 31 114 300 27 22 24 21 21 27 56 83 28 28 41 32 132 20 22 45 29 48 25 118 69
leaf_count=89404 5960 33 501 23 34 171 31 114 300 27 22 24 21 21 27 56 83 28 28 41 32 132 20 22 45 29 48 25 118 69
internal_value=3.22449e-12 -0.00206079 -0.0075549 -0.0172836 -0.000144177 -0.0350908 -0.00419385 -0.00826492 -0.000767603 0.046434 -0.00266957 0.00281813 0.00531802 0.0226093 0.0755373 0.00909571 -0.00651351 0.0315749 -0.00146061 -0.00421551 -0.000775201 0.00194443 0.0262209 0.0777436 -0.00188241 -0.0367084 -0.00542521 0.0228001 -0.0118843 0.000710765
internal_weight=97489 8085 2091 699 5994 235 64 464 350 50 1392 891 838 236 48 188 132 49 602 574 533 511 119 42 77 53 392 73 319 201
internal_count=97489 8085 2091 699 5994 235 64 464 350 50 1392 891 838 236 48 188 132 49 602 574 533 511 119 42 77 53 392 73 319 201
is_linear=0
shrinkage=0.1


Tree=80
num_leaves=31
num_cat=0
split_feature=48 52 71 41 106 5 53 41 87 17 53 23 34 35 20 84 72 19 110 0 2 0 35 88 17 46 37 56 39 14
split_gain=3.5762 4.71489 6.07956 7.12065 11.9094 12.3912 14.668 8.51845 7.17186 6.08573 5.90801 6.38989 10.0112 7.99993 7.93832 9.2712 9.59295 12.4557 11.4421 8.61487 8.02896 9.48256 9.48119 8.96218 15.5375 8.42793 6.86966 5.52657 6.63737 5.22629
threshold=56.250000000000007 17.500000000000004 3.5000000000000004 1.3173936641710231 206.50000000000003 9.7935229670052415 26.500000000000004 1.3420501978246822 106.50000000000001 3.8668632140023118 19.500000000000004 2.7130730307759361 0.54772727272727284 1.1531791911520621 5.3166666666666673 7.5000000000000009 1.0000000180025095e-35 2.1794192844442732 80.500000000000014 44.170000000000009 56.045000000000009 45.070000000000014 1.2628271851500197 45.650000000000013 2.6214289856196413 2.3166666666666669 1.3779271744364847 2.5000000000000004 1.8988294856331289 7.0500000000000007
decision_type=10 10 10 10 2 10 10 10 10 10 10 10 10 10 10 10 10 10 2 10 10 10 10 10 10 10 10 10 10 10
left_child=1 -1 -3 4 -4 6 -6 -5 10 29 -9 14 -13 27 15 16 -12 -18 -19 -17 21 -16 23 24 -23 -22 -25 28 -14 -7
right_child=-2 2 3 7 5 9 -8 8 -10 -11 11 12 13 -15 20 19 17 18 -20 -21 25 22 -24 26 -26 -27 -28 -29 -30 -31
leaf_value=-7.6323095829941294e-05 -0.020502758429330942 -0.003418483980185621 0.07699663124575809 -0.059152321182191374 0.011860162278096524 0.0032177275219173345 0.11862554821101101 -0.048424381508957594 0.058590330699315442 0.044031711697578434 0.072080885504300779 0.021544521555458149 0.045841943366186966 0.030652647195383909 -0.0063676791531699049 0.028181855072235241 -0.011363102553215454 0.0057424299418926241 0.090976472920738169 -0.034243895100950397 -0.05044808123260737 0.13963880270719528 0.11146920937811955 -0.019392938216527305 0.019122589047512281 0.027043193043209613 0.039214481515809897 -0.036155157266901092 -0.026510190207045526 -0.043993976712226872
leaf_weight=95650 85 562 37 20 31 81 22 20 26 25 26 97 21 30 42 29 123 36 28 93 25 20 20 30 23 32 60 130 32 33
leaf_count=95650 85 562 37 20 31 81 22 20 26 25 26 97 21 30 42 29 123 36 28 93 25 20 20 30 23 32 60 130 32 33
internal_value=2.70713e-13 1.78918e-05 0.00515567 0.00919818 0.0250477 0.0150367 0.0561779 0.00542918 0.00679888 -0.000650162 0.00533042 0.00652897 -0.00508522 -0.0172124 0.0126625 0.00257642 0.0151667 0.00725351 0.0430323 -0.019405 0.0260706 0.0357211 0.0472749 0.0376216 0.0751766 -0.00694421 0.0196787 -0.0250591 0.00215764 -0.0104488
internal_weight=97489 97404 1754 1192 229 192 53 963 943 139 917 897 310 213 587 335 213 187 64 122 252 195 153 133 43 57 90 183 53 114
internal_count=97489 97404 1754 1192 229 192 53 963 943 139 917 897 310 213 587 335 213 187 64 122 252 195 153 133 43 57 90 183 53 114
is_linear=0
shrinkage=0.1


Tree=81
num_leaves=31
num_cat=0
split_feature=110 34 46 28 87 32 16 43 87 89 9 16 43 1 13 104 34 12 0 32 103 3 37 7 57 13 41 14 26 75
split_gain=3.52657 5.95728 5.74712 6.56888 5.98124 9.71712 7.96482 6.9999 5.25044 5.07856 5.05687 4.89355 4.79534 4.65587 4.44174 6.70762 8.70638 8.71358 10.3534 11.4858 13.8043 10.4241 7.34155 10.8572 8.32832 7.39229 13.278 14.2021 12.3462 8.56221
threshold=74.500000000000014 0.54772727272727284 4.5750000000000002 2.2250000000000005 152.50000000000003 0.78888888888888908 6.1055555555555561 1.7199379676144055 235.50000000000003 28.500000000000004 10.943541908376572 5.6583333333333341 2.2134791037602279 9.6916974776010445 4.6097690384871344 114.85000000000001 0.70294117647058829 6.291666666666667 26.480000000000008 1.9500000000000002 0.38450000000000006 12.416337802928703 1.658243862791825 2.5980583915950093 25.500000000000004 6.6407788180743337 1.3721860322017945 11.550000000000002 1.3875000000000002 5.5000000000000009
decision_type=2 10 10 10 10 10 10 10 10 10 8 10 10 10 10 2 10 10 10 10 2 8 10 10 10 10 10 10 10 10
left_child=1 11 4 10 14 8 7 9 -6 -7 -4 -1 -8 -10 -2 22 -17 -18 21 -20 -21 -19 25 -24 -25 -16 28 -28 29 -27
right_child=2 -3 3 -5 5 6 12 -9 13 -11 -12 -13 -14 -15 15 16 17 18 19 20 -22 -23 23 24 -26 26 27 -29 -30 -31
leaf_value=-0.0017581207985180435 0.00046731995958005637 -0.018204778185637868 0.021867888746354043 -0.025001849777375657 -0.0036781291872633386 -0.0023956929892301562 -0.050391418586420544 -0.031001354430459052 -0.00084236965903752977 0.051510837267745628 0.078230563031975175 0.015266897754613743 -0.0036216983239033395 0.034576214892523625 -0.0053360551449452539 0.00074186248908916569 -0.083406872488558298 0.059607045472629606 -0.036054785758084296 0.062484160560215343 -0.03508733215195866 -0.027181353747844694 0.074872246886725016 0.0029664969933735118 0.052863209939428737 0.010958461925530663 0.12319807559251786 0.01909013722876185 0.06737235737117854 -0.041895178825883519
leaf_weight=9160 81372 217 78 24 1951 85 101 76 79 22 20 172 28 70 2357 292 22 31 232 29 29 25 23 756 35 65 20 38 22 58
leaf_count=9160 81372 217 78 24 1951 85 101 76 79 22 20 172 28 70 2357 292 22 31 232 29 29 25 23 756 35 65 20 38 22 58
internal_value=4.93048e-12 -0.00182521 0.000198191 0.0218874 0.00016806 -0.00474282 -0.0212097 -0.00779507 -0.00229631 0.00868789 0.0333705 -0.00144433 -0.0402399 0.0157972 0.000306751 -0.00293218 -0.0121519 -0.0223828 -0.0185027 -0.0261041 0.0136984 0.0208622 -0.00112868 0.00714367 0.00517432 -0.00375903 0.0145515 0.0549894 -0.00162364 -0.0139644
internal_weight=97489 9549 87940 122 87818 2412 312 183 2100 107 98 9332 129 149 85406 4034 660 368 346 290 58 56 3374 814 791 2560 203 58 145 123
internal_count=97489 9549 87940 122 87818 2412 312 183 2100 107 98 9332 129 149 85406 4034 660 368 346 290 58 56 3374 814 791 2560 203 58 145 123
is_linear=0
shrinkage=0.1


Tree=82
num_leaves=31
num_cat=0
split_feature=7 35 16 7 33 32 85 9 39 27 103 12 16 81 103 51 9 10 85 69 27 82 33 46 87 84 26 53 81 6
split_gain=3.56306 10.7966 11.5226 11.3189 11.3704 13.2723 9.88865 15.7358 10.2975 18.6781 9.45907 9.43995 21.2929 8.98566 12.1201 10.3312 8.94825 10.0147 11.5885 22.2421 8.83543 8.85162 8.45004 8.22282 17.5446 7.5768 7.35559 7.26892 7.19067 10.4618
threshold=2.783867696928056 1.0965117617022559 13.925000000000002 2.5980583915950093 1.6482305137328706 1.3875000000000002 79.500000000000014 4.1586589182435665 0.70315633998332439 0.73217397231470061 0.65600000000000014 7.366666666666668 5.6055555555555561 213.50000000000003 0.34400000000000003 65.200000000000017 2.6257271993250053 10.405882352941179 32.500000000000007 3.5000000000000004 0.83996703462282185 122.50000000000001 1.106601107571493 1.4472222222222224 21.500000000000004 14.500000000000002 0.58571428571428574 29.500000000000004 793.50000000000011 14.100000000000001
decision_type=10 10 10 10 10 10 8 10 10 10 2 10 10 10 2 10 8 10 10 10 10 10 10 10 8 10 10 8 10 10
left_child=1 11 3 4 6 -6 8 -8 -3 13 28 -1 -13 14 -10 -16 -14 18 -18 -20 -11 -22 25 24 26 -15 -7 -9 29 -5
right_child=-2 2 -4 10 5 23 7 27 9 20 -12 12 16 22 15 -17 17 -19 19 -21 21 -23 -24 -25 -26 -27 -28 -29 -30 -31
leaf_value=-0.0014417896353922733 0.0002267911875708352 -0.034009855565978443 -0.062133756243601082 -0.043388342706020926 0.096476685777306559 -0.018789685285977416 0.079630708880722531 0.02789208505016107 0.094907924990085046 -0.055029044656649886 0.018550760181326616 0.084572136236561679 -0.028738423083525373 -0.027599129648879173 0.0036531576602399809 0.068710009585289916 0.0084322606839767073 0.0028173370724135722 0.13868149837168556 0.023305691211399707 0.01392713251499165 -0.026673133276107777 -0.02385467591010175 0.066094006106934763 -0.081296985139223676 0.047476823374674453 0.036760699509907124 -0.046884091828878115 -0.092680640874896206 0.0097047358322888619
leaf_weight=9728 85462 164 41 144 20 37 32 26 22 69 38 36 68 20 131 30 113 616 24 55 76 183 106 22 22 41 67 26 20 50
leaf_count=9728 85462 164 41 144 20 37 32 26 22 69 38 36 68 20 131 30 113 616 24 55 76 183 106 22 22 41 67 26 20 50
internal_value=-9.81675e-13 -0.00161154 -0.00991001 -0.00831924 -0.00391803 0.0200168 -0.00826041 0.024457 -0.0115244 -0.00608542 -0.0274261 -0.000529779 0.00919833 0.00998231 0.0252887 0.0157756 0.00610078 0.00903279 0.028974 0.0583566 -0.0232309 -0.0147595 -0.00679059 0.00968434 -0.000164962 0.0228618 0.0169976 -0.009496 -0.0355902 -0.0297046
internal_weight=97489 12027 1387 1346 1094 168 926 84 842 678 252 10640 912 350 183 161 876 808 192 79 328 259 167 148 126 61 104 52 214 194
internal_count=97489 12027 1387 1346 1094 168 926 84 842 678 252 10640 912 350 183 161 876 808 192 79 328 259 167 148 126 61 104 52 214 194
is_linear=0
shrinkage=0.1


Tree=83
num_leaves=31
num_cat=0
split_feature=79 71 104 6 0 88 9 19 17 103 17 36 103 8 10 53 17 88 104 104 28 41 20 19 40 13 44 19 29 7
split_gain=3.49331 9.75021 19.4239 18.0438 18.2178 19.0268 17.142 15.9997 21.975 15.5247 16.215 14.5188 17.3198 14.169 12.386 11.9768 11.7484 14.6738 11.5261 13.4948 13.8137 11.0033 10.8593 12.0426 10.3495 9.46207 9.25596 8.79697 9.82504 8.05255
threshold=7.5000000000000009 6.5000000000000009 107.95000000000002 11.450000000000001 34.770000000000017 59.95000000000001 5.0749926859208774 0.86554360876699576 3.0594551638410565 0.61050000000000015 2.8188743457466225 2.1000000000000005 0.63200000000000012 9.6125000000000025 13.025000000000002 20.500000000000004 2.6879563016541579 36.650000000000013 116.55000000000001 110.35000000000001 0.84807692307692317 1.6635834376466676 1.3541666666666667 1.1178102700547357 2.4522727272727276 1.8027222972291639 1.5857142857142861 1.8027222972291639 0.94043231754460754 4.7539340950406048
decision_type=8 10 2 10 10 10 10 10 10 2 10 10 2 10 10 10 10 10 2 2 10 10 10 10 10 10 10 10 10 10
left_child=-1 -2 6 13 7 11 -3 9 15 10 29 12 16 -4 25 -9 26 -18 19 -17 -21 -7 -13 -24 -25 -15 -6 28 -26 -5
right_child=1 2 3 4 5 21 -8 8 -10 -11 -12 22 -14 14 -16 18 17 -19 -20 20 -22 -23 23 24 27 -27 -28 -29 -30 -31
leaf_value=0.00032237665334837364 -0.0015986603641404717 0.12906515128755322 0.03199479118920863 0.055852064570145944 0.013391282161076865 0.11445721425116062 0.018682797494180062 0.10400275096297265 0.11978699001333407 0.077395007176243744 -0.064267629321392003 0.073910098302770746 -0.10265068095177413 -0.024925383719216501 -0.0044011423782426484 0.070916357111524456 0.082995754785158415 -0.020667078904807568 0.079272610537948152 0.022115589907237641 -0.043138123177258035 0.013038658245426158 -0.071789518992106116 -0.050824612350418019 0.095464334070682527 -0.099973250411096073 -0.054322293109435128 -0.00019964561538977755 0.013860464147809479 -0.0069936569593846802
leaf_weight=75571 20808 24 32 28 27 20 34 20 31 23 41 22 28 28 49 33 22 36 31 96 49 23 21 26 25 42 80 108 36 75
leaf_count=75571 20808 24 32 28 27 20 34 20 31 23 41 22 28 28 49 33 22 36 31 96 49 23 21 26 25 42 80 108 36 75
internal_value=-7.80031e-13 -0.00111152 0.00802036 0.00491428 0.0102757 -0.00322044 0.0643583 0.0252574 0.040771 0.00110447 -0.0110808 -0.00954877 -0.0299303 -0.0270769 -0.0429617 0.0300746 -0.0175899 0.0186533 0.0230001 0.0131998 6.43351e-05 0.0602101 0.0069791 0.000162053 0.00791068 -0.0699541 -0.0372357 0.0169469 0.0473047 0.0100906
internal_weight=97489 21918 1110 1052 901 474 58 427 260 167 144 431 193 151 119 229 165 58 209 178 145 43 238 216 195 70 107 169 61 103
internal_count=97489 21918 1110 1052 901 474 58 427 260 167 144 431 193 151 119 229 165 58 209 178 145 43 238 216 195 70 107 169 61 103
is_linear=0
shrinkage=0.1


Tree=84
num_leaves=31
num_cat=0
split_feature=32 88 29 35 7 9 10 45 75 73 7 81 29 55 26 0 13 3 87 93 83 14 33 24 24 0 104 24 7 82
split_gain=3.68269 9.80534 13.9904 14.7625 14.9976 10.7531 14.2071 9.0191 8.53328 9.90437 12.4818 11.7165 10.4769 13.1337 10.0828 14.5706 10.5795 13.1245 10.0071 9.729 9.4112 9.3043 9.29192 8.92742 8.7955 15.1559 12.894 14.6476 12.1452 10.8265
threshold=2.3541666666666674 78.850000000000009 1.3869920211225939 2.3516507396447257 8.0777466178046566 9.5673053669552193 22.975000000000005 0.81988459163814564 3.5000000000000004 3.5000000000000004 4.2749258999501283 48.500000000000007 0.78659665406324641 20.500000000000004 0.89444444444444449 33.670000000000009 1.4487266298961143 9.4703073985068542 48.500000000000007 2.5000000000000004 116.50000000000001 5.7071428571428582 1.1868699556559867 0.77500000000000013 1.9000000000000001 56.510000000000012 108.65000000000002 1.5500000000000003 5.4977263328068187 339.50000000000006
decision_type=10 10 10 10 10 8 10 10 10 8 10 8 10 10 10 10 10 10 10 10 10 10 10 10 10 10 2 10 10 10
left_child=-1 2 5 4 7 8 -7 -4 -2 10 -10 -11 -13 -14 16 18 -15 -18 -16 23 -19 -21 -17 -12 25 26 27 29 -26 -24
right_child=1 -3 3 -5 -6 6 -8 -9 9 11 19 12 13 14 15 22 17 20 -20 21 -22 -23 24 -25 28 -27 -28 -29 -30 -31
leaf_value=8.1090964608135756e-05 -0.063042391960819566 -0.072558500937053141 -0.012900534266872066 -0.037892197445034984 0.10522709863801157 0.0073324249247493957 -0.064413713320306903 0.067711100370987598 -0.02400435979032646 -0.080035035183841724 0.046375660445879811 0.0074812105050803303 -0.077817373414491797 -0.095161136239767075 0.012938668041728264 -0.058665360713546923 0.020479890282769673 -0.043821902125556436 0.092500419586896906 0.0018332366738468408 0.019539761529969321 0.081881229853573836 0.023921219314016948 -0.042727679078993594 -0.019918816536664965 -0.082248320229924649 0.011169603318130484 -0.098789342135190972 0.084630998313426978 -0.053692442167084665
leaf_weight=95821 24 21 35 25 31 46 69 23 46 21 22 446 29 20 43 33 61 144 25 20 28 53 41 23 20 26 211 25 25 32
leaf_count=95821 24 21 35 25 31 46 69 23 46 21 22 446 29 20 43 33 61 144 25 20 28 53 41 23 20 26 211 25 25 32
internal_value=-7.72877e-12 -0.0046584 -0.00379265 0.030005 0.0490773 -0.00630598 -0.0357153 0.0190661 -0.00392088 -0.00290301 0.0201811 -0.00598088 -0.00469458 -0.0118118 -0.00920391 -0.000703694 -0.0253644 -0.0193733 0.0421893 0.0374059 -0.0335072 0.0599503 -0.00776598 0.000833954 -0.00334577 -0.00892177 -0.00275189 -0.0327257 0.0381644 -0.0101012
internal_weight=97489 1668 1647 114 89 1533 115 58 1418 1394 164 1230 1209 763 734 481 253 233 68 118 172 73 413 45 380 335 309 98 45 73
internal_count=97489 1668 1647 114 89 1533 115 58 1418 1394 164 1230 1209 763 734 481 253 233 68 118 172 73 413 45 380 335 309 98 45 73
is_linear=0
shrinkage=0.1


Tree=85
num_leaves=31
num_cat=0
split_feature=67 9 17 15 12 17 15 7 7 5 8 39 7 13 103 84 13 37 63 1 103 33 85 2 105 63 5 8 103 40
split_gain=3.45427 8.8686 9.94782 9.55924 8.45667 8.33936 10.3504 12.1664 10.1256 9.36915 8.95619 11.0425 9.2491 9.07063 10.2774 8.12452 8.08653 9.82429 19.9971 9.10811 10.4918 9.02642 8.9109 8.64999 11.6616 11.3191 11.1913 7.88514 7.85012 7.2647
threshold=4.5000000000000009 5.3312491855615134 5.41865682035096 5.1752614176010496 11.900000000000002 4.3828313341701408 3.905121663585859 9.9196761334979779 8.4113013955081097 10.786594384674014 18.450000000000003 1.7841837120025255 6.8483535754979377 3.570707350120379 0.32400000000000007 31.500000000000004 3.7837364887189957 1.6380804171854755 5.5000000000000009 9.5398375244979565 0.47100000000000003 1.3354134215912963 23.500000000000004 33.405000000000008 0.55000000000000016 5.5000000000000009 12.025782609076192 11.535714285714286 0.5335000000000002 1.3867521367521369
decision_type=10 8 10 10 10 10 10 10 10 10 10 10 10 10 2 8 10 10 10 10 2 10 8 10 10 10 10 10 2 10
left_child=1 3 5 -1 27 16 8 9 -7 -8 13 12 -12 15 -15 -11 -3 21 22 20 -20 29 -19 -23 25 -25 -27 -5 -6 -18
right_child=-2 2 -4 4 28 6 7 -9 -10 10 11 -13 -14 14 -16 -17 17 18 19 -21 -22 23 -24 24 -26 26 -28 -29 -30 -31
leaf_value=0.00059456869624558751 0.0006398084662743548 -0.0014652274620240346 -0.037521017915927449 0.025876089416687793 0.030683809332549574 -0.029914242691360417 -0.019755745876361343 -0.037523616239046438 0.045019752870906482 0.027026408954989169 0.043503715050347308 -0.0016245352674339867 0.11531761797337697 0.05353202187531704 -0.0044760991219830303 0.097945120389617626 -0.00049028953695748811 0.027040546139081318 0.08152911091595888 -0.0096444460886699161 0.0038283024767511772 -0.049256368334665228 0.10712266336195171 0.077883509583771229 -0.042779045564476668 -0.055962906119280634 0.027355641469751536 0.089366305847134855 -0.041698758802697834 -0.014068937697421678
leaf_weight=26088 45232 22972 78 71 31 100 51 39 22 70 47 29 29 37 175 21 707 33 25 337 57 111 24 20 71 28 38 27 29 890
leaf_count=26088 45232 22972 78 71 31 100 51 39 22 70 47 29 29 37 175 21 707 33 25 337 57 111 24 20 71 28 38 27 29 890
internal_value=2.31999e-13 -0.000553798 -0.0018624 0.00074309 0.025266 -0.00175515 0.00970304 0.0160981 -0.0164016 0.0206542 0.0257055 0.050874 0.0709064 0.0169837 0.00564796 0.0433923 -0.0020358 -0.00763477 0.00518812 -0.00237169 0.0275176 -0.0109075 0.0607593 -0.0278901 -0.012784 0.0119793 -0.00799162 0.0433683 -0.0043011 -0.0080576
internal_weight=97489 52257 26011 26246 158 25933 620 498 122 459 408 105 76 303 212 91 25313 2341 476 419 82 1865 57 268 157 86 66 98 60 1597
internal_count=97489 52257 26011 26246 158 25933 620 498 122 459 408 105 76 303 212 91 25313 2341 476 419 82 1865 57 268 157 86 66 98 60 1597
is_linear=0
shrinkage=0.1


Tree=86
num_leaves=31
num_cat=0
split_feature=106 30 29 84 26 33 88 35 111 29 95 9 84 93 15 21 71 23 34 46 30 5 21 13 21 104 3 88 39 5
split_gain=3.56513 6.36481 10.6819 9.15149 10.207 12.7242 9.89661 6.0284 6.04022 7.3765 8.51644 7.4178 7.16752 14.8968 7.59882 6.08056 13.7347 12.685 14.2681 12.4061 10.9182 8.72332 9.22331 8.59948 8.29333 7.23419 10.9546 7.53918 14.2682 7.18637
threshold=468.50000000000006 2.9000000000000004 1.0813765148094723 34.500000000000007 0.89444444444444449 1.7973664892470385 36.050000000000004 2.1147974664905722 3.5000000000000004 0.63599503371757826 2.5000000000000004 2.9401411807576583 12.500000000000002 1.0000000180025095e-35 2.9401411807576583 2.5440541449801546 6.5000000000000009 2.4156638207103382 0.94868421052631591 1.2899159663865549 1.1000000000000003 11.896535873258808 3.0992829416278238 2.9296981180992998 3.249297185166871 103.25000000000001 7.6630897452735054 41.45000000000001 1.3395671481745666 12.71810354793894
decision_type=2 10 10 10 10 10 10 10 2 10 10 10 10 10 10 8 10 10 10 10 10 10 10 10 10 2 10 10 10 10
left_child=-1 7 3 4 5 -3 -7 8 9 10 12 -11 13 -2 -14 25 21 19 -19 -18 -21 22 -17 24 -20 26 -13 -28 -29 -23
right_child=1 2 -4 -5 -6 6 -8 -9 -10 11 -12 15 14 -15 -16 16 17 18 23 20 -22 29 -24 -25 -26 -27 27 28 -30 -31
leaf_value=0.00030969563775550392 0.13144163884222509 -0.062388222755065982 -0.064427334615370133 -0.068747066285106392 0.050644980399220274 0.053693852657752651 -0.021583020999096335 0.04170240238026688 -0.0019531051397958723 -0.039781957988215738 -0.022678269974647031 -0.044297200847755784 -0.017132264727519619 0.023801668133172724 0.052327414921351845 0.0057044675751101413 0.12811977345319023 0.088514335324395121 -0.0030263607717912508 0.087810687623762845 -0.0026806288212537768 0.027294455579393986 -0.017007438731552273 -0.028199132074389545 0.059466243088245399 -0.0025906409145574211 -0.0031060879584401849 0.1232536743208766 0.025923645181856192 0.0036429245935313487
leaf_weight=77233 20 35 41 21 33 31 40 33 15937 43 31 22 36 36 28 399 21 22 54 24 30 201 324 57 35 2225 40 20 61 356
leaf_count=77233 20 35 41 21 33 31 40 33 15937 43 31 22 36 36 28 399 21 22 54 24 30 201 324 57 35 2225 40 20 61 356
internal_value=1.6288e-13 -0.00118082 -0.0188872 -0.00721752 0.00207831 -0.0130415 0.0112843 -0.00100336 -0.00107375 0.00235693 0.0240468 0.0015244 0.0361175 0.0622445 0.0132563 0.00198088 0.00691015 0.0287054 0.0134396 0.0629007 0.0375377 0.00277245 -0.00447348 0.00212702 0.0215494 -0.00118942 0.0206128 0.0324146 0.0499558 0.0121779
internal_weight=97489 20256 201 160 139 106 71 20055 20022 4085 151 3934 120 56 64 3891 1523 243 168 75 54 1280 723 146 89 2368 143 121 81 557
internal_count=97489 20256 201 160 139 106 71 20055 20022 4085 151 3934 120 56 64 3891 1523 243 168 75 54 1280 723 146 89 2368 143 121 81 557
is_linear=0
shrinkage=0.1


Tree=87
num_leaves=31
num_cat=0
split_feature=104 19 10 0 42 32 33 103 32 90 46 34 106 34 23 25 29 88 96 41 41 7 88 17 89 14 87 85 0 48
split_gain=3.62172 6.36868 6.44028 12.559 8.2632 11.3188 7.05873 12.7074 9.77382 14.1202 9.34072 6.83912 11.5081 10.364 8.29752 9.74951 11.0343 8.71435 8.45344 7.77815 7.71673 6.91124 6.73311 11.5008 6.48475 6.22279 6.11637 10.2437 7.88946 7.07082
threshold=104.15000000000002 3.0523202998496379 30.075000000000006 57.620000000000005 1.7750000000000001 1.3166666666666669 1.0232946570191743 0.64250000000000018 0.89444444444444449 8.5000000000000018 2.0513157894736849 1.7029411764705884 306.50000000000006 1.6583333333333334 1.316727725114937 0.86554360876699588 0.94043231754460754 31.050000000000004 255.50000000000003 1.538539918334185 1.3019168404345407 5.2265346190823143 41.250000000000007 3.7879491341253435 16.500000000000004 7.1333333333333337 56.500000000000007 10.500000000000002 48.090000000000011 14.250000000000002
decision_type=2 8 10 10 10 8 10 2 10 10 10 10 2 10 10 10 10 10 2 10 10 10 10 10 10 10 10 10 10 10
left_child=1 2 3 4 11 6 8 -8 26 10 -10 13 14 -1 17 16 -16 18 -13 22 -20 -17 -19 -24 -14 -7 27 28 -6 -29
right_child=-2 -3 -4 -5 5 25 7 -9 9 -11 -12 12 24 -15 15 21 -18 19 20 -21 -22 -23 23 -25 -26 -27 -28 29 -30 -31
leaf_value=-0.0024061348835884809 0.00015804731457545526 -0.012275143723266248 -0.026982095193428299 0.062614543723963925 0.0022365533986931328 0.019171789441024885 -0.041932892619425059 0.031468675899155002 0.12158134615137464 -0.028784222621470693 0.035203724570812715 -0.029837800556172928 -0.093976086812714743 0.059764718771394755 0.0043632631613449617 0.031569811675165385 0.10699243341572583 -0.067502362088167248 0.082354484959727248 0.023939514497206327 -0.0044383408874273302 -0.043757832894936718 0.024126789688823688 -0.058967019364030829 -0.03094037207318287 0.098056458551436673 -0.0030393796948860463 0.016676699229188869 0.066988600771874185 0.078927391751979797
leaf_weight=3884 91347 585 96 31 318 20 77 34 21 20 31 30 24 27 22 21 20 56 21 21 20 29 31 36 51 20 503 37 20 36
leaf_count=3884 91347 585 96 31 318 20 77 34 21 20 31 30 24 27 22 21 20 56 21 21 20 29 31 36 51 20 503 37 20 36
internal_value=-3.85688e-12 -0.00235056 -0.00130577 -0.000854405 -0.00121675 0.00636334 0.00445812 -0.0194495 0.00714954 0.0426228 0.070087 -0.00322434 -0.0159955 -0.00197693 -0.00741665 0.0177155 0.0532343 -0.0181709 0.0105006 -0.0323075 0.0400165 -0.0121202 -0.0419107 -0.0205206 -0.0511118 0.0586141 0.00435516 0.0134049 0.00606804 0.0473757
internal_weight=97489 6142 5557 5461 5430 1137 1097 111 986 72 52 4293 382 3911 307 92 42 215 71 144 41 50 123 67 75 40 914 411 338 73
internal_count=97489 6142 5557 5461 5430 1137 1097 111 986 72 52 4293 382 3911 307 92 42 215 71 144 41 50 123 67 75 40 914 411 338 73
is_linear=0
shrinkage=0.1


Tree=88
num_leaves=31
num_cat=0
split_feature=50 9 93 6 69 30 6 8 56 80 6 37 35 15 1 2 7 1 36 41 81 12 104 82 27 9 90 94 85 1
split_gain=3.41773 7.04728 14.9669 11.8268 12.373 12.6532 9.59857 17.4411 16.6007 9.35391 8.68842 7.96995 13.0646 24.6294 6.28756 11.7 5.58683 7.55461 5.25418 5.20681 5.17242 6.93056 6.62288 8.00514 4.94553 8.9851 13.2746 10.6204 10.4625 9.70215
threshold=-2.8999999999999995 5.2041647523142984 4.5000000000000009 18.900000000000002 6.5000000000000009 2.3666666666666671 15.633333333333335 15.950000000000001 4.5000000000000009 976.55000000000018 14.675000000000002 1.3227406337702019 1.3095464222430511 3.6674234602568467 13.54673392190743 32.64500000000001 6.0263309529492686 11.807836380676511 1.7750000000000001 1.2103353896487981 503.50000000000006 13.900000000000002 108.05000000000001 745.50000000000011 0.84655531415518281 3.2283448354651543 5.5000000000000009 2.5000000000000004 12.500000000000002 10.403148561159869
decision_type=8 10 10 10 10 10 10 10 10 10 10 10 10 10 10 10 10 10 10 10 10 10 2 10 10 10 10 10 8 10
left_child=1 6 3 4 9 -6 10 8 -8 16 14 12 13 19 20 -16 17 -3 -9 -11 21 24 -22 -24 25 26 -1 28 -27 -30
right_child=-2 2 -4 -5 5 -7 7 18 -10 11 -12 -13 -14 -15 15 -17 -18 -19 -20 -21 22 -23 23 -25 -26 27 -28 -29 29 -31
leaf_value=0.013677070181346635 -7.5971439819601008e-05 -0.011720610864220127 -0.081094793059552708 0.071402396244758914 -0.10773123306306927 -0.0046872885754475234 0.02306091453541409 -0.039274967681350456 0.1445660948753357 -0.014142045818946578 -0.042047732451132365 -0.0062244050459910744 -0.0058144691741538494 0.14805937658833421 0.081903671677554815 -0.01222987759291478 0.0049804464304520762 -0.067330235396993579 0.028575303316116338 0.055472363460631606 -0.019766651093959808 -0.045955668458784071 0.083523273042713606 0.011620664363726975 -0.0024709039585930964 0.0072482193820178516 -0.057607882725340981 -0.037259000198294721 0.079005795954794122 0.0062942594215273859
leaf_weight=103 95910 155 24 22 22 26 22 21 23 22 35 73 44 23 31 23 162 29 25 21 20 27 30 32 350 64 35 21 69 25
leaf_count=103 95910 155 24 22 22 26 22 21 23 22 35 73 44 23 31 23 162 29 25 21 20 27 30 32 350 64 35 21 69 25
internal_value=4.94588e-12 0.00461458 -0.00366112 -0.000558599 -0.00330235 -0.0519158 0.0100076 0.0409008 0.0851636 0.0011087 0.00675761 0.0193931 0.0363939 0.0645327 0.00881566 0.0418098 -0.00856196 -0.0204852 -0.00239982 0.0198557 0.00651968 0.00371332 0.0302711 0.0464122 0.00572391 0.0147718 -0.00440245 0.0295542 0.0384344 0.0596676
internal_weight=97489 1579 623 599 577 48 956 91 45 529 865 183 110 66 830 54 346 184 46 43 776 694 82 62 667 317 138 179 158 94
internal_count=97489 1579 623 599 577 48 956 91 45 529 865 183 110 66 830 54 346 184 46 43 776 694 82 62 667 317 138 179 158 94
is_linear=0
shrinkage=0.1


Tree=89
num_leaves=31
num_cat=0
split_feature=111 33 1 1 79 102 109 32 15 37 49 33 31 96 93 86 15 32 51 33 14 30 106 53 17 111 104 93 17 21
split_gain=3.32295 7.89592 6.59024 5.49904 5.25585 8.38253 8.53135 11.7993 11.3349 10.0414 9.17388 7.95615 16.3414 19.2776 18.081 8.34854 8.49367 7.3638 10.4783 6.91347 6.72015 6.61872 6.60631 10.189 6.59369 6.49787 6.34692 6.34417 5.6073 6.67208
threshold=38.500000000000007 1.8907657559143989 16.895280378701244 16.630453986485673 3.5000000000000004 2.5000000000000004 22.366872005475702 1.5857142857142861 4.6001207317284232 0.82657830373090102 51.050000000000004 0.83996703462282185 1.297417464888168 224.50000000000003 1.0000000180025095e-35 4.5000000000000009 3.401330253966151 1.1833333333333336 49.150000000000013 0.73217397231470061 8.9500000000000011 1.7083333333333337 261.50000000000006 19.500000000000004 3.2312207356317866 60.500000000000007 119.30000000000003 2.5000000000000004 2.7506777462689702 0.57249824069358646
decision_type=2 10 8 10 10 10 2 10 10 10 10 10 10 2 10 10 10 10 10 10 10 10 2 8 10 2 2 10 10 10
left_child=-1 2 3 4 5 6 9 8 21 24 -10 15 13 14 -13 -11 19 25 -19 -17 22 26 -7 -24 28 -6 -8 -20 29 -2
right_child=1 -3 -4 -5 17 20 7 -9 10 11 -12 12 -14 -15 -16 16 -18 18 27 -21 -22 -23 23 -25 -26 -27 -28 -29 -30 -31
leaf_value=0.00026256752337108015 0.02822829779041441 -0.035816803896291688 -0.012438987775156609 0.037705514096730466 -0.0041745473675556281 -0.004504007039298868 0.0013560168553157887 -0.040295866812812164 0.10142458228483087 0.075152113466035758 0.0079525033899006392 0.18069145974110476 -0.0090266158092870471 0.019638022589377871 0.055183028700897321 0.0098332758329502529 0.070386272668838498 0.037937685145464334 -0.020247171811270465 -0.047078191101551058 -0.0439045977801448 0.049865675653363098 0.0022232729094949634 0.071769659793614576 -0.040887183137238027 0.00086896784451572439 0.050082038315357992 -0.070608122850736157 0.058039166517555724 -0.0067775460813815401
leaf_weight=81088 76 66 502 37 5391 1650 2699 64 21 21 21 22 36 39 24 146 20 28 182 25 41 29 77 29 32 4855 27 29 20 192
leaf_count=81088 76 66 502 37 5391 1650 2699 64 21 21 21 22 36 39 24 146 20 28 182 25 41 29 77 29 32 4855 27 29 20 192
internal_value=-6.33163e-12 -0.00129816 -0.00115869 -0.000801035 -0.000891232 0.00167174 0.00451275 0.00215875 0.00313019 0.0148264 0.0546885 0.0269824 0.0474424 0.0713587 0.115209 0.0153048 0.00872476 -0.00218946 -0.0195413 0.00151289 -0.0038838 0.00234418 -0.00294937 0.0212501 0.00217642 -0.00178471 0.00183863 -0.0271688 0.00696127 0.00314948
internal_weight=97489 16401 16335 15833 15796 5311 3514 2861 2797 653 42 333 121 85 46 212 191 10485 239 171 1797 2755 1756 106 320 10246 2726 211 288 268
internal_count=97489 16401 16335 15833 15796 5311 3514 2861 2797 653 42 333 121 85 46 212 191 10485 239 171 1797 2755 1756 106 320 10246 2726 211 288 268
is_linear=0
shrinkage=0.1


Tree=90
num_leaves=31
num_cat=0
split_feature=88 17 107 22 88 12 41 36 77 35 35 35 21 41 104 107 7 6 39 19 17 104 108 20 32 63 25 39 114 49
split_gain=3.21228 4.77083 5.60512 4.3651 11.0989 9.25022 9.87974 7.75055 9.55748 9.58274 12.7409 10.7891 8.6834 21.4846 10.803 8.39894 12.9381 8.70811 8.01956 7.91191 7.40577 7.27014 17.1106 10.8411 8.83454 11.7136 9.80762 15.5133 22.5475 10.2289
threshold=2.7500000000000004 2.7200522333267769 2013.5000000000002 1.4522727272727274 67.15000000000002 17.500000000000004 1.6946651265431087 0.90000000000000013 8.5000000000000018 2.0567591362099322 1.748683067952149 1.7750743953022374 0.94993651463092799 1.3019168404345407 113.15000000000002 2020.5000000000002 6.3920507282668444 13.450000000000001 1.8393833349049535 0.86554360876699576 2.8319135222624015 114.85000000000001 14.500000000000002 0.2678571428571429 0.95000000000000007 3.5000000000000004 0.86554360876699588 1.3519517580968834 1.0000000180025095e-35 57.350000000000001
decision_type=8 10 2 8 10 10 10 10 8 10 10 10 10 10 2 2 10 10 10 10 10 2 2 10 10 10 10 10 2 10
left_child=1 -1 -3 4 7 -5 -7 18 9 10 21 -12 14 -14 -11 17 19 20 -2 -17 -13 22 -9 -23 -25 -26 27 29 -29 -27
right_child=3 2 -4 5 -6 6 -8 8 -10 12 11 15 13 -15 -16 16 -18 -19 -20 -21 -22 23 -24 24 25 26 -28 28 -30 -31
leaf_value=-0.0015477410517468185 -0.00050979797288845218 0.022209158717166812 -0.01613922099067459 -0.0003367381201636291 0.066531783757874594 0.092872079910541139 0.002594979200512171 0.0038296352730593994 0.022554765246725578 0.040900016762316228 -0.064641048120600841 -0.041805625368875492 0.12087990720756353 -0.012925287921513831 -0.052787857623770834 0.021345335354699808 0.060522390405337016 -0.045530451240876089 0.062858498357236378 -0.045921200235736453 0.023186942351982001 0.057553502352073273 0.075968641765189901 0.00046687446797646031 -0.062010675988027036 0.0013336802734099083 -0.031388763060857514 -0.00014121867605440674 0.12303221335877544 -0.047769468744932597
leaf_weight=2826 13917 42 412 68818 26 22 27 8998 247 32 42 27 28 21 20 34 36 89 20 36 50 29 33 1188 49 151 145 42 23 59
leaf_count=2826 13917 42 412 68818 26 22 27 8998 247 32 42 27 28 21 20 34 36 89 20 36 50 29 33 1188 49 151 145 42 23 59
internal_value=4.94306e-12 -0.00307637 -0.0125916 0.000107108 0.00122922 -0.000305813 0.0431276 0.00116215 0.00309858 0.00266688 0.00238614 -0.0174686 0.0333292 0.0635348 0.00486622 -0.0101847 0.0118055 -0.0242266 -0.000418863 -0.0132489 0.000397341 0.00296787 0.00409324 -0.00306014 -0.00412097 -0.0157422 -0.0103442 0.000751988 0.0434432 -0.012462
internal_weight=97489 3280 454 94209 25342 68867 49 25316 11379 11132 11031 314 101 49 52 272 106 166 13937 70 77 10717 9031 1686 1657 469 420 275 65 210
internal_count=97489 3280 454 94209 25342 68867 49 25316 11379 11132 11031 314 101 49 52 272 106 166 13937 70 77 10717 9031 1686 1657 469 420 275 65 210
is_linear=0
shrinkage=0.1


Tree=91
num_leaves=31
num_cat=0
split_feature=104 80 80 80 90 4 20 110 7 5 0 102 38 21 83 42 9 45 17 37 15 23 96 13 26 110 33 15 103 46
split_gain=3.34514 8.25098 9.88378 7.20432 6.7868 10.0239 14.1888 8.52587 9.65898 9.59937 7.55793 6.60556 8.17371 8.29635 7.24241 7.66409 9.18719 11.1474 10.6306 8.80848 10.6122 7.86795 8.24244 7.71207 6.56712 5.83877 5.68108 5.6061 12.4673 5.57455
threshold=116.35000000000001 1567.5500000000004 2964.5000000000005 1583.9500000000003 11.500000000000002 52.487500000000004 6.3500000000000005 83.500000000000014 3.6990983034004112 10.577452434210921 37.122500000000009 4.5000000000000009 4.3166666666666673 1.8891922141374213 68.500000000000014 1.5500000000000003 7.3318178686409246 1.0567212294304205 2.4738227183551849 1.6380804171854755 3.4391535478095423 1.3090919593832433 224.50000000000003 2.4949899597988741 0.89444444444444449 80.500000000000014 0.9457461698162889 4.0524331832310665 0.26200000000000007 2.0513157894736849
decision_type=2 10 10 10 10 10 10 2 10 8 10 10 10 10 10 10 10 10 10 10 10 10 2 10 10 2 10 10 2 10
left_child=-1 4 3 -3 5 -2 -7 8 9 -6 -9 12 13 14 -5 16 18 -18 -16 20 24 -17 29 -24 -20 -15 -22 -10 -29 -23
right_child=1 2 -4 11 7 6 -8 10 27 -11 -12 -13 -14 25 15 21 17 -19 19 -21 26 22 23 -25 -26 -27 -28 28 -30 -31
leaf_value=-0.00018922665292025207 0.0009511797274800401 0.061553219386509483 -0.025303580480603841 -0.031894909411668775 -0.0039972063514494135 0.11112550038844347 0.0016399993593322821 -0.015534940026700498 -0.02425742386340245 0.079287381678819657 -0.073988780125384096 -0.022384959121700378 0.073742620930785235 0.0086672402334524636 -0.023676907696894237 -0.028497608245483471 0.022269047893907712 0.11622609022472585 0.022213703948403458 0.087015358767078804 0.023947636922821404 -0.030502213362385247 0.083017790591111418 0.015547326110794936 0.085173509431382022 -0.013774575927754405 -0.047132191904213118 0.057172380051305219 -0.028799901228096038 0.016884508121596732
leaf_weight=88277 7501 28 78 25 31 20 29 55 149 25 37 59 21 469 35 42 23 28 37 29 22 34 32 36 30 154 23 31 37 92
leaf_count=88277 7501 28 78 25 31 20 29 55 149 25 37 59 21 469 35 42 23 28 37 29 22 34 32 36 30 154 23 31 37 92
internal_value=4.90697e-12 0.00181333 0.0092065 0.0114147 0.000601835 0.00124568 0.046328 -0.012716 -0.00384373 0.0331834 -0.0390435 0.010236 0.0119362 0.0107679 0.0205317 0.0233626 0.036481 0.0738533 0.0256516 0.0378962 0.0251779 0.0107444 0.0192401 0.0472981 0.0504047 0.00311983 -0.0123821 -0.0133991 0.0103933 0.00409762
internal_weight=97489 9212 1297 1219 7915 7550 49 365 273 56 92 1191 1132 1111 488 463 227 51 176 141 112 236 194 68 67 623 45 217 68 126
internal_count=97489 9212 1297 1219 7915 7550 49 365 273 56 92 1191 1132 1111 488 463 227 51 176 141 112 236 194 68 67 623 45 217 68 126
is_linear=0
shrinkage=0.1


Tree=92
num_leaves=31
num_cat=0
split_feature=102 33 34 59 102 79 8 3 35 104 76 45 105 20 41 47 17 56 79 51 7 34 31 17 105 50 95 41 106 79
split_gain=3.22723 10.2852 11.7619 13.2079 15.2044 8.36912 21.8958 7.49589 8.30249 9.35905 10.111 5.91564 9.17492 11.323 9.22033 5.2041 5.01574 5.19375 8.55089 8.73662 5.13564 4.94965 4.63491 4.50559 4.33814 4.28926 4.66928 4.20392 4.83074 3.99696
threshold=10.500000000000002 0.85793099469161815 0.94868421052631591 15.500000000000002 192.50000000000003 7.5000000000000009 16.211111111111112 17.348898459534997 1.412350300158989 108.85000000000001 1.0000000180025095e-35 1.0000000180025095e-35 0.77500000000000013 2.3166666666666669 0.88733328646080578 1.6320525746812935 2.9430448738994772 1.5000000000000002 6.5000000000000009 65.200000000000017 3.5613660101257651 0.78759398496240618 1.297417464888168 4.2715397737278584 0.36666666666666675 6.4500000000000011 1.0000000180025095e-35 1.2103353896487981 160.50000000000003 7.5000000000000009
decision_type=10 8 10 10 10 10 10 10 10 2 8 8 10 10 10 10 10 8 10 10 10 10 10 10 10 10 10 10 2 10
left_child=29 2 23 -4 -5 7 -7 8 11 10 -10 12 13 14 -3 -8 17 -13 19 27 -18 -22 -11 25 -16 -2 -27 28 -19 -1
right_child=1 5 3 4 -6 6 15 -9 9 22 -12 16 -14 -15 24 -17 20 18 -20 -21 21 -23 -24 -25 -26 26 -28 -29 -30 -31
leaf_value=0.00044555956630383742 -0.0030369721539118492 0.048947135530985321 -0.019755293376996028 0.0090286282379002797 0.12444926554337143 0.093755288600921638 -0.051600009833390893 0.040346937121025161 -0.057843347036811925 -0.10108692699245043 0.041505730338394643 -0.032595188465393797 -0.041291310395481007 0.086721815131604679 0.0088594454154372216 0.010012441378986013 0.0091465190052986145 0.0055042472055980146 -0.046314191625964257 0.066429997421801099 -0.0090383606928366219 -0.058555108781438325 -0.045771098992025312 0.041751486707168328 -0.053625149354338646 0.052102064926709449 0.0056910363879675669 0.033532749650918924 -0.055163374401274182 -0.0011157565679643662
leaf_weight=73650 1862 26 24 21 25 25 26 21 21 28 20 79 33 20 20 29 20 35 31 24 27 80 33 24 25 28 96 23 21 21092
leaf_count=73650 1862 26 24 21 25 25 26 21 21 28 20 79 33 20 20 29 20 35 31 24 27 80 33 24 25 28 96 23 21 21092
internal_value=-4.80406e-12 -0.00337893 8.61042e-05 0.0403815 0.0717572 -0.0141844 0.016158 -0.0183197 -0.0204964 -0.0463282 -0.00938038 -0.0148178 0.0038791 0.0202596 0.00153783 -0.0191134 -0.0216367 -0.0122581 -0.000268276 0.0135902 -0.0373663 -0.0460602 -0.071162 -0.00131722 -0.0258542 -0.00183769 0.0161709 -0.00246239 -0.0172461 9.79705e-05
internal_weight=97489 2747 2080 70 46 667 80 587 566 102 41 464 124 91 71 55 340 213 134 103 127 107 61 2010 45 1986 124 79 56 94742
internal_count=97489 2747 2080 70 46 667 80 587 566 102 41 464 124 91 71 55 340 213 134 103 127 107 61 2010 45 1986 124 79 56 94742
is_linear=0
shrinkage=0.1


Tree=93
num_leaves=31
num_cat=0
split_feature=67 46 63 27 84 4 15 80 34 85 0 13 113 4 42 11 41 88 34 24 11 88 25 13 88 25 32 59 97 21
split_gain=3.20142 7.14148 7.12639 8.45438 9.62772 8.6125 6.8181 6.7932 9.705 8.54998 6.95936 8.21154 11.3644 14.5643 13.7718 10.2146 11.195 11.1109 9.40035 8.98972 15.1587 13.267 12.5689 16.6991 14.6769 11.622 9.2916 13.0459 15.9868 15.4568
threshold=4.5000000000000009 1.8062500000000001 10.500000000000002 1.5073880808871996 24.500000000000004 31.342500000000001 2.1328400765181796 2484.0500000000006 1.5131578947368423 160.50000000000003 19.963333333333338 4.2130707077691634 1.0000000180025095e-35 13.975000000000003 0.55000000000000016 8.9108892503581156 1.6379543874950564 62.45000000000001 2.552777777777778 1.4500000000000002 7.4625380106138532 49.550000000000004 1.1178102700547354 2.756750086314077 34.850000000000001 1.7604525947843548 1.3166666666666669 17.500000000000004 7.5000000000000009 0.82830296784094914
decision_type=8 10 10 10 8 10 10 10 10 10 10 8 2 10 10 10 10 10 10 10 10 10 10 10 10 10 10 10 2 10
left_child=1 2 3 7 -5 6 -6 10 -9 -10 -1 12 -12 14 -14 16 17 18 -13 25 21 22 23 -21 -25 26 -15 -28 -29 -30
right_child=-2 -3 -4 4 5 -7 -8 8 9 -11 11 15 13 19 -16 -17 -18 -19 -20 20 -22 -23 -24 24 -26 -27 27 28 29 -31
leaf_value=-0.00073135571310475054 0.00061235060809333849 -0.0026662426342042387 -0.003569366718407694 0.0023957383419786183 0.069327845926518028 0.10182948788119989 -0.0020517796016065403 -0.0028373491849975085 -0.084960447909200904 -0.0049538765441287658 0.0003654009543254116 -0.0026426803150926756 0.015063107244808367 0.0077888929118805602 0.096308907255982332 0.060891342287262284 -0.035013034580194433 0.054652548773270665 -0.045392203310346407 0.0064486654113150299 -0.050921623055667935 0.10837230192763465 0.0042097544850055449 0.16109301507472995 0.041395710896523226 0.066831408403813838 0.0065489749093507674 -0.040991275001483314 -0.03397453937883655 0.0010315504385911415
leaf_weight=18726 45516 12082 4653 105 23 22 32 116 34 22 7760 1745 54 3500 34 24 115 33 53 36 24 21 118 20 21 30 1368 129 146 927
leaf_count=18726 45516 12082 4653 105 23 22 32 116 34 22 7760 1745 54 3500 34 24 115 33 53 36 24 21 118 20 21 30 1368 129 146 927
internal_value=1.35024e-11 -0.000536274 0.000108841 0.00059453 0.0220917 0.0489498 0.0277979 0.000482924 -0.0193417 -0.0535293 0.000580672 0.00210122 0.00294124 0.00605085 0.0464535 -0.00394865 -0.00474832 -0.00284748 -0.00390282 0.00549005 0.0244741 0.0328513 0.0247183 0.056147 0.0997846 0.00474314 0.00443628 -0.000129538 -0.00773037 -0.00373163
internal_weight=97489 51973 39891 35238 182 77 55 35056 172 56 34884 16158 14188 6428 88 1970 1946 1831 1798 6340 240 216 195 77 41 6100 6070 2570 1202 1073
internal_count=97489 51973 39891 35238 182 77 55 35056 172 56 34884 16158 14188 6428 88 1970 1946 1831 1798 6340 240 216 195 77 41 6100 6070 2570 1202 1073
is_linear=0
shrinkage=0.1


Tree=94
num_leaves=31
num_cat=0
split_feature=35 80 83 104 17 83 104 11 97 45 7 100 15 88 81 46 6 3 19 23 103 1 39 86 19 32 8 97 103 35
split_gain=3.20962 13.1009 9.93242 10.0173 10.8118 10.4966 11.8562 11.8121 9.9363 11.6541 12.9803 15.2533 9.93333 9.34466 18.3149 10.7554 12.511 9.93343 11.6201 29.61 13.5912 12.5983 12.923 14.3173 14.8076 12.0143 13.9387 11.3907 11.2964 10.8009
threshold=1.0906756297274718 63.250000000000007 108.50000000000001 112.65000000000002 1.7746665729216118 114.50000000000001 116.05000000000001 5.0714629468617742 4.5000000000000009 2.2123387778440669 5.8395142508653413 1.0000000180025095e-35 3.2827105221060555 67.15000000000002 686.50000000000011 0.14642857142857144 26.700000000000006 9.551803203540091 0.64222852518808682 1.3878497917710197 0.34400000000000003 9.4587261298391265 1.3519517580968834 8.5000000000000018 2.3978930965105625 1.9500000000000002 15.316666666666668 11.500000000000002 0.32400000000000007 1.1846685339439733
decision_type=10 8 8 2 10 10 2 10 2 10 10 2 10 10 8 10 10 10 10 10 2 10 10 10 10 10 10 2 2 10
left_child=-1 -2 8 4 -4 -5 -7 -8 12 13 -11 -12 -3 17 15 -15 -17 29 19 28 21 -20 23 -23 -25 -24 -27 -21 -19 -10
right_child=1 2 3 5 -6 6 7 -9 9 10 11 -13 -14 14 -16 16 -18 18 20 27 -22 22 25 24 -26 26 -28 -29 -30 -31
leaf_value=0.00023122605464142513 -0.019095046382140934 -0.00088044242984826522 -0.048095483500510461 -0.041339828009386702 -0.0010929927470539815 -0.017391774128139203 0.061015005248623924 -0.00071746816012047783 -0.0038923824019739166 -0.015218779571088298 0.13004823090589565 0.020999647497103133 -0.023111545197755188 0.058425973797286007 0.086269608394880057 -0.066342065823746146 0.018650249868284823 -0.024428644546618066 0.027559150290743413 0.10554716534367421 -0.0062153405122980804 0.06220511767268181 0.0043367735809380454 -0.021286939660580283 0.061620336908685125 0.11926881877536125 0.023145652329549196 0.024459946978216372 0.0094461414251556415 0.0085767157687793964
leaf_weight=83869 407 507 50 124 2307 616 37 191 962 28 23 29 333 27 38 29 43 120 233 41 3764 25 175 340 23 22 48 30 548 2500
leaf_count=83869 407 507 50 124 2307 616 37 191 962 28 23 29 333 27 38 29 43 120 233 41 3764 25 175 340 23 22 48 30 548 2500
internal_value=-3.3555e-12 -0.00142384 -0.000879514 -0.0056076 -0.00209008 -0.0141725 -0.0101811 0.00930052 0.000710381 0.00167626 0.0396747 0.0692327 -0.00969349 0.00133729 0.0272539 0.00460144 -0.0155828 0.00093523 -0.00175793 0.00988671 -0.00361654 0.00767894 0.000361259 -0.0109927 -0.0160339 0.0183422 0.0533558 0.071285 0.00336085 0.00511188
internal_weight=97489 13620 13213 3325 2357 968 844 228 9888 9048 80 52 840 8968 137 99 72 8831 5369 739 4630 866 633 388 363 245 70 71 668 3462
internal_count=97489 13620 13213 3325 2357 968 844 228 9888 9048 80 52 840 8968 137 99 72 8831 5369 739 4630 866 633 388 363 245 70 71 668 3462
is_linear=0
shrinkage=0.1


Tree=95
num_leaves=31
num_cat=0
split_feature=104 7 16 31 31 90 85 85 7 86 87 9 104 89 5 55 85 6 50 51 65 10 27 7 57 35 11 18 104 86
split_gain=3.19132 5.19046 10.0649 6.91535 8.26468 14.1323 6.44747 6.00417 8.88833 8.05262 7.09752 6.83717 9.769 6.05597 6.66612 5.97993 5.64769 5.63559 5.11985 7.43253 15.5596 12.7887 11.1839 7.08289 6.93216 6.28186 7.90027 10.8175 9.04808 10.2025
threshold=104.45000000000002 7.5232942139965688 11.925000000000002 1.9364486375644641 1.5543320308680684 7.5000000000000009 112.50000000000001 45.500000000000007 8.2825094963321355 98.500000000000014 2.5000000000000004 6.1839846549520567 102.55000000000001 34.500000000000007 10.917102709893607 49.500000000000007 28.500000000000004 31.100000000000005 10.050000000000002 81.450000000000003 3.5000000000000004 25.925000000000001 0.83996703462282185 3.570707350120379 18.500000000000004 1.1288352132855748 3.9507013219591998 1.5500000000000003 101.45000000000002 88.500000000000014
decision_type=2 10 10 10 10 10 8 10 10 10 10 10 2 10 10 10 10 10 10 10 8 10 10 10 8 10 10 10 2 10
left_child=1 18 3 4 6 -6 7 10 -9 -10 16 12 -12 17 -15 -11 -3 -13 19 25 21 -21 -22 -24 -20 -1 27 -27 29 -28
right_child=-2 2 -4 -5 5 -7 -8 8 9 15 11 13 -14 14 -16 -17 -18 -19 24 20 22 -23 23 -25 -26 26 28 -29 -30 -31
leaf_value=-0.0019949749983747696 0.00015196176434187413 -0.011678241499120723 0.060559078579147656 -0.034497811097651723 -0.011445058072390765 0.098249766882508999 -0.040459458508661818 0.066571178132934228 0.058422244955664095 -0.041480921860784295 0.088256930153478283 -0.00036453231832238748 0.008987380030020229 0.059520680676488316 0.0066634221002459526 0.017931361537840633 -0.068412003601374838 -0.040313809505991033 -0.01855547738257388 0.10694849277878632 0.071181324347853667 0.0082645274853954728 0.047584518417716028 -0.016006198938249061 0.04203474022448063 0.038508612754946901 -0.0066544181742661055 -0.036193813350317731 -0.021878884874305803 0.062268345699542094
leaf_weight=3705 91065 74 30 50 23 24 35 35 23 32 22 774 53 34 80 36 23 37 338 29 20 24 20 141 20 63 105 28 519 27
leaf_count=3705 91065 74 30 50 23 24 35 35 23 32 22 774 53 34 80 36 23 37 338 29 20 24 20 141 20 63 105 28 519 27
internal_value=-2.91729e-12 -0.00215417 0.00326768 0.00199924 0.00339759 0.0445693 0.00185938 0.00307046 0.0237448 0.00727309 0.000695839 0.003201 0.0322398 0.000846506 0.0224279 -0.0100274 -0.0251306 -0.00218713 -0.0036444 -0.00276289 0.0146081 0.0622614 0.00065438 -0.00810673 -0.0151705 -0.00367695 -0.0120755 0.0155233 -0.0159333 0.00744342
internal_weight=97489 6424 1385 1355 1305 47 1258 1223 126 91 1097 1000 75 925 114 68 97 811 5039 4681 234 53 181 161 358 4447 742 91 651 132
internal_count=97489 6424 1385 1355 1305 47 1258 1223 126 91 1097 1000 75 925 114 68 97 811 5039 4681 234 53 181 161 358 4447 742 91 651 132
is_linear=0
shrinkage=0.1


Tree=96
num_leaves=31
num_cat=0
split_feature=103 25 52 12 17 13 33 3 12 23 53 33 102 31 34 29 29 26 3 103 17 104 88 15 27 1 16 15 102 11
split_gain=3.08734 5.78234 13.6723 5.29947 7.14449 3.94744 7.1309 5.13162 7.74902 5.07393 4.10977 3.57129 10.3335 9.90109 13.4907 8.8939 6.9553 8.24746 12.3237 16.1372 9.06297 10.3742 14.7919 10.709 11.6165 11.1305 11.9511 10.2346 15.551 9.74083
threshold=0.76750000000000018 1.0000000180025095e-35 3.5000000000000004 11.700000000000001 3.9535127583205347 4.1533075696413162 1.1868699556559867 14.794700620068022 6.9000000000000012 2.2549737417881333 17.500000000000004 1.8393833349049535 16.500000000000004 2.3273044783351096 1.4083333333333334 1.1052770498456497 0.52509732023766353 0.64583333333333337 9.4703073985068542 0.49400000000000005 3.9241157198047012 115.85000000000001 34.050000000000004 2.6031110483044313 1.1995347124462643 11.690316504594346 10.125000000000002 3.0992829416278238 2.5000000000000004 4.1350554993501492
decision_type=2 10 10 10 10 10 10 10 10 10 10 10 10 10 10 10 10 10 10 2 10 2 10 10 10 10 10 10 10 10
left_child=11 2 -2 5 -5 7 10 -3 9 -9 -7 13 16 -1 -15 -16 -13 18 19 -18 21 23 -23 29 27 -26 -27 28 -25 -19
right_child=1 3 -4 4 -6 6 -8 8 -10 -11 -12 12 -14 14 15 -17 17 20 -20 -21 -22 22 -24 24 25 26 -28 -29 -30 -31
leaf_value=0.00013103669996248731 0.0034078421517590844 -0.005632184608839453 0.092660859003663068 0.051053809664415153 -0.0094758412788789256 0.027497927002284841 -0.064508356646664683 -0.031550163155994737 0.067949719013025364 0.03370195918462493 -0.0208221132553493 0.026860218585601878 -0.066303495000357981 -0.019939245617595212 0.098083120869705456 0.014330312609672546 -0.028591351543326638 0.037789375090907365 -0.027678307025511002 0.064804543376069612 -0.016484852698707305 0.10884811356663704 0.0022560520920281608 0.0035531185471507558 0.11073459129780533 -0.020224627715845905 0.068312985738438955 -0.010974250315268944 0.092101756470011814 -0.024734518731849554
leaf_weight=93722 121 1944 20 39 39 23 31 26 24 22 75 70 27 29 32 21 37 29 286 37 246 23 30 68 20 30 31 182 28 177
leaf_count=93722 121 1944 20 39 39 23 31 26 24 22 75 70 27 29 32 21 37 29 286 37 246 23 30 68 20 30 31 182 28 177
internal_value=-3.14356e-12 -0.00356975 0.0160678 -0.00481532 0.020789 -0.00574639 -0.0227052 -0.00466123 0.0215546 -0.00164294 -0.0094817 8.87137e-05 -0.00507455 0.000161426 0.0348946 0.064898 -0.00379698 -0.00555025 -0.018267 0.0181066 -0.000251621 0.00621015 0.048513 0.00224192 0.0126708 0.0459957 0.0247699 0.00296096 0.0293798 -0.0159326
internal_weight=97489 2364 141 2223 78 2145 129 2016 72 48 98 95125 1321 93804 82 53 1294 1224 360 74 864 618 53 565 359 81 61 278 96 206
internal_count=97489 2364 141 2223 78 2145 129 2016 72 48 98 95125 1321 93804 82 53 1294 1224 360 74 864 618 53 565 359 81 61 278 96 206
is_linear=0
shrinkage=0.1


Tree=97
num_leaves=31
num_cat=0
split_feature=32 33 33 87 51 75 34 31 86 17 43 35 23 35 103 7 39 15 57 38 104 85 80 33 41 21 104 12 47 1
split_gain=3.12942 8.67196 10.6077 22.0229 9.8406 10.4971 19.1863 14.7039 13.6893 13.3834 13.183 12.4212 15.9143 17.0991 12.4045 12.5168 12.3646 9.77736 9.69114 9.58727 9.53378 9.26093 12.6685 9.91177 9.20613 9.12523 8.97179 8.51601 8.46907 8.31831
threshold=2.3541666666666674 0.84655531415518281 1.2494423429796102 10.500000000000002 62.900000000000006 5.5000000000000009 2.9750000000000005 1.3779271744364847 89.500000000000014 2.5107662774064852 1.3779271744364847 1.4294315955756181 1.130749592408363 1.6874139945216025 0.63200000000000012 4.4045284802308435 1.2494423429796104 3.0673636397283306 16.500000000000004 1.6833333333333336 111.75000000000001 124.50000000000001 2010.8500000000004 1.5509204235016321 1.2529662612913215 0.74094429825773356 106.85000000000001 11.900000000000002 0.94043231754460754 9.9316916985122621
decision_type=10 8 10 10 10 10 10 10 10 10 10 10 10 10 2 10 10 10 10 10 2 10 10 10 10 10 2 10 10 10
left_child=-1 -2 3 20 18 6 8 -8 9 16 17 -11 13 -13 15 -14 -6 19 29 28 -3 22 25 -23 -22 -7 -25 -20 -9 -4
right_child=1 2 4 -5 5 21 7 10 -10 11 -12 12 14 -15 -16 -17 -18 -19 27 -21 24 23 -24 26 -26 -27 -28 -29 -30 -31
leaf_value=7.4751831040870142e-05 0.059561163805691264 -0.029183041788153837 -0.031484498558183242 -0.088737184558477677 -0.039361307091819939 -0.073400864936411389 -0.095828878879547122 0.078177996990936138 -0.030011259668713642 0.11935844001444905 0.063175824447534987 0.026874996406738374 0.064050847275013284 0.12644718621458326 0.081430840686611508 -0.023213800022808408 0.049666993477596691 -0.057054152757656289 -0.075929389552523707 -0.049479796373773192 -0.013525522557588723 0.078128900556337269 -0.05633915417410177 0.058281219240140042 0.073327697943086217 -0.0045521117547066732 -0.0045011766956605274 -0.0099386369019295248 -0.011631688191777186 0.014293459516511054
leaf_weight=95821 21 77 73 45 39 20 20 21 36 22 24 34 22 35 23 65 26 41 48 21 26 21 58 27 23 514 145 33 21 87
leaf_count=95821 21 77 73 45 39 20 20 21 36 22 24 34 22 35 23 65 26 41 48 21 26 21 58 27 23 514 145 33 21 87
internal_value=2.48967e-12 -0.00429424 -0.00510843 -0.0286865 -0.00237682 0.00123015 0.0134068 -0.0160891 0.0278618 0.0356942 -0.00362972 0.0484498 0.0397348 0.0773826 0.0161194 -0.00114688 -0.00374999 -0.0190464 -0.0208607 0.00568884 -0.00723985 -0.00575012 -0.0119518 0.0132727 0.0272423 -0.00713072 0.0053542 -0.0490443 0.0332732 -0.00659273
internal_weight=97489 1668 1647 171 1476 1235 450 148 302 266 128 201 179 69 110 87 65 104 241 63 126 785 592 193 49 534 172 81 42 160
internal_count=97489 1668 1647 171 1476 1235 450 148 302 266 128 201 179 69 110 87 65 104 241 63 126 785 592 193 49 534 172 81 42 160
is_linear=0
shrinkage=0.1


Tree=98
num_leaves=31
num_cat=0
split_feature=7 35 35 29 12 4 37 82 57 16 35 59 83 19 17 46 103 7 88 57 26 38 84 15 3 90 41 96 110 9
split_gain=3.11889 8.53281 8.68897 12.325 17.4482 15.9709 9.22724 8.73127 9.73722 8.66823 9.78031 8.40124 8.35846 8.94481 9.83075 7.99859 8.89993 14.7918 9.99022 8.30615 7.9568 10.4736 9.06509 7.95621 7.9115 7.4825 7.95509 7.38069 7.20217 7.07678
threshold=2.783867696928056 1.0965117617022559 1.0026246899500351 0.68184354922134705 5.5500000000000007 23.481666666666673 0.52386127875258326 58.500000000000007 19.500000000000004 13.925000000000002 1.1371504998787871 22.500000000000004 87.500000000000014 1.3779271744364847 1.6829902175698044 0.095454545454545472 0.46050000000000008 2.5980583915950093 38.850000000000001 18.500000000000004 0.78888888888888908 1.3875000000000002 12.500000000000002 4.1102851467657731 8.0797586597554787 3.5000000000000004 0.93338032134592741 252.50000000000003 82.500000000000014 4.2137333330927556
decision_type=8 10 10 10 10 10 10 8 10 10 10 10 10 10 10 10 2 10 10 8 10 10 8 10 10 10 10 2 2 10
left_child=1 2 -1 4 27 -6 -5 -8 -9 10 11 -3 13 14 -12 16 20 18 19 -18 21 22 -16 -14 28 -15 -27 -4 -17 -26
right_child=-2 9 3 6 5 -7 7 8 -10 -11 12 -13 23 25 15 24 17 -19 -20 -21 -22 -23 -24 -25 29 26 -28 -29 -30 -31
leaf_value=-0.001188430520648429 0.00020642911044571819 -0.017640147227841938 -0.0090062650364069723 -0.047408713701674168 0.15260831300169231 0.040588018066648933 0.055269842601025146 -0.0042732253048506355 0.068374820873141284 -0.054199018247607283 0.049417698575604352 -0.068504856717892179 -0.025985860451947642 0.058396724359811962 -0.061218118755256429 0.020312239598391242 0.0069427556729406347 -0.04293043055620633 0.087281920874248381 0.070860025690247616 -0.054340724226867046 0.04531787927112272 0.01235632324647723 0.039954725839197638 -0.059580608889658319 -0.021904411459951825 0.021548214576255484 0.052698655745812832 -0.033125637783560639 -0.013636763559864654
leaf_weight=9600 86030 194 63 34 20 35 34 238 20 41 31 39 215 37 34 61 133 38 23 24 43 31 33 20 73 58 154 28 43 62
leaf_count=9600 86030 194 63 34 20 35 34 238 20 41 31 39 215 37 34 61 133 38 23 24 43 31 33 20 73 58 154 28 43 62
internal_value=-3.81946e-12 -0.00154979 -0.00053716 0.012709 0.0368556 0.0813227 0.00189493 0.00763577 0.00135841 -0.00890326 -0.00752353 -0.026154 -0.00362335 0.000859997 -0.00549057 -0.00833699 0.00109944 0.0137622 0.0257306 0.0167135 -0.0184784 -0.00274289 -0.02498 -0.0203739 -0.0225114 0.0169022 0.00966023 0.00997986 -0.00178227 -0.0384805
internal_weight=97489 11459 10072 472 146 55 326 292 258 1387 1346 233 1113 878 629 598 359 218 180 157 141 98 67 235 239 249 212 91 104 135
internal_count=97489 11459 10072 472 146 55 326 292 258 1387 1346 233 1113 878 629 598 359 218 180 157 141 98 67 235 239 249 212 91 104 135
is_linear=0
shrinkage=0.1


Tree=99
num_leaves=31
num_cat=0
split_feature=110 89 11 90 83 43 36 9 41 87 18 84 87 1 32 104 35 46 35 82 17 22 17 93 11 33 89 21 6 6
split_gain=3.07332 12.6133 13.7529 22.2239 15.9464 13.6605 15.3768 12.0549 8.2301 7.97449 11.341 11.3215 15.6677 11.4558 12.2879 21.6631 16.1271 19.5951 12.4568 8.35999 10.1572 11.9538 9.8405 8.96614 17.1906 8.69548 10.5749 9.73193 9.36197 21.6567
threshold=84.500000000000014 22.500000000000004 7.9029474738301211 9.5000000000000018 46.500000000000007 2.4289043292708192 1.4500000000000002 8.7575363852498747 1.0713822763440657 24.500000000000004 3.3666666666666671 17.500000000000004 36.500000000000007 10.966790778847223 1.4722222222222225 107.95000000000002 1.2628271851500197 1.3798076923076925 1.5526172418969886 3.5000000000000004 2.1308097520192448 0.59411764705882364 2.0624229592703309 3.5000000000000004 3.9507013219591998 1.8586900430482911 16.500000000000004 1.9578900207451224 19.700000000000006 22.225000000000005
decision_type=2 10 10 10 10 8 8 10 10 8 10 8 8 10 10 2 10 10 10 10 10 10 10 10 10 10 10 10 10 10
left_child=-1 5 7 4 -4 9 -7 8 -3 10 19 -11 -13 14 -14 -16 -17 -18 -19 -2 21 -21 -23 25 -25 26 27 -22 -28 -30
right_child=1 2 3 -5 -6 6 -8 -9 -10 11 -12 12 13 -15 15 16 17 18 -20 20 23 22 -24 24 -26 -27 28 -29 29 -31
leaf_value=-0.00010144734585454308 -0.041420005130417215 -0.044655062505103746 0.02049084535703577 -0.035617405465907519 0.13655963144265115 0.10888379473515131 0.0011374878195615915 -0.092352281043052001 -0.0077926883999794392 -0.021798117494285264 0.079929855669086627 0.091055827732197947 -0.0070767651326093242 -0.020058881709080066 0.12166577819523149 0.096503687734630972 -0.064675798499956735 -0.023372862239678702 0.045146199392087492 0.086985257900703494 0.0090565544494708022 -0.0068486808488766359 0.066438655196516608 0.061714544740075677 -0.025806665381916411 -0.013050525004721501 0.021053890431983677 -0.052962474152445795 0.1293094520284622 -0.0060926628254708796
leaf_weight=94407 34 78 29 36 20 27 26 22 271 237 22 20 199 178 22 22 32 39 83 34 942 57 27 26 164 154 207 26 27 21
leaf_count=94407 34 78 29 36 20 27 26 22 271 237 22 20 199 178 22 22 32 39 83 34 942 57 27 26 164 154 207 26 27 21
internal_value=-1.35778e-11 0.00310751 -0.0122444 0.0240377 0.0678659 0.00577334 0.0560271 -0.020557 -0.0160313 0.00473819 0.00858671 -0.00331502 0.00404715 0.00102076 0.0104721 0.0281096 0.016415 0.00497381 0.0232426 0.00767365 0.00866426 0.0369574 0.016708 0.00653371 -0.0138301 0.00934352 0.0121634 0.00739075 0.0302806 0.070071
internal_weight=97489 3082 456 85 49 2626 53 371 349 2573 1741 832 595 575 397 198 176 154 122 1719 1685 118 84 1567 190 1377 1223 968 255 48
internal_count=97489 3082 456 85 49 2626 53 371 349 2573 1741 832 595 575 397 198 176 154 122 1719 1685 118 84 1567 190 1377 1223 968 255 48
is_linear=0
shrinkage=0.1


end of trees

feature_importances:
opponent_win_pct=131
blk_rolling_20g_avg=115
fantasy_pts_lag_1=84
blk_season_cumulative_total=78
blk_rolling_10g_std=75
blk_rolling_20g_std=74
blk_career_max=71
height_inches=71
opponent_def_rating=69
blk_rolling_10g_avg=61
pts_rolling_5g_std=58
blk_rolling_5g_avg=58
fantasy_pts_rolling_10g_std=56
reb_rolling_5g_std=54
reb_rolling_20g_std=54
reb_rolling_10g_std=51
fantasy_pts_rolling_5g_std=47
pts_rolling_10g_std=46
reb_rolling_5g_avg=45
tov_rolling_20g_std=45
tov_rolling_10g_std=41
fantasy_pts_rolling_5g_avg=40
fantasy_pts_rolling_20g_std=40
stl_rolling_20g_std=39
blk_rolling_5g_std=39
pts_rolling_5g_avg=38
reb_rolling_10g_avg=38
ast_rolling_20g_std=35
stl_rolling_10g_std=34
pts_lag_1=34
ast_season_cumulative_total=33
pts_rolling_20g_std=32
ast_rolling_10g_std=32
reb_lag_1=32
blk_lag_1=32
age_at_game=32
fantasy_pts_season_cumulative_total=31
draft_pick_numeric=30
reb_season_cumulative_total=29
ast_rolling_10g_avg=28
pts_season_cumulative_total=28
stl_rolling_10g_avg=26
tov_rolling_5g_std=26
fantasy_pts_season_min=26
WEIGHT=26
days_rest=26
reb_rolling_20g_avg=25
stl_rolling_5g_avg=25
fantasy_pts_career_min=25
pts_rolling_10g_avg=24
pts_rolling_20g_avg=23
tov_rolling_5g_avg=23
tov_season_cumulative_total=23
3pm_season_cumulative_total=23
ast_rolling_5g_std=22
stl_rolling_5g_std=22
3pm_rolling_20g_avg=22
3pm_rolling_20g_std=22
3pm_career_max=22
career_games_played=22
tov_rolling_20g_avg=21
fantasy_pts_season_max=20
stl_season_cumulative_total=20
home_game=20
fantasy_pts_rolling_10g_avg=19
fantasy_pts_career_max=19
tov_rolling_10g_avg=18
opponent_recent_form=18
fantasy_pts_rolling_20g_avg=17
ast_rolling_20g_avg=17
pts_season_max=17
reb_season_min=17
ast_career_max=17
reb_season_max=16
stl_rolling_20g_avg=15
3pm_rolling_5g_std=15
ast_rolling_5g_avg=14
3pm_rolling_5g_avg=13
3pm_rolling_10g_std=13
pts_career_max=13
3pm_rolling_10g_avg=11
pts_season_min=10
reb_career_max=10
blk_season_max=10
tov_career_max=10
season_number=8
blk_season_min=7
ast_lag_1=7
SEASON_EXP=7
position_Center=7
stl_season_max=6
3pm_lag_1=6
pts_career_min=5
reb_career_min=5
tov_lag_1=5
ast_season_max=4
stl_career_max=4
tov_season_min=4
tov_season_max=3
3pm_season_max=3
stl_lag_1=3
season_start_year=3
ast_season_min=2
blk_career_min=2
position_Guard=2
3pm_season_min=1
FROM_YEAR=1
away_game=1
position_Forward=1

parameters:
[boosting: gbdt]
[objective: regression]
[metric: l2]
[tree_learner: serial]
[device_type: cpu]
[data_sample_strategy: bagging]
[data: ]
[valid: ]
[num_iterations: 100]
[learning_rate: 0.1]
[num_leaves: 31]
[num_threads: 10]
[seed: 42]
[deterministic: 0]
[force_col_wise: 0]
[force_row_wise: 0]
[histogram_pool_size: -1]
[max_depth: -1]
[min_data_in_leaf: 20]
[min_sum_hessian_in_leaf: 0.001]
[bagging_fraction: 1]
[pos_bagging_fraction: 1]
[neg_bagging_fraction: 1]
[bagging_freq: 0]
[bagging_seed: 400]
[bagging_by_query: 0]
[feature_fraction: 1]
[feature_fraction_bynode: 1]
[feature_fraction_seed: 30056]
[extra_trees: 0]
[extra_seed: 12879]
[early_stopping_round: 0]
[early_stopping_min_delta: 0]
[first_metric_only: 0]
[max_delta_step: 0]
[lambda_l1: 0]
[lambda_l2: 0]
[linear_lambda: 0]
[min_gain_to_split: 0]
[drop_rate: 0.1]
[max_drop: 50]
[skip_drop: 0.5]
[xgboost_dart_mode: 0]
[uniform_drop: 0]
[drop_seed: 17869]
[top_rate: 0.2]
[other_rate: 0.1]
[min_data_per_group: 100]
[max_cat_threshold: 32]
[cat_l2: 10]
[cat_smooth: 10]
[max_cat_to_onehot: 4]
[top_k: 20]
[monotone_constraints: ]
[monotone_constraints_method: basic]
[monotone_penalty: 0]
[feature_contri: ]
[forcedsplits_filename: ]
[refit_decay_rate: 0.9]
[cegb_tradeoff: 1]
[cegb_penalty_split: 0]
[cegb_penalty_feature_lazy: ]
[cegb_penalty_feature_coupled: ]
[path_smooth: 0]
[interaction_constraints: ]
[verbosity: -1]
[saved_feature_importance_type: 0]
[use_quantized_grad: 0]
[num_grad_quant_bins: 4]
[quant_train_renew_leaf: 0]
[stochastic_rounding: 1]
[linear_tree: 0]
[max_bin: 255]
[max_bin_by_feature: ]
[min_data_in_bin: 3]
[bin_construct_sample_cnt: 200000]
[data_random_seed: 175]
[is_enable_sparse: 1]
[enable_bundle: 1]
[use_missing: 1]
[zero_as_missing: 0]
[feature_pre_filter: 1]
[pre_partition: 0]
[two_round: 0]
[header: 0]
[label_column: ]
[weight_column: ]
[group_column: ]
[ignore_column: ]
[categorical_feature: ]
[forcedbins_filename: ]
[precise_float_parser: 0]
[parser_config_file: ]
[objective_seed: 16083]
[num_class: 1]
[is_unbalance: 0]
[scale_pos_weight: 1]
[sigmoid: 1]
[boost_from_average: 1]
[reg_sqrt: 0]
[alpha: 0.9]
[fair_c: 1]
[poisson_max_delta_step: 0.7]
[tweedie_variance_power: 1.5]
[lambdarank_truncation_level: 30]
[lambdarank_norm: 1]
[label_gain: ]
[lambdarank_position_bias_regularization: 0]
[eval_at: ]
[multi_error_top_k: 1]
[auc_mu_weights: ]
[num_machines: 1]
[local_listen_port: 12400]
[time_out: 120]
[machine_list_filename: ]
[machines: ]
[gpu_platform_id: -1]
[gpu_device_id: -1]
[gpu_use_dp: 0]
[num_gpu: 1]

end of parameters

pandas_categorical:[]
