TEAM_ID,TEAM_NAME,GP,W,L,W_PCT,MIN,FGM,FGA,FG_PCT,3PM,FG3A,FG3_PCT,FTM,FTA,FT_PCT,OREB,DREB,REB,AST,TOV,STL,BLK,BLKA,PF,PFD,PTS,PLUS_MINUS,GP_RANK,W_RANK,L_RANK,W_PCT_RANK,MIN_RANK,FGM_RANK,FGA_RANK,FG_PCT_RANK,FG3M_RANK,FG3A_RANK,FG3_PCT_RANK,FTM_RANK,FTA_RANK,FT_PCT_RANK,OREB_RANK,DREB_RANK,REB_RANK,AST_RANK,TOV_RANK,STL_RANK,BLK_RANK,BLKA_RANK,PF_RANK,PFD_RANK,PTS_RANK,PLUS_MINUS_RANK,SEASON
1610612737,Atlanta Hawks,82,28,54,0.341,3981.0,2829,6529,0.433,419,1249,0.335,1534,1976,0.776,996,2507,3503,1648,1350.0,627,408,416,1826,3,7611,-381.0,1,25,25,25,4,17,16,20,15,14,23,12,17,6,16,10,12,22,26,17,12,15,23,15,15,26,2003-04
1610612738,Boston Celtics,82,36,46,0.439,3941.0,2843,6415,0.443,553,1599,0.346,1572,2095,0.75,851,2440,3291,1683,1332.0,770,331,408,1837,2,7811,-119.0,1,20,20,20,28,15,22,10,3,3,12,8,8,18,27,17,27,17,24,2,25,12,24,24,8,19,2003-04
1610612741,Chicago Bulls,82,23,59,0.28,3966.0,2798,6753,0.414,429,1256,0.342,1330,1834,0.725,1048,2519,3567,1793,1321.0,659,396,446,1911,3,7355,-521.0,1,28,28,28,11,20,4,29,12,13,19,27,23,25,8,9,4,10,23,13,15,22,28,15,26,28,2003-04
1610612739,Cleveland Cavaliers,82,35,47,0.427,3971.0,2922,6753,0.433,247,786,0.314,1528,2030,0.753,1118,2619,3737,1808,1216.0,585,537,434,1743,2,7619,-215.0,1,21,21,21,7,10,4,21,29,28,29,13,12,14,3,4,1,8,15,23,3,19,15,24,14,22,2003-04
1610612742,Dallas Mavericks,82,52,30,0.634,3961.0,3322,7230,0.459,507,1456,0.348,1475,1854,0.796,1174,2538,3712,1963,1000.0,656,437,382,1609,3,8626,364.0,1,7,7,7,15,1,1,3,6,5,11,15,22,1,1,6,2,3,1,15,10,7,3,15,1,6,2003-04
1610612743,Denver Nuggets,82,43,39,0.524,3946.0,2993,6763,0.443,331,985,0.336,1655,2159,0.767,1083,2387,3470,1794,1278.0,745,520,479,1804,6,7972,88.0,1,11,11,11,26,5,3,11,25,25,21,3,6,9,7,24,15,9,20,3,5,27,20,2,5,11,2003-04
1610612765,Detroit Pistons,82,54,28,0.659,3956.0,2747,6314,0.435,333,968,0.344,1561,2074,0.753,1014,2492,3506,1702,1241.0,659,570,410,1664,4,7388,479.0,1,6,6,6,19,24,26,19,24,26,15,9,9,15,12,12,11,15,18,13,1,13,4,9,24,2,2003-04
1610612744,Golden State Warriors,82,37,45,0.451,3971.0,2875,6511,0.442,429,1283,0.334,1470,2028,0.725,1002,2533,3535,1681,1211.0,576,389,418,1691,2,7649,-60.0,1,18,18,18,7,14,18,15,12,10,24,17,13,26,14,8,7,18,13,25,17,16,7,24,13,16,2003-04
1610612745,Houston Rockets,82,45,37,0.549,3985.633333,2738,6195,0.442,515,1406,0.366,1371,1774,0.773,847,2647,3494,1579,1373.0,560,443,359,1762,3,7362,142.0,1,10,10,10,3,25,28,13,5,6,3,24,25,8,28,2,13,26,28,27,8,4,18,15,25,10,2003-04
1610612754,Indiana Pacers,82,61,21,0.744,3961.0,2753,6322,0.435,449,1281,0.351,1538,2014,0.764,965,2452,3417,1774,1182.0,726,411,512,1709,5,7493,472.0,1,1,1,1,15,23,25,18,9,11,9,11,14,11,17,16,18,12,9,6,11,28,9,4,20,3,2003-04
1610612746,Los Angeles Clippers,82,28,54,0.341,3961.0,2817,6579,0.428,329,1024,0.321,1808,2302,0.785,1149,2416,3565,1653,1344.0,594,376,437,1816,3,7771,-376.0,1,25,25,25,15,18,13,24,26,23,26,1,2,4,2,20,5,21,25,21,22,20,22,15,9,25,2003-04
1610612747,Los Angeles Lakers,82,56,26,0.683,3971.0,3028,6676,0.454,365,1115,0.327,1631,2352,0.693,1001,2535,3536,1948,1132.0,682,379,308,1732,5,8052,320.0,1,4,4,4,7,4,7,4,22,20,25,5,1,28,15,7,6,4,5,10,21,2,14,4,3,7,2003-04
1610612763,Memphis Grizzlies,82,50,32,0.61,3976.0,2963,6657,0.445,447,1314,0.34,1557,2143,0.727,1047,2381,3428,1915,1226.0,795,565,461,1903,4,7930,200.0,1,8,8,8,5,7,9,8,10,8,20,10,7,24,9,25,17,5,16,1,2,25,27,9,7,9,2003-04
1610612748,Miami Heat,82,42,40,0.512,3951.0,2729,6417,0.425,485,1357,0.357,1459,1915,0.762,940,2459,3399,1565,1137.0,590,313,439,1812,4,7402,43.0,1,12,12,12,23,26,21,25,7,7,7,18,19,12,21,15,20,28,6,22,28,21,21,9,22,13,2003-04
1610612749,Milwaukee Bucks,82,41,41,0.5,3956.0,2970,6650,0.447,401,1145,0.35,1698,2192,0.775,960,2502,3462,1872,1110.0,554,383,406,1668,3,8039,87.0,1,14,14,14,19,6,10,6,19,17,10,2,5,7,18,11,16,7,3,28,19,11,6,15,4,12,2003-04
1610612750,Minnesota Timberwolves,82,58,24,0.707,3951.0,3033,6571,0.462,326,897,0.363,1361,1743,0.781,875,2645,3520,1890,1043.0,561,462,296,1731,6,7753,450.0,1,2,2,2,23,3,14,2,27,27,5,26,26,5,25,3,8,6,2,26,7,1,13,2,10,4,2003-04
1610612751,New Jersey Nets,82,47,35,0.573,3941.0,2813,6372,0.441,377,1123,0.336,1398,1856,0.753,862,2473,3335,2009,1209.0,709,322,374,1722,5,7401,205.0,1,9,9,9,28,19,23,16,21,19,22,21,21,13,26,14,25,2,12,8,27,5,12,4,23,8,2003-04
1610612740,New Orleans Hornets,82,41,41,0.5,3966.0,2772,6605,0.42,531,1666,0.319,1454,1937,0.751,1091,2418,3509,1716,1228.0,708,346,429,1715,7,7529,-11.0,1,14,14,14,11,21,11,27,4,2,28,19,18,17,6,19,9,14,17,9,24,17,11,1,18,14,2003-04
1610612752,New York Knicks,82,39,43,0.476,3976.0,2881,6513,0.442,406,1115,0.364,1374,1732,0.793,950,2543,3493,1695,1289.0,608,391,383,1897,3,7542,-121.0,1,17,17,17,5,13,17,12,18,20,4,23,27,3,19,5,14,16,21,19,16,8,26,15,16,20,2003-04
1610612753,Orlando Magic,82,21,61,0.256,3966.0,2904,6768,0.429,429,1248,0.344,1474,2000,0.737,1003,2350,3353,1584,1123.0,547,308,450,1744,4,7711,-576.0,1,29,29,29,11,11,2,22,12,15,16,16,16,22,13,27,23,25,4,29,29,24,16,9,12,29,2003-04
1610612755,Philadelphia 76ers,82,33,49,0.402,3971.0,2682,6260,0.428,339,992,0.342,1512,2009,0.753,941,2408,3349,1640,1307.0,654,358,463,1701,1,7215,-204.0,1,22,22,22,7,28,27,23,23,24,17,14,15,16,20,21,24,23,22,16,23,26,8,29,28,21,2003-04
1610612756,Phoenix Suns,82,29,53,0.354,3946.0,2958,6671,0.443,415,1202,0.345,1392,1865,0.746,924,2406,3330,1586,1249.0,734,383,431,1862,3,7723,-307.0,1,24,24,24,26,8,8,9,16,16,14,22,20,20,22,22,26,24,19,4,19,18,25,15,11,24,2003-04
1610612757,Portland Trail Blazers,82,41,41,0.5,3996.0,2898,6467,0.448,381,1102,0.346,1263,1728,0.731,1040,2376,3416,1768,1213.0,613,443,390,1554,4,7440,-104.0,1,14,14,14,1,12,19,5,20,22,13,28,28,23,10,26,19,13,14,18,8,10,1,9,21,18,2003-04
1610612758,Sacramento Kings,82,55,27,0.671,3956.0,3103,6711,0.462,601,1498,0.401,1626,2044,0.795,888,2492,3380,2152,1137.0,710,325,413,1586,4,8433,411.0,1,5,5,5,19,2,6,1,2,4,1,6,11,2,24,12,21,1,6,7,26,14,2,9,2,5,2003-04
1610612759,San Antonio Spurs,82,57,25,0.695,3950.633333,2842,6434,0.442,408,1140,0.358,1409,2069,0.681,1029,2669,3698,1676,1203.0,661,537,380,1667,2,7501,592.0,1,3,3,3,25,16,20,14,17,18,6,20,10,29,11,1,3,19,11,11,3,6,5,24,19,1,2003-04
1610612760,Seattle SuperSonics,82,37,45,0.451,3961.0,2939,6590,0.446,723,1936,0.373,1363,1782,0.765,907,2318,3225,1782,1188.0,661,387,387,1784,5,7964,-52.0,1,18,18,18,15,9,12,7,1,1,2,25,24,10,23,28,29,11,10,11,18,9,19,4,6,15,2003-04
1610612761,Toronto Raptors,82,33,49,0.402,3996.0,2654,6348,0.418,461,1294,0.356,1237,1650,0.75,830,2419,3249,1574,1165.0,604,402,333,1748,2,7006,-247.0,1,22,22,22,1,29,24,28,8,9,8,29,29,19,29,18,28,27,8,20,14,3,17,24,29,23,2003-04
1610612762,Utah Jazz,82,42,40,0.512,3956.0,2690,6172,0.436,252,786,0.321,1639,2196,0.746,1103,2272,3375,1671,1365.0,581,494,530,2096,5,7271,-100.0,1,12,12,12,19,27,29,17,28,28,27,4,4,21,5,29,22,20,27,24,6,29,29,4,27,17,2003-04
1610612764,Washington Wizards,82,25,57,0.305,3966.0,2759,6557,0.421,434,1270,0.342,1579,2211,0.714,1115,2392,3507,1537,1439.0,733,406,448,1712,3,7531,-459.0,1,27,27,27,11,22,15,26,11,12,18,7,3,27,4,23,10,29,29,5,13,23,10,15,17,27,2003-04
1610612737,Atlanta Hawks,82,13,69,0.159,3971.0,2942,6672,0.441,304,973,0.312,1417,1994,0.711,1100,2335,3435,1614,1319.0,629,344,484,2009,1,7605,-796.0,1,30,30,30,11,17,10,21,27,23,30,27,25,28,3,25,17,25,28,13,21,30,28,23,28,30,2004-05
1610612738,Boston Celtics,82,45,37,0.549,3975.65,3046,6511,0.468,437,1252,0.349,1775,2323,0.764,909,2438,3347,1810,1297.0,667,423,402,2000,3,8304,71.0,1,11,11,11,10,5,19,3,17,17,19,3,4,14,23,16,24,9,26,8,13,16,27,13,5,13,2004-05
1610612766,Charlotte Bobcats,82,18,64,0.22,3976.0,2961,6859,0.432,320,881,0.363,1487,2096,0.709,1083,2335,3418,1794,1192.0,695,440,446,1894,4,7729,-491.0,1,28,28,28,8,14,4,27,24,28,9,25,18,29,4,25,19,10,18,6,12,25,21,8,22,28,2004-05
1610612741,Chicago Bulls,82,47,35,0.573,3966.0,2849,6592,0.432,511,1433,0.357,1536,2048,0.75,1001,2591,3592,1743,1371.0,576,369,434,2028,5,7745,87.0,1,10,10,10,16,24,16,26,11,11,13,22,21,21,13,4,2,15,30,20,18,24,29,4,21,12,2004-05
1610612739,Cleveland Cavaliers,82,42,40,0.512,3971.0,2990,6687,0.447,300,904,0.332,1634,2174,0.752,1117,2352,3469,1851,1141.0,654,461,419,1850,4,7914,65.0,1,17,17,17,11,10,8,15,28,27,27,14,12,20,2,24,14,6,13,9,7,21,15,8,17,14,2004-05
1610612742,Dallas Mavericks,82,58,24,0.707,3946.0,3058,6691,0.457,463,1273,0.364,1826,2314,0.789,990,2530,3520,1610,1102.0,708,461,399,1827,3,8405,471.0,1,4,4,4,27,4,7,8,15,15,6,1,5,4,14,8,8,26,4,4,7,15,13,13,3,4,2004-05
1610612743,Denver Nuggets,82,49,33,0.598,3951.0,3038,6615,0.459,320,940,0.34,1765,2313,0.763,967,2473,3440,1958,1224.0,750,489,458,1878,6,8161,166.0,1,9,9,9,24,7,14,5,24,24,26,6,6,15,19,12,16,2,22,2,4,27,17,2,8,10,2004-05
1610612765,Detroit Pistons,82,54,28,0.659,3991.0,2851,6421,0.444,363,1053,0.345,1588,2150,0.739,1054,2507,3561,1787,1133.0,576,497,367,1638,3,7653,317.0,1,5,5,5,3,23,23,17,22,22,23,16,13,23,6,10,4,12,11,20,3,8,2,13,24,6,2004-05
1610612744,Golden State Warriors,82,34,48,0.415,3981.0,3029,7039,0.43,624,1774,0.352,1412,1955,0.722,1069,2436,3505,1811,1112.0,642,420,417,1833,2,8094,-177.0,1,21,21,21,5,9,1,28,5,4,16,28,27,27,5,17,10,8,5,11,15,20,14,19,13,21,2004-05
1610612745,Houston Rockets,82,51,31,0.622,3971.0,2846,6419,0.443,553,1521,0.364,1551,1986,0.781,874,2601,3475,1733,1135.0,563,378,335,1807,0,7796,331.0,1,7,7,7,11,25,24,20,6,7,7,21,26,7,27,3,13,16,12,23,16,3,9,29,20,5,2004-05
1610612754,Indiana Pacers,82,44,38,0.537,3980.65,2668,6169,0.432,542,1575,0.344,1748,2206,0.792,868,2418,3286,1489,1173.0,615,357,398,1890,6,7626,62.0,1,14,14,14,7,30,30,25,7,6,24,7,10,2,28,18,28,29,16,16,19,14,20,2,25,15,2004-05
1610612746,Los Angeles Clippers,82,37,45,0.451,4006.0,2924,6368,0.459,231,669,0.345,1770,2274,0.778,980,2455,3435,1901,1290.0,599,422,393,1819,2,7849,-63.0,1,19,19,19,1,18,26,6,30,30,21,5,7,8,17,13,17,5,24,18,14,13,12,19,19,18,2004-05
1610612747,Los Angeles Lakers,82,34,48,0.415,3956.0,2895,6629,0.437,644,1813,0.355,1661,2137,0.777,1028,2511,3539,1672,1176.0,508,344,420,1794,1,8095,-243.0,1,21,21,21,19,21,12,23,4,3,15,12,14,9,10,9,5,22,17,29,21,22,7,23,12,24,2004-05
1610612763,Memphis Grizzlies,82,45,37,0.549,3941.0,2802,6271,0.447,531,1486,0.357,1526,2024,0.754,887,2307,3194,1716,1197.0,699,476,476,1910,3,7661,188.0,1,11,11,11,29,27,29,16,8,9,12,24,23,19,25,28,30,20,19,5,5,29,22,13,23,7,2004-05
1610612748,Miami Heat,82,59,23,0.72,3996.0,3097,6368,0.486,475,1260,0.377,1658,2466,0.672,887,2639,3526,1791,1127.0,528,474,264,1814,0,8327,535.0,1,2,2,2,2,3,26,1,14,16,3,13,2,30,25,2,7,11,9,28,6,1,11,29,4,3,2004-05
1610612749,Milwaukee Bucks,82,30,52,0.366,3956.0,2964,6580,0.45,325,925,0.351,1720,2229,0.772,985,2405,3390,1720,1132.0,529,289,370,1797,5,7973,-245.0,1,25,25,25,19,13,17,13,23,25,17,9,9,11,16,19,20,19,10,27,29,9,8,4,15,25,2004-05
1610612750,Minnesota Timberwolves,82,44,38,0.537,3951.0,3045,6629,0.459,395,1145,0.345,1449,1820,0.796,947,2580,3527,1918,1079.0,460,447,323,1774,3,7934,119.0,1,14,14,14,24,6,12,4,21,21,22,26,30,1,22,5,6,4,2,30,10,2,6,13,16,11,2004-05
1610612751,New Jersey Nets,82,42,40,0.512,3981.0,2753,6419,0.429,435,1203,0.362,1555,2039,0.763,855,2387,3242,1772,1164.0,650,308,402,1985,1,7496,-123.0,1,17,17,17,5,28,24,29,18,19,11,20,22,16,29,22,29,13,14,10,28,16,26,23,29,19,2004-05
1610612740,New Orleans Hornets,82,18,64,0.22,3986.0,2718,6556,0.415,415,1316,0.315,1401,1830,0.766,1019,2281,3300,1724,1217.0,550,310,452,1883,4,7252,-580.0,1,28,28,28,4,29,18,30,20,14,29,30,29,13,12,29,25,17,21,25,27,26,19,8,30,29,2004-05
1610612752,New York Knicks,82,33,49,0.402,3976.0,2978,6599,0.451,441,1240,0.356,1580,2060,0.767,965,2393,3358,1665,1204.0,629,260,389,1942,5,7977,-200.0,1,23,23,23,8,11,15,11,16,18,14,17,20,12,21,21,22,24,20,13,30,11,24,4,14,23,2004-05
1610612753,Orlando Magic,82,36,46,0.439,3941.0,3034,6679,0.454,320,916,0.349,1772,2335,0.759,1038,2544,3582,1583,1322.0,633,441,354,1937,2,8160,-184.0,1,20,20,20,29,8,9,9,24,26,18,4,3,17,9,6,3,27,29,12,11,5,23,19,9,22,2004-05
1610612755,Philadelphia 76ers,82,43,39,0.524,3971.0,2946,6736,0.437,505,1453,0.348,1731,2194,0.789,909,2536,3445,1710,1274.0,756,321,383,1878,4,8128,-61.0,1,16,16,16,11,16,6,22,13,10,20,8,11,5,23,7,15,21,23,1,24,10,17,8,10,17,2004-05
1610612756,Phoenix Suns,82,62,20,0.756,3956.0,3351,7018,0.477,796,2026,0.393,1556,2080,0.748,967,2652,3619,1927,1125.0,572,453,342,1563,1,9054,584.0,1,1,1,1,19,1,2,2,1,1,1,19,19,22,19,1,1,3,7,22,9,4,1,23,1,2,2004-05
1610612757,Portland Trail Blazers,82,27,55,0.329,3946.0,2896,6422,0.451,420,1161,0.362,1409,1944,0.725,970,2404,3374,1722,1308.0,583,544,414,1703,5,7621,-328.0,1,26,26,26,27,20,22,12,19,20,10,29,28,25,18,20,21,18,27,19,1,19,4,4,27,26,2004-05
1610612758,Sacramento Kings,82,50,32,0.61,3971.0,3203,6978,0.459,522,1396,0.374,1577,2004,0.787,1023,2455,3478,2005,1073.0,674,316,365,1685,3,8505,177.0,1,8,8,8,11,2,3,7,9,12,4,18,24,6,11,13,11,1,1,7,26,7,3,13,2,9,2004-05
1610612759,San Antonio Spurs,82,59,23,0.72,3961.0,2923,6450,0.453,507,1395,0.363,1535,2120,0.724,987,2489,3476,1770,1126.0,613,543,421,1717,4,7888,640.0,1,2,2,2,17,19,21,10,12,13,8,23,16,26,15,11,12,14,8,17,2,23,5,8,18,1,2004-05
1610612760,Seattle SuperSonics,82,52,30,0.634,3951.0,2882,6498,0.444,666,1824,0.365,1683,2131,0.79,1041,2311,3352,1487,1113.0,553,338,390,1944,12,8113,188.0,1,6,6,6,24,22,20,18,2,2,5,11,15,3,8,27,23,30,6,24,23,12,25,1,11,7,2004-05
1610612761,Toronto Raptors,82,33,49,0.402,3961.0,2952,6656,0.444,648,1681,0.385,1626,2101,0.774,844,2444,3288,1670,1087.0,621,317,360,1876,2,8178,-133.0,1,23,23,23,17,15,11,19,3,5,2,15,17,10,30,15,27,23,3,15,25,6,16,19,7,20,2004-05
1610612762,Utah Jazz,82,26,56,0.317,3956.0,2828,6301,0.449,250,762,0.328,1719,2272,0.757,1047,2243,3290,1826,1292.0,541,374,474,2189,1,7625,-350.0,1,27,27,27,19,26,28,14,29,29,28,10,8,18,7,30,26,7,25,26,17,28,30,23,26,27,2004-05
1610612764,Washington Wizards,82,45,37,0.549,3956.0,2966,6794,0.437,514,1498,0.343,1795,2476,0.725,1133,2374,3507,1563,1172.0,716,347,412,1807,1,8241,-27.0,1,11,11,11,19,12,5,24,10,8,25,2,1,24,1,23,9,28,15,3,20,18,9,23,6,16,2004-05
1610612737,Atlanta Hawks,82,26,56,0.317,3976.0,2946,6496,0.454,424,1154,0.367,1656,2207,0.75,1069,2232,3301,1625,1284.0,587,394,422,2054,1855,7972,-390.0,1,27,27,27,9,18,14,17,20,20,11,13,10,14,2,29,20,20,27,15,15,24,29,18,16,28,2005-06
1610612738,Boston Celtics,82,33,49,0.402,3976.0,2951,6322,0.467,467,1290,0.362,1664,2204,0.755,813,2432,3245,1716,1359.0,578,422,404,2033,1837,8033,-126.0,1,24,24,24,9,16,22,5,18,18,13,10,11,13,28,15,26,12,29,17,11,20,27,20,12,19,2005-06
1610612766,Charlotte Bobcats,82,26,56,0.317,3981.0,2961,6843,0.433,428,1261,0.339,1593,2186,0.729,990,2270,3260,1717,1167.0,822,354,441,1960,1929,7943,-328.0,1,27,27,27,5,14,2,30,19,19,23,19,14,21,7,27,24,10,14,1,19,28,24,7,18,27,2005-06
1610612741,Chicago Bulls,82,41,41,0.5,3981.0,3004,6737,0.446,560,1477,0.379,1452,1967,0.738,906,2602,3508,1804,1224.0,508,345,420,2038,1882,8020,52.0,1,14,14,14,5,6,4,22,6,8,5,25,25,17,14,4,3,6,24,30,21,23,28,15,13,14,2005-06
1610612739,Cleveland Cavaliers,82,50,32,0.61,3966.0,2908,6412,0.454,497,1465,0.339,1689,2318,0.729,959,2511,3470,1560,1137.0,567,392,357,1733,1842,8002,183.0,1,6,6,6,17,21,17,16,12,9,24,9,6,22,11,9,4,24,9,18,16,9,6,19,15,8,2005-06
1610612742,Dallas Mavericks,82,60,22,0.732,3976.0,2948,6375,0.462,416,1113,0.374,1818,2322,0.783,1030,2431,3461,1473,1112.0,593,488,400,1834,1938,8130,498.0,1,3,3,3,9,17,18,7,21,21,9,3,5,6,5,16,6,29,5,13,4,17,11,4,9,3,2005-06
1610612743,Denver Nuggets,82,44,38,0.537,3986.0,3078,6672,0.461,350,1076,0.325,1721,2312,0.744,903,2486,3389,1921,1216.0,698,463,436,1863,1911,8227,19.0,1,11,11,11,3,2,6,8,24,22,30,6,7,16,15,11,14,3,23,2,7,26,13,10,5,15,2005-06
1610612765,Detroit Pistons,82,64,18,0.78,3966.0,2983,6558,0.455,557,1451,0.384,1418,1950,0.727,975,2347,3322,1971,931.0,580,490,285,1513,1710,7941,547.0,1,1,1,1,17,11,11,12,7,10,3,27,26,23,9,24,19,2,1,16,3,2,1,27,19,2,2005-06
1610612744,Golden State Warriors,82,34,48,0.415,3966.0,2939,6785,0.433,625,1832,0.341,1573,2190,0.718,980,2485,3465,1694,1156.0,604,356,409,1941,1918,8076,-111.0,1,22,22,22,17,19,3,28,2,2,22,21,12,26,8,12,5,16,12,9,18,21,23,9,11,18,2005-06
1610612745,Houston Rockets,82,34,48,0.415,3966.0,2708,6252,0.433,469,1414,0.332,1502,1980,0.759,849,2565,3414,1580,1193.0,588,320,373,1863,1716,7387,-130.0,1,22,22,22,17,30,26,29,17,13,27,23,24,8,24,5,11,23,18,14,23,11,13,26,29,20,2005-06
1610612754,Indiana Pacers,82,41,41,0.5,3946.0,2786,6274,0.444,536,1536,0.349,1591,2158,0.737,898,2559,3457,1631,1254.0,598,409,399,1821,1800,7699,155.0,1,14,14,14,29,26,24,24,9,7,18,20,18,19,16,6,8,19,26,11,13,15,9,23,23,9,2005-06
1610612746,Los Angeles Clippers,82,47,35,0.573,3961.0,2993,6443,0.465,290,843,0.344,1694,2142,0.791,828,2704,3532,1708,1185.0,534,503,355,1872,1777,7970,129.0,1,9,9,9,24,8,15,6,30,29,21,8,19,3,26,1,2,14,15,24,1,8,16,24,17,11,2005-06
1610612747,Los Angeles Lakers,82,45,37,0.549,3971.0,2992,6607,0.453,552,1583,0.349,1618,2172,0.745,970,2488,3458,1734,1143.0,628,350,354,1894,1925,8154,205.0,1,10,10,10,13,10,9,19,8,5,19,17,17,15,10,10,7,9,10,5,20,7,18,8,7,7,2005-06
1610612763,Memphis Grizzlies,82,49,33,0.598,3971.0,2746,6125,0.448,590,1578,0.374,1476,2077,0.711,834,2379,3213,1586,1134.0,600,442,456,1757,1867,7558,303.0,1,7,7,7,13,28,30,20,5,6,8,24,23,27,25,21,28,22,8,10,8,29,7,17,27,6,2005-06
1610612748,Miami Heat,82,52,30,0.634,3951.0,3039,6355,0.478,497,1441,0.345,1616,2310,0.7,858,2675,3533,1692,1186.0,522,442,298,1871,1938,8191,317.0,1,5,5,5,28,4,19,2,12,12,20,18,8,29,21,2,1,17,16,29,8,3,15,4,6,5,2005-06
1610612749,Milwaukee Bucks,82,40,42,0.488,3971.0,2976,6566,0.453,507,1335,0.38,1561,2115,0.738,929,2448,3377,1769,1197.0,597,270,414,1902,1937,8020,-85.0,1,17,17,17,13,12,10,18,11,17,4,22,20,18,12,14,16,8,19,12,30,22,19,6,13,16,2005-06
1610612750,Minnesota Timberwolves,82,33,49,0.402,3971.0,2888,6340,0.456,310,942,0.329,1436,1895,0.758,811,2422,3233,1716,1189.0,559,471,374,1889,1736,7522,-154.0,1,24,24,24,13,22,21,11,27,25,29,26,28,11,29,18,27,12,17,19,5,12,17,25,28,21,2005-06
1610612751,New Jersey Nets,82,49,33,0.598,3956.0,2778,6317,0.44,477,1447,0.33,1658,2187,0.758,822,2539,3361,1884,1119.0,558,278,329,1903,1889,7691,112.0,1,7,7,7,27,27,23,27,16,11,28,12,13,9,27,8,17,4,6,20,27,4,20,14,24,13,2005-06
1610612740,New Orleans/Oklahoma City Hornets,82,38,44,0.463,3961.0,2831,6428,0.44,300,885,0.339,1649,2176,0.758,918,2379,3297,1519,1095.0,611,311,432,1786,1910,7611,-231.0,1,18,18,18,24,23,16,26,28,27,25,16,15,10,13,21,22,26,4,7,24,25,8,11,25,24,2005-06
1610612752,New York Knicks,82,23,59,0.28,3986.0,2822,6205,0.455,320,884,0.362,1878,2587,0.726,1033,2360,3393,1468,1449.0,555,271,436,2157,2051,7842,-525.0,1,29,29,29,3,24,28,13,25,28,14,2,1,24,4,23,13,30,30,21,29,26,30,3,20,29,2005-06
1610612753,Orlando Magic,82,36,46,0.439,3981.0,2911,6167,0.472,299,796,0.376,1663,2277,0.73,892,2402,3294,1495,1240.0,532,362,386,1908,1899,7784,-88.0,1,20,20,20,5,20,29,3,29,30,6,11,9,20,17,19,23,27,25,25,17,13,21,12,22,17,2005-06
1610612755,Philadelphia 76ers,82,38,44,0.463,3981.0,3001,6546,0.458,375,1031,0.364,1770,2330,0.76,873,2425,3298,1653,1159.0,651,404,386,1712,1898,8147,-160.0,1,18,18,18,5,7,12,10,22,24,12,5,4,7,19,17,21,18,13,4,14,13,4,13,8,22,2005-06
1610612756,Phoenix Suns,82,54,28,0.659,3991.0,3430,7167,0.479,837,2097,0.399,1189,1475,0.806,778,2650,3428,2179,1088.0,549,412,282,1683,1623,8886,455.0,1,4,4,4,1,1,1,1,1,1,1,30,30,1,30,3,10,1,3,22,12,1,3,30,1,4,2005-06
1610612757,Portland Trail Blazers,82,21,61,0.256,3946.0,2791,6267,0.445,364,1042,0.349,1339,1944,0.689,886,2203,3089,1490,1205.0,529,435,403,1828,1704,7285,-775.0,1,30,30,30,29,25,25,23,23,23,17,28,27,30,18,30,30,28,21,26,10,18,10,28,30,30,2005-06
1610612758,Sacramento Kings,82,44,38,0.537,3966.0,2954,6500,0.454,494,1408,0.351,1704,2173,0.784,852,2473,3325,1825,1199.0,608,299,403,1672,1870,8106,126.0,1,11,11,11,17,15,13,14,15,14,16,7,16,5,22,13,18,5,20,8,26,18,2,16,10,12,2005-06
1610612759,San Antonio Spurs,82,63,19,0.768,3961.0,2993,6342,0.472,524,1362,0.385,1327,1891,0.702,851,2548,3399,1717,1126.0,543,467,343,1714,1689,7837,559.0,1,2,2,2,24,8,20,4,10,16,2,29,29,28,23,7,12,10,7,23,6,6,5,29,21,1,2005-06
1610612760,Seattle SuperSonics,82,35,47,0.427,3966.0,3077,6711,0.459,605,1631,0.371,1652,2104,0.785,1013,2233,3246,1696,1208.0,622,306,399,1933,1820,8411,-248.0,1,21,21,21,17,3,5,9,4,3,10,15,21,4,6,28,25,15,22,6,25,15,22,22,2,26,2005-06
1610612761,Toronto Raptors,82,27,55,0.329,3991.0,3013,6639,0.454,608,1620,0.375,1653,2089,0.791,864,2291,3155,1593,1071.0,529,272,359,1965,1834,8287,-245.0,1,26,26,26,1,5,8,15,3,4,7,14,22,2,20,26,29,21,2,26,28,10,25,21,4,25,2005-06
1610612762,Utah Jazz,82,41,41,0.5,3976.0,2744,6207,0.442,311,925,0.336,1774,2466,0.719,1071,2380,3451,1772,1290.0,524,492,463,2032,2104,7573,-216.0,1,14,14,14,9,29,27,25,26,26,26,4,3,25,1,20,9,7,28,28,2,30,26,1,26,23,2005-06
1610612764,Washington Wizards,82,42,40,0.512,3966.0,2975,6656,0.447,497,1394,0.357,1889,2496,0.757,1035,2344,3379,1523,1143.0,658,339,341,1855,2053,8336,152.0,1,13,13,13,17,13,7,21,12,15,15,1,2,12,3,25,15,25,10,3,22,5,12,2,3,10,2005-06
1610612737,Atlanta Hawks,82,30,52,0.366,3975.985,2831,6372,0.444,341,1038,0.329,1677,2203,0.761,976,2312,3288,1573,1306.0,609,446,421,1970,1853,7680,-390.0,1,27,27,27,13,30,25,28,28,27,30,9,10,14,9,28,22,26,22,9,5,23,27,12,30,29,2006-07
1610612738,Boston Celtics,82,24,58,0.293,3971.0,2858,6454,0.443,471,1283,0.367,1670,2178,0.767,918,2391,3309,1630,1350.0,589,382,449,1971,1757,7857,-280.0,1,29,29,29,14,29,19,29,20,20,6,10,11,9,18,21,20,25,27,14,16,29,28,22,22,24,2006-07
1610612766,Charlotte Bobcats,82,33,49,0.402,4001.0,2960,6643,0.446,457,1280,0.357,1568,2136,0.734,920,2346,3266,1836,1224.0,638,369,437,1985,1786,7945,-307.0,1,21,21,21,2,17,10,25,21,21,12,15,13,22,15,26,23,8,13,5,19,27,29,19,18,26,2006-07
1610612741,Chicago Bulls,82,49,33,0.598,3956.0,3046,6663,0.457,480,1237,0.388,1528,2083,0.734,984,2597,3581,1832,1310.0,639,445,433,1908,1900,8100,411.0,1,8,8,8,22,9,8,16,18,23,2,20,18,23,8,2,1,9,24,4,6,25,22,9,13,4,2006-07
1610612739,Cleveland Cavaliers,82,50,32,0.61,3976.0,2978,6658,0.447,494,1404,0.352,1484,2133,0.696,1039,2529,3568,1708,1177.0,625,353,349,1781,1804,7934,314.0,1,7,7,7,8,15,9,24,15,14,18,25,15,29,1,6,2,15,7,8,20,10,11,16,19,7,2006-07
1610612742,Dallas Mavericks,82,67,15,0.817,3951.0,3010,6442,0.467,535,1404,0.381,1646,2045,0.805,920,2515,3435,1632,1140.0,560,408,312,1837,1811,8201,592.0,1,1,1,1,27,11,21,5,8,14,4,12,19,2,15,10,8,24,5,24,12,3,17,15,9,3,2006-07
1610612743,Denver Nuggets,82,45,37,0.549,3956.0,3164,6805,0.465,484,1440,0.336,1827,2449,0.746,1001,2558,3559,1920,1352.0,678,435,424,1756,1946,8639,133.0,1,10,10,10,22,3,4,7,16,13,28,5,3,19,5,5,3,5,28,2,8,24,9,4,3,9,2006-07
1610612765,Detroit Pistons,82,53,29,0.646,3976.0,2942,6484,0.454,449,1305,0.344,1539,1988,0.774,948,2374,3322,1768,1001.0,583,472,290,1672,1668,7872,341.0,1,4,4,4,8,18,17,20,23,19,26,19,22,7,10,24,18,13,1,17,1,1,5,28,21,6,2006-07
1610612744,Golden State Warriors,82,42,40,0.512,3951.0,3261,7048,0.463,700,1966,0.356,1515,2113,0.717,941,2455,3396,1950,1309.0,750,466,399,1933,1832,8737,-28.0,1,12,12,12,27,2,1,12,3,1,13,21,17,26,11,17,10,4,23,1,3,18,26,13,2,13,2006-07
1610612745,Houston Rockets,82,52,30,0.634,3971.0,2906,6528,0.445,705,1893,0.372,1436,1906,0.753,880,2673,3553,1704,1162.0,583,337,353,1710,1631,7953,398.0,1,5,5,5,14,23,15,27,2,3,5,27,28,16,22,1,4,16,6,17,23,11,7,30,17,5,2006-07
1610612754,Indiana Pacers,82,35,47,0.427,3955.995,2872,6561,0.438,481,1389,0.346,1615,2125,0.76,990,2441,3431,1680,1335.0,599,447,410,1912,1942,7840,-200.0,1,19,19,19,26,28,12,30,17,16,22,14,16,15,7,18,9,19,25,11,4,22,23,5,24,20,2006-07
1610612746,Los Angeles Clippers,82,40,42,0.488,3946.0,2880,6318,0.456,314,903,0.348,1769,2245,0.788,888,2484,3372,1762,1239.0,596,472,321,1858,1829,7843,-38.0,1,16,16,16,30,25,28,19,29,29,20,6,8,5,20,13,13,14,15,12,1,7,18,14,23,14,2006-07
1610612747,Los Angeles Lakers,82,42,40,0.512,4006.0,3103,6664,0.466,608,1724,0.353,1660,2221,0.747,886,2495,3381,1850,1273.0,600,421,409,1889,1916,8474,-6.0,1,12,12,12,1,5,7,6,5,4,16,11,9,18,21,12,11,6,19,10,9,21,20,8,5,12,2006-07
1610612763,Memphis Grizzlies,82,22,60,0.268,3996.0,2998,6448,0.465,500,1362,0.367,1835,2410,0.761,866,2375,3241,1680,1343.0,564,407,450,1827,1992,8331,-422.0,1,30,30,30,5,13,20,8,14,18,7,3,5,13,23,23,26,19,26,23,13,30,16,2,6,30,2006-07
1610612748,Miami Heat,82,44,38,0.537,3971.0,2919,6288,0.464,528,1539,0.343,1393,2019,0.69,817,2526,3343,1681,1201.0,566,442,314,1749,1790,7759,-75.0,1,11,11,11,14,21,29,10,11,8,27,30,20,30,26,7,15,18,11,21,7,4,8,18,28,17,2006-07
1610612749,Milwaukee Bucks,82,28,54,0.341,3971.0,3121,6714,0.465,524,1472,0.356,1406,1919,0.733,941,2272,3213,1771,1240.0,587,224,433,1821,1718,8172,-359.0,1,28,28,28,14,4,5,9,13,10,14,29,26,24,11,30,29,12,16,15,30,25,14,26,10,28,2006-07
1610612750,Minnesota Timberwolves,82,32,50,0.39,4000.985,2997,6502,0.461,384,1089,0.353,1499,1892,0.792,819,2473,3292,1848,1278.0,532,325,360,1758,1679,7877,-301.0,1,24,24,24,4,14,16,13,25,25,17,23,29,3,25,15,21,7,21,28,24,12,10,27,20,25,2006-07
1610612751,New Jersey Nets,82,41,41,0.5,3976.0,2913,6379,0.457,609,1676,0.363,1566,2153,0.727,822,2525,3347,1962,1212.0,499,273,369,1869,1886,8001,-63.0,1,14,14,14,8,22,24,18,4,5,8,16,12,25,24,8,14,3,12,30,27,13,19,10,15,16,2006-07
1610612740,New Orleans/Oklahoma City Hornets,82,39,43,0.476,3976.0,2971,6674,0.445,455,1256,0.362,1436,1941,0.74,1025,2512,3537,1537,1187.0,522,347,392,1620,1733,7833,-129.0,1,18,18,18,8,16,6,26,22,22,10,27,25,21,4,11,6,27,8,29,21,17,2,25,25,18,2006-07
1610612752,New York Knicks,82,33,49,0.402,4001.0,2903,6356,0.457,474,1370,0.346,1714,2396,0.715,1032,2516,3548,1532,1405.0,543,260,406,1932,1875,7994,-234.0,1,21,21,21,2,24,26,17,19,17,23,7,6,27,2,9,5,28,30,27,29,20,25,11,16,21,2006-07
1610612753,Orlando Magic,82,40,42,0.488,3956.0,2875,6090,0.472,342,962,0.356,1679,2393,0.702,920,2418,3338,1525,1392.0,565,416,376,1904,1921,7771,64.0,1,16,16,16,22,26,30,4,27,28,15,8,7,28,15,19,16,29,29,22,11,14,21,7,27,11,2006-07
1610612755,Philadelphia 76ers,82,35,47,0.427,3976.0,2932,6408,0.458,284,823,0.345,1637,2135,0.767,899,2353,3252,1669,1258.0,590,390,320,1671,1801,7785,-248.0,1,19,19,19,8,20,22,15,30,30,25,13,14,10,19,25,24,21,17,13,15,6,4,17,26,23,2006-07
1610612756,Phoenix Suns,82,61,21,0.744,3981.0,3388,6855,0.494,785,1965,0.399,1476,1827,0.808,737,2583,3320,2122,1189.0,553,394,304,1659,1759,9037,599.0,1,2,2,2,7,1,2,1,1,2,1,26,30,1,30,3,19,1,9,26,14,2,3,21,1,2,2006-07
1610612757,Portland Trail Blazers,82,32,50,0.39,3991.0,2874,6392,0.45,426,1232,0.346,1543,2006,0.769,923,2299,3222,1513,1236.0,555,380,380,1931,1750,7717,-352.0,1,24,24,24,6,27,23,23,24,24,24,18,21,8,14,29,28,30,14,25,17,15,24,23,29,27,2006-07
1610612758,Sacramento Kings,82,33,49,0.402,3961.0,2941,6532,0.45,530,1513,0.35,1891,2473,0.765,797,2396,3193,1665,1194.0,671,265,405,1792,1990,8303,-148.0,1,21,21,21,20,19,14,21,10,9,19,1,1,12,27,20,30,22,10,3,28,19,12,3,8,19,2006-07
1610612759,San Antonio Spurs,82,58,24,0.707,3956.0,2999,6328,0.474,595,1561,0.381,1486,1980,0.751,761,2577,3338,1814,1137.0,587,417,337,1588,1739,8079,691.0,1,3,3,3,22,12,27,3,6,7,3,24,24,17,28,4,16,11,4,15,10,8,1,24,14,1,2006-07
1610612760,Seattle SuperSonics,82,31,51,0.378,3966.0,3047,6628,0.46,525,1451,0.362,1511,1911,0.791,928,2322,3250,1695,1268.0,631,301,341,1801,1635,8130,-237.0,1,26,26,26,18,8,11,14,12,12,11,22,27,4,13,27,25,17,18,7,26,9,13,29,12,22,2006-07
1610612761,Toronto Raptors,82,47,35,0.573,3951.0,3032,6547,0.463,531,1464,0.363,1562,1983,0.788,755,2480,3235,1822,1104.0,581,321,317,1672,1786,8157,81.0,1,9,9,9,27,10,13,11,9,11,9,17,23,6,29,14,27,10,2,19,25,5,5,19,11,10,2006-07
1610612762,Utah Jazz,82,51,31,0.622,3961.0,3069,6471,0.474,354,1056,0.335,1830,2462,0.743,1030,2456,3486,2024,1277.0,577,339,438,2067,2010,8322,235.0,1,6,6,6,20,7,18,2,26,26,29,4,2,20,3,16,7,2,20,20,22,28,30,1,7,8,2006-07
1610612764,Washington Wizards,82,41,41,0.5,3965.995,3070,6820,0.45,561,1614,0.348,1855,2425,0.765,998,2379,3377,1660,1133.0,635,375,380,1823,1927,8556,-42.0,1,14,14,14,19,6,3,22,7,6,21,2,4,11,6,22,12,23,3,6,18,15,15,6,4,15,2006-07
1610612737,Atlanta Hawks,82,37,45,0.451,3971.0,2975,6552,0.454,384,1078,0.356,1720,2227,0.772,1008,2454,3462,1804,1223.0,600,448,421,1673,1793,8054,-149.0,1,19,19,19,5,22,21,16,27,28,18,5,7,7,7,21,11,12,24,14,4,24,11,9,15,19,2007-08
1610612738,Boston Celtics,82,66,16,0.805,3951.0,2986,6286,0.475,596,1564,0.381,1677,2176,0.771,830,2615,3445,1833,1246.0,696,379,389,1864,1818,8245,841.0,1,1,1,1,22,20,30,4,8,12,5,8,9,8,23,9,12,8,27,5,18,16,26,8,11,1,2007-08
1610612766,Charlotte Bobcats,82,32,50,0.39,3976.0,2960,6554,0.452,529,1443,0.367,1510,2115,0.714,892,2440,3332,1748,1204.0,614,402,476,1777,1721,7959,-359.0,1,23,23,23,3,24,20,17,16,16,12,18,11,29,20,22,26,16,22,13,10,30,21,17,19,22,2007-08
1610612741,Chicago Bulls,82,33,49,0.402,3961.0,2987,6861,0.435,474,1305,0.363,1533,2029,0.756,1050,2478,3528,1811,1197.0,635,429,465,1784,1746,7981,-253.0,1,22,22,22,14,19,5,30,23,24,14,15,18,17,4,18,8,11,18,9,6,28,22,12,18,21,2007-08
1610612739,Cleveland Cavaliers,82,45,37,0.549,3971.0,2937,6697,0.439,552,1544,0.358,1477,2061,0.717,1092,2563,3655,1640,1145.0,579,427,388,1712,1666,7903,-29.0,1,13,13,13,5,26,15,28,14,13,16,21,15,28,1,12,3,25,10,18,7,14,16,19,24,16,2007-08
1610612742,Dallas Mavericks,82,51,31,0.622,3946.0,3025,6515,0.464,494,1403,0.352,1690,2075,0.814,883,2643,3526,1720,1037.0,490,402,357,1786,1739,8234,372.0,1,10,10,10,25,16,24,9,19,19,20,7,14,1,21,7,9,20,5,29,10,8,23,13,12,10,2007-08
1610612743,Denver Nuggets,82,50,32,0.61,3971.0,3307,7038,0.47,569,1605,0.355,1891,2519,0.751,918,2698,3616,2024,1203.0,752,551,393,1731,1950,9074,304.0,1,11,11,11,5,3,2,6,13,11,19,1,1,19,15,2,5,3,21,1,1,17,17,1,2,11,2007-08
1610612765,Detroit Pistons,82,59,23,0.72,3946.0,2999,6551,0.458,487,1330,0.366,1507,1965,0.767,974,2423,3397,1831,956.0,583,472,319,1688,1618,7992,606.0,1,2,2,2,25,18,22,13,22,22,13,20,22,14,10,25,21,10,1,17,3,3,13,25,17,2,2007-08
1610612744,Golden State Warriors,82,48,34,0.585,3956.0,3403,7406,0.459,761,2185,0.348,1538,2044,0.752,1045,2496,3541,1833,1082.0,744,377,413,1875,1736,9105,181.0,1,12,12,12,18,1,1,12,2,1,23,14,16,18,5,14,6,8,7,2,19,20,27,14,1,13,2007-08
1610612745,Houston Rockets,82,55,27,0.671,3946.0,3003,6698,0.448,583,1707,0.342,1342,1848,0.726,1002,2659,3661,1757,1125.0,598,420,379,1609,1615,7931,384.0,1,6,6,6,25,17,14,21,10,7,26,28,25,25,9,6,1,15,9,15,8,13,6,26,22,9,2007-08
1610612754,Indiana Pacers,82,36,46,0.439,3951.0,3102,6993,0.444,755,2021,0.374,1568,2042,0.768,904,2633,3537,1864,1236.0,623,412,416,1921,1782,8527,-115.0,1,20,20,20,22,9,4,24,3,3,8,11,17,12,17,8,7,7,26,11,9,21,29,10,7,18,2007-08
1610612746,Los Angeles Clippers,82,23,59,0.28,3961.0,2820,6445,0.438,350,1079,0.324,1702,2178,0.781,800,2491,3291,1732,1180.0,557,398,388,1745,1773,7692,-596.0,1,25,25,25,14,29,27,29,28,27,29,6,8,6,25,17,27,19,14,20,14,14,18,11,29,28,2007-08
1610612747,Los Angeles Lakers,82,57,25,0.695,3956.0,3248,6818,0.476,662,1751,0.378,1746,2270,0.769,898,2722,3620,2003,1156.0,654,438,368,1691,1850,8904,595.0,1,3,3,3,18,5,6,3,5,6,6,3,5,10,19,1,4,4,11,6,5,12,15,5,4,3,2007-08
1610612763,Memphis Grizzlies,82,22,60,0.268,3961.0,3060,6737,0.454,620,1779,0.349,1517,2097,0.723,848,2567,3415,1574,1251.0,503,386,403,1592,1842,8257,-509.0,1,27,27,27,14,11,12,15,7,4,22,17,12,26,22,11,18,28,28,28,17,18,3,6,10,24,2007-08
1610612748,Miami Heat,82,15,67,0.183,3966.0,2808,6336,0.443,491,1373,0.358,1384,1903,0.727,743,2342,3085,1644,1202.0,589,355,341,1670,1650,7491,-709.0,1,30,30,30,9,30,29,25,20,20,15,25,23,24,29,30,30,24,20,16,22,6,10,23,30,29,2007-08
1610612749,Milwaukee Bucks,82,26,56,0.317,3971.0,3026,6745,0.449,452,1313,0.344,1452,1980,0.733,1055,2363,3418,1760,1210.0,544,361,404,1748,1727,7956,-565.0,1,24,24,24,5,15,11,19,24,23,25,22,20,22,3,29,17,14,23,21,20,19,19,16,20,27,2007-08
1610612750,Minnesota Timberwolves,82,22,60,0.268,3946.0,3076,6817,0.451,441,1259,0.35,1246,1693,0.736,964,2428,3392,1630,1188.0,616,306,467,1885,1434,7839,-556.0,1,27,27,27,25,10,7,18,25,25,21,30,29,21,12,24,22,26,17,12,29,29,28,30,26,26,2007-08
1610612751,New Jersey Nets,82,34,48,0.415,3966.0,2856,6450,0.443,498,1430,0.348,1647,2237,0.736,913,2520,3433,1925,1229.0,521,390,362,1855,1836,7857,-415.0,1,21,21,21,9,28,25,26,18,17,24,10,6,20,16,13,15,6,25,24,16,11,25,7,25,23,2007-08
1610612740,New Orleans Hornets,82,56,26,0.683,3961.0,3164,6796,0.466,630,1621,0.389,1312,1707,0.769,937,2494,3431,1785,974.0,637,321,331,1531,1573,8270,433.0,1,4,4,4,14,6,8,8,6,8,3,29,28,11,14,16,16,13,3,8,28,4,1,28,9,6,2007-08
1610612752,New York Knicks,82,23,59,0.28,3976.0,2967,6757,0.439,490,1454,0.337,1524,2095,0.727,1029,2457,3486,1530,1187.0,521,213,429,1761,1665,7948,-542.0,1,25,25,25,3,23,10,27,21,15,27,16,13,23,6,19,10,30,16,24,30,25,20,20,21,25,2007-08
1610612753,Orlando Magic,82,52,30,0.634,3956.0,3058,6446,0.474,801,2074,0.386,1650,2288,0.721,768,2677,3445,1706,1173.0,520,333,344,1688,1898,8567,448.0,1,9,9,9,18,12,26,5,1,2,4,9,3,27,28,5,12,22,13,27,27,7,13,2,6,5,2007-08
1610612755,Philadelphia 76ers,82,40,42,0.488,3951.0,3056,6648,0.46,302,952,0.317,1509,2137,0.706,1067,2370,3437,1673,1172.0,712,400,420,1620,1708,7923,34.0,1,17,17,17,22,13,17,11,30,29,30,19,10,30,2,28,14,23,12,4,12,22,7,18,23,14,2007-08
1610612756,Phoenix Suns,82,55,27,0.671,3956.0,3392,6782,0.5,694,1764,0.393,1548,1977,0.783,720,2683,3403,2188,1184.0,532,518,311,1633,1731,9026,414.0,1,6,6,6,18,2,9,1,4,5,1,13,21,4,30,4,20,1,15,22,2,2,8,15,3,7,2007-08
1610612757,Portland Trail Blazers,82,41,41,0.5,3981.0,2935,6546,0.448,538,1426,0.377,1412,1841,0.767,901,2438,3339,1733,1056.0,455,360,301,1642,1656,7820,-80.0,1,15,15,15,1,27,23,20,15,18,7,24,26,13,18,23,25,18,6,30,21,1,9,21,27,17,2007-08
1610612758,Sacramento Kings,82,38,44,0.463,3966.0,3043,6558,0.464,510,1367,0.373,1812,2272,0.798,829,2456,3285,1567,1317.0,651,334,452,1839,1892,8408,-185.0,1,18,18,18,9,14,19,10,17,21,9,2,4,3,24,20,29,29,30,7,26,27,24,3,8,20,2007-08
1610612759,San Antonio Spurs,82,56,26,0.683,3946.0,2938,6424,0.457,594,1610,0.369,1350,1774,0.761,771,2612,3383,1718,1035.0,521,337,361,1537,1625,7820,393.0,1,4,4,4,25,25,28,14,9,10,11,26,27,15,27,10,23,21,4,24,24,10,2,24,27,8,2007-08
1610612760,Seattle SuperSonics,82,20,62,0.244,3966.0,3125,7032,0.444,313,939,0.333,1436,1866,0.77,971,2688,3659,1748,1310.0,531,400,440,1680,1610,7999,-718.0,1,29,29,29,9,8,3,23,29,30,28,23,24,9,11,3,2,16,29,23,12,26,12,27,16,30,2007-08
1610612761,Toronto Raptors,82,41,41,0.5,3966.0,3148,6726,0.468,572,1459,0.392,1347,1658,0.812,790,2496,3286,1953,959.0,570,336,333,1596,1508,8215,238.0,1,15,15,15,9,7,13,7,12,14,2,27,30,2,26,14,28,5,2,19,25,5,4,29,13,12,2007-08
1610612762,Utah Jazz,82,54,28,0.659,3941.0,3279,6592,0.497,407,1095,0.372,1745,2298,0.759,942,2410,3352,2165,1200.0,717,355,420,1970,1891,8710,564.0,1,8,8,8,30,4,18,2,26,26,10,4,2,16,13,26,24,2,19,3,22,22,30,4,5,4,2007-08
1610612764,Washington Wizards,82,43,39,0.524,3981.0,2986,6695,0.446,575,1614,0.356,1557,1991,0.782,1007,2404,3411,1607,1082.0,632,391,360,1606,1656,8104,-27.0,1,14,14,14,1,20,16,22,11,9,17,12,19,5,8,27,19,27,7,10,15,9,5,21,14,15,2007-08
1610612737,Atlanta Hawks,82,47,35,0.573,3941.0,2956,6451,0.458,597,1633,0.366,1537,2085,0.737,870,2412,3282,1657,1048.0,603,376,354,1610,1681,8046,129.0,1,12,12,12,29,24,25,11,8,7,16,15,9,28,20,21,23,23,7,14,20,9,5,17,19,12,2008-09
1610612738,Boston Celtics,82,62,20,0.756,3976.0,3075,6333,0.486,538,1355,0.397,1587,2075,0.765,869,2586,3455,1862,1280.0,621,387,389,1897,1820,8275,616.0,1,3,3,3,7,9,28,2,19,21,1,12,11,18,21,7,9,4,28,7,17,13,28,7,11,3,2008-09
1610612766,Charlotte Bobcats,82,35,47,0.427,3986.0,2866,6299,0.455,490,1339,0.366,1455,1965,0.74,886,2366,3252,1741,1279.0,580,397,488,1754,1714,7677,-104.0,1,19,19,19,2,29,30,18,23,22,15,26,18,27,18,25,27,10,27,19,14,30,20,13,30,20,2008-09
1610612741,Chicago Bulls,82,41,41,0.5,3986.0,3126,6846,0.457,493,1293,0.381,1633,2052,0.796,970,2481,3451,1732,1192.0,615,453,449,1709,1708,8378,-23.0,1,15,15,15,2,8,5,15,22,23,6,7,14,7,7,15,10,13,20,9,4,28,18,14,8,16,2008-09
1610612739,Cleveland Cavaliers,82,66,16,0.805,3956.0,3022,6454,0.468,656,1670,0.393,1523,2012,0.757,886,2574,3460,1663,1045.0,593,435,338,1663,1664,8223,732.0,1,1,1,1,21,14,24,6,3,5,2,19,15,21,18,8,7,20,6,15,7,6,9,20,13,1,2008-09
1610612742,Dallas Mavericks,82,50,32,0.61,3961.0,3128,6770,0.462,571,1632,0.35,1516,1852,0.819,909,2595,3504,1779,1043.0,591,429,334,1600,1645,8343,162.0,1,9,9,9,14,7,6,9,12,8,25,21,26,2,14,5,5,8,5,17,9,4,4,22,9,10,2008-09
1610612743,Denver Nuggets,82,54,28,0.659,3946.0,3058,6510,0.47,548,1477,0.371,1891,2487,0.76,905,2507,3412,1820,1257.0,710,492,447,1874,1944,8555,280.0,1,5,5,5,27,10,22,5,16,17,13,2,1,20,15,12,15,6,25,3,2,27,26,2,6,8,2008-09
1610612765,Detroit Pistons,82,39,43,0.476,3981.0,2981,6559,0.454,377,1079,0.349,1388,1849,0.751,949,2448,3397,1689,973.0,493,377,342,1712,1612,7727,-40.0,1,17,17,17,4,22,17,20,28,28,26,28,27,24,10,17,16,16,2,29,19,7,19,27,28,17,2008-09
1610612744,Golden State Warriors,82,29,53,0.354,3975.998333,3231,7055,0.458,550,1475,0.373,1893,2392,0.791,953,2492,3445,1711,1201.0,638,527,414,1842,1927,8905,-307.0,1,24,24,24,10,3,3,12,15,18,11,1,2,8,9,14,11,15,21,6,1,18,25,3,2,24,2008-09
1610612745,Houston Rockets,82,53,29,0.646,3961.0,2959,6526,0.453,621,1656,0.375,1531,1903,0.805,862,2662,3524,1662,1158.0,548,355,435,1553,1689,8070,328.0,1,8,8,8,14,23,21,22,7,6,10,17,21,5,22,2,4,22,16,26,24,23,2,16,17,6,2008-09
1610612754,Indiana Pacers,82,36,46,0.439,3966.0,3220,7080,0.455,652,1725,0.378,1525,1890,0.807,924,2661,3585,1775,1189.0,573,434,444,1895,1692,8617,-91.0,1,18,18,18,11,4,2,19,4,4,8,18,23,3,12,3,2,9,19,20,8,26,27,15,5,19,2008-09
1610612746,Los Angeles Clippers,82,19,63,0.232,3976.0,2955,6696,0.441,535,1513,0.354,1354,1839,0.736,890,2377,3267,1723,1221.0,572,482,414,1650,1609,7799,-719.0,1,28,28,28,7,25,10,30,20,16,23,29,28,29,17,23,24,14,23,21,3,18,6,28,27,30,2008-09
1610612747,Los Angeles Lakers,82,65,17,0.793,3956.0,3307,6981,0.474,547,1516,0.361,1607,2087,0.77,1015,2587,3602,1908,1103.0,718,420,392,1698,1816,8768,628.0,1,2,2,2,21,2,4,4,17,15,19,11,8,14,3,6,1,2,11,2,10,14,17,8,3,2,2008-09
1610612763,Memphis Grizzlies,82,24,58,0.293,3961.0,2865,6311,0.454,398,1106,0.36,1570,2077,0.756,847,2337,3184,1423,1252.0,615,385,443,1777,1786,7698,-448.0,1,25,25,25,14,30,29,21,25,27,21,13,10,22,24,28,30,30,24,9,18,25,21,9,29,26,2008-09
1610612748,Miami Heat,82,43,39,0.524,3991.0,3034,6646,0.457,582,1631,0.357,1411,1871,0.754,828,2411,3239,1671,1026.0,651,451,335,1696,1632,8061,21.0,1,14,14,14,1,13,15,16,11,9,22,27,24,23,26,22,28,18,3,5,5,5,16,26,18,14,2008-09
1610612749,Milwaukee Bucks,82,34,48,0.415,3956.0,3009,6755,0.445,511,1408,0.363,1613,2067,0.78,973,2367,3340,1802,1154.0,609,308,376,1986,1842,8142,-89.0,1,20,20,20,21,16,8,27,21,20,18,9,13,11,6,24,20,7,14,12,29,11,30,5,15,18,2008-09
1610612750,Minnesota Timberwolves,82,24,58,0.293,3961.0,2986,6766,0.441,543,1539,0.353,1504,1957,0.769,975,2442,3417,1674,1165.0,512,322,484,1785,1642,8019,-403.0,1,25,25,25,14,21,7,29,18,13,24,22,19,15,5,18,14,17,17,28,28,29,22,24,21,25,2008-09
1610612751,New Jersey Nets,82,34,48,0.415,3966.0,2925,6536,0.448,652,1735,0.376,1542,1980,0.779,850,2415,3265,1636,1075.0,559,391,393,1838,1680,8044,-200.0,1,20,20,20,11,27,18,24,4,3,9,14,17,12,23,20,25,26,9,24,15,15,24,18,20,21,2008-09
1610612740,New Orleans Hornets,82,49,33,0.598,3950.998333,2911,6366,0.457,556,1526,0.364,1479,1833,0.807,802,2453,3255,1609,1029.0,593,338,290,1665,1675,7857,127.0,1,10,10,10,26,28,27,14,13,14,17,25,29,4,28,16,26,28,4,15,26,1,11,19,26,13,2008-09
1610612752,New York Knicks,82,32,50,0.39,3961.0,3157,7091,0.445,823,2284,0.36,1490,1900,0.784,911,2545,3456,1738,1174.0,610,204,437,1672,1592,8627,-214.0,1,23,23,23,14,5,1,28,1,1,20,24,22,10,13,9,8,11,18,11,30,24,13,29,4,22,2008-09
1610612760,Oklahoma City Thunder,82,23,59,0.28,3961.0,2999,6716,0.447,328,949,0.346,1626,2069,0.786,999,2497,3496,1663,1330.0,608,371,407,1655,1656,7952,-500.0,1,27,27,27,14,17,9,26,30,30,28,8,12,9,4,13,6,20,30,13,22,17,8,21,24,27,2008-09
1610612753,Orlando Magic,82,59,23,0.72,3946.0,2929,6416,0.457,817,2147,0.381,1611,2253,0.715,819,2728,3547,1593,1142.0,570,439,308,1664,1840,8286,549.0,1,4,4,4,27,26,26,17,2,2,7,10,4,30,27,1,3,29,12,22,6,2,10,6,10,4,2008-09
1610612755,Philadelphia 76ers,82,41,41,0.5,3951.0,2997,6532,0.459,341,1072,0.318,1652,2216,0.745,1039,2336,3375,1647,1157.0,658,415,400,1650,1786,7987,6.0,1,15,15,15,24,18,20,10,29,29,30,6,6,25,2,29,17,24,15,4,12,16,6,9,22,15,2008-09
1610612756,Phoenix Suns,82,46,36,0.561,3951.0,3373,6695,0.504,553,1445,0.383,1675,2251,0.744,900,2520,3420,1905,1288.0,589,420,369,1691,1877,8974,158.0,1,13,13,13,24,1,11,1,14,19,5,5,5,26,16,10,12,3,29,18,10,10,15,4,1,11,2008-09
1610612757,Portland Trail Blazers,82,54,28,0.659,3966.0,3018,6494,0.465,596,1555,0.383,1521,1988,0.765,1060,2360,3420,1667,1055.0,550,402,319,1671,1733,8153,438.0,1,5,5,5,11,15,23,8,9,12,4,20,16,17,1,27,12,19,8,25,13,3,12,12,14,5,2008-09
1610612758,Sacramento Kings,82,17,65,0.207,3981.0,2990,6685,0.447,586,1594,0.368,1682,2107,0.798,840,2366,3206,1619,1266.0,569,349,423,1910,1737,8248,-718.0,1,30,30,30,4,20,12,25,10,11,14,4,7,6,25,25,29,27,26,23,25,20,29,11,12,29,2008-09
1610612759,San Antonio Spurs,82,54,28,0.659,3981.0,3042,6534,0.466,625,1620,0.386,1249,1641,0.761,728,2638,3366,1736,963.0,474,329,352,1546,1511,7958,308.0,1,5,5,5,4,12,19,7,6,10,3,30,30,19,30,4,18,12,1,30,27,8,1,30,23,7,2008-09
1610612761,Toronto Raptors,82,33,49,0.402,3961.0,3054,6673,0.458,479,1289,0.372,1534,1861,0.824,802,2513,3315,1835,1098.0,523,390,386,1593,1645,8121,-231.0,1,22,22,22,14,11,13,13,24,24,12,16,25,1,28,11,21,5,10,27,16,12,3,22,16,23,2008-09
1610612762,Utah Jazz,82,48,34,0.585,3976.0,3143,6623,0.475,392,1122,0.349,1814,2352,0.771,940,2423,3363,2024,1210.0,719,374,424,1830,1972,8492,217.0,1,11,11,11,7,6,16,3,27,26,27,3,3,13,11,19,19,1,22,1,21,21,23,1,7,9,2008-09
1610612764,Washington Wizards,82,19,63,0.232,3941.0,2994,6655,0.45,395,1198,0.33,1494,1948,0.767,956,2330,3286,1641,1146.0,619,365,431,1679,1638,7877,-612.0,1,28,28,28,29,19,14,23,26,25,29,23,20,16,8,30,22,25,13,8,23,22,14,25,25,28,2008-09
1610612737,Atlanta Hawks,82,53,29,0.646,3971.0,3181,6801,0.468,524,1455,0.36,1452,1914,0.759,969,2451,3420,1789,980.0,592,413,359,1632,1582,8338,382.0,1,6,6,6,10,6,12,11,14,15,9,21,23,15,6,23,17,12,1,15,14,7,8,28,13,7,2009-10
1610612738,Boston Celtics,82,50,32,0.61,3956.0,3039,6294,0.483,499,1433,0.348,1559,2090,0.746,716,2449,3165,1930,1219.0,701,402,386,1816,1777,8136,300.0,1,9,9,9,17,21,30,4,16,16,17,15,10,21,30,25,29,2,21,2,15,15,22,8,19,9,2009-10
1610612766,Charlotte Bobcats,82,44,38,0.537,3976.0,2858,6306,0.453,460,1331,0.346,1637,2180,0.751,858,2490,3348,1658,1290.0,632,446,502,1597,1804,7813,120.0,1,15,15,15,5,29,29,22,22,22,21,4,5,20,21,19,22,22,29,8,7,29,5,6,28,15,2009-10
1610612741,Chicago Bulls,82,41,41,0.5,3981.0,3081,6825,0.451,352,1066,0.33,1479,1962,0.754,937,2715,3652,1704,1175.0,531,478,438,1648,1643,7993,-134.0,1,17,17,17,2,18,10,23,29,29,28,18,20,18,12,2,1,19,15,24,2,23,11,24,24,18,2009-10
1610612739,Cleveland Cavaliers,82,61,21,0.744,3956.0,3101,6391,0.485,602,1582,0.381,1569,2180,0.72,791,2692,3483,1835,1137.0,564,425,325,1591,1708,8373,535.0,1,1,1,1,17,15,28,3,8,8,2,12,5,30,27,3,11,6,12,21,10,2,3,15,9,2,2009-10
1610612742,Dallas Mavericks,82,55,27,0.671,3976.0,3140,6760,0.464,558,1498,0.372,1526,1870,0.816,834,2586,3420,1917,1059.0,624,449,337,1563,1652,8364,223.0,1,4,4,4,5,11,14,12,10,13,5,16,25,1,24,10,17,3,3,10,6,5,1,21,11,12,2009-10
1610612743,Denver Nuggets,82,53,29,0.646,3956.0,3124,6678,0.468,544,1517,0.359,1937,2508,0.772,889,2505,3394,1719,1136.0,683,417,438,1844,1943,8729,335.0,1,6,6,6,17,13,17,10,12,12,10,1,1,9,17,16,20,18,11,3,13,23,27,1,3,8,2009-10
1610612765,Detroit Pistons,82,27,55,0.329,3956.0,2940,6602,0.445,374,1190,0.314,1455,1998,0.728,1053,2242,3295,1591,1100.0,596,313,401,1822,1702,7709,-419.0,1,24,24,24,17,28,21,27,28,26,30,20,16,27,2,30,27,26,7,14,27,16,24,16,29,27,2009-10
1610612744,Golden State Warriors,82,26,56,0.317,3946.0,3329,7094,0.469,633,1687,0.375,1631,2085,0.782,753,2397,3150,1839,1204.0,761,340,407,1886,1757,8922,-295.0,1,26,26,26,26,2,1,8,7,7,4,5,11,5,29,27,30,5,19,1,25,17,30,10,2,22,2009-10
1610612745,Houston Rockets,82,42,40,0.512,3981.0,3094,6923,0.447,646,1838,0.351,1561,2022,0.772,971,2471,3442,1790,1188.0,583,318,532,1712,1840,8395,-30.0,1,16,16,16,2,16,3,26,5,4,15,14,13,10,5,21,13,11,17,18,26,30,17,2,8,16,2009-10
1610612754,Indiana Pacers,82,32,50,0.39,3941.0,3020,6823,0.443,659,1896,0.348,1564,2019,0.775,785,2618,3403,1730,1232.0,585,439,414,1848,1709,8263,-247.0,1,21,21,21,29,22,11,28,4,3,18,13,14,8,28,6,19,15,25,17,8,18,28,14,16,21,2009-10
1610612746,Los Angeles Clippers,82,29,53,0.354,3941.0,3002,6601,0.455,483,1457,0.332,1362,1867,0.73,927,2502,3429,1810,1285.0,532,466,363,1581,1588,7849,-521.0,1,22,22,22,29,25,22,20,19,14,27,28,26,26,13,17,14,9,28,23,3,9,2,27,27,28,2009-10
1610612747,Los Angeles Lakers,82,57,25,0.695,3966.0,3144,6875,0.457,532,1562,0.341,1519,1985,0.765,973,2662,3635,1730,1096.0,612,400,363,1592,1737,8339,387.0,1,3,3,3,12,9,7,18,13,10,24,17,17,12,4,4,2,15,6,11,16,9,4,12,12,6,2009-10
1610612763,Memphis Grizzlies,82,40,42,0.488,3981.0,3223,6875,0.469,344,1020,0.337,1614,2202,0.733,1070,2496,3566,1543,1248.0,645,399,501,1655,1840,8404,-124.0,1,18,18,18,2,4,7,9,30,30,26,8,4,25,1,18,4,29,27,7,18,28,12,2,7,17,2009-10
1610612748,Miami Heat,82,47,35,0.573,3976.0,2984,6518,0.458,494,1426,0.346,1452,1931,0.752,875,2553,3428,1548,1079.0,605,457,355,1710,1639,7914,187.0,1,13,13,13,5,26,25,17,17,17,19,21,21,19,19,13,15,28,4,12,4,6,16,25,25,13,2009-10
1610612749,Milwaukee Bucks,82,46,36,0.561,3996.0,3050,6998,0.436,645,1813,0.356,1264,1675,0.755,965,2560,3525,1740,1085.0,580,385,421,1823,1664,8009,139.0,1,14,14,14,1,20,2,29,6,5,12,30,29,17,8,11,7,14,5,19,20,21,25,20,23,14,2009-10
1610612750,Minnesota Timberwolves,82,15,67,0.183,3956.0,3106,6923,0.449,403,1181,0.341,1436,1926,0.746,962,2556,3518,1626,1333.0,597,306,442,1699,1686,8051,-787.0,1,29,29,29,17,14,3,25,26,28,23,24,22,22,9,12,8,24,30,13,28,25,15,17,20,30,2009-10
1610612751,New Jersey Nets,82,12,70,0.146,3956.0,2813,6554,0.429,377,1185,0.318,1572,2015,0.78,897,2358,3255,1540,1182.0,573,393,421,1643,1647,7575,-748.0,1,30,30,30,17,30,24,30,27,27,29,11,15,6,16,29,28,30,16,20,19,21,10,23,30,29,2009-10
1610612740,New Orleans Hornets,82,37,45,0.451,3966.0,3178,6842,0.464,571,1572,0.363,1293,1661,0.778,852,2450,3302,1828,1103.0,625,300,367,1606,1597,8220,-202.0,1,20,20,20,12,7,9,13,9,9,8,29,30,7,22,24,25,8,9,9,30,12,6,26,17,20,2009-10
1610612752,New York Knicks,82,29,53,0.354,3976.0,3127,6876,0.455,743,2145,0.346,1376,1759,0.782,836,2477,3313,1772,1148.0,586,305,368,1638,1576,8373,-313.0,1,22,22,22,5,12,6,21,2,2,20,26,28,4,23,20,23,13,13,16,29,13,9,29,9,23,2009-10
1610612760,Oklahoma City Thunder,82,50,32,0.61,3961.0,3063,6629,0.462,418,1229,0.34,1778,2210,0.805,960,2607,3567,1639,1227.0,654,481,384,1743,1755,8322,286.0,1,9,9,9,15,19,20,14,25,23,25,2,3,2,10,8,3,23,24,6,1,14,20,11,14,10,2009-10
1610612753,Orlando Magic,82,59,23,0.72,3946.0,3005,6394,0.47,841,2241,0.375,1575,2176,0.724,810,2736,3546,1615,1155.0,512,456,288,1629,1819,8426,614.0,1,2,2,2,26,24,27,7,1,1,3,10,7,29,25,1,5,25,14,27,5,1,7,4,6,1,2009-10
1610612755,Philadelphia 76ers,82,27,55,0.329,3961.0,3087,6706,0.46,474,1381,0.343,1366,1808,0.756,941,2421,3362,1723,1192.0,667,439,332,1677,1534,8014,-320.0,1,24,24,24,15,17,15,16,21,21,22,27,27,16,11,26,21,17,18,5,8,3,14,30,22,24,2009-10
1610612756,Phoenix Suns,82,54,28,0.659,3946.0,3339,6788,0.492,730,1770,0.412,1631,2117,0.77,910,2616,3526,1912,1210.0,479,418,365,1713,1789,9039,402.0,1,5,5,5,26,1,13,1,3,6,1,5,9,11,15,7,6,4,20,29,12,11,18,7,1,5,2009-10
1610612757,Portland Trail Blazers,82,50,32,0.61,3971.0,2974,6453,0.461,491,1388,0.354,1606,2033,0.79,913,2383,3296,1674,1012.0,523,350,333,1715,1767,8045,271.0,1,9,9,9,10,27,26,15,18,19,13,9,12,3,14,28,26,21,2,25,24,4,19,9,21,11,2009-10
1610612758,Sacramento Kings,82,25,57,0.305,3976.0,3144,6895,0.456,482,1383,0.349,1430,1969,0.726,977,2518,3495,1679,1226.0,564,366,468,1827,1650,8200,-358.0,1,28,28,28,5,9,5,19,20,20,16,25,18,28,3,14,10,20,23,21,23,27,26,22,18,25,2009-10
1610612759,San Antonio Spurs,82,50,32,0.61,3956.0,3150,6659,0.473,554,1547,0.358,1458,1969,0.74,887,2621,3508,1829,1116.0,516,381,417,1669,1672,8312,417.0,1,9,9,9,17,8,18,6,11,11,11,19,18,24,18,5,9,7,10,26,22,20,13,19,15,4,2009-10
1610612761,Toronto Raptors,82,40,42,0.488,3956.0,3199,6631,0.482,518,1397,0.371,1618,2118,0.764,806,2507,3313,1804,1100.0,469,384,360,1819,1730,8534,-146.0,1,18,18,18,17,5,19,5,15,18,6,7,8,13,26,15,23,10,7,30,21,8,23,13,5,19,2009-10
1610612762,Utah Jazz,82,53,29,0.646,3951.0,3227,6575,0.491,439,1207,0.364,1654,2233,0.741,872,2588,3460,2187,1246.0,675,400,445,1859,1818,8547,438.0,1,6,6,6,25,3,23,2,23,25,7,3,2,23,20,9,12,1,26,4,16,26,29,5,4,3,2009-10
1610612764,Washington Wizards,82,26,56,0.317,3966.0,3008,6700,0.449,432,1225,0.353,1444,1895,0.762,966,2458,3424,1557,1219.0,493,421,415,1752,1684,7892,-392.0,1,26,26,26,12,23,16,24,24,24,14,23,24,14,7,22,16,27,21,28,11,19,21,18,26,26,2009-10
1610612737,Atlanta Hawks,82,44,38,0.537,3946.0,2971,6429,0.462,502,1427,0.352,1346,1728,0.779,762,2460,3222,1802,1118.0,497,341,348,1554,1517,7790,-67.0,1,13,13,13,28,23,25,12,17,16,18,29,29,6,29,20,28,12,9,29,28,5,1,29,26,16,2010-11
1610612738,Boston Celtics,82,56,26,0.683,3956.0,3023,6219,0.486,408,1119,0.365,1459,1895,0.77,639,2542,3181,1921,1195.0,676,344,364,1678,1659,7913,440.0,1,6,6,6,20,20,30,1,26,28,12,20,22,11,30,13,29,4,22,3,27,10,15,22,23,6,2010-11
1610612766,Charlotte Bobcats,82,34,48,0.415,3961.0,2873,6365,0.451,393,1203,0.327,1511,1999,0.756,848,2444,3292,1728,1192.0,524,433,496,1637,1730,7650,-328.0,1,22,22,22,18,29,28,22,27,26,29,13,12,21,21,22,24,18,21,28,8,29,8,13,29,24,2010-11
1610612741,Chicago Bulls,82,62,20,0.756,3966.0,3042,6587,0.462,511,1415,0.361,1492,2008,0.743,967,2654,3621,1827,1161.0,592,468,477,1639,1645,8087,600.0,1,1,1,1,12,18,22,13,15,17,13,14,11,26,7,4,2,9,17,17,5,26,9,24,20,2,2010-11
1610612739,Cleveland Cavaliers,82,19,63,0.232,3951.0,2886,6647,0.434,509,1489,0.342,1546,2075,0.745,856,2449,3305,1720,1166.0,544,341,489,1648,1747,7827,-739.0,1,29,29,29,27,28,13,29,16,13,23,8,8,24,19,21,22,20,18,26,28,28,12,10,25,30,2010-11
1610612742,Dallas Mavericks,82,57,25,0.695,3941.0,3069,6463,0.475,645,1768,0.365,1437,1850,0.777,780,2618,3398,1954,1145.0,557,352,303,1575,1650,8220,347.0,1,4,4,4,29,13,24,5,8,5,11,24,27,8,28,6,14,2,12,23,24,2,4,23,11,8,2010-11
1610612743,Denver Nuggets,82,50,32,0.61,3941.0,3145,6613,0.476,662,1704,0.388,1859,2429,0.765,791,2652,3443,1813,1157.0,605,352,488,1719,1864,8811,390.0,1,9,9,9,29,6,17,3,7,8,3,2,1,16,26,5,11,10,16,13,24,27,18,1,1,7,2010-11
1610612765,Detroit Pistons,82,30,52,0.366,3976.0,3056,6647,0.46,472,1256,0.376,1367,1854,0.737,931,2236,3167,1730,1067.0,595,328,381,1629,1545,7951,-295.0,1,24,24,24,6,16,13,17,20,22,6,28,25,27,12,29,30,17,2,16,30,15,7,27,22,23,2010-11
1610612744,Golden State Warriors,82,36,46,0.439,3966.0,3251,7047,0.461,685,1749,0.392,1290,1695,0.761,955,2370,3325,1847,1198.0,737,406,352,1806,1512,8477,-191.0,1,20,20,20,12,1,1,14,4,6,2,30,30,17,10,26,19,7,23,2,12,6,24,30,7,21,2010-11
1610612745,Houston Rockets,82,43,39,0.524,3976.0,3170,6975,0.454,677,1843,0.367,1668,2083,0.801,962,2549,3511,1955,1110.0,581,371,449,1641,1754,8685,179.0,1,14,14,14,6,4,4,21,6,4,9,5,7,4,9,12,7,1,8,21,19,22,11,8,3,11,2010-11
1610612754,Indiana Pacers,82,37,45,0.451,3956.0,3003,6787,0.442,585,1653,0.354,1592,2035,0.782,914,2657,3571,1611,1262.0,584,456,467,1782,1758,8183,-88.0,1,19,19,19,20,22,9,26,10,9,16,6,10,5,13,3,5,28,27,20,6,25,22,7,13,19,2010-11
1610612746,Los Angeles Clippers,82,32,50,0.39,3971.0,3015,6594,0.457,513,1519,0.338,1546,2187,0.707,955,2501,3456,1813,1343.0,585,402,404,1733,1811,8089,-257.0,1,23,23,23,10,21,20,20,14,11,25,8,4,29,10,15,9,10,29,19,13,18,20,2,19,22,2010-11
1610612747,Los Angeles Lakers,82,57,25,0.695,3966.0,3128,6757,0.463,524,1487,0.352,1541,1979,0.779,989,2616,3605,1801,1073.0,602,422,372,1555,1700,8321,501.0,1,4,4,4,12,10,11,11,12,14,17,10,17,7,5,7,3,13,5,14,10,11,2,18,9,3,2010-11
1610612763,Memphis Grizzlies,82,46,36,0.561,3976.0,3200,6801,0.471,309,926,0.334,1486,1981,0.75,970,2391,3361,1691,1145.0,771,441,505,1705,1754,8195,192.0,1,11,11,11,6,3,8,6,30,30,27,17,15,23,6,24,16,21,12,1,7,30,17,8,12,10,2010-11
1610612748,Miami Heat,82,58,24,0.707,3956.0,3031,6301,0.481,547,1479,0.37,1760,2288,0.769,790,2666,3456,1639,1142.0,544,430,246,1674,1788,8369,612.0,1,3,3,3,20,19,29,2,11,15,7,3,3,12,27,2,9,26,11,26,9,1,14,5,8,1,2010-11
1610612749,Milwaukee Bucks,82,35,47,0.427,3966.0,2814,6544,0.43,483,1414,0.342,1423,1881,0.757,862,2480,3342,1545,1103.0,617,399,392,1682,1694,7534,-69.0,1,21,21,21,12,30,23,30,19,18,24,27,23,20,18,16,18,30,7,11,14,16,16,19,30,17,2010-11
1610612750,Minnesota Timberwolves,82,17,65,0.207,3956.0,3090,7014,0.441,589,1565,0.376,1519,1977,0.768,1085,2556,3641,1650,1398.0,592,422,447,1825,1717,8288,-544.0,1,30,30,30,20,12,2,27,9,10,5,12,18,13,1,11,1,25,30,17,10,21,27,15,10,28,2010-11
1610612751,New Jersey Nets,82,24,58,0.293,4001.0,2918,6638,0.44,459,1337,0.343,1427,1881,0.759,909,2440,3349,1723,1152.0,458,384,375,1807,1638,7722,-512.0,1,25,25,25,1,27,15,28,21,20,22,25,23,19,14,23,17,19,14,30,16,13,25,25,28,26,2010-11
1610612740,New Orleans Hornets,82,46,36,0.561,3966.0,2944,6416,0.459,444,1232,0.36,1452,1897,0.765,824,2468,3292,1691,1069.0,624,359,396,1719,1674,7784,73.0,1,11,11,11,12,26,26,18,22,25,14,23,21,15,24,19,24,21,3,9,20,17,18,20,27,14,2010-11
1610612752,New York Knicks,82,42,40,0.512,3956.0,3140,6867,0.457,765,2081,0.368,1689,2087,0.809,847,2470,3317,1757,1123.0,625,475,360,1743,1703,8734,64.0,1,15,15,15,20,8,6,19,2,2,8,4,6,2,22,18,20,15,10,8,4,9,21,16,2,15,2010-11
1610612760,Oklahoma City Thunder,82,55,27,0.671,4001.0,3066,6609,0.464,487,1403,0.347,1977,2401,0.823,903,2604,3507,1672,1156.0,654,487,356,1836,1767,8596,311.0,1,7,7,7,1,14,18,10,18,19,19,1,2,1,15,8,8,24,15,6,2,7,28,6,5,9,2010-11
1610612753,Orlando Magic,82,52,30,0.634,3966.0,2956,6411,0.461,770,2103,0.366,1453,2101,0.692,864,2679,3543,1636,1224.0,548,384,310,1640,1791,8135,448.0,1,8,8,8,12,24,27,16,1,1,10,22,5,30,17,1,6,27,25,24,16,3,10,4,16,5,2010-11
1610612755,Philadelphia 76ers,82,41,41,0.5,3986.0,3125,6776,0.461,443,1248,0.355,1426,1851,0.77,850,2578,3428,1861,1063.0,621,355,376,1592,1544,8119,123.0,1,16,16,16,4,11,10,15,23,24,15,26,26,10,20,10,13,6,1,10,23,14,6,28,18,13,2010-11
1610612756,Phoenix Suns,82,40,42,0.488,4001.0,3219,6844,0.47,701,1857,0.377,1472,1939,0.759,821,2478,3299,1945,1169.0,545,357,356,1666,1740,8611,-73.0,1,17,17,17,1,2,7,7,3,3,4,19,20,18,25,17,23,3,19,25,22,7,13,12,4,18,2010-11
1610612757,Portland Trail Blazers,82,48,34,0.585,3961.0,2951,6599,0.447,518,1503,0.345,1476,1835,0.804,996,2230,3226,1736,1070.0,660,358,339,1585,1743,7896,125.0,1,10,10,10,18,25,19,24,13,12,21,18,28,3,4,30,27,16,4,5,21,4,5,11,24,12,2010-11
1610612758,Sacramento Kings,82,24,58,0.293,3971.0,3134,6979,0.449,428,1277,0.335,1455,1981,0.734,1071,2526,3597,1675,1324.0,608,391,464,1805,1723,8151,-438.0,1,25,25,25,10,9,3,23,25,21,26,21,15,28,2,14,4,23,28,12,15,24,23,14,15,25,2010-11
1610612759,San Antonio Spurs,82,61,21,0.744,3956.0,3148,6628,0.475,685,1727,0.397,1521,1984,0.767,829,2603,3432,1836,1101.0,602,372,374,1556,1701,8502,468.0,1,2,2,2,20,5,16,4,4,7,1,11,14,14,23,9,12,8,6,14,18,12,3,17,6,4,2010-11
1610612761,Toronto Raptors,82,22,60,0.268,3956.0,3144,6755,0.465,345,1091,0.316,1491,1976,0.755,963,2343,3306,1795,1206.0,581,350,456,1807,1620,8124,-515.0,1,28,28,28,20,7,12,8,29,29,30,15,19,22,8,27,21,14,24,21,26,23,25,26,17,27,2010-11
1610612762,Utah Jazz,82,39,43,0.476,3976.0,3064,6590,0.465,435,1256,0.346,1590,2061,0.771,898,2338,3236,1921,1175.0,629,484,411,1865,1802,8153,-150.0,1,18,18,18,6,15,21,9,24,22,20,7,9,9,16,28,26,4,20,7,3,19,30,3,14,20,2010-11
1610612764,Washington Wizards,82,23,59,0.28,3986.0,3048,6888,0.443,392,1182,0.332,1489,1999,0.745,1013,2374,3387,1592,1258.0,665,502,413,1850,1662,7977,-607.0,1,27,27,27,4,17,5,25,28,27,28,16,12,25,3,25,15,29,26,4,1,20,29,21,21,29,2010-11
1610612737,Atlanta Hawks,66,40,26,0.606,3233.0,2429,5348,0.454,492,1330,0.37,1025,1385,0.74,652,2066,2718,1481,921.0,536,303,313,1178,1263,6375,227.0,1,8,8,8,1,14,19,11,8,10,5,23,25,23,28,11,23,8,5,10,23,10,6,20,17,6,2011-12
1610612738,Boston Celtics,66,39,27,0.591,3188.0,2341,5086,0.46,363,988,0.367,1017,1308,0.778,509,2051,2560,1557,979.0,498,362,304,1315,1217,6062,166.0,1,10,10,10,16,23,30,5,22,24,7,25,27,5,30,15,30,2,17,16,6,9,18,24,26,11,2011-12
1610612766,Charlotte Bobcats,66,7,59,0.106,3178.0,2193,5293,0.414,263,892,0.295,1090,1462,0.746,677,1894,2571,1326,957.0,397,361,378,1249,1341,5739,-918.0,1,30,30,30,26,30,23,30,29,27,30,16,14,20,26,28,29,19,16,29,8,25,10,9,30,30,2011-12
1610612741,Chicago Bulls,66,50,16,0.758,3188.0,2467,5462,0.452,419,1117,0.375,1006,1394,0.722,915,2165,3080,1527,923.0,456,388,343,1139,1166,6359,540.0,1,1,1,1,16,10,8,12,17,18,4,27,23,27,1,2,1,5,6,24,3,20,2,28,18,1,2011-12
1610612739,Cleveland Cavaliers,66,21,45,0.318,3193.0,2261,5360,0.422,440,1273,0.346,1178,1645,0.716,841,1949,2790,1308,1017.0,466,262,409,1317,1381,6140,-475.0,1,27,27,27,10,29,18,29,14,16,15,9,6,28,4,22,14,23,26,22,29,28,20,6,25,29,2011-12
1610612742,Dallas Mavericks,66,36,30,0.545,3213.0,2398,5412,0.443,497,1464,0.339,1029,1334,0.771,665,2157,2822,1380,926.0,565,337,265,1226,1213,6322,63.0,1,13,13,13,3,19,14,19,7,4,20,22,26,9,27,3,11,15,8,4,14,1,8,27,19,14,2011-12
1610612743,Denver Nuggets,66,38,28,0.576,3208.0,2572,5404,0.476,435,1311,0.332,1293,1760,0.735,738,2105,2843,1581,1015.0,540,330,439,1297,1452,6872,190.0,1,11,11,11,6,2,15,2,16,13,24,3,1,25,17,7,8,1,25,9,16,30,17,1,1,9,2011-12
1610612765,Detroit Pistons,66,25,41,0.379,3193.0,2291,5232,0.438,317,916,0.346,1098,1461,0.752,775,1882,2657,1232,1033.0,460,278,348,1293,1283,5997,-316.0,1,22,22,22,10,25,24,25,26,26,13,14,15,18,12,29,27,28,28,23,26,21,16,16,27,25,2011-12
1610612744,Golden State Warriors,66,23,43,0.348,3183.0,2489,5443,0.457,524,1351,0.388,951,1235,0.77,640,1947,2587,1470,915.0,528,362,328,1410,1095,6453,-225.0,1,23,23,23,23,7,10,7,3,9,2,29,29,11,29,24,28,9,4,11,6,15,27,29,12,23,2011-12
1610612745,Houston Rockets,66,34,32,0.515,3213.0,2489,5543,0.449,478,1330,0.359,1018,1301,0.782,769,2014,2783,1404,955.0,496,319,340,1347,1215,6474,15.0,1,17,17,17,3,7,3,14,9,10,9,24,28,4,14,17,15,12,14,18,20,19,22,25,9,18,2011-12
1610612754,Indiana Pacers,66,42,24,0.636,3198.0,2354,5375,0.438,392,1064,0.368,1349,1724,0.782,826,2070,2896,1228,925.0,523,357,398,1430,1428,6449,218.0,1,5,5,5,8,22,16,24,19,22,6,2,3,3,6,10,4,29,7,15,9,27,28,4,13,7,2011-12
1610612746,Los Angeles Clippers,66,40,26,0.606,3193.0,2439,5366,0.455,514,1441,0.357,1046,1538,0.68,800,1943,2743,1385,879.0,556,315,296,1399,1401,6438,169.0,1,8,8,8,10,13,17,10,5,5,12,21,10,29,8,27,22,13,2,6,22,5,25,5,14,10,2011-12
1610612747,Los Angeles Lakers,66,41,25,0.621,3213.0,2429,5319,0.457,362,1112,0.326,1202,1589,0.756,799,2251,3050,1485,997.0,390,351,302,1109,1332,6422,94.0,1,6,6,6,3,14,22,8,23,19,26,8,9,16,9,1,2,7,20,30,11,8,1,10,15,13,2011-12
1610612763,Memphis Grizzlies,66,41,25,0.621,3188.0,2425,5422,0.447,277,849,0.326,1142,1504,0.759,831,1944,2775,1290,955.0,631,345,363,1316,1275,6269,133.0,1,6,6,6,16,16,12,16,27,28,25,10,13,13,5,26,16,24,14,1,12,22,19,18,20,12,2011-12
1610612748,Miami Heat,66,46,20,0.697,3208.0,2446,5212,0.469,370,1030,0.359,1238,1598,0.775,686,2060,2746,1317,1002.0,585,355,280,1282,1356,6500,395.0,1,4,4,4,6,12,26,4,20,23,10,6,8,7,24,12,21,21,23,3,10,3,14,8,7,4,2011-12
1610612749,Milwaukee Bucks,66,31,35,0.47,3173.0,2502,5652,0.443,436,1265,0.345,1095,1415,0.774,820,1983,2803,1550,929.0,548,335,297,1273,1278,6535,18.0,1,19,19,19,28,4,2,20,15,17,16,15,19,8,7,20,12,3,10,7,15,6,13,17,5,17,2011-12
1610612750,Minnesota Timberwolves,66,26,40,0.394,3188.0,2355,5434,0.433,473,1423,0.332,1281,1662,0.771,797,2089,2886,1290,1001.0,436,293,377,1212,1435,6464,-145.0,1,21,21,21,16,21,11,27,11,6,23,4,5,10,10,8,5,24,21,26,24,24,7,3,10,21,2011-12
1610612751,New Jersey Nets,66,22,44,0.333,3178.0,2262,5320,0.425,507,1481,0.342,1113,1433,0.777,783,1879,2662,1311,995.0,493,260,330,1268,1274,6144,-395.0,1,25,25,25,26,28,21,28,6,3,18,13,16,6,11,30,26,22,19,19,30,16,12,19,24,28,2011-12
1610612740,New Orleans Hornets,66,21,45,0.318,3188.0,2300,5103,0.451,259,777,0.333,1057,1397,0.757,724,1991,2715,1368,1024.0,488,316,380,1324,1235,5916,-248.0,1,27,27,27,16,24,29,13,30,30,22,20,21,15,20,19,24,16,27,21,21,26,21,22,29,24,2011-12
1610612752,New York Knicks,66,36,30,0.545,3188.0,2365,5335,0.443,517,1538,0.336,1211,1634,0.741,743,2012,2755,1328,1056.0,622,276,334,1391,1437,6458,211.0,1,13,13,13,16,20,20,18,4,2,21,7,7,22,15,18,18,18,29,2,27,18,24,2,11,8,2011-12
1610612760,Oklahoma City Thunder,66,47,19,0.712,3198.0,2462,5229,0.471,472,1317,0.358,1406,1744,0.806,726,2157,2883,1224,1079.0,498,539,321,1352,1322,6802,404.0,1,3,3,3,8,11,25,3,12,12,11,1,2,1,19,3,6,30,30,16,1,13,23,11,3,3,2011-12
1610612753,Orlando Magic,66,37,29,0.561,3193.0,2275,5162,0.441,670,1785,0.375,995,1508,0.66,742,2060,2802,1321,984.0,451,275,273,1168,1308,6215,52.0,1,12,12,12,10,26,27,22,1,1,3,28,12,30,16,12,13,20,18,25,28,2,5,13,21,15,2011-12
1610612755,Philadelphia 76ers,66,35,31,0.53,3183.0,2471,5516,0.448,349,963,0.362,889,1198,0.742,704,2144,2848,1453,738.0,526,340,316,1157,1070,6180,280.0,1,16,16,16,23,9,5,15,24,25,8,30,30,21,22,6,7,10,1,14,13,12,4,30,22,5,2011-12
1610612756,Phoenix Suns,66,33,33,0.5,3168.0,2495,5445,0.458,444,1295,0.343,1058,1397,0.757,717,2035,2752,1486,928.0,431,366,288,1233,1293,6492,-16.0,1,18,18,18,30,5,9,6,13,15,17,19,21,14,21,16,19,6,9,27,5,4,9,15,8,19,2011-12
1610612757,Portland Trail Blazers,66,28,38,0.424,3193.0,2402,5417,0.443,478,1382,0.346,1133,1423,0.796,735,1949,2684,1349,935.0,528,322,314,1251,1306,6415,-41.0,1,20,20,20,10,18,13,17,9,8,14,11,18,2,18,22,25,17,11,11,18,11,11,14,16,20,2011-12
1610612758,Sacramento Kings,66,22,44,0.333,3183.0,2490,5712,0.436,411,1301,0.316,1127,1532,0.736,882,1947,2829,1271,952.0,561,323,423,1287,1313,6518,-375.0,1,25,25,25,23,6,1,26,18,14,29,12,11,24,2,24,10,26,13,5,17,29,15,12,6,27,2011-12
1610612759,San Antonio Spurs,66,50,16,0.758,3188.0,2611,5463,0.478,552,1405,0.393,1067,1427,0.748,683,2153,2836,1528,895.0,490,293,330,1143,1244,6841,473.0,1,1,1,1,16,1,7,1,2,7,1,18,17,19,25,5,9,4,3,20,24,16,3,21,2,2,2011-12
1610612761,Toronto Raptors,66,23,43,0.348,3193.0,2268,5154,0.44,365,1075,0.34,1085,1410,0.77,697,2074,2771,1382,1001.0,429,321,322,1532,1214,5986,-218.0,1,23,23,23,10,27,28,23,21,20,19,17,20,12,23,9,17,14,21,28,19,14,30,26,28,22,2011-12
1610612762,Utah Jazz,66,36,30,0.545,3233.0,2523,5531,0.456,273,845,0.323,1258,1668,0.754,861,2055,2916,1439,936.0,545,385,375,1441,1366,6577,41.0,1,13,13,13,1,3,4,9,28,29,27,5,4,17,3,14,3,11,12,8,4,23,29,7,4,16,2011-12
1610612764,Washington Wizards,66,20,46,0.303,3173.0,2414,5475,0.441,344,1075,0.32,1008,1386,0.727,775,1975,2750,1262,1008.0,527,417,300,1405,1231,6180,-317.0,1,29,29,29,28,17,6,21,25,20,28,26,24,26,12,21,20,27,24,13,2,7,26,23,22,26,2011-12
1610612737,Atlanta Hawks,82,44,38,0.537,3971.0,3084,6644,0.464,706,1901,0.371,1158,1619,0.715,758,2593,3351,2007,1219.0,664,369,350,1473,1543,8032,33.0,1,14,14,14,7,12,21,7,5,5,7,28,27,26,27,11,23,2,21,14,22,6,3,25,14,13,2012-13
1610612738,Boston Celtics,81,41,40,0.506,3968.0,3001,6459,0.465,498,1390,0.358,1318,1698,0.776,654,2533,3187,1843,1181.0,667,365,378,1717,1574,7818,-18.0,29,16,16,16,11,18,29,6,25,27,15,20,23,6,30,13,29,15,11,13,23,10,25,19,20,16,2012-13
1610612751,Brooklyn Nets,82,49,33,0.598,3971.0,2942,6544,0.45,628,1760,0.357,1432,1958,0.731,1047,2460,3507,1668,1206.0,599,391,390,1500,1751,7944,146.0,1,8,9,9,7,26,26,13,9,8,17,10,7,24,4,21,10,27,17,19,18,12,4,5,17,10,2012-13
1610612766,Charlotte Bobcats,82,21,61,0.256,3961.0,2823,6649,0.425,469,1399,0.335,1546,2060,0.75,917,2389,3306,1587,1153.0,591,479,565,1561,1746,7661,-757.0,1,29,29,29,16,30,20,30,27,26,27,4,5,18,16,28,27,29,8,22,6,30,10,6,26,30,2012-13
1610612741,Chicago Bulls,82,45,37,0.549,3966.0,2926,6698,0.437,446,1265,0.353,1343,1738,0.773,1026,2514,3540,1886,1171.0,588,417,477,1617,1609,7641,26.0,1,11,11,11,12,27,14,25,29,29,21,17,19,9,6,14,8,8,10,23,15,22,12,17,29,14,2012-13
1610612739,Cleveland Cavaliers,82,24,58,0.293,3946.0,2993,6901,0.434,547,1581,0.346,1380,1826,0.756,1004,2359,3363,1694,1149.0,647,334,560,1737,1615,7913,-384.0,1,28,28,28,26,20,6,29,17,17,23,13,15,14,7,30,22,26,7,17,29,29,27,16,18,26,2012-13
1610612742,Dallas Mavericks,82,41,41,0.5,3996.0,3182,6892,0.462,606,1628,0.372,1323,1669,0.793,767,2670,3437,1906,1144.0,648,454,340,1698,1547,8293,-49.0,1,16,17,17,1,3,8,8,12,14,6,19,25,2,26,6,16,5,5,16,8,5,23,24,8,17,2012-13
1610612743,Denver Nuggets,82,57,25,0.695,3981.0,3339,6983,0.478,521,1518,0.343,1505,2148,0.701,1092,2601,3693,2002,1253.0,762,533,554,1682,1775,8704,417.0,1,4,4,4,3,1,2,5,20,19,25,6,3,28,1,10,2,3,27,2,3,28,21,4,1,5,2012-13
1610612765,Detroit Pistons,82,29,53,0.354,3961.0,2979,6638,0.449,513,1440,0.356,1307,1870,0.699,991,2463,3454,1742,1241.0,574,400,472,1623,1630,7778,-327.0,1,23,23,23,16,21,23,14,22,24,18,22,12,29,8,20,13,22,26,26,16,21,13,15,22,25,2012-13
1610612744,Golden State Warriors,82,47,35,0.573,3961.0,3130,6840,0.458,658,1632,0.403,1378,1744,0.79,885,2801,3686,1845,1236.0,567,346,399,1753,1571,8296,73.0,1,10,10,10,16,6,9,11,8,13,1,14,18,4,22,1,3,14,24,27,27,15,29,20,7,12,2012-13
1610612745,Houston Rockets,82,45,37,0.549,3956.0,3124,6782,0.461,867,2369,0.366,1573,2087,0.754,909,2652,3561,1902,1348.0,679,359,498,1662,1674,8688,285.0,1,11,11,11,21,9,10,9,2,2,9,3,4,17,17,7,7,6,30,9,24,26,18,9,2,9,2012-13
1610612754,Indiana Pacers,81,49,32,0.605,3918.0,2845,6525,0.436,555,1599,0.347,1429,1915,0.746,1043,2671,3714,1645,1227.0,580,513,459,1623,1777,7674,326.0,29,8,8,8,30,29,27,26,16,15,22,11,8,19,5,5,1,28,22,24,5,20,13,3,25,8,2012-13
1610612746,Los Angeles Clippers,82,56,26,0.683,3946.0,3160,6608,0.478,627,1752,0.358,1342,1888,0.711,938,2475,3413,1958,1197.0,784,461,335,1716,1712,8289,529.0,1,5,5,5,26,4,24,4,10,9,16,18,9,27,15,17,18,4,14,1,7,4,24,7,9,3,2012-13
1610612747,Los Angeles Lakers,82,45,37,0.549,3951.0,3041,6640,0.458,715,2015,0.355,1584,2289,0.692,942,2732,3674,1818,1232.0,576,429,396,1467,1891,8381,95.0,1,11,11,11,24,16,22,10,4,3,19,2,1,30,14,2,4,17,23,25,14,13,2,1,6,11,2012-13
1610612763,Memphis Grizzlies,82,56,26,0.683,3961.0,2964,6679,0.444,382,1107,0.345,1349,1746,0.773,1059,2445,3504,1715,1144.0,703,436,450,1660,1643,7659,340.0,1,5,5,5,16,23,18,21,30,30,24,16,16,10,3,24,11,24,5,4,12,19,17,13,27,7,2012-13
1610612748,Miami Heat,82,66,16,0.805,3976.0,3148,6348,0.496,717,1809,0.396,1423,1887,0.754,676,2490,3166,1890,1143.0,710,441,262,1533,1673,8436,645.0,1,1,1,1,4,5,30,1,3,6,2,12,10,16,28,16,30,7,4,3,10,1,8,10,5,2,2012-13
1610612749,Milwaukee Bucks,82,38,44,0.463,3966.0,3128,7197,0.435,601,1670,0.36,1251,1700,0.736,1068,2537,3605,1876,1156.0,685,550,362,1554,1567,8108,-123.0,1,18,18,18,12,7,1,28,13,11,14,26,22,22,2,12,5,9,9,8,2,9,9,22,12,19,2012-13
1610612750,Minnesota Timberwolves,82,31,51,0.378,3946.0,2943,6702,0.439,450,1475,0.305,1515,2042,0.742,973,2473,3446,1836,1214.0,700,387,481,1509,1847,7851,-194.0,1,22,22,22,26,25,13,24,28,21,30,5,6,21,11,19,14,16,20,5,19,24,6,2,19,20,2012-13
1610612740,New Orleans Hornets,82,27,55,0.329,3956.0,2955,6589,0.448,535,1474,0.363,1269,1636,0.776,988,2426,3414,1721,1193.0,520,440,492,1673,1534,7714,-317.0,1,26,26,26,21,24,25,15,19,22,11,25,26,8,10,26,17,23,13,30,11,25,19,27,24,24,2012-13
1610612752,New York Knicks,82,54,28,0.659,3946.0,2996,6689,0.448,891,2371,0.376,1313,1729,0.759,890,2436,3326,1579,988.0,672,294,327,1650,1576,8196,347.0,1,7,7,7,26,19,16,18,1,1,5,21,20,13,19,25,26,30,1,11,30,3,15,18,11,6,2012-13
1610612760,Oklahoma City Thunder,82,60,22,0.732,3966.0,3126,6504,0.481,598,1588,0.377,1819,2196,0.828,854,2725,3579,1753,1253.0,679,624,322,1654,1698,8669,755.0,1,2,2,2,12,8,28,3,14,16,3,1,2,1,25,3,6,21,27,9,1,2,16,8,3,1,2012-13
1610612753,Orlando Magic,82,20,62,0.244,3956.0,3093,6904,0.448,506,1537,0.329,1026,1359,0.755,890,2612,3502,1871,1191.0,528,358,430,1591,1353,7718,-573.0,1,30,30,30,21,10,4,17,24,18,29,29,30,15,19,9,12,10,12,29,25,18,11,29,23,29,2012-13
1610612755,Philadelphia 76ers,82,34,48,0.415,3951.0,3059,6895,0.444,518,1438,0.36,1004,1377,0.729,896,2493,3389,1867,1070.0,609,384,396,1505,1331,7640,-274.0,1,19,19,19,24,14,7,22,21,25,13,30,29,25,18,15,20,11,2,18,20,13,5,30,30,23,2012-13
1610612756,Phoenix Suns,82,25,57,0.305,3961.0,3061,6917,0.443,480,1455,0.33,1203,1618,0.744,959,2454,3413,1855,1278.0,659,434,421,1688,1511,7805,-530.0,1,27,27,27,16,13,3,23,26,23,28,27,28,20,12,23,18,13,29,15,13,17,22,28,21,28,2012-13
1610612757,Portland Trail Blazers,82,33,49,0.402,3971.0,3009,6715,0.448,673,1904,0.353,1304,1680,0.776,874,2474,3348,1784,1203.0,538,353,359,1518,1537,7995,-260.0,1,21,21,21,7,17,11,16,6,4,20,23,24,7,23,18,24,18,16,28,26,8,7,26,15,22,2012-13
1610612758,Sacramento Kings,82,28,54,0.341,3966.0,3086,6904,0.447,610,1681,0.363,1437,1869,0.769,943,2385,3328,1708,1199.0,671,342,517,1717,1636,8219,-400.0,1,25,25,25,12,11,4,19,11,10,12,9,13,11,13,29,25,25,15,12,28,27,25,14,10,27,2012-13
1610612759,San Antonio Spurs,82,58,24,0.707,3976.0,3210,6675,0.481,663,1764,0.376,1365,1725,0.791,666,2721,3387,2058,1206.0,695,446,405,1427,1565,8448,525.0,1,3,3,3,4,2,19,2,7,7,4,15,21,3,29,4,21,1,17,6,9,16,1,23,4,4,2012-13
1610612761,Toronto Raptors,82,34,48,0.415,3996.0,2979,6685,0.446,571,1665,0.343,1442,1831,0.788,871,2426,3297,1765,1124.0,595,392,387,1836,1650,7971,-121.0,1,19,19,19,1,21,17,20,15,12,26,7,14,5,24,26,28,20,3,21,17,11,30,12,16,18,2012-13
1610612762,Utah Jazz,82,43,39,0.524,3976.0,3046,6710,0.454,507,1385,0.366,1439,1883,0.764,989,2457,3446,1859,1210.0,690,515,480,1750,1670,8038,-7.0,1,15,15,15,4,15,12,12,23,28,8,8,11,12,9,22,14,12,19,7,4,23,28,11,13,15,2012-13
1610612764,Washington Wizards,82,29,53,0.354,3971.0,2910,6693,0.435,545,1495,0.365,1279,1746,0.733,887,2652,3539,1775,1238.0,598,376,358,1681,1569,7644,-208.0,1,23,23,23,7,28,15,27,18,20,10,24,16,23,21,7,9,19,25,20,21,7,20,21,28,21,2012-13
1610612737,Atlanta Hawks,82,38,44,0.463,3966.0,3061,6688,0.458,768,2116,0.363,1392,1782,0.781,713,2565,3278,2041,1251.0,680,326,354,1577,1643,8282,-39.0,1,18,18,18,15,18,24,13,5,2,13,18,22,6,29,18,28,2,24,9,26,12,7,20,15,17,2013-14
1610612738,Boston Celtics,82,25,57,0.305,3946.0,2996,6883,0.435,575,1729,0.333,1325,1706,0.777,980,2505,3485,1726,1261.0,584,343,373,1743,1564,7892,-366.0,1,26,26,26,29,23,10,28,20,18,28,24,27,10,7,24,18,22,27,23,23,13,19,28,26,25,2013-14
1610612751,Brooklyn Nets,82,44,38,0.537,3976.0,2931,6391,0.459,709,1922,0.369,1508,2002,0.753,721,2407,3128,1714,1191.0,705,311,337,1777,1704,8079,-82.0,1,14,14,14,7,29,29,12,10,10,11,10,10,18,28,28,29,24,12,4,28,9,21,11,21,19,2013-14
1610612766,Charlotte Bobcats,82,43,39,0.524,3981.0,2976,6730,0.442,516,1471,0.351,1474,2000,0.737,776,2724,3500,1778,1010.0,499,421,415,1493,1716,7942,-18.0,1,16,16,16,6,25,21,25,25,27,23,14,11,24,25,7,16,16,1,29,8,21,1,9,23,16,2013-14
1610612741,Chicago Bulls,82,48,34,0.585,3986.0,2843,6577,0.432,508,1459,0.348,1486,1908,0.779,937,2683,3620,1860,1223.0,594,424,490,1565,1714,7680,152.0,1,11,11,11,4,30,27,30,26,28,24,12,15,7,11,9,10,10,18,21,7,28,4,10,30,13,2013-14
1610612739,Cleveland Cavaliers,82,33,49,0.402,3986.0,3036,6955,0.437,584,1640,0.356,1398,1861,0.751,989,2629,3618,1738,1163.0,579,304,461,1640,1599,8054,-270.0,1,22,22,22,4,19,8,27,18,20,18,17,18,20,6,14,11,20,10,24,29,27,11,24,22,23,2013-14
1610612742,Dallas Mavericks,82,49,33,0.598,3966.0,3249,6858,0.474,721,1877,0.384,1378,1733,0.795,840,2514,3354,1935,1110.0,704,356,288,1636,1633,8597,197.0,1,10,10,10,15,2,11,4,8,12,2,20,23,3,22,23,26,6,3,5,21,4,10,21,8,12,2013-14
1610612743,Denver Nuggets,82,36,46,0.439,3950.985,3147,7042,0.447,702,1959,0.358,1563,2154,0.726,1009,2717,3726,1838,1305.0,615,459,459,1890,1778,8559,-176.0,1,20,20,20,28,11,5,19,11,9,15,8,5,27,4,8,2,12,28,18,4,24,30,7,9,20,2013-14
1610612765,Detroit Pistons,82,29,53,0.354,3956.0,3182,7124,0.447,507,1580,0.321,1415,2111,0.67,1196,2525,3721,1714,1193.0,687,395,403,1666,1699,8286,-300.0,1,23,23,23,22,8,4,20,27,22,29,16,6,30,1,22,3,24,13,8,13,18,12,12,14,24,2013-14
1610612744,Golden State Warriors,82,51,31,0.622,3966.0,3236,7005,0.462,774,2037,0.38,1303,1731,0.753,896,2819,3715,1912,1247.0,642,407,342,1784,1584,8549,394.0,1,8,8,8,15,3,6,9,2,6,4,26,24,19,17,2,5,7,22,13,10,10,22,26,10,4,2013-14
1610612745,Houston Rockets,82,54,28,0.659,3966.0,3118,6603,0.472,779,2179,0.358,1814,2549,0.712,920,2797,3717,1755,1323.0,621,461,460,1676,1993,8829,374.0,1,5,5,5,15,15,26,5,1,1,16,1,1,28,15,3,4,18,29,17,3,26,15,1,2,6,2013-14
1610612754,Indiana Pacers,82,56,26,0.683,3956.0,2949,6573,0.449,550,1542,0.357,1485,1907,0.779,834,2831,3665,1651,1237.0,550,446,378,1675,1793,7933,361.0,1,4,4,4,22,28,28,17,22,25,17,13,16,8,23,1,8,27,19,27,5,14,13,6,24,7,2013-14
1610612746,Los Angeles Clippers,82,57,25,0.695,3951.0,3208,6761,0.474,693,1966,0.352,1741,2384,0.73,858,2668,3526,2016,1136.0,703,397,284,1767,1919,8850,572.0,1,3,3,3,25,4,17,3,13,8,22,3,2,26,21,10,14,3,7,6,12,3,20,3,1,2,2013-14
1610612747,Los Angeles Lakers,82,27,55,0.329,3941.0,3139,6980,0.45,774,2032,0.381,1390,1835,0.757,745,2620,3365,2006,1239.0,611,446,387,1627,1580,8442,-516.0,1,25,25,25,30,13,7,14,2,7,3,19,20,17,27,15,25,4,21,19,5,16,9,27,11,27,2013-14
1610612763,Memphis Grizzlies,82,50,32,0.61,3961.0,3122,6723,0.464,405,1147,0.353,1235,1666,0.741,950,2526,3476,1792,1124.0,631,375,410,1568,1553,7884,129.0,1,9,9,9,20,14,22,7,30,30,19,30,29,23,9,21,19,14,4,14,16,19,5,29,27,14,2013-14
1610612748,Miami Heat,82,54,28,0.659,3976.0,3142,6272,0.501,665,1829,0.364,1431,1884,0.76,627,2397,3024,1847,1212.0,732,367,256,1596,1675,8380,390.0,1,5,5,5,7,12,30,1,14,15,12,15,17,14,30,30,30,11,16,2,18,1,8,16,12,5,2013-14
1610612749,Milwaukee Bucks,82,15,67,0.183,3976.0,2952,6737,0.438,548,1553,0.353,1377,1843,0.747,971,2399,3370,1760,1238.0,541,403,413,1713,1690,7829,-671.0,1,30,30,30,7,26,20,26,23,24,20,21,19,21,8,29,24,17,20,28,11,20,18,14,28,29,2013-14
1610612750,Minnesota Timberwolves,82,40,42,0.488,3971.0,3189,7175,0.444,600,1757,0.341,1790,2301,0.778,1024,2644,3668,1963,1142.0,718,297,457,1504,1936,8768,219.0,1,17,17,17,10,7,1,23,17,16,26,2,3,9,2,13,6,5,8,3,30,23,3,2,3,10,2013-14
1610612740,New Orleans Pelicans,82,34,48,0.415,3971.0,3101,6761,0.459,486,1303,0.373,1489,1936,0.769,933,2486,3419,1745,1129.0,647,523,504,1857,1664,8177,-222.0,1,21,21,21,10,17,17,11,29,29,6,11,12,11,13,25,22,19,6,12,1,29,27,19,18,21,2013-14
1610612752,New York Knicks,82,37,45,0.451,3971.0,3027,6739,0.449,759,2038,0.372,1271,1670,0.761,870,2437,3307,1641,1063.0,631,367,277,1815,1611,8084,-65.0,1,19,19,19,10,20,19,16,7,5,7,28,28,13,20,27,27,28,2,14,18,2,24,22,20,18,2013-14
1610612760,Oklahoma City Thunder,82,59,23,0.72,3961.0,3194,6782,0.471,664,1839,0.361,1653,2052,0.806,887,2781,3668,1794,1256.0,678,501,296,1858,1672,8705,520.0,1,2,2,2,20,6,15,6,15,14,14,5,8,2,18,6,6,13,25,10,2,5,28,18,5,3,2013-14
1610612753,Orlando Magic,82,23,59,0.28,3991.0,3022,6784,0.445,563,1596,0.353,1307,1714,0.763,794,2654,3448,1726,1222.0,630,350,445,1678,1500,7914,-446.0,1,28,28,28,2,22,14,21,21,21,21,25,26,12,24,12,21,22,17,16,22,22,16,30,25,26,2013-14
1610612755,Philadelphia 76ers,82,19,63,0.232,3970.985,3108,7150,0.435,577,1847,0.312,1362,1918,0.71,949,2556,3505,1791,1384.0,765,330,558,1844,1686,8155,-857.0,1,29,29,29,14,16,2,29,19,13,30,22,14,29,10,19,15,15,30,1,25,30,25,15,19,30,2013-14
1610612756,Phoenix Suns,82,48,34,0.585,3951.0,3172,6845,0.463,765,2055,0.372,1520,2004,0.758,928,2601,3529,1563,1258.0,688,374,332,1798,1749,8629,216.0,1,11,11,11,25,10,12,8,6,4,8,9,9,16,14,16,13,29,26,7,17,8,23,8,7,11,2013-14
1610612757,Portland Trail Blazers,82,54,28,0.659,3971.0,3207,7134,0.45,770,2071,0.372,1569,1926,0.815,1022,2786,3808,1904,1125.0,454,387,304,1576,1698,8753,327.0,1,5,5,5,10,5,3,15,4,3,10,7,13,1,3,4,1,9,5,30,14,6,6,13,4,8,2013-14
1610612758,Sacramento Kings,82,28,54,0.341,3966.0,3026,6766,0.447,491,1475,0.333,1698,2237,0.759,990,2656,3646,1547,1249.0,587,318,459,1849,1897,8241,-238.0,1,24,24,24,15,21,16,18,28,26,27,4,4,15,5,11,9,30,23,22,27,24,26,4,17,22,2013-14
1610612759,San Antonio Spurs,82,62,20,0.756,3951.0,3326,6844,0.486,698,1757,0.397,1289,1642,0.785,762,2786,3548,2064,1180.0,604,420,379,1495,1585,8639,633.0,1,1,1,1,25,1,13,2,12,16,1,27,30,4,26,4,12,1,11,20,9,15,2,25,6,1,2013-14
1610612761,Toronto Raptors,82,48,34,0.585,3991.0,2992,6718,0.445,713,1917,0.372,1608,2055,0.782,935,2552,3487,1737,1159.0,577,343,352,1882,1815,8305,266.0,1,11,11,11,2,24,23,22,9,11,9,6,7,5,12,20,17,21,9,25,23,11,29,5,13,9,2013-14
1610612762,Utah Jazz,82,25,57,0.305,3956.0,2951,6652,0.444,543,1577,0.344,1346,1803,0.747,904,2477,3381,1664,1200.0,570,366,401,1699,1673,7791,-588.0,1,26,26,26,22,27,25,24,24,23,25,23,21,22,16,26,23,26,14,26,20,17,17,17,29,28,2013-14
1610612764,Washington Wizards,82,44,38,0.537,4011.0,3177,6920,0.459,647,1704,0.38,1253,1715,0.731,886,2573,3459,1909,1204.0,668,377,320,1675,1600,8254,104.0,1,14,14,14,1,9,9,10,16,19,5,29,25,25,19,17,20,8,15,11,15,7,13,23,16,15,2013-14
1610612737,Atlanta Hawks,82,60,22,0.732,3946.0,3121,6699,0.466,818,2152,0.38,1349,1735,0.778,715,2611,3326,2111,1167.0,744,380,404,1457,1611,8409,445.0,1,2,2,2,26,10,27,4,5,7,2,19,24,5,30,22,28,2,16,5,15,18,1,20,10,4,2014-15
1610612738,Boston Celtics,82,40,42,0.488,3976.0,3193,7211,0.443,660,2021,0.327,1266,1678,0.754,910,2685,3595,2009,1133.0,674,294,431,1738,1545,8312,13.0,1,16,16,16,8,5,1,21,13,13,27,28,27,14,12,11,13,4,10,8,30,21,20,26,13,18,2014-15
1610612751,Brooklyn Nets,82,38,44,0.463,3986.0,3069,6804,0.451,541,1633,0.331,1359,1817,0.748,846,2627,3473,1716,1133.0,576,340,372,1579,1641,8038,-236.0,1,18,18,18,3,18,17,16,24,20,26,18,18,20,24,17,22,20,10,23,25,11,11,18,21,22,2014-15
1610612766,Charlotte Hornets,82,33,49,0.402,3981.0,2913,6932,0.42,498,1566,0.318,1397,1867,0.748,820,2793,3613,1654,976.0,499,448,440,1494,1708,7721,-260.0,1,22,22,22,6,26,10,29,26,24,30,13,15,19,26,6,10,28,1,30,7,23,2,9,28,23,2014-15
1610612741,Chicago Bulls,82,50,32,0.61,3976.0,3001,6797,0.442,645,1825,0.353,1618,2067,0.783,959,2792,3751,1781,1145.0,514,476,443,1495,1736,8265,246.0,1,9,9,9,8,23,18,22,15,16,10,3,4,3,6,7,3,14,12,28,5,25,4,6,15,10,2014-15
1610612739,Cleveland Cavaliers,82,53,29,0.646,3956.0,3089,6739,0.458,826,2253,0.367,1453,1934,0.751,911,2612,3523,1814,1171.0,603,340,368,1510,1685,8457,367.0,1,7,7,7,23,15,24,8,4,2,5,9,12,18,11,21,18,10,17,19,25,10,5,11,8,5,2014-15
1610612742,Dallas Mavericks,82,50,32,0.61,3976.0,3255,7036,0.463,732,2082,0.352,1386,1843,0.752,858,2608,3466,1846,1062.0,663,371,314,1644,1816,8628,238.0,1,9,9,9,8,2,8,5,7,8,13,15,16,16,20,23,23,8,4,10,20,4,15,2,3,11,2014-15
1610612743,Denver Nuggets,82,30,52,0.366,3976.0,3099,7158,0.433,660,2032,0.325,1462,1991,0.734,1012,2653,3665,1788,1166.0,641,367,504,1882,1698,8320,-291.0,1,24,24,24,8,13,2,26,13,12,28,8,8,24,3,12,7,13,15,14,21,29,30,10,12,24,2014-15
1610612765,Detroit Pistons,82,32,50,0.39,3966.0,3041,7038,0.432,703,2043,0.344,1292,1838,0.703,1051,2630,3681,1771,1099.0,623,383,391,1559,1584,8077,-82.0,1,23,23,23,18,20,6,27,9,11,18,26,17,29,2,16,4,16,8,16,13,15,7,24,18,20,2014-15
1610612744,Golden State Warriors,82,67,15,0.817,3946.0,3410,7137,0.478,883,2217,0.398,1313,1709,0.768,853,2814,3667,2248,1185.0,762,496,293,1628,1541,9016,828.0,1,1,1,1,26,1,3,1,2,4,1,23,26,9,23,4,6,1,18,4,2,2,13,27,1,1,2014-15
1610612745,Houston Rockets,82,56,26,0.683,3961.0,3032,6832,0.444,933,2680,0.348,1525,2133,0.715,958,2624,3582,1820,1366.0,777,407,437,1803,1730,8522,282.0,1,3,3,3,20,21,12,20,1,1,14,5,2,27,7,18,14,9,28,3,10,22,27,7,6,7,2014-15
1610612754,Indiana Pacers,82,38,44,0.463,3971.0,2998,6824,0.439,612,1740,0.352,1373,1817,0.756,856,2822,3678,1757,1147.0,505,375,386,1742,1754,7981,23.0,1,18,18,18,13,24,15,23,17,18,12,16,18,13,21,3,5,18,14,29,17,14,22,4,24,16,2014-15
1610612746,Los Angeles Clippers,82,56,26,0.683,3946.0,3228,6830,0.473,827,2202,0.376,1468,2067,0.71,784,2711,3495,2031,1012.0,640,409,245,1749,1766,8751,540.0,1,3,3,3,26,3,13,2,3,5,3,7,4,28,28,10,20,3,2,15,9,1,24,3,2,2,2014-15
1610612747,Los Angeles Lakers,82,21,61,0.256,3986.0,3054,7020,0.435,532,1546,0.344,1433,1935,0.741,952,2647,3599,1715,1086.0,578,366,396,1741,1589,8073,-561.0,1,27,27,27,3,19,9,25,25,25,17,12,11,23,8,13,12,21,5,22,22,17,21,23,19,27,2014-15
1610612763,Memphis Grizzlies,82,55,27,0.671,3981.0,3097,6763,0.458,423,1246,0.339,1445,1869,0.773,856,2634,3490,1777,1094.0,700,347,424,1567,1662,8062,266.0,1,5,5,5,6,14,23,9,29,29,22,10,14,7,21,15,21,15,7,6,24,20,9,15,20,8,2014-15
1610612748,Miami Heat,82,37,45,0.451,3946.0,2885,6330,0.456,556,1659,0.335,1438,1940,0.741,747,2461,3208,1626,1214.0,642,372,359,1636,1715,7764,-213.0,1,21,21,21,26,28,30,11,21,19,24,11,10,22,29,28,30,30,21,13,18,8,14,8,27,21,2014-15
1610612749,Milwaukee Bucks,82,41,41,0.5,3986.0,3083,6722,0.459,545,1500,0.363,1312,1734,0.757,876,2574,3450,1932,1373.0,789,403,392,1814,1649,8023,35.0,1,15,15,15,3,16,26,7,23,26,7,24,25,12,17,25,24,7,29,1,11,16,28,17,22,15,2014-15
1610612750,Minnesota Timberwolves,82,16,66,0.195,3961.0,2986,6820,0.438,406,1223,0.332,1638,2110,0.776,949,2406,3355,1771,1231.0,668,327,449,1571,1751,8016,-721.0,1,30,30,30,20,25,16,24,30,30,25,2,3,6,9,30,27,16,23,9,27,26,10,5,23,28,2014-15
1610612740,New Orleans Pelicans,82,45,37,0.549,3956.0,3108,6795,0.457,586,1583,0.37,1345,1790,0.751,942,2621,3563,1806,1087.0,553,510,475,1530,1533,8147,65.0,1,13,13,13,23,11,19,10,19,23,4,20,20,17,10,19,16,11,6,25,1,28,6,29,16,13,2014-15
1610612752,New York Knicks,82,17,65,0.207,3971.0,2882,6726,0.428,560,1614,0.347,1211,1575,0.769,867,2443,3310,1746,1206.0,575,382,353,1768,1564,7535,-764.0,1,29,29,29,13,29,25,28,20,21,15,29,29,8,18,29,29,19,20,24,14,7,25,25,30,30,2014-15
1610612760,Oklahoma City Thunder,82,45,37,0.549,3966.0,3184,7119,0.447,632,1864,0.339,1524,2020,0.754,1052,2844,3896,1681,1205.0,598,454,377,1829,1675,8524,179.0,1,13,13,13,18,6,4,18,16,14,23,6,6,15,1,2,1,25,19,21,6,12,29,12,5,12,2014-15
1610612753,Orlando Magic,82,25,57,0.305,3951.0,3076,6792,0.453,554,1598,0.347,1141,1565,0.729,822,2607,3429,1692,1221.0,647,314,441,1714,1467,7847,-469.0,1,26,26,26,25,17,20,14,22,22,16,30,30,25,25,24,25,23,22,12,29,24,19,30,25,26,2014-15
1610612755,Philadelphia 76ers,82,18,64,0.22,3961.0,2765,6777,0.408,692,2160,0.32,1320,1953,0.676,978,2536,3514,1683,1453.0,789,487,454,1778,1657,7542,-736.0,1,28,28,28,20,30,22,30,11,6,29,22,9,30,5,26,19,24,30,1,4,27,26,16,29,29,2014-15
1610612756,Phoenix Suns,82,39,43,0.476,3976.0,3178,7038,0.452,698,2048,0.341,1343,1767,0.76,896,2643,3539,1659,1238.0,700,385,337,1744,1664,8397,-74.0,1,17,17,17,8,7,6,15,10,10,21,21,21,11,13,14,17,27,25,6,12,5,23,14,11,19,2014-15
1610612757,Portland Trail Blazers,82,51,31,0.622,3971.0,3175,7049,0.45,807,2231,0.362,1272,1589,0.801,879,2881,3760,1799,1117.0,525,372,297,1494,1534,8429,347.0,1,8,8,8,13,8,5,17,6,3,8,27,28,1,16,1,2,12,9,27,18,3,2,28,9,6,2014-15
1610612758,Sacramento Kings,82,29,53,0.354,3971.0,3010,6617,0.455,461,1350,0.341,1829,2400,0.762,895,2728,3623,1667,1333.0,550,324,508,1696,1958,8310,-304.0,1,25,25,25,13,22,28,13,28,28,20,1,1,10,14,9,9,26,27,26,28,30,16,1,14,25,2014-15
1610612759,San Antonio Spurs,82,55,27,0.671,3991.0,3208,6854,0.468,677,1847,0.367,1368,1754,0.78,806,2772,3578,2000,1146.0,657,444,362,1564,1613,8461,508.0,1,5,5,5,1,4,11,3,12,15,6,17,23,4,27,8,15,5,13,11,8,9,8,19,7,3,2014-15
1610612761,Toronto Raptors,82,49,33,0.598,3971.0,3108,6829,0.455,726,2060,0.352,1585,2014,0.787,881,2526,3407,1701,1057.0,615,357,413,1712,1668,8527,252.0,1,11,11,11,13,11,14,12,8,9,11,4,7,2,15,27,26,22,3,18,23,19,18,13,4,9,2014-15
1610612762,Utah Jazz,82,38,44,0.463,3941.0,2900,6492,0.447,610,1781,0.343,1391,1929,0.721,988,2617,3605,1632,1256.0,623,489,382,1583,1604,7801,18.0,1,18,18,18,30,27,29,19,18,17,19,14,13,26,4,20,11,29,26,16,3,13,12,22,26,17,2014-15
1610612764,Washington Wizards,82,46,36,0.561,3991.0,3139,6790,0.462,497,1381,0.36,1305,1758,0.742,862,2801,3663,1969,1233.0,601,378,350,1707,1610,8080,59.0,1,12,12,12,1,9,21,6,27,27,9,25,22,21,19,5,8,6,24,20,16,6,17,21,17,14,2014-15
1610612737,Atlanta Hawks,82,48,34,0.585,3966.0,3168,6923,0.458,815,2326,0.35,1282,1638,0.783,679,2772,3451,2100,1226.0,747,486,411,1570,1500,8433,296.0,1,7,7,7,11,9,15,11,6,7,15,29,30,8,30,13,24,2,22,3,5,14,7,29,12,7,2015-16
1610612738,Boston Celtics,82,48,34,0.585,3956.0,3216,7318,0.439,717,2142,0.335,1520,1929,0.788,950,2733,3683,1981,1127.0,752,348,450,1796,1718,8669,263.0,1,7,7,7,23,7,1,24,12,11,28,8,12,6,3,15,6,6,12,2,22,24,29,10,5,8,2015-16
1610612751,Brooklyn Nets,82,21,61,0.256,3951.0,3136,6920,0.453,531,1508,0.352,1286,1699,0.757,863,2614,3477,1829,1212.0,627,332,430,1476,1510,8089,-603.0,1,28,28,28,26,17,17,13,26,27,13,27,27,18,14,25,23,15,19,19,25,18,2,28,26,28,2015-16
1610612766,Charlotte Hornets,82,48,34,0.585,3971.0,3036,6922,0.439,873,2410,0.362,1534,1941,0.79,734,2869,3603,1778,1029.0,595,438,448,1487,1670,8479,223.0,1,7,7,7,9,24,16,27,4,4,8,7,11,5,28,4,14,19,1,22,12,21,3,14,11,9,2015-16
1610612741,Chicago Bulls,82,42,40,0.512,3981.0,3165,7170,0.441,651,1753,0.371,1354,1720,0.787,907,2889,3796,1870,1141.0,495,470,465,1545,1535,8335,-121.0,1,14,14,14,3,11,2,22,21,24,3,23,26,7,9,3,3,12,13,29,8,27,5,26,21,18,2015-16
1610612739,Cleveland Cavaliers,82,57,25,0.695,3971.0,3171,6888,0.46,880,2428,0.362,1333,1783,0.748,873,2777,3650,1861,1114.0,551,317,362,1666,1690,8555,492.0,1,3,3,3,9,8,19,10,2,3,7,26,24,21,12,11,9,13,10,28,27,7,14,12,8,4,2015-16
1610612742,Dallas Mavericks,82,42,40,0.512,4001.0,3064,6900,0.444,806,2342,0.344,1454,1831,0.794,751,2781,3532,1813,1047.0,560,306,363,1595,1757,8388,-25.0,1,14,14,14,1,22,18,20,7,5,23,12,21,3,26,9,19,18,2,26,29,8,8,8,16,16,2015-16
1610612743,Denver Nuggets,82,33,49,0.402,3966.0,3093,7003,0.442,656,1943,0.338,1513,1974,0.766,941,2718,3659,1858,1202.0,609,395,517,1723,1712,8355,-254.0,1,21,21,21,11,21,12,21,20,18,26,10,10,14,6,19,8,14,18,20,16,30,23,11,20,23,2015-16
1610612765,Detroit Pistons,82,44,38,0.537,3976.0,3111,7087,0.439,740,2148,0.345,1399,2095,0.668,1021,2777,3798,1594,1110.0,573,304,366,1557,1773,8361,50.0,1,12,12,12,5,18,5,25,10,10,22,20,5,30,2,11,2,27,9,24,30,9,6,5,19,14,2015-16
1610612744,Golden State Warriors,82,73,9,0.89,3976.0,3489,7159,0.487,1077,2592,0.416,1366,1790,0.763,816,2972,3788,2373,1245.0,689,498,336,1701,1627,9421,882.0,1,1,1,1,5,1,3,1,1,1,1,22,23,16,21,1,4,1,24,9,2,3,19,19,1,1,2015-16
1610612745,Houston Rockets,82,41,41,0.5,3966.0,3094,6847,0.452,878,2533,0.347,1671,2407,0.694,930,2601,3531,1821,1307.0,821,430,404,1790,1847,8737,16.0,1,17,17,17,11,20,23,14,3,2,19,3,1,27,7,27,20,16,27,1,13,13,28,1,4,15,2015-16
1610612754,Indiana Pacers,82,45,37,0.549,3976.0,3142,6985,0.45,663,1889,0.351,1430,1872,0.764,847,2779,3626,1741,1219.0,742,391,366,1641,1676,8377,140.0,1,11,11,11,5,15,13,17,18,20,14,14,17,15,17,10,12,22,20,4,17,9,11,13,17,11,2015-16
1610612746,LA Clippers,82,53,29,0.646,3966.0,3141,6759,0.465,797,2190,0.364,1490,2152,0.692,721,2727,3448,1873,1063.0,709,460,259,1746,1842,8569,351.0,1,6,6,6,11,16,25,6,8,9,6,11,4,29,29,17,25,11,3,7,10,1,24,2,7,6,2015-16
1610612747,Los Angeles Lakers,82,17,65,0.207,3946.0,2880,6956,0.414,639,2016,0.317,1583,2028,0.781,878,2645,3523,1478,1124.0,593,337,458,1662,1573,7982,-784.0,1,29,29,29,28,30,14,30,22,13,30,6,8,11,11,24,21,30,11,23,24,25,13,24,30,29,2015-16
1610612763,Memphis Grizzlies,82,42,40,0.512,3966.0,3019,6859,0.44,504,1521,0.331,1584,2024,0.783,916,2497,3413,1697,1090.0,724,350,469,1783,1732,8126,-184.0,1,14,14,14,11,26,22,23,27,25,29,5,9,9,8,30,28,25,6,6,21,29,27,9,24,20,2015-16
1610612748,Miami Heat,82,48,34,0.585,3966.0,3150,6697,0.47,498,1480,0.336,1406,1889,0.744,807,2811,3618,1709,1155.0,553,531,337,1502,1608,8204,135.0,1,7,7,7,11,13,27,4,28,28,27,18,14,23,22,6,13,23,14,27,1,4,4,20,23,12,2015-16
1610612749,Milwaukee Bucks,82,33,49,0.402,3966.0,3145,6740,0.467,440,1277,0.345,1392,1863,0.747,858,2559,3417,1895,1247.0,672,475,462,1695,1600,8122,-343.0,1,21,21,21,11,14,26,5,30,30,21,21,18,22,15,29,27,9,25,13,7,26,17,21,25,26,2015-16
1610612750,Minnesota Timberwolves,82,29,53,0.354,3976.0,3095,6668,0.464,455,1347,0.338,1753,2213,0.792,821,2587,3408,1916,1231.0,656,375,427,1696,1768,8398,-290.0,1,26,26,26,5,19,29,7,29,29,25,1,2,4,20,28,29,8,23,14,19,17,18,7,15,24,2015-16
1610612740,New Orleans Pelicans,82,30,52,0.366,3956.0,3153,7040,0.448,702,1951,0.36,1415,1823,0.776,782,2712,3494,1818,1102.0,633,342,423,1713,1630,8423,-311.0,1,25,25,25,23,12,8,19,15,16,9,16,22,13,23,20,22,17,8,16,23,15,22,17,13,25,2015-16
1610612752,New York Knicks,82,32,50,0.39,3961.0,3022,6886,0.439,610,1762,0.346,1411,1753,0.805,850,2788,3638,1682,1099.0,467,466,343,1616,1520,8065,-224.0,1,24,24,24,19,25,21,26,24,23,20,17,25,1,16,7,10,26,7,30,9,5,10,27,27,22,2015-16
1610612760,Oklahoma City Thunder,82,55,27,0.671,3966.0,3372,7082,0.476,678,1945,0.349,1616,2067,0.782,1071,2916,3987,1883,1305.0,603,487,373,1691,1653,9038,597.0,1,5,5,5,11,2,7,3,17,17,17,4,7,10,1,2,1,10,26,21,4,11,16,15,2,3,2015-16
1610612753,Orlando Magic,82,35,47,0.427,3981.0,3242,7120,0.455,636,1818,0.35,1249,1649,0.757,843,2709,3552,1933,1155.0,673,417,448,1701,1497,8369,-133.0,1,20,20,20,3,5,4,12,23,22,16,30,29,17,18,21,17,7,14,12,15,21,19,30,18,19,2015-16
1610612755,Philadelphia 76ers,82,10,72,0.122,3961.0,2970,6887,0.431,764,2255,0.339,1284,1850,0.694,777,2605,3382,1765,1343.0,680,495,466,1780,1571,7988,-839.0,1,30,30,30,19,28,20,29,9,8,24,28,19,28,24,26,30,20,29,10,3,28,25,25,29,30,2015-16
1610612756,Phoenix Suns,82,23,59,0.28,3941.0,3051,7018,0.435,738,2118,0.348,1431,1905,0.751,943,2733,3676,1701,1410.0,632,313,449,1858,1770,8271,-546.0,1,27,27,27,29,23,11,28,11,12,18,13,13,20,5,15,7,24,30,17,28,23,30,6,22,27,2015-16
1610612757,Portland Trail Blazers,82,44,38,0.537,3961.0,3167,7040,0.45,864,2336,0.37,1424,1889,0.754,948,2782,3730,1748,1200.0,562,380,424,1782,1597,8622,68.0,1,12,12,12,19,10,8,16,5,6,4,15,14,19,4,8,5,21,17,25,18,16,26,22,6,13,2015-16
1610612758,Sacramento Kings,82,33,49,0.402,3961.0,3283,7083,0.464,660,1839,0.359,1514,2089,0.725,868,2760,3628,2009,1326.0,733,368,437,1676,1800,8740,-203.0,1,21,21,21,19,4,6,8,19,21,10,9,6,26,13,14,11,4,28,5,20,19,15,4,3,21,2015-16
1610612759,San Antonio Spurs,82,67,15,0.817,3941.0,3289,6797,0.484,570,1518,0.375,1342,1672,0.803,770,2831,3601,2010,1071.0,677,485,317,1433,1597,8490,872.0,1,2,2,2,29,3,24,2,25,26,2,25,28,2,25,5,15,3,4,11,6,2,1,22,10,2,2015-16
1610612761,Toronto Raptors,82,56,26,0.683,3956.0,3006,6669,0.451,708,1915,0.37,1702,2190,0.777,836,2724,3560,1536,1073.0,636,449,442,1610,1801,8422,369.0,1,4,4,4,23,27,28,15,14,19,5,2,3,12,19,18,16,29,5,15,11,20,9,3,14,5,2015-16
1610612762,Utah Jazz,82,40,42,0.488,3991.0,2957,6593,0.449,694,1956,0.355,1402,1885,0.744,880,2665,3545,1554,1224.0,631,425,385,1655,1629,8010,147.0,1,19,19,19,2,29,30,18,16,15,12,19,16,24,10,23,18,28,21,18,14,12,12,18,28,10,2015-16
1610612764,Washington Wizards,82,41,41,0.5,3951.0,3238,7033,0.46,709,1983,0.358,1349,1849,0.73,743,2688,3431,2005,1186.0,708,323,356,1708,1651,8534,-41.0,1,17,17,17,26,6,10,9,13,14,11,24,20,25,27,22,26,5,16,8,26,6,21,16,9,17,2015-16
1610612737,Atlanta Hawks,82,43,39,0.524,3976.0,3123,6918,0.451,729,2137,0.341,1484,2039,0.728,842,2793,3635,1938,1294.0,672,397,424,1491,1768,8459,-70.0,1,11,11,11,4,23,22,18,20,16,23,13,5,28,14,10,9,10,28,7,14,22,6,3,22,19,2016-17
1610612738,Boston Celtics,82,53,29,0.646,3951.0,3168,6977,0.454,985,2741,0.359,1536,1903,0.807,743,2698,3441,2069,1088.0,617,340,425,1686,1664,8857,216.0,1,4,4,4,25,21,18,16,3,3,14,10,15,3,22,22,27,4,8,18,23,23,21,11,7,8,2016-17
1610612751,Brooklyn Nets,82,20,62,0.244,3951.0,3102,6987,0.444,877,2591,0.338,1592,2020,0.788,721,2879,3600,1756,1356.0,593,387,457,1726,1671,8673,-552.0,1,30,30,30,25,25,17,24,6,4,26,4,7,9,26,1,10,20,29,21,18,30,25,9,12,29,2016-17
1610612766,Charlotte Hornets,82,36,46,0.439,3966.0,3093,7000,0.442,824,2347,0.351,1591,1953,0.815,721,2853,3574,1891,942.0,571,390,450,1360,1631,8601,16.0,1,20,20,20,10,26,15,26,11,9,18,5,10,1,26,4,16,11,1,27,17,28,1,15,16,15,2016-17
1610612741,Chicago Bulls,82,41,41,0.5,3956.0,3169,7141,0.444,623,1831,0.34,1474,1848,0.798,999,2797,3796,1851,1112.0,643,393,378,1455,1541,8435,35.0,1,15,15,15,18,20,8,25,28,29,24,15,19,6,2,9,3,14,12,15,16,12,2,25,23,14,2016-17
1610612739,Cleveland Cavaliers,82,51,31,0.622,3976.0,3275,6963,0.47,1067,2779,0.384,1431,1913,0.748,766,2821,3587,1858,1121.0,539,327,349,1486,1690,9048,261.0,1,5,5,5,4,5,19,5,2,2,2,19,13,23,21,7,12,13,14,30,25,8,4,6,4,7,2016-17
1610612742,Dallas Mavericks,82,33,49,0.402,3956.0,2968,6750,0.44,878,2473,0.355,1215,1516,0.801,647,2516,3163,1705,972.0,614,307,280,1567,1591,8029,-240.0,1,22,22,22,18,30,27,29,5,6,16,29,30,4,30,30,30,27,2,19,30,2,9,21,30,23,2016-17
1610612743,Denver Nuggets,82,40,42,0.488,3951.0,3377,7194,0.469,870,2365,0.368,1537,1986,0.774,966,2837,3803,2077,1226.0,568,323,404,1567,1653,9161,42.0,1,18,18,18,25,3,4,6,7,8,11,9,8,17,5,6,2,2,23,28,27,15,9,13,3,12,2016-17
1610612765,Detroit Pistons,82,37,45,0.451,3961.0,3269,7282,0.449,631,1915,0.33,1140,1586,0.719,908,2838,3746,1732,973.0,574,310,339,1467,1434,8309,-92.0,1,19,19,19,13,7,1,22,27,26,28,30,29,29,8,5,4,24,3,25,29,6,3,30,26,21,2016-17
1610612744,Golden State Warriors,82,67,15,0.817,3956.0,3532,7140,0.495,982,2562,0.383,1457,1850,0.788,770,2873,3643,2491,1211.0,785,555,313,1585,1588,9503,954.0,1,1,1,1,18,1,9,1,4,5,3,17,18,11,20,3,7,1,22,1,1,4,12,22,1,1,2016-17
1610612745,Houston Rockets,82,55,27,0.671,3956.0,3305,7152,0.462,1181,3306,0.357,1667,2177,0.766,892,2746,3638,2070,1240.0,670,352,409,1634,1674,9458,473.0,1,3,3,3,18,4,7,12,1,1,15,2,1,20,9,15,8,3,25,8,20,17,15,8,2,3,2016-17
1610612754,Indiana Pacers,82,42,40,0.512,3971.0,3221,6931,0.465,709,1885,0.376,1467,1811,0.81,742,2702,3444,1844,1130.0,669,409,407,1597,1599,8618,-18.0,1,13,13,13,7,15,20,10,23,27,4,16,23,2,23,21,26,16,16,9,9,16,13,20,15,17,2016-17
1610612746,LA Clippers,82,51,31,0.622,3951.0,3242,6820,0.475,841,2245,0.375,1586,2128,0.745,738,2790,3528,1848,1062.0,612,347,258,1626,1835,8911,352.0,1,5,5,5,25,10,26,2,9,11,7,6,3,27,24,11,21,15,7,20,21,1,14,1,6,4,2016-17
1610612747,Los Angeles Lakers,82,26,56,0.317,3941.0,3224,7164,0.45,730,2110,0.346,1397,1853,0.754,933,2636,3569,1716,1243.0,674,320,440,1698,1520,8575,-564.0,1,28,28,28,30,13,6,21,19,19,22,23,17,21,7,26,17,26,26,5,28,26,22,28,17,30,2016-17
1610612763,Memphis Grizzlies,82,43,39,0.524,3981.0,2984,6854,0.435,767,2169,0.354,1504,1918,0.784,886,2621,3507,1744,1059.0,653,344,410,1840,1708,8239,40.0,1,11,11,11,2,29,25,30,15,14,17,12,12,13,10,27,24,21,6,13,22,18,29,4,29,13,2016-17
1610612748,Miami Heat,82,41,41,0.5,3956.0,3202,7037,0.455,808,2213,0.365,1248,1768,0.706,872,2705,3577,1742,1102.0,588,469,398,1680,1530,8460,87.0,1,15,15,15,18,18,14,15,12,12,12,28,26,30,11,20,15,22,11,22,3,14,20,27,21,10,2016-17
1610612749,Milwaukee Bucks,82,42,40,0.512,3956.0,3182,6715,0.474,720,1946,0.37,1413,1839,0.768,723,2589,3312,1984,1145.0,666,436,375,1660,1579,8497,-15.0,1,13,13,13,18,19,29,4,22,24,10,21,20,19,25,28,29,5,18,10,6,9,17,24,20,16,2016-17
1610612750,Minnesota Timberwolves,82,31,51,0.378,3961.0,3235,6922,0.467,601,1723,0.349,1586,1986,0.799,938,2540,3478,1940,1150.0,654,370,413,1646,1681,8657,-91.0,1,24,24,24,13,12,21,8,30,30,20,6,8,5,6,29,25,9,19,12,19,19,16,7,13,20,2016-17
1610612740,New Orleans Pelicans,82,34,48,0.415,3981.0,3210,7130,0.45,768,2196,0.35,1368,1825,0.75,703,2879,3582,1869,1054.0,638,453,348,1490,1581,8556,-172.0,1,21,21,21,2,17,12,20,14,13,19,25,21,22,29,1,13,12,5,16,5,7,5,23,18,22,2016-17
1610612752,New York Knicks,82,31,51,0.378,3971.0,3244,7256,0.447,704,2022,0.348,1364,1731,0.788,983,2723,3706,1786,1139.0,581,455,377,1668,1516,8556,-301.0,1,24,24,24,7,8,3,23,24,21,21,26,28,10,3,17,5,19,17,23,4,10,19,29,18,24,2016-17
1610612760,Oklahoma City Thunder,82,47,35,0.573,3961.0,3237,7169,0.452,692,2116,0.327,1575,2113,0.745,1002,2821,3823,1721,1230.0,648,408,450,1715,1697,8741,62.0,1,10,10,10,13,11,5,17,26,18,30,8,4,26,1,7,1,25,24,14,10,28,24,5,11,11,2016-17
1610612753,Orlando Magic,82,29,53,0.354,3961.0,3139,7133,0.44,701,2139,0.328,1309,1753,0.747,807,2734,3541,1820,1091.0,580,396,419,1584,1532,8288,-539.0,1,26,26,26,13,22,11,28,25,15,29,27,27,25,17,16,20,18,9,24,15,20,11,26,27,28,2016-17
1610612755,Philadelphia 76ers,82,28,54,0.341,3966.0,3088,6992,0.442,831,2443,0.34,1393,1806,0.771,807,2706,3513,1949,1366.0,692,420,446,1793,1610,8400,-467.0,1,27,27,27,10,27,16,27,10,7,25,24,24,18,17,19,23,8,30,3,7,27,28,19,25,27,2016-17
1610612756,Phoenix Suns,82,24,58,0.293,3966.0,3270,7260,0.45,615,1854,0.332,1676,2159,0.776,976,2712,3688,1604,1265.0,673,399,435,2030,1822,8831,-462.0,1,29,29,29,10,6,2,19,29,28,27,1,2,15,4,18,6,29,27,6,13,25,30,2,9,26,2016-17
1610612757,Portland Trail Blazers,82,41,41,0.5,3986.0,3243,7059,0.459,852,2272,0.375,1513,1940,0.78,830,2750,3580,1733,1126.0,574,408,431,1736,1624,8851,-43.0,1,15,15,15,1,9,13,14,8,10,6,11,11,14,15,14,14,23,15,25,10,24,26,16,8,18,2016-17
1610612758,Sacramento Kings,82,32,50,0.39,3976.0,3105,6734,0.461,737,1960,0.376,1483,1913,0.775,715,2652,3367,1844,1201.0,627,324,420,1667,1646,8430,-318.0,1,23,23,23,4,24,28,13,18,23,5,14,13,16,28,25,28,16,21,17,26,21,18,14,24,25,2016-17
1610612759,San Antonio Spurs,82,61,21,0.744,3961.0,3222,6864,0.469,753,1927,0.391,1440,1806,0.797,821,2777,3598,1954,1101.0,655,484,333,1498,1623,8637,590.0,1,2,2,2,13,14,24,7,17,25,1,18,24,7,16,12,11,7,10,11,2,5,7,17,14,2,2016-17
1610612761,Toronto Raptors,82,51,31,0.622,3956.0,3211,6918,0.464,725,1996,0.363,1615,2028,0.796,871,2676,3547,1517,1041.0,677,400,392,1708,1666,8762,345.0,1,5,5,5,18,16,22,11,21,22,13,3,6,8,12,23,18,30,4,4,12,13,23,10,10,5,2016-17
1610612762,Utah Jazz,82,51,31,0.622,3951.0,3033,6515,0.466,791,2128,0.372,1401,1875,0.747,771,2774,3545,1651,1118.0,550,410,312,1545,1655,8258,323.0,1,5,5,5,25,28,30,9,13,17,9,22,16,24,19,13,19,28,13,29,8,3,8,12,28,6,2016-17
1610612764,Washington Wizards,82,49,33,0.598,3971.0,3388,7137,0.475,756,2030,0.372,1421,1812,0.784,843,2671,3514,1956,1162.0,693,336,377,1745,1621,8953,148.0,1,9,9,9,7,2,10,3,16,20,8,20,22,12,13,24,22,6,20,2,24,10,27,18,5,9,2016-17
1610612737,Atlanta Hawks,82,24,58,0.293,3941.0,3130,7015,0.446,917,2544,0.36,1298,1654,0.785,743,2693,3436,1946,1274.0,638,348,453,1606,1661,8475,-447.0,1,27,27,27,27,28,20,25,9,7,15,22,23,7,22,23,25,8,27,12,23,28,14,14,25,26,2017-18
1610612738,Boston Celtics,82,55,27,0.671,3961.0,3141,6975,0.45,939,2492,0.377,1308,1697,0.771,767,2878,3645,1842,1148.0,604,373,364,1618,1571,8529,294.0,1,4,4,4,12,25,25,21,7,10,2,21,20,17,20,6,8,20,15,23,18,6,17,22,20,6,2017-18
1610612751,Brooklyn Nets,82,28,54,0.341,3971.0,3136,7114,0.441,1041,2924,0.356,1428,1850,0.772,792,2852,3644,1941,1245.0,512,390,450,1688,1615,8741,-307.0,1,23,23,23,5,27,10,29,2,2,20,8,11,14,15,9,9,9,25,30,16,27,23,19,14,24,2017-18
1610612766,Charlotte Hornets,82,36,46,0.439,3956.0,3197,7106,0.45,824,2233,0.369,1656,2216,0.747,827,2901,3728,1770,1041.0,559,373,404,1409,1839,8874,21.0,1,20,20,20,16,18,11,24,19,21,8,1,1,24,12,4,3,24,3,28,18,20,2,1,10,17,2017-18
1610612741,Chicago Bulls,82,27,55,0.329,3971.0,3170,7285,0.435,906,2549,0.355,1194,1574,0.759,790,2872,3662,1923,1147.0,626,289,423,1571,1425,8440,-577.0,1,24,24,24,5,23,1,30,10,6,21,28,26,20,16,8,6,10,13,18,30,24,9,29,26,29,2017-18
1610612739,Cleveland Cavaliers,82,50,32,0.61,3946.0,3311,6950,0.476,981,2636,0.372,1488,1909,0.779,694,2761,3455,1916,1126.0,582,312,340,1524,1696,9091,77.0,1,6,6,6,23,10,26,5,3,5,6,6,9,10,27,17,23,12,10,24,28,3,5,7,5,14,2017-18
1610612742,Dallas Mavericks,82,24,58,0.293,3961.0,3128,7042,0.444,967,2688,0.36,1167,1530,0.763,666,2717,3383,1858,1007.0,578,310,369,1578,1604,8390,-249.0,1,27,27,27,12,29,17,26,5,4,17,29,29,19,30,21,27,19,1,25,29,8,10,20,28,22,2017-18
1610612743,Denver Nuggets,82,46,36,0.561,3976.0,3338,7102,0.47,940,2536,0.371,1404,1830,0.767,902,2748,3650,2059,1226.0,627,404,391,1533,1699,9020,121.0,1,14,14,14,4,7,12,10,6,8,7,12,12,18,2,20,7,5,23,17,12,16,6,6,6,11,2017-18
1610612765,Detroit Pistons,82,39,43,0.476,3961.0,3208,7129,0.45,886,2373,0.373,1207,1621,0.745,830,2756,3586,1868,1102.0,628,317,398,1508,1511,8509,-12.0,1,19,19,19,12,16,9,23,14,16,5,27,24,25,11,18,16,15,7,14,27,17,4,27,22,19,2017-18
1610612744,Golden State Warriors,82,58,24,0.707,3946.0,3509,6979,0.503,926,2369,0.391,1360,1668,0.815,691,2877,3568,2402,1265.0,656,612,300,1607,1516,9304,490.0,1,3,3,3,23,1,24,1,8,17,1,18,22,1,28,7,17,1,26,9,1,1,15,25,1,3,2017-18
1610612745,Houston Rockets,82,65,17,0.793,3951.0,3174,6906,0.46,1256,3470,0.362,1609,2061,0.781,739,2825,3564,1767,1135.0,699,392,363,1597,1670,9213,695.0,1,1,1,1,18,22,27,15,1,1,14,2,3,9,24,10,18,26,11,5,15,5,12,11,2,1,2017-18
1610612754,Indiana Pacers,82,48,34,0.585,3951.0,3345,7083,0.472,741,2010,0.369,1225,1573,0.779,788,2684,3472,1819,1088.0,721,340,428,1544,1514,8656,113.0,1,8,8,8,18,6,14,6,25,26,9,24,27,11,17,25,22,23,5,3,25,25,7,26,17,12,2017-18
1610612746,LA Clippers,82,42,40,0.512,3941.0,3302,7004,0.471,777,2196,0.354,1556,2095,0.743,832,2766,3598,1832,1204.0,628,372,462,1638,1803,8937,3.0,1,18,18,18,27,11,21,9,22,22,23,4,2,26,10,16,15,22,19,14,20,29,18,2,9,18,2017-18
1610612747,Los Angeles Lakers,82,35,47,0.427,3981.0,3338,7248,0.461,822,2384,0.345,1364,1910,0.714,876,2927,3803,1949,1295.0,633,388,447,1736,1679,8862,-127.0,1,21,21,21,3,7,2,14,20,15,29,16,8,30,4,2,2,7,29,13,17,26,24,9,11,21,2017-18
1610612763,Memphis Grizzlies,82,22,60,0.268,3941.0,3013,6788,0.444,758,2152,0.352,1361,1732,0.786,779,2544,3323,1767,1227.0,613,396,421,1900,1674,8145,-509.0,1,29,29,29,27,30,30,27,24,24,25,17,16,6,18,30,29,26,24,22,14,23,30,10,29,27,2017-18
1610612748,Miami Heat,82,44,38,0.537,3986.0,3184,6997,0.455,903,2506,0.36,1209,1601,0.755,763,2801,3564,1862,1178.0,620,437,378,1648,1587,8480,39.0,1,15,15,15,2,19,23,17,11,9,16,26,25,22,21,13,18,17,16,21,6,10,20,21,23,16,2017-18
1610612749,Milwaukee Bucks,82,44,38,0.537,3966.0,3257,6807,0.478,718,2024,0.355,1499,1915,0.783,688,2579,3267,1905,1135.0,722,443,366,1752,1633,8731,-25.0,1,15,15,15,8,14,28,3,27,25,22,5,7,8,29,28,30,14,11,2,5,7,26,16,15,20,2017-18
1610612750,Minnesota Timberwolves,82,47,35,0.573,3961.0,3365,7063,0.476,658,1845,0.357,1592,1980,0.804,848,2593,3441,1861,1021.0,689,345,382,1495,1710,8980,183.0,1,12,12,12,12,4,15,4,30,30,19,3,5,2,7,27,24,18,2,6,24,12,3,5,8,10,2017-18
1610612740,New Orleans Pelicans,82,48,34,0.585,3991.0,3500,7241,0.483,837,2312,0.362,1324,1716,0.772,712,2923,3635,2195,1223.0,657,485,344,1570,1669,9161,107.0,1,8,8,8,1,2,3,2,18,18,13,19,17,15,26,3,10,3,22,8,3,4,8,13,3,13,2017-18
1610612752,New York Knicks,82,29,53,0.354,3966.0,3334,7193,0.464,673,1914,0.352,1225,1557,0.787,859,2752,3611,1912,1208.0,552,421,389,1682,1509,8566,-292.0,1,22,22,22,8,9,5,12,29,29,27,24,28,5,5,19,13,13,21,29,8,14,22,28,18,23,2017-18
1610612760,Oklahoma City Thunder,82,48,34,0.585,3966.0,3271,7221,0.453,881,2491,0.354,1421,1985,0.716,1024,2671,3695,1750,1147.0,743,412,377,1653,1750,8844,280.0,1,8,8,8,8,13,4,18,15,11,24,10,4,29,1,26,5,28,13,1,11,9,21,3,12,7,2017-18
1610612753,Orlando Magic,82,25,57,0.305,3946.0,3182,7042,0.452,844,2405,0.351,1271,1678,0.757,722,2692,3414,1921,1192.0,622,400,402,1579,1556,8479,-395.0,1,26,26,26,23,20,17,19,17,14,28,23,21,21,25,24,26,11,17,20,13,19,11,24,24,25,2017-18
1610612755,Philadelphia 76ers,82,52,30,0.634,3956.0,3349,7098,0.472,901,2445,0.369,1405,1868,0.752,893,2996,3889,2221,1353.0,682,420,417,1811,1670,9004,369.0,1,5,5,5,16,5,13,8,12,12,10,11,10,23,3,1,1,2,30,7,9,21,29,11,7,4,2017-18
1610612756,Phoenix Suns,82,21,61,0.256,3941.0,3153,7141,0.442,763,2286,0.334,1453,1962,0.741,842,2776,3618,1743,1289.0,569,370,488,1807,1715,8522,-768.0,1,30,30,30,27,24,7,28,23,20,30,7,6,27,8,15,12,29,28,27,21,30,28,4,21,30,2017-18
1610612757,Portland Trail Blazers,82,49,33,0.598,3951.0,3222,7132,0.452,845,2308,0.366,1372,1715,0.8,835,2893,3728,1599,1109.0,573,423,418,1599,1564,8661,213.0,1,7,7,7,18,15,8,20,16,19,11,15,18,3,9,5,3,30,8,26,7,22,13,23,16,9,2017-18
1610612758,Sacramento Kings,82,27,55,0.329,3951.0,3179,7063,0.45,738,1967,0.375,1008,1371,0.735,776,2578,3354,1768,1125.0,643,340,389,1639,1422,8104,-573.0,1,24,24,24,18,21,15,22,26,28,3,30,30,28,19,29,28,25,9,11,25,14,19,30,30,28,2017-18
1610612759,San Antonio Spurs,82,47,35,0.573,3946.0,3202,6999,0.457,696,1977,0.352,1324,1715,0.772,849,2777,3626,1868,1078.0,628,460,318,1408,1619,8424,237.0,1,12,12,12,23,17,22,16,28,27,26,19,18,13,6,14,11,15,4,14,4,2,1,18,27,8,2017-18
1610612761,Toronto Raptors,82,59,23,0.72,3966.0,3383,7169,0.472,968,2705,0.358,1422,1790,0.794,800,2807,3607,1995,1095.0,626,500,401,1783,1633,9156,638.0,1,2,2,2,8,3,6,7,4,3,18,9,13,4,14,11,14,6,6,18,2,18,27,16,4,2,2017-18
1610612762,Utah Jazz,82,48,34,0.585,3951.0,3139,6797,0.462,887,2425,0.366,1375,1766,0.779,740,2807,3547,1839,1205.0,708,420,380,1608,1683,8540,353.0,1,8,8,8,18,26,29,13,13,13,12,14,15,12,23,11,20,21,20,4,9,11,16,8,19,5,2017-18
1610612764,Washington Wizards,82,43,39,0.524,3971.0,3275,7018,0.467,814,2173,0.375,1378,1786,0.772,823,2713,3536,2065,1196.0,645,353,383,1746,1639,8742,48.0,1,17,17,17,5,12,19,11,21,23,4,13,14,16,13,22,21,4,18,10,22,13,25,15,13,15,2017-18
1610612737,Atlanta Hawks,82,29,53,0.354,3971.0,3392,7524,0.451,1067,3034,0.352,1443,1918,0.752,955,2825,3780,2118,1397.0,675,419,448,1932,1817,9294,-494.0,1,26,26,26,7,15,4,21,4,3,16,18,12,21,4,18,12,10,30,11,14,24,29,5,12,26,2018-19
1610612738,Boston Celtics,82,49,33,0.598,3956.0,3451,7423,0.465,1032,2829,0.365,1282,1598,0.802,804,2849,3653,2155,1052.0,706,435,317,1670,1602,9216,364.0,1,9,9,9,18,11,9,14,6,7,7,28,29,4,20,16,22,5,3,4,10,2,12,26,14,6,2018-19
1610612751,Brooklyn Nets,82,42,40,0.512,3996.0,3301,7358,0.449,1047,2965,0.353,1555,2088,0.745,900,2919,3819,1954,1236.0,539,339,432,1763,1807,9204,-6.0,1,14,14,14,1,20,14,25,5,5,14,6,4,24,10,10,7,21,26,27,28,22,23,7,15,15,2018-19
1610612766,Charlotte Hornets,82,39,43,0.476,3966.0,3297,7362,0.448,977,2783,0.351,1510,1895,0.797,814,2778,3592,1905,1001.0,591,405,492,1550,1686,9081,-90.0,1,17,17,17,11,21,12,26,11,10,18,9,16,6,19,22,23,24,2,21,18,29,3,18,19,18,2018-19
1610612741,Chicago Bulls,82,22,60,0.268,3981.0,3266,7205,0.453,745,2123,0.351,1328,1695,0.783,718,2799,3517,1796,1159.0,603,351,473,1663,1534,8605,-690.0,1,27,27,27,3,23,22,20,30,27,19,25,26,11,30,21,25,27,19,20,26,28,9,30,27,27,2018-19
1610612739,Cleveland Cavaliers,82,19,63,0.232,3951.0,3189,7184,0.444,847,2388,0.355,1342,1694,0.792,879,2619,3498,1698,1106.0,534,195,459,1642,1592,8567,-788.0,1,28,28,28,24,26,23,28,20,24,13,22,27,7,12,28,26,29,9,28,30,27,6,28,29,30,2018-19
1610612742,Dallas Mavericks,82,33,49,0.402,3956.0,3182,7122,0.447,1022,3002,0.34,1541,2076,0.742,832,2884,3716,1918,1167.0,533,351,368,1650,1905,8927,-105.0,1,22,22,22,18,28,28,27,7,4,27,7,5,25,16,14,16,22,20,29,26,6,8,2,21,20,2018-19
1610612743,Denver Nuggets,82,54,28,0.659,3946.0,3439,7384,0.466,903,2571,0.351,1294,1714,0.755,972,2832,3804,2245,1102.0,634,363,407,1644,1675,9075,324.0,1,4,4,4,27,12,11,13,18,16,17,27,25,20,2,17,8,2,8,13,24,14,7,20,20,8,2018-19
1610612765,Detroit Pistons,82,41,41,0.5,3971.0,3185,7238,0.44,993,2854,0.348,1415,1893,0.747,936,2752,3688,1845,1135.0,569,331,419,1811,1748,8778,-20.0,1,16,16,16,7,27,19,29,9,6,23,19,17,23,5,24,18,26,11,22,29,17,26,11,25,17,2018-19
1610612744,Golden State Warriors,82,57,25,0.695,3961.0,3612,7361,0.491,1087,2824,0.385,1339,1672,0.801,797,2990,3787,2413,1169.0,625,525,295,1757,1601,9650,530.0,1,3,3,3,15,1,13,1,3,8,3,23,28,5,21,3,11,1,21,15,1,1,22,27,2,2,2018-19
1610612745,Houston Rockets,82,53,29,0.646,3966.0,3218,7163,0.449,1323,3721,0.356,1582,2001,0.791,836,2613,3449,1741,1094.0,700,405,369,1803,1640,9341,391.0,1,5,5,5,11,25,26,24,1,1,12,3,7,9,14,29,28,28,6,5,18,8,25,24,11,5,2018-19
1610612754,Indiana Pacers,82,48,34,0.585,3941.0,3390,7135,0.475,779,2081,0.374,1298,1727,0.752,762,2766,3528,2128,1122.0,713,404,425,1594,1642,8857,273.0,1,11,11,11,30,16,27,4,29,29,5,26,23,22,25,23,24,9,10,3,20,21,4,23,22,10,2018-19
1610612746,LA Clippers,82,48,34,0.585,3966.0,3384,7178,0.471,821,2118,0.388,1853,2340,0.792,796,2936,3732,1970,1193.0,561,385,498,1913,1969,9442,70.0,1,11,11,11,11,17,24,7,25,28,2,1,1,8,22,8,13,18,22,23,22,30,28,1,5,13,2018-19
1610612747,Los Angeles Lakers,82,37,45,0.451,3956.0,3491,7425,0.47,847,2541,0.333,1336,1910,0.699,835,2985,3820,2096,1284.0,618,440,421,1701,1706,9165,-141.0,1,20,20,20,18,6,8,9,20,17,29,24,14,29,15,4,6,11,29,16,8,20,13,15,16,23,2018-19
1610612763,Memphis Grizzlies,82,33,49,0.402,3976.0,3113,6924,0.45,811,2368,0.342,1453,1882,0.772,723,2703,3426,1963,1147.0,684,448,402,1801,1758,8490,-213.0,1,22,22,22,4,30,30,23,27,25,25,15,18,15,29,26,29,19,15,6,4,13,24,9,30,24,2018-19
1610612748,Miami Heat,82,39,43,0.476,3946.0,3251,7218,0.45,928,2658,0.349,1238,1782,0.695,921,2879,3800,1991,1208.0,627,448,389,1712,1652,8668,-19.0,1,17,17,17,27,24,21,22,15,14,21,29,22,30,7,15,10,17,23,14,4,11,15,22,26,16,2018-19
1610612749,Milwaukee Bucks,82,60,22,0.732,3956.0,3555,7471,0.476,1105,3134,0.353,1471,1904,0.773,762,3316,4078,2136,1137.0,615,486,395,1608,1653,9686,727.0,1,1,1,1,18,3,6,3,2,2,15,12,15,14,25,1,1,7,13,17,2,12,5,21,1,1,2018-19
1610612750,Minnesota Timberwolves,82,36,46,0.439,3966.0,3413,7483,0.456,827,2357,0.351,1570,1995,0.787,923,2750,3673,2018,1074.0,683,411,455,1664,1795,9223,-123.0,1,21,21,21,11,13,5,17,23,26,20,4,8,10,6,25,19,15,4,7,17,25,10,8,13,22,2018-19
1610612740,New Orleans Pelicans,82,33,49,0.402,3951.0,3581,7563,0.473,842,2449,0.344,1462,1921,0.761,909,2969,3878,2216,1215.0,610,441,445,1732,1722,9466,-109.0,1,22,22,22,24,2,3,6,22,21,24,13,11,18,8,6,5,3,24,18,7,23,19,13,3,21,2018-19
1610612752,New York Knicks,82,17,65,0.207,3956.0,3134,7241,0.433,823,2421,0.34,1484,1956,0.759,857,2811,3668,1646,1151.0,557,422,458,1713,1708,8575,-755.0,1,30,30,30,18,29,18,30,24,22,28,11,10,19,13,20,20,30,17,24,13,26,16,14,28,28,2018-19
1610612760,Oklahoma City Thunder,82,49,33,0.598,3971.0,3497,7706,0.454,932,2677,0.348,1461,2049,0.713,1031,2911,3942,1917,1145.0,766,425,415,1839,1844,9387,279.0,1,9,9,9,7,5,1,19,13,13,22,14,6,28,1,11,2,23,14,1,12,16,27,3,7,9,2018-19
1610612753,Orlando Magic,82,42,40,0.512,3956.0,3316,7307,0.454,937,2633,0.356,1231,1575,0.782,822,2902,3724,2095,1082.0,543,445,362,1526,1537,8800,58.0,1,14,14,14,18,18,15,18,12,15,11,30,30,12,17,13,15,12,5,26,6,5,2,29,24,14,2018-19
1610612755,Philadelphia 76ers,82,51,31,0.622,3961.0,3407,7233,0.471,889,2474,0.359,1742,2258,0.771,892,3025,3917,2207,1223.0,606,432,336,1745,1816,9445,221.0,1,7,7,7,15,14,20,8,19,19,8,2,2,16,11,2,4,4,25,19,11,4,20,6,4,11,2018-19
1610612756,Phoenix Suns,82,19,63,0.232,3976.0,3289,7164,0.459,790,2400,0.329,1447,1858,0.779,748,2563,3311,1957,1279.0,735,418,411,1932,1694,8815,-766.0,1,28,28,28,4,22,25,16,28,23,30,17,20,13,28,30,30,20,28,2,15,15,29,17,23,29,2018-19
1610612757,Portland Trail Blazers,82,53,29,0.646,3971.0,3470,7427,0.467,904,2520,0.359,1558,1914,0.814,967,2968,3935,1887,1135.0,546,413,420,1669,1699,9402,344.0,1,5,5,5,7,7,7,12,17,18,9,5,13,2,3,7,3,25,11,25,16,18,11,16,6,7,2018-19
1610612758,Sacramento Kings,82,39,43,0.476,3946.0,3541,7637,0.464,927,2455,0.378,1354,1865,0.726,906,2819,3725,2083,1095.0,679,363,420,1751,1753,9363,-92.0,1,17,17,17,27,4,2,15,16,20,4,21,19,27,9,19,14,14,7,10,24,18,21,10,9,19,2018-19
1610612759,San Antonio Spurs,82,48,34,0.585,3961.0,3468,7248,0.478,812,2071,0.392,1408,1720,0.819,757,2910,3667,2013,992.0,501,386,332,1487,1611,9156,138.0,1,11,11,11,15,8,17,2,26,30,1,20,24,1,27,12,21,16,1,30,21,3,1,25,18,12,2018-19
1610612761,Toronto Raptors,82,58,24,0.707,3976.0,3460,7305,0.474,1015,2771,0.366,1449,1803,0.804,786,2920,3706,2085,1150.0,680,437,368,1724,1683,9384,499.0,1,2,2,2,4,9,16,5,8,11,6,16,21,3,24,9,17,13,16,9,9,6,17,19,8,3,2018-19
1610612762,Utah Jazz,82,50,32,0.61,3951.0,3314,7082,0.468,993,2789,0.356,1540,2092,0.736,820,2981,3801,2133,1240.0,663,483,376,1728,1835,9161,431.0,1,8,8,8,24,19,29,10,9,9,10,8,3,26,18,5,9,8,27,12,3,9,18,4,17,4,2018-19
1610612764,Washington Wizards,82,32,50,0.39,3986.0,3456,7387,0.468,930,2731,0.341,1508,1963,0.768,794,2679,3473,2154,1154.0,683,379,378,1701,1741,9350,-238.0,1,25,25,25,2,10,10,11,14,12,26,10,9,17,23,27,27,6,18,7,23,10,13,12,10,25,2018-19
1610612737,Atlanta Hawks,67,20,47,0.299,3256.0,2723,6067,0.449,805,2416,0.333,1237,1566,0.79,661,2237,2898,1605,1086.0,523,341,428,1548,1404,7488,-534.0,23,26,28,27,23,23,23,23,18,13,30,17,21,10,23,24,24,21,24,20,16,30,22,21,23,29,2019-20
1610612738,Boston Celtics,72,48,24,0.667,3486.0,2971,6448,0.461,905,2487,0.364,1336,1668,0.801,768,2549,3317,1655,995.0,595,406,396,1553,1487,8183,454.0,11,5,5,5,13,14,12,17,11,12,13,9,13,5,5,12,8,19,11,6,4,27,23,16,10,3,2019-20
1610612751,Brooklyn Nets,72,35,37,0.486,3496.0,2908,6498,0.448,941,2746,0.343,1291,1732,0.745,766,2683,3449,1761,1099.0,464,323,379,1510,1521,8048,-41.0,11,14,14,14,11,17,8,24,9,4,26,13,9,25,7,3,3,13,27,26,20,23,18,9,17,15,2019-20
1610612766,Charlotte Hornets,65,23,42,0.354,3150.0,2425,5586,0.434,785,2231,0.352,1052,1406,0.748,715,2066,2781,1549,949.0,428,268,328,1223,1337,6687,-439.0,26,23,21,22,26,30,30,30,23,23,19,28,27,24,14,29,28,25,5,30,28,11,2,25,30,27,2019-20
1610612741,Chicago Bulls,65,22,43,0.338,3135.0,2573,5762,0.447,793,2282,0.348,1006,1332,0.755,680,2041,2721,1510,1005.0,652,265,384,1417,1246,6945,-200.0,26,24,23,24,29,28,26,26,21,20,22,29,29,21,21,30,30,28,12,1,29,24,9,30,28,22,2019-20
1610612739,Cleveland Cavaliers,65,19,46,0.292,3145.0,2619,5715,0.458,727,2070,0.351,983,1296,0.758,704,2172,2876,1500,1073.0,447,211,412,1188,1277,6948,-513.0,26,28,26,29,27,25,28,19,28,26,20,30,30,20,16,26,25,29,21,28,30,29,1,29,27,28,2019-20
1610612742,Dallas Mavericks,75,43,32,0.573,3635.0,3124,6772,0.461,1136,3095,0.367,1392,1787,0.779,791,2729,3520,1849,953.0,460,363,311,1462,1601,8776,371.0,1,12,13,13,1,2,1,16,1,2,10,7,5,14,3,2,2,9,6,27,11,7,12,4,1,6,2019-20
1610612743,Denver Nuggets,73,46,27,0.63,3549.0,3069,6488,0.473,801,2234,0.359,1185,1526,0.777,786,2436,3222,1952,1005.0,586,337,324,1485,1494,8124,154.0,3,6,6,6,3,6,9,4,19,22,15,23,23,16,4,20,15,3,12,7,18,9,16,13,12,11,2019-20
1610612765,Detroit Pistons,66,20,46,0.303,3193.0,2595,5658,0.459,791,2157,0.367,1097,1476,0.743,644,2109,2753,1589,1008.0,490,299,369,1299,1308,7078,-235.0,24,26,26,26,24,26,29,18,22,25,11,25,25,26,26,28,29,22,14,24,23,22,3,26,25,23,2019-20
1610612744,Golden State Warriors,65,15,50,0.231,3145.0,2510,5730,0.438,678,2032,0.334,1214,1511,0.803,647,2138,2785,1663,969.0,534,299,321,1304,1308,6912,-566.0,26,30,30,30,27,29,27,29,29,28,29,21,24,4,25,27,27,18,8,18,23,8,4,26,29,30,2019-20
1610612745,Houston Rockets,72,44,28,0.611,3476.0,2936,6512,0.451,1126,3261,0.345,1484,1876,0.791,704,2484,3188,1557,1057.0,627,371,354,1566,1515,8482,213.0,11,8,7,8,16,16,7,22,2,1,24,2,2,8,16,18,16,24,19,3,10,18,25,11,4,8,2019-20
1610612754,Indiana Pacers,73,45,28,0.616,3524.0,3075,6457,0.476,743,2046,0.363,1096,1393,0.787,636,2489,3125,1888,967.0,543,376,335,1445,1373,7989,143.0,3,7,7,7,5,5,11,2,27,27,14,26,28,12,28,17,19,7,7,16,9,14,11,24,19,12,2019-20
1610612746,LA Clippers,72,49,23,0.681,3476.0,2992,6425,0.466,895,2410,0.371,1498,1894,0.791,767,2664,3431,1708,1051.0,511,338,338,1594,1647,8377,464.0,11,4,4,4,16,12,14,12,12,14,6,1,1,9,6,4,4,17,18,22,17,15,26,2,5,2,2019-20
1610612747,Los Angeles Lakers,71,52,19,0.732,3418.0,3006,6269,0.48,782,2242,0.349,1260,1728,0.729,757,2490,3247,1803,1077.0,612,468,263,1471,1544,8054,411.0,21,3,2,3,22,8,19,1,24,21,21,16,10,28,9,16,12,11,22,4,1,1,15,8,16,5,2019-20
1610612763,Memphis Grizzlies,73,34,39,0.466,3514.0,3106,6634,0.468,798,2297,0.347,1212,1589,0.763,754,2643,3397,1965,1113.0,576,398,386,1546,1474,8222,-78.0,3,16,15,16,9,4,4,7,20,19,23,22,20,19,10,5,5,2,29,9,5,25,21,17,9,17,2019-20
1610612748,Miami Heat,73,44,29,0.603,3549.0,2880,6160,0.468,979,2584,0.379,1440,1840,0.783,620,2619,3239,1892,1088.0,547,332,302,1501,1584,8179,215.0,3,8,11,11,3,20,20,10,6,7,2,4,3,13,29,6,13,5,25,15,19,4,17,7,11,7,2019-20
1610612749,Milwaukee Bucks,73,56,17,0.767,3519.0,3160,6638,0.476,1007,2840,0.355,1336,1800,0.742,691,3083,3774,1889,1102.0,526,429,326,1431,1586,8663,736.0,3,1,1,1,6,1,3,3,3,3,18,9,4,27,19,1,1,6,28,19,3,10,10,6,2,1,2019-20
1610612750,Minnesota Timberwolves,64,19,45,0.297,3112.0,2586,5865,0.441,853,2540,0.336,1223,1624,0.753,675,2193,2868,1525,981.0,555,362,355,1370,1383,7248,-275.0,30,28,24,28,30,27,25,28,14,8,28,20,19,23,22,25,26,26,9,13,12,19,6,23,24,24,2019-20
1610612740,New Orleans Pelicans,72,30,42,0.417,3486.0,3065,6598,0.465,982,2656,0.37,1229,1687,0.729,797,2551,3348,1932,1181.0,539,358,348,1524,1519,8341,-93.0,11,21,21,21,13,7,5,13,5,6,7,19,11,29,1,11,7,4,30,17,13,17,19,10,6,20,2019-20
1610612752,New York Knicks,66,21,45,0.318,3193.0,2638,5896,0.447,631,1872,0.337,1076,1550,0.694,795,2274,3069,1456,946.0,504,313,333,1464,1305,6983,-426.0,24,25,24,25,24,24,24,25,30,30,27,27,22,30,2,23,21,30,3,23,21,13,13,28,26,26,2019-20
1610612760,Oklahoma City Thunder,72,44,28,0.611,3486.0,2879,6156,0.468,770,2171,0.355,1422,1787,0.796,593,2495,3088,1562,986.0,550,353,290,1390,1641,7950,143.0,11,8,7,8,13,21,21,8,25,24,17,5,5,7,30,15,20,23,10,14,15,2,8,3,20,12,2019-20
1610612753,Orlando Magic,73,33,40,0.452,3514.0,2871,6468,0.444,807,2354,0.343,1282,1656,0.774,751,2498,3249,1747,937.0,599,396,338,1336,1420,7831,-74.0,3,18,19,18,9,22,10,27,17,15,25,14,15,17,12,14,11,15,2,5,6,15,5,20,22,16,2019-20
1610612755,Philadelphia 76ers,73,43,30,0.589,3519.0,3000,6417,0.468,848,2307,0.368,1236,1638,0.755,764,2553,3317,1884,1037.0,586,389,294,1529,1493,8084,174.0,3,12,12,12,6,10,15,11,15,18,9,18,17,22,8,10,8,8,16,7,8,3,20,14,15,10,2019-20
1610612756,Phoenix Suns,73,34,39,0.466,3519.0,3006,6429,0.468,831,2320,0.358,1451,1740,0.834,712,2465,3177,1987,1077.0,559,290,401,1609,1653,8294,16.0,3,16,15,16,6,8,13,9,16,17,16,3,8,1,15,19,17,1,22,11,27,28,29,1,7,14,2019-20
1610612757,Portland Trail Blazers,74,35,39,0.473,3567.0,3122,6749,0.463,952,2525,0.377,1312,1632,0.804,754,2599,3353,1525,946.0,465,451,364,1606,1488,8508,-85.0,2,14,15,15,2,3,2,14,8,10,3,12,18,3,10,7,6,26,3,25,2,21,28,15,3,19,2019-20
1610612758,Sacramento Kings,72,31,41,0.431,3491.0,2943,6364,0.462,914,2511,0.364,1127,1464,0.77,695,2372,3067,1713,1043.0,556,293,304,1595,1404,7927,-147.0,11,20,20,20,12,15,16,15,10,11,12,24,26,18,18,21,22,16,17,12,25,5,27,21,21,21,2019-20
1610612759,San Antonio Spurs,71,32,39,0.451,3443.0,2995,6350,0.472,760,2021,0.376,1348,1664,0.81,640,2530,3170,1751,895.0,518,390,308,1377,1424,8098,-79.0,21,19,15,19,21,11,17,5,26,29,4,8,14,2,27,13,18,14,1,21,7,6,7,19,14,18,2019-20
1610612761,Toronto Raptors,72,53,19,0.736,3476.0,2897,6331,0.458,995,2663,0.374,1329,1670,0.796,685,2583,3268,1816,1067.0,636,358,395,1559,1466,8118,449.0,11,2,2,2,16,18,18,20,4,5,5,11,12,6,20,8,10,10,20,2,13,26,24,18,13,4,2019-20
1610612762,Utah Jazz,72,44,28,0.611,3471.0,2886,6130,0.471,963,2537,0.38,1278,1641,0.779,656,2577,3233,1615,1089.0,438,292,329,1468,1501,8013,178.0,11,8,7,8,19,19,22,6,7,9,1,15,16,15,24,9,14,20,26,29,26,12,14,12,18,9,2019-20
1610612764,Washington Wizards,72,25,47,0.347,3471.0,2990,6544,0.457,864,2345,0.368,1394,1770,0.788,732,2295,3027,1801,1020.0,574,309,363,1634,1601,8238,-336.0,11,22,28,23,19,13,6,21,13,16,8,6,7,11,13,22,23,12,15,10,22,20,30,4,8,25,2019-20
1610612737,Atlanta Hawks,72,41,31,0.569,3481.0,2937,6281,0.468,895,2402,0.373,1417,1745,0.812,760,2525,3285,1737,953.0,503,342,363,1392,1422,8186,167.0,1,11,11,11,11,19,23,17,17,19,12,2,4,5,7,10,5,19,9,24,17,17,18,9,13,9,2020-21
1610612738,Boston Celtics,72,36,36,0.5,3476.0,2985,6401,0.466,979,2618,0.374,1160,1496,0.775,765,2421,3186,1689,1012.0,556,383,334,1471,1389,8109,105.0,1,16,16,16,16,13,11,19,11,10,10,25,25,16,4,22,15,25,16,13,6,11,24,13,16,13,2020-21
1610612751,Brooklyn Nets,72,48,24,0.667,3481.0,3106,6289,0.494,1020,2600,0.392,1305,1623,0.804,640,2559,3199,1929,975.0,484,379,330,1371,1361,8537,324.0,1,4,4,4,11,6,21,1,7,12,2,5,8,6,27,5,14,7,13,27,7,9,13,18,2,7,2020-21
1610612766,Charlotte Hornets,72,33,39,0.458,3471.0,2875,6324,0.455,985,2666,0.369,1146,1505,0.761,762,2389,3151,1933,1069.0,565,344,347,1298,1340,7881,-139.0,1,19,19,19,19,22,20,22,10,9,14,26,24,21,6,25,19,5,24,10,16,14,5,21,23,23,2020-21
1610612741,Chicago Bulls,72,31,41,0.431,3476.0,3035,6380,0.476,904,2446,0.37,995,1258,0.791,693,2544,3237,1927,1089.0,482,304,364,1362,1277,7969,-64.0,1,21,21,21,16,10,14,9,16,17,13,30,30,11,19,8,11,8,27,28,27,18,10,30,21,20,2020-21
1610612739,Cleveland Cavaliers,72,22,50,0.306,3486.0,2778,6175,0.45,720,2141,0.336,1200,1614,0.743,751,2327,3078,1716,1114.0,559,325,425,1308,1451,7476,-608.0,1,26,26,26,6,29,28,25,29,28,30,14,9,26,10,28,24,21,29,12,20,29,7,6,30,28,2020-21
1610612742,Dallas Mavericks,72,42,30,0.583,3461.0,2958,6287,0.47,994,2744,0.362,1186,1524,0.778,657,2463,3120,1647,869.0,450,311,264,1396,1446,8096,163.0,1,8,8,8,24,18,22,13,8,6,18,18,20,15,25,17,21,26,3,30,26,2,19,7,17,11,2020-21
1610612743,Denver Nuggets,72,47,25,0.653,3496.0,3114,6422,0.485,927,2462,0.377,1129,1406,0.803,758,2442,3200,1933,972.0,582,323,325,1374,1379,8284,355.0,1,5,5,5,1,4,9,4,15,16,8,27,27,7,8,19,13,5,12,8,21,7,14,15,8,6,2020-21
1610612765,Detroit Pistons,72,20,52,0.278,3486.0,2783,6162,0.452,832,2370,0.351,1278,1683,0.759,694,2381,3075,1743,1075.0,531,371,419,1477,1469,7676,-322.0,1,29,29,29,6,28,29,24,22,21,22,7,5,24,18,26,25,18,25,17,8,28,26,5,27,25,2020-21
1610612744,Golden State Warriors,72,39,33,0.542,3461.0,2973,6347,0.468,1048,2789,0.376,1193,1520,0.785,574,2524,3098,1991,1080.0,587,342,312,1526,1406,8187,76.0,1,14,14,14,24,15,17,14,3,5,9,16,21,13,30,12,22,1,26,6,17,6,28,11,12,14,2020-21
1610612745,Houston Rockets,72,17,55,0.236,3461.0,2826,6372,0.444,992,2923,0.339,1189,1606,0.74,671,2396,3067,1699,1060.0,546,361,378,1407,1388,7833,-569.0,1,30,30,30,24,25,15,28,9,3,28,17,10,27,23,24,27,24,23,14,14,21,21,14,24,27,2020-21
1610612754,Indiana Pacers,72,34,38,0.472,3491.0,3115,6567,0.474,889,2445,0.364,1183,1493,0.792,648,2424,3072,1973,975.0,611,460,380,1453,1306,8302,-3.0,1,17,17,17,4,3,3,11,18,18,17,20,26,9,26,21,26,2,13,5,1,23,22,26,6,17,2020-21
1610612746,LA Clippers,72,47,25,0.653,3456.0,3009,6242,0.482,1027,2498,0.411,1164,1387,0.839,678,2501,3179,1756,949.0,509,295,304,1383,1303,8209,445.0,1,5,5,5,30,12,25,5,6,14,1,24,28,1,21,14,17,17,7,20,29,5,17,27,10,2,2020-21
1610612747,Los Angeles Lakers,72,42,30,0.583,3491.0,2925,6197,0.472,796,2248,0.354,1241,1679,0.739,695,2490,3185,1775,1095.0,562,386,327,1377,1530,7887,201.0,1,8,8,8,4,21,27,12,25,24,21,11,6,28,17,15,16,15,28,11,5,8,16,3,22,8,2020-21
1610612763,Memphis Grizzlies,72,38,34,0.528,3481.0,3085,6608,0.467,803,2258,0.356,1184,1536,0.771,803,2543,3346,1938,957.0,655,364,377,1349,1318,8157,74.0,1,15,15,15,11,7,2,18,24,23,20,19,17,18,2,9,4,4,10,1,12,20,9,25,15,15,2020-21
1610612748,Miami Heat,72,40,32,0.556,3476.0,2824,6029,0.468,932,2606,0.358,1201,1520,0.79,579,2409,2988,1895,1013.0,569,286,287,1363,1414,7781,2.0,1,13,13,13,16,26,30,15,14,11,19,13,21,12,29,23,29,9,17,9,30,4,12,10,25,16,2020-21
1610612749,Milwaukee Bucks,72,46,26,0.639,3466.0,3221,6610,0.487,1038,2669,0.389,1169,1539,0.76,741,2724,3465,1834,995.0,585,334,348,1244,1320,8649,424.0,1,7,7,7,22,1,1,3,5,8,5,23,16,23,12,1,2,14,15,7,19,15,2,24,1,3,2020-21
1610612750,Minnesota Timberwolves,72,23,49,0.319,3481.0,2932,6546,0.448,944,2706,0.349,1265,1662,0.761,757,2376,3133,1846,1027.0,632,398,398,1507,1432,8073,-400.0,1,25,25,25,11,20,6,27,12,7,25,8,7,22,9,27,20,11,19,3,3,26,27,8,18,26,2020-21
1610612740,New Orleans Pelicans,72,31,41,0.431,3486.0,3060,6412,0.477,762,2190,0.348,1369,1878,0.729,845,2568,3413,1872,1052.0,545,315,426,1295,1534,8251,-21.0,1,21,21,21,6,9,10,7,27,25,26,4,2,29,1,3,3,10,22,15,24,30,4,2,9,18,2020-21
1610612752,New York Knicks,72,41,31,0.569,3486.0,2839,6225,0.456,847,2163,0.392,1181,1506,0.784,696,2554,3250,1541,932.0,507,365,391,1473,1286,7706,166.0,1,11,11,11,6,24,26,21,21,27,3,21,23,14,16,7,9,29,6,21,11,25,25,29,26,10,2020-21
1610612760,Oklahoma City Thunder,72,22,50,0.306,3471.0,2795,6338,0.441,857,2529,0.339,1113,1536,0.725,715,2568,3283,1588,1162.0,504,316,378,1305,1336,7560,-766.0,1,26,26,26,19,27,19,29,20,13,29,29,17,30,14,3,6,27,30,23,23,21,6,23,28,30,2020-21
1610612753,Orlando Magic,72,21,51,0.292,3466.0,2754,6423,0.429,784,2288,0.343,1196,1543,0.775,747,2525,3272,1571,924.0,496,318,385,1237,1342,7488,-670.0,1,28,28,28,22,30,8,30,26,22,27,15,15,17,11,10,7,28,5,25,22,24,1,20,29,29,2020-21
1610612755,Philadelphia 76ers,72,49,23,0.681,3486.0,2981,6257,0.476,811,2169,0.374,1409,1836,0.767,722,2522,3244,1706,1040.0,655,447,335,1456,1509,8182,402.0,1,3,3,3,6,14,24,8,23,26,11,3,3,20,13,13,10,22,21,1,2,12,23,4,14,5,2020-21
1610612756,Phoenix Suns,72,51,21,0.708,3496.0,3118,6357,0.49,940,2490,0.378,1124,1347,0.834,630,2462,3092,1939,902.0,517,312,258,1374,1294,8300,419.0,1,2,2,2,1,2,16,2,13,15,7,28,29,2,28,18,23,3,4,19,25,1,14,28,7,4,2020-21
1610612757,Portland Trail Blazers,72,42,30,0.583,3461.0,2973,6558,0.453,1132,2939,0.385,1282,1558,0.823,766,2441,3207,1531,799.0,496,363,333,1362,1374,8360,129.0,1,8,8,8,24,15,4,23,2,2,6,6,13,3,3,20,12,30,1,25,13,10,10,16,5,12,2020-21
1610612758,Sacramento Kings,72,31,41,0.431,3461.0,3067,6382,0.481,874,2400,0.364,1181,1585,0.745,674,2307,2981,1836,963.0,543,358,336,1400,1348,8189,-265.0,1,21,21,21,24,8,13,6,19,20,16,21,11,25,22,30,30,12,11,16,15,13,20,19,11,24,2020-21
1610612759,San Antonio Spurs,72,33,39,0.458,3496.0,3014,6518,0.462,716,2046,0.35,1254,1584,0.792,669,2489,3158,1759,821.0,505,366,369,1293,1338,7998,-125.0,1,19,19,19,1,11,7,20,30,30,24,9,12,10,24,16,18,16,2,22,10,19,3,22,20,21,2020-21
1610612761,Toronto Raptors,72,27,45,0.375,3461.0,2859,6383,0.448,1041,2831,0.368,1252,1536,0.815,680,2314,2994,1735,952.0,618,388,402,1526,1405,8011,-34.0,1,24,24,24,24,23,12,26,4,4,15,10,17,4,20,29,28,20,8,4,4,27,28,12,19,19,2020-21
1610612762,Utah Jazz,72,52,20,0.722,3471.0,2971,6344,0.468,1205,3098,0.389,1235,1546,0.799,765,2709,3474,1703,1023.0,474,371,282,1335,1365,8382,666.0,1,1,1,1,19,17,18,16,1,1,4,12,14,8,4,2,1,23,18,29,8,3,8,17,4,1,2020-21
1610612764,Washington Wizards,72,34,38,0.472,3481.0,3108,6547,0.475,733,2088,0.351,1449,1884,0.769,697,2557,3254,1835,1036.0,528,297,348,1555,1586,8398,-132.0,1,17,17,17,11,5,5,10,28,29,23,1,1,19,15,6,8,13,20,18,28,15,30,1,3,22,2020-21
1610612737,Atlanta Hawks,82,43,39,0.524,3941.0,3401,7241,0.47,1056,2821,0.374,1485,1829,0.812,823,2783,3606,2017,972.0,587,348,367,1534,1668,9343,128.0,1,16,16,16,30,11,13,7,11,18,2,3,11,4,17,17,20,15,1,22,23,10,7,6,6,14,2021-22
1610612738,Boston Celtics,82,51,31,0.622,3981.0,3341,7167,0.466,1085,3044,0.356,1397,1713,0.816,863,2915,3778,2036,1118.0,591,478,376,1521,1592,9164,597.0,1,6,6,6,2,13,18,15,8,9,14,14,24,2,11,4,5,14,13,19,2,11,5,20,12,2,2021-22
1610612751,Brooklyn Nets,82,44,38,0.537,3951.0,3442,7251,0.475,940,2602,0.361,1434,1781,0.805,844,2796,3640,2071,1153.0,582,448,403,1670,1616,9258,64.0,1,14,14,14,19,5,12,4,24,28,10,10,14,6,14,15,13,10,17,24,5,21,22,16,9,15,2021-22
1610612766,Charlotte Hornets,82,43,39,0.524,3976.0,3508,7497,0.468,1143,3130,0.365,1298,1753,0.74,888,2767,3655,2302,1087.0,707,402,377,1629,1609,9457,36.0,1,16,16,16,3,4,3,11,5,6,6,25,19,27,9,21,12,1,10,5,11,12,18,18,4,16,2021-22
1610612741,Chicago Bulls,82,46,36,0.561,3946.0,3422,7127,0.48,872,2364,0.369,1436,1766,0.813,711,2760,3471,1958,1053.0,585,336,410,1540,1489,9152,-32.0,1,12,12,12,24,7,20,3,29,30,4,9,17,3,29,22,28,19,6,23,25,24,8,28,13,20,2021-22
1610612739,Cleveland Cavaliers,82,44,38,0.537,3946.0,3255,6940,0.469,953,2686,0.355,1376,1810,0.76,837,2786,3623,2064,1181.0,580,343,380,1433,1638,8839,174.0,1,14,14,14,24,21,29,9,20,22,15,18,12,21,16,16,15,11,22,26,24,15,1,11,25,13,2021-22
1610612742,Dallas Mavericks,82,52,30,0.634,3951.0,3222,6982,0.461,1073,3063,0.35,1341,1739,0.771,759,2769,3528,1918,1025.0,552,325,300,1612,1645,8858,271.0,1,5,5,5,19,25,27,18,10,8,19,22,22,16,24,20,24,25,3,29,28,1,14,10,24,8,2021-22
1610612743,Denver Nuggets,82,48,34,0.585,3961.0,3416,7079,0.483,1039,2944,0.353,1372,1725,0.795,752,2865,3617,2279,1189.0,592,305,392,1639,1632,9243,189.0,1,10,10,10,8,8,23,2,14,13,16,19,23,8,25,9,17,3,26,18,29,17,20,13,10,11,2021-22
1610612765,Detroit Pistons,82,23,59,0.28,3956.0,3129,7267,0.431,925,2838,0.326,1413,1806,0.782,900,2625,3525,1924,1163.0,630,393,427,1799,1625,8596,-633.0,1,28,28,28,13,29,11,29,26,16,29,13,13,13,8,29,25,24,20,10,14,26,30,14,28,26,2021-22
1610612744,Golden State Warriors,82,53,29,0.646,3946.0,3323,7087,0.469,1176,3231,0.364,1280,1665,0.769,800,2930,3730,2223,1221.0,719,372,317,1723,1474,9102,454.0,1,3,3,3,24,17,21,10,3,3,8,26,26,17,20,2,7,5,29,4,18,2,27,29,15,5,2021-22
1610612745,Houston Rockets,82,20,62,0.244,3951.0,3229,7083,0.456,1105,3170,0.349,1434,2010,0.713,786,2660,3446,1932,1351.0,600,382,474,1692,1812,8997,-695.0,1,30,30,30,19,24,22,24,7,4,21,10,1,30,21,28,30,23,30,17,15,28,26,1,19,29,2021-22
1610612754,Indiana Pacers,82,25,57,0.305,3976.0,3398,7338,0.463,997,2899,0.344,1347,1754,0.768,925,2671,3596,2081,1183.0,582,457,401,1675,1575,9140,-285.0,1,26,26,26,3,12,7,17,16,15,25,20,18,19,5,26,21,9,23,24,4,20,24,22,14,24,2021-22
1610612746,LA Clippers,82,42,40,0.512,3956.0,3285,7170,0.458,1047,2802,0.374,1273,1606,0.793,747,2860,3607,1969,1126.0,608,406,339,1528,1515,8890,2.0,1,18,18,18,13,20,17,21,12,20,3,27,30,9,26,10,19,16,14,15,8,6,6,26,23,18,2021-22
1610612747,Los Angeles Lakers,82,33,49,0.402,3996.0,3415,7279,0.469,982,2826,0.347,1380,1884,0.732,782,2826,3608,1968,1191.0,626,425,338,1654,1647,9192,-250.0,1,23,23,23,1,9,10,8,18,17,22,17,9,29,23,12,18,17,27,11,7,5,21,9,11,22,2021-22
1610612763,Memphis Grizzlies,82,56,26,0.683,3956.0,3571,7739,0.461,945,2679,0.353,1393,1898,0.734,1159,2873,4032,2131,1082.0,800,533,496,1620,1625,9480,466.0,1,2,2,2,13,2,1,19,23,23,17,15,7,28,1,8,1,6,9,1,1,30,17,14,2,4,2021-22
1610612748,Miami Heat,82,53,29,0.646,3971.0,3246,6954,0.467,1114,2936,0.379,1416,1753,0.808,807,2778,3585,2090,1194.0,606,265,330,1679,1686,9022,365.0,1,3,3,3,5,22,28,13,6,14,1,12,19,5,18,18,22,8,28,16,30,4,25,3,17,6,2021-22
1610612749,Milwaukee Bucks,82,51,31,0.622,3951.0,3429,7331,0.468,1153,3151,0.366,1459,1881,0.776,840,2990,3830,1960,1100.0,623,326,357,1494,1612,9470,275.0,1,6,6,6,19,6,8,12,4,5,5,8,10,15,15,1,2,18,12,13,27,9,3,17,3,7,2021-22
1610612750,Minnesota Timberwolves,82,46,36,0.561,3956.0,3411,7458,0.457,1211,3386,0.358,1474,1894,0.778,921,2700,3621,2106,1175.0,721,460,397,1786,1715,9507,216.0,1,12,12,12,13,10,5,22,1,1,12,4,8,14,6,25,16,7,21,3,3,19,29,2,1,9,2021-22
1610612740,New Orleans Pelicans,82,36,46,0.439,3951.0,3294,7212,0.457,873,2629,0.332,1501,1903,0.789,981,2726,3707,2047,1153.0,680,328,391,1612,1681,8962,-81.0,1,20,20,20,19,19,16,23,28,24,27,2,6,10,3,24,11,13,17,7,26,16,14,4,21,21,2021-22
1610612752,New York Knicks,82,37,45,0.451,3956.0,3088,7069,0.437,1082,3029,0.357,1473,1980,0.744,941,2841,3782,1793,1087.0,570,399,379,1672,1671,8731,-10.0,1,19,19,19,13,30,24,27,9,10,13,5,2,26,4,11,4,30,10,27,13,13,23,5,26,19,2021-22
1610612760,Oklahoma City Thunder,82,24,58,0.293,3961.0,3141,7310,0.43,991,3066,0.323,1233,1632,0.756,854,2887,3741,1822,1145.0,622,380,490,1497,1462,8506,-664.0,1,27,27,27,8,27,9,30,17,7,30,30,28,24,12,6,6,28,15,14,16,29,4,30,30,28,2021-22
1610612753,Orlando Magic,82,22,60,0.268,3956.0,3139,7240,0.434,999,3022,0.331,1270,1614,0.787,746,2885,3631,1947,1188.0,555,367,428,1612,1501,8547,-656.0,1,29,29,29,13,28,14,28,15,11,28,28,29,11,27,7,14,20,25,28,20,27,14,27,29,27,2021-22
1610612755,Philadelphia 76ers,82,51,31,0.622,3961.0,3230,6932,0.466,950,2608,0.364,1605,1955,0.821,700,2770,3470,1945,1027.0,633,435,379,1590,1594,9015,214.0,1,6,6,6,8,23,30,16,22,27,7,1,3,1,30,19,29,21,4,9,6,13,12,19,18,10,2021-22
1610612756,Phoenix Suns,82,64,18,0.78,3946.0,3581,7389,0.485,951,2616,0.364,1303,1635,0.797,801,2913,3714,2244,1060.0,702,359,327,1633,1553,9416,615.0,1,1,1,1,24,1,6,1,21,26,9,24,27,7,19,5,10,4,7,6,22,3,19,24,5,1,2021-22
1610612757,Portland Trail Blazers,82,27,55,0.329,3946.0,3161,7144,0.442,1043,3017,0.346,1346,1771,0.76,854,2661,3515,1880,1187.0,657,366,409,1728,1589,8711,-728.0,1,25,25,25,24,26,19,26,13,12,23,21,16,22,12,27,27,26,24,8,21,23,28,21,27,30,2021-22
1610612758,Sacramento Kings,82,30,52,0.366,3961.0,3321,7223,0.46,937,2722,0.344,1466,1908,0.768,784,2737,3521,1943,1156.0,588,369,395,1552,1665,9045,-448.0,1,24,24,24,8,18,15,20,25,21,24,7,5,18,22,23,26,22,19,20,19,18,11,7,16,25,2021-22
1610612759,San Antonio Spurs,82,34,48,0.415,3961.0,3546,7601,0.467,925,2626,0.352,1262,1673,0.754,901,2815,3716,2289,1043.0,626,403,403,1483,1553,9279,10.0,1,22,22,22,8,3,2,14,26,25,18,29,25,25,7,13,9,2,5,11,10,21,2,24,8,17,2021-22
1610612761,Toronto Raptors,82,48,34,0.585,3971.0,3332,7489,0.445,979,2808,0.349,1327,1749,0.759,1095,2622,3717,1809,1021.0,738,376,416,1607,1563,8970,188.0,1,10,10,10,5,14,4,25,19,19,20,23,21,23,2,30,8,29,2,2,17,25,13,23,20,12,2021-22
1610612762,Utah Jazz,82,49,33,0.598,3946.0,3327,7067,0.471,1192,3308,0.36,1470,1916,0.767,884,2916,3800,1836,1148.0,588,402,352,1547,1664,9316,495.0,1,9,9,9,24,15,25,6,2,2,11,6,4,20,10,3,3,27,16,20,11,8,10,8,7,3,2021-22
1610612764,Washington Wizards,82,35,47,0.427,3966.0,3327,7056,0.472,860,2512,0.342,1393,1778,0.783,737,2798,3535,2052,1077.0,522,406,344,1545,1634,8907,-277.0,1,21,21,21,7,15,26,5,30,29,26,15,15,12,28,14,23,12,8,30,8,7,9,12,22,23,2021-22
1610612737,Atlanta Hawks,82,41,41,0.5,3971.0,3658,7574,0.483,882,2505,0.352,1513,1850,0.818,920,2719,3639,2049,1060.0,580,401,414,1541,1612,9711,24.0,1,17,17,17,8,1,3,9,26,28,21,16,20,3,9,12,10,18,3,18,12,21,6,19,3,18,2022-23
1610612738,Boston Celtics,82,57,25,0.695,3996.0,3460,7278,0.475,1315,3492,0.377,1436,1769,0.812,796,2921,3717,2186,1095.0,521,430,318,1542,1568,9671,535.0,1,2,2,2,1,13,15,14,2,2,6,24,28,4,20,3,7,7,7,27,6,4,7,25,4,1,2022-23
1610612751,Brooklyn Nets,82,45,37,0.549,3946.0,3399,6978,0.487,1048,2771,0.378,1449,1811,0.8,674,2648,3322,2093,1127.0,585,506,317,1730,1517,9295,70.0,1,9,9,9,29,21,28,7,9,13,5,19,25,7,29,20,29,13,14,16,1,3,25,28,20,15,2022-23
1610612766,Charlotte Hornets,82,27,55,0.329,3966.0,3385,7413,0.457,881,2669,0.33,1447,1932,0.749,901,2751,3652,2062,1164.0,634,425,471,1661,1667,9098,-512.0,1,27,27,27,12,22,6,29,27,18,29,20,17,27,12,10,9,17,17,9,8,29,17,13,27,27,2022-23
1610612741,Chicago Bulls,82,40,42,0.488,3981.0,3488,7116,0.49,854,2367,0.361,1446,1788,0.809,694,2779,3473,2006,1097.0,644,371,389,1551,1537,9276,106.0,1,19,19,19,4,11,21,4,30,30,16,21,26,5,28,9,22,20,8,7,19,18,8,27,22,13,2022-23
1610612739,Cleveland Cavaliers,82,51,31,0.622,3976.0,3408,6984,0.488,950,2589,0.367,1439,1844,0.78,795,2574,3369,2045,1094.0,586,384,360,1560,1675,9205,441.0,1,5,5,5,5,20,27,5,19,24,12,23,21,19,22,25,25,19,6,15,14,13,9,10,25,2,2022-23
1610612742,Dallas Mavericks,82,38,44,0.463,3986.0,3283,6909,0.475,1246,3362,0.371,1554,2057,0.755,625,2556,3181,1880,1002.0,514,304,312,1697,1789,9366,6.0,1,21,21,21,3,28,29,15,3,3,8,12,6,23,30,27,30,28,2,29,28,2,23,1,16,19,2022-23
1610612743,Denver Nuggets,82,53,29,0.646,3951.0,3574,7088,0.504,969,2559,0.379,1378,1834,0.751,828,2699,3527,2368,1192.0,618,368,344,1525,1601,9495,273.0,1,4,4,4,25,3,22,1,18,25,4,27,24,26,17,15,19,2,20,11,20,10,4,23,12,6,2022-23
1610612765,Detroit Pistons,82,17,65,0.207,3961.0,3244,7140,0.454,934,2659,0.351,1623,2106,0.771,916,2564,3480,1884,1237.0,574,308,453,1813,1718,9045,-674.0,1,30,30,30,18,29,19,30,20,19,22,4,2,21,10,26,21,27,25,20,27,27,30,3,29,29,2022-23
1610612744,Golden State Warriors,82,44,38,0.537,3966.0,3538,7393,0.479,1363,3540,0.385,1314,1655,0.794,864,2793,3657,2446,1336.0,588,324,326,1756,1510,9753,148.0,1,11,11,11,12,5,8,12,1,1,2,29,30,9,14,7,8,1,30,14,25,6,28,30,2,11,2022-23
1610612745,Houston Rockets,82,22,60,0.268,3951.0,3329,7287,0.457,856,2619,0.327,1567,2078,0.754,1100,2695,3795,1835,1332.0,600,374,509,1679,1692,9081,-644.0,1,28,28,28,25,25,14,28,29,22,30,10,4,25,1,17,4,30,29,13,18,30,21,6,28,28,2022-23
1610612754,Indiana Pacers,82,35,47,0.427,3951.0,3444,7345,0.469,1112,3030,0.367,1535,1944,0.79,832,2575,3407,2213,1224.0,631,478,438,1741,1660,9535,-261.0,1,23,23,23,25,17,11,22,6,7,11,14,14,13,16,24,24,6,23,10,2,26,27,14,10,25,2022-23
1610612746,LA Clippers,82,44,38,0.537,3966.0,3370,7060,0.477,1041,2734,0.381,1533,1962,0.781,803,2742,3545,1959,1167.0,580,364,344,1598,1606,9314,41.0,1,11,11,11,12,23,24,13,10,14,3,15,11,18,19,11,17,24,18,18,21,10,10,21,18,17,2022-23
1610612747,Los Angeles Lakers,82,43,39,0.524,3976.0,3516,7298,0.482,885,2558,0.346,1691,2182,0.775,818,2930,3748,2072,1154.0,526,378,416,1466,1760,9608,47.0,1,14,14,14,5,8,13,10,24,26,25,2,1,20,18,2,6,15,15,26,16,23,1,2,6,16,2022-23
1610612763,Memphis Grizzlies,82,51,31,0.622,3956.0,3585,7551,0.475,985,2807,0.351,1432,1954,0.733,988,2835,3823,2135,1116.0,680,473,427,1643,1644,9587,323.0,1,5,5,5,22,2,4,16,16,11,23,25,13,30,4,4,2,9,12,3,3,24,14,16,9,4,2022-23
1610612748,Miami Heat,82,44,38,0.537,3961.0,3215,6991,0.46,980,2852,0.344,1567,1885,0.831,796,2533,3329,1955,1106.0,655,243,309,1516,1643,8977,-26.0,1,11,11,11,18,30,26,26,17,10,27,10,19,2,20,29,27,25,9,6,30,1,3,17,30,21,2022-23
1610612749,Milwaukee Bucks,82,58,24,0.707,3966.0,3504,7411,0.473,1217,3306,0.368,1364,1837,0.743,914,3074,3988,2115,1199.0,521,403,323,1481,1557,9589,298.0,1,1,1,1,12,10,7,19,4,4,10,28,23,29,11,1,1,12,22,27,11,5,2,26,8,5,2022-23
1610612750,Minnesota Timberwolves,82,42,40,0.512,3966.0,3515,7167,0.49,997,2731,0.365,1467,1942,0.755,749,2686,3435,2145,1258.0,657,444,336,1768,1654,9494,-3.0,1,15,15,15,12,9,18,3,14,15,13,18,16,24,26,18,23,8,27,5,4,8,29,15,13,20,2022-23
1610612740,New Orleans Pelicans,82,42,40,0.512,3971.0,3447,7180,0.48,899,2468,0.364,1585,2000,0.793,866,2717,3583,2122,1196.0,681,337,386,1678,1673,9378,155.0,1,15,15,15,8,16,17,11,23,29,15,8,10,11,13,13,13,11,21,2,24,17,20,12,15,10,2022-23
1610612752,New York Knicks,82,47,35,0.573,3991.0,3444,7328,0.47,1037,2930,0.354,1589,2087,0.761,1031,2790,3821,1880,1065.0,527,340,370,1666,1694,9514,240.0,1,8,8,8,2,17,12,20,11,8,19,7,3,22,3,8,3,28,4,25,23,14,18,5,11,7,2022-23
1610612760,Oklahoma City Thunder,82,40,42,0.488,3971.0,3533,7590,0.465,995,2797,0.356,1572,1944,0.809,934,2646,3580,2002,1070.0,676,341,454,1722,1675,9633,89.0,1,19,19,19,8,6,2,24,15,12,17,9,14,6,8,21,14,21,5,4,22,28,24,10,5,14,2022-23
1610612753,Orlando Magic,82,34,48,0.415,3956.0,3323,7074,0.47,883,2551,0.346,1607,2050,0.784,833,2713,3546,1906,1236.0,603,382,415,1652,1681,9136,-210.0,1,25,25,25,22,26,23,21,25,27,24,6,8,16,15,14,16,26,24,12,15,22,16,7,26,24,2022-23
1610612755,Philadelphia 76ers,82,54,28,0.659,3976.0,3347,6870,0.487,1035,2675,0.387,1719,2058,0.835,715,2641,3356,2063,1121.0,635,389,380,1675,1607,9448,354.0,1,3,3,3,5,24,30,6,12,16,1,1,5,1,27,22,26,16,13,8,13,16,19,20,14,3,2022-23
1610612756,Phoenix Suns,82,45,37,0.549,3956.0,3453,7388,0.467,1001,2674,0.374,1412,1781,0.793,971,2657,3628,2235,1110.0,585,432,327,1739,1629,9319,170.0,1,9,9,9,22,15,9,23,13,17,7,26,27,10,5,19,11,4,11,16,5,7,26,18,17,9,2022-23
1610612757,Portland Trail Blazers,82,33,49,0.402,3946.0,3317,7001,0.474,1056,2893,0.365,1609,2021,0.796,774,2551,3325,1981,1185.0,553,376,352,1643,1679,9299,-329.0,1,26,26,26,29,27,25,17,8,9,14,5,9,8,24,28,28,22,19,24,17,12,14,8,19,26,2022-23
1610612758,Sacramento Kings,82,48,34,0.585,3966.0,3573,7232,0.494,1128,3060,0.369,1624,2055,0.79,782,2699,3481,2237,1106.0,574,275,341,1616,1711,9898,217.0,1,7,7,7,12,4,16,2,5,6,9,3,7,12,23,15,20,3,9,20,29,9,11,4,1,8,2022-23
1610612759,San Antonio Spurs,82,22,60,0.268,3971.0,3533,7593,0.465,911,2640,0.345,1292,1739,0.743,965,2619,3584,2232,1253.0,572,322,431,1630,1516,9269,-823.0,1,28,28,28,8,6,1,25,22,20,26,30,29,28,7,23,12,5,26,22,26,25,12,29,23,30,2022-23
1610612761,Toronto Raptors,82,41,41,0.5,3961.0,3434,7489,0.459,880,2626,0.335,1506,1922,0.784,1043,2485,3528,1961,956.0,772,424,376,1641,1604,9254,121.0,1,17,17,17,18,19,5,27,28,21,28,17,18,17,2,30,18,23,1,1,9,15,13,22,24,12,2022-23
1610612762,Utah Jazz,82,37,45,0.451,3961.0,3485,7365,0.473,1094,3099,0.353,1536,1955,0.786,968,2794,3762,2129,1259.0,500,429,405,1679,1679,9600,-77.0,1,22,22,22,18,12,10,18,7,5,20,13,12,14,6,6,5,10,28,30,7,19,21,8,7,22,2022-23
1610612764,Washington Wizards,82,35,47,0.427,3951.0,3456,7127,0.485,925,2601,0.356,1442,1838,0.785,774,2804,3578,2083,1158.0,561,424,406,1539,1590,9279,-99.0,1,23,23,23,25,14,20,8,21,23,18,22,22,15,24,5,15,14,16,23,9,20,5,24,21,23,2022-23
1610612737,Atlanta Hawks,82,36,46,0.439,3971.0,3529,7584,0.465,1125,3092,0.364,1520,1906,0.797,1024,2639,3663,2180,1110.0,615,369,461,1522,1594,9703,-179.0,1,21,21,21,3,10,2,21,6,7,17,5,7,8,3,22,6,16,16,16,26,22,15,7,5,21,2023-24
1610612738,Boston Celtics,82,64,18,0.78,3966.0,3601,7396,0.487,1351,3482,0.388,1334,1654,0.807,876,2923,3799,2207,979.0,557,538,304,1326,1416,9887,930.0,1,1,1,1,7,4,8,8,1,1,2,19,26,7,14,1,2,14,1,27,1,1,2,30,2,1,2023-24
1610612751,Brooklyn Nets,82,32,50,0.39,3961.0,3334,7307,0.456,1089,3010,0.362,1293,1711,0.756,938,2675,3613,2102,1076.0,556,424,409,1516,1496,9050,-237.0,1,22,22,22,10,25,16,28,9,9,19,23,20,28,7,20,11,20,12,28,12,16,13,21,25,22,2023-24
1610612766,Charlotte Hornets,82,21,61,0.256,3946.0,3281,7133,0.46,989,2788,0.355,1189,1512,0.786,765,2538,3303,2033,1129.0,562,371,396,1472,1432,8740,-840.0,1,27,27,27,23,27,25,26,23,17,21,30,30,11,27,29,30,26,18,25,25,13,7,29,28,30,2023-24
1610612741,Chicago Bulls,82,39,43,0.476,3996.0,3448,7339,0.47,941,2630,0.358,1369,1731,0.791,916,2677,3593,2048,1004.0,638,394,404,1541,1538,9206,-118.0,1,20,20,20,1,16,13,18,27,26,20,17,18,10,8,19,14,23,3,9,18,14,17,14,22,20,2023-24
1610612739,Cleveland Cavaliers,82,48,34,0.585,3961.0,3425,7147,0.479,1108,3016,0.367,1278,1671,0.765,807,2742,3549,2299,1112.0,605,380,410,1436,1536,9236,198.0,1,11,11,11,10,19,24,12,7,8,15,26,24,22,22,11,17,8,17,19,21,17,5,16,20,13,2023-24
1610612742,Dallas Mavericks,82,50,32,0.61,3941.0,3535,7352,0.481,1197,3242,0.369,1397,1842,0.758,797,2724,3521,2106,1027.0,563,406,331,1500,1667,9664,181.0,1,6,6,6,26,9,12,11,3,2,13,15,11,27,23,14,21,19,4,24,17,2,10,2,7,14,2023-24
1610612743,Denver Nuggets,82,57,25,0.695,3941.0,3610,7279,0.496,958,2560,0.374,1240,1628,0.762,881,2762,3643,2415,1036.0,585,456,394,1489,1467,9418,431.0,1,2,2,2,26,3,17,4,25,30,10,29,29,25,13,9,7,3,5,21,10,12,9,26,14,4,2023-24
1610612765,Detroit Pistons,82,14,68,0.171,3951.0,3353,7236,0.463,906,2602,0.348,1398,1780,0.785,861,2692,3553,2088,1248.0,531,384,490,1688,1457,9010,-747.0,1,30,30,30,21,24,20,24,29,27,26,14,15,12,15,18,16,22,28,30,20,25,28,28,27,28,2023-24
1610612744,Golden State Warriors,82,46,36,0.561,3966.0,3582,7515,0.477,1211,3191,0.38,1282,1644,0.78,996,2834,3830,2402,1174.0,572,377,407,1598,1471,9657,214.0,1,16,16,16,7,5,3,13,2,4,7,24,27,17,5,4,1,4,23,23,23,15,22,24,8,12,2023-24
1610612745,Houston Rockets,82,41,41,0.5,3971.0,3425,7459,0.459,1043,2964,0.352,1482,1916,0.773,940,2787,3727,2035,1045.0,639,375,482,1702,1609,9375,92.0,1,19,19,19,3,19,5,27,14,12,23,9,5,20,6,6,3,25,8,8,24,24,29,6,16,18,2023-24
1610612754,Indiana Pacers,82,47,35,0.573,3941.0,3855,7599,0.507,1082,2891,0.374,1318,1685,0.782,827,2578,3405,2522,1059.0,631,481,440,1756,1501,10110,250.0,1,12,12,12,26,1,1,1,11,15,9,21,22,13,20,28,28,1,9,11,8,21,30,20,1,9,2023-24
1610612746,LA Clippers,82,51,31,0.622,3941.0,3473,7108,0.489,1036,2719,0.381,1499,1817,0.825,822,2701,3523,2097,1078.0,640,413,384,1519,1537,9481,269.0,1,5,5,5,26,14,26,6,16,21,6,8,12,3,21,17,19,21,13,7,15,9,14,15,12,7,2023-24
1610612747,Los Angeles Lakers,82,47,35,0.573,3971.0,3580,7177,0.499,969,2572,0.377,1550,1983,0.782,676,2859,3535,2340,1146.0,605,453,390,1283,1619,9679,49.0,1,12,12,12,3,6,22,2,24,28,8,2,2,15,30,2,18,5,19,19,11,11,1,4,6,19,2023-24
1610612763,Memphis Grizzlies,82,27,55,0.329,3956.0,3145,7229,0.435,1071,3097,0.346,1316,1722,0.764,896,2598,3494,2025,1236.0,673,501,535,1563,1539,8677,-574.0,1,24,24,24,17,30,21,30,12,6,29,22,19,23,10,27,24,27,26,4,4,30,20,13,30,26,2023-24
1610612748,Miami Heat,82,46,36,0.561,3951.0,3266,7022,0.465,1022,2765,0.37,1478,1806,0.818,766,2702,3468,2116,1038.0,617,280,388,1415,1550,9032,144.0,1,16,16,16,21,28,28,22,19,18,12,10,13,5,26,16,26,18,6,15,30,10,4,11,26,16,2023-24
1610612749,Milwaukee Bucks,82,49,33,0.598,3961.0,3538,7258,0.487,1163,3122,0.373,1517,1960,0.774,772,2850,3622,2176,1059.0,558,413,347,1574,1576,9756,215.0,1,8,8,8,10,8,19,7,5,5,11,7,3,19,24,3,9,17,9,26,15,3,21,9,4,11,2023-24
1610612750,Minnesota Timberwolves,82,56,26,0.683,3961.0,3383,6974,0.485,1037,2681,0.387,1461,1881,0.777,770,2807,3577,2184,1162.0,647,497,371,1544,1630,9264,529.0,1,4,4,4,10,23,29,10,15,23,3,11,8,18,25,5,15,15,22,6,5,5,18,3,18,3,2023-24
1610612740,New Orleans Pelicans,82,49,33,0.598,3941.0,3484,7165,0.486,1023,2673,0.383,1445,1873,0.771,852,2753,3605,2210,1067.0,684,378,424,1508,1507,9436,362.0,1,8,8,8,26,12,23,9,18,24,4,13,9,21,17,10,13,13,11,3,22,19,11,18,13,6,2023-24
1610612752,New York Knicks,82,50,32,0.61,3946.0,3385,7272,0.465,1083,2936,0.369,1396,1789,0.78,1039,2665,3704,1998,1085.0,612,336,431,1447,1565,9249,376.0,1,6,6,6,23,22,18,20,10,13,14,16,14,16,1,21,5,29,15,17,29,20,6,10,19,5,2023-24
1610612760,Oklahoma City Thunder,82,57,25,0.695,3961.0,3653,7324,0.499,1090,2805,0.389,1451,1759,0.825,722,2725,3447,2223,1039.0,694,538,419,1545,1548,9847,608.0,1,2,2,2,10,2,15,3,8,16,1,12,17,4,29,12,27,11,7,1,1,18,19,12,3,2,2023-24
1610612753,Orlando Magic,82,47,35,0.573,3956.0,3318,6964,0.476,903,2568,0.352,1519,2002,0.759,861,2608,3469,2023,1206.0,669,423,379,1618,1710,9058,166.0,1,12,12,12,17,26,30,15,30,29,24,6,1,26,15,25,25,28,24,5,13,7,23,1,24,15,2023-24
1610612755,Philadelphia 76ers,82,47,35,0.573,3956.0,3404,7331,0.464,992,2733,0.363,1597,1934,0.826,906,2616,3522,2041,984.0,694,492,503,1668,1519,9397,250.0,1,12,12,12,17,21,14,23,22,19,18,1,4,2,9,23,20,24,2,1,6,27,27,17,15,9,2023-24
1610612756,Phoenix Suns,82,49,33,0.598,3956.0,3482,7063,0.493,1020,2671,0.382,1548,1915,0.808,831,2783,3614,2218,1221.0,610,492,372,1475,1612,9532,251.0,1,8,8,8,17,13,27,5,20,25,5,3,6,6,19,7,10,12,25,18,6,6,8,5,10,8,2023-24
1610612757,Portland Trail Blazers,82,21,61,0.256,3976.0,3227,7356,0.439,939,2723,0.345,1329,1680,0.791,1036,2469,3505,1894,1249.0,627,354,528,1654,1467,8722,-740.0,1,27,27,27,2,29,10,29,28,20,30,20,23,9,2,30,22,30,29,12,27,28,26,26,29,27,2023-24
1610612758,Sacramento Kings,82,46,36,0.561,3971.0,3553,7455,0.477,1178,3219,0.366,1274,1710,0.745,888,2719,3607,2324,1078.0,625,342,370,1632,1504,9558,143.0,1,16,16,16,3,7,6,14,4,3,16,27,21,30,12,15,12,7,13,13,28,4,24,19,9,17,2023-24
1610612759,San Antonio Spurs,82,22,60,0.268,3966.0,3438,7436,0.462,1036,2983,0.347,1280,1637,0.782,849,2778,3627,2449,1242.0,584,520,380,1414,1470,9192,-532.0,1,26,26,26,7,18,7,25,16,11,28,25,28,14,18,8,8,2,27,22,3,8,3,25,23,25,2023-24
1610612761,Toronto Raptors,82,25,57,0.305,3961.0,3466,7356,0.471,942,2712,0.347,1339,1772,0.756,891,2607,3498,2335,1147.0,634,388,474,1509,1487,9213,-528.0,1,25,25,25,10,15,10,16,26,22,27,18,16,29,11,26,23,6,20,10,19,23,12,22,21,24,2023-24
1610612762,Utah Jazz,82,31,51,0.378,3961.0,3443,7371,0.467,1060,2993,0.354,1538,1853,0.83,1002,2725,3727,2232,1285.0,537,458,528,1523,1577,9484,-401.0,1,23,23,23,10,17,9,19,13,10,22,4,10,1,4,12,3,10,30,29,9,28,16,8,11,23,2023-24
1610612764,Washington Wizards,82,15,67,0.183,3946.0,3523,7493,0.47,1015,2915,0.348,1266,1657,0.764,755,2613,3368,2290,1147.0,623,415,496,1637,1473,9327,-762.0,1,29,29,29,23,11,4,17,21,14,25,28,25,24,28,24,29,9,20,14,14,26,25,23,17,29,2023-24
1610612737,Atlanta Hawks,82,40,42,0.488,3956.0,3556,7528,0.472,1107,3089,0.358,1472,1900,0.775,974,2675,3649,2426,1273.0,798,419,403,1564,1563,9691,-93.0,1,16,16,16,14,6,5,14,14,15,18,3,4,18,9,23,14,2,26,2,12,15,22,8,5,18,2024-25
1610612738,Boston Celtics,82,61,21,0.744,3966.0,3413,7382,0.462,1457,3955,0.368,1251,1565,0.799,933,2783,3716,2144,973.0,589,452,295,1303,1438,9534,747.0,1,3,3,3,6,16,11,19,1,1,10,30,30,6,10,7,8,16,2,29,5,1,2,27,8,3,2024-25
1610612751,Brooklyn Nets,82,26,56,0.317,3956.0,3086,7060,0.437,1113,3232,0.344,1334,1696,0.787,894,2493,3387,2063,1244.0,639,352,457,1698,1550,8619,-583.0,1,25,25,25,14,30,28,29,13,8,25,23,23,11,18,29,29,24,23,20,26,27,28,14,29,26,2024-25
1610612766,Charlotte Hornets,82,19,63,0.232,3951.0,3142,7308,0.43,1065,3143,0.339,1269,1621,0.783,1003,2703,3706,1994,1271.0,607,368,435,1535,1488,8618,-747.0,1,28,28,28,18,28,19,30,18,11,28,29,28,14,6,16,9,26,25,26,21,23,16,22,30,27,2024-25
1610612741,Chicago Bulls,82,39,43,0.476,3951.0,3543,7545,0.47,1266,3447,0.367,1308,1617,0.809,825,2935,3760,2383,1203.0,621,386,417,1444,1374,9660,-128.0,1,18,18,18,18,8,4,15,3,3,13,27,29,3,25,1,3,5,20,24,18,18,6,30,6,20,2024-25
1610612739,Cleveland Cavaliers,82,64,18,0.78,3951.0,3652,7444,0.491,1303,3401,0.383,1392,1793,0.776,917,2806,3723,2304,1082.0,670,350,361,1487,1553,9999,782.0,1,2,2,2,18,4,7,2,2,4,2,15,15,17,13,5,6,9,3,14,27,8,11,11,1,2,2024-25
1610612742,Dallas Mavericks,82,39,43,0.476,3946.0,3443,7194,0.479,1020,2801,0.364,1458,1894,0.77,828,2702,3530,2070,1151.0,636,445,375,1458,1532,9364,-98.0,1,18,18,18,23,13,21,10,26,26,15,6,6,24,24,17,23,22,13,21,7,12,8,16,15,19,2024-25
1610612743,Denver Nuggets,82,50,32,0.61,3971.0,3724,7360,0.506,984,2619,0.376,1470,1909,0.77,919,2832,3751,2542,1169.0,656,402,420,1444,1562,9902,319.0,1,6,6,6,4,1,16,1,28,30,5,4,1,23,12,3,4,1,17,17,15,19,6,9,3,9,2024-25
1610612765,Detroit Pistons,82,44,38,0.537,3961.0,3503,7363,0.476,1051,2901,0.362,1414,1826,0.774,931,2739,3670,2165,1219.0,652,431,413,1695,1551,9471,156.0,1,14,14,14,9,10,14,13,20,22,17,11,11,20,11,12,13,15,21,19,9,17,27,13,12,13,2024-25
1610612744,Golden State Warriors,82,48,34,0.585,3946.0,3342,7412,0.451,1264,3475,0.364,1383,1811,0.764,1029,2692,3721,2386,1152.0,771,391,441,1571,1523,9331,271.0,1,11,11,11,23,21,8,25,4,2,16,17,13,25,5,19,7,4,14,4,17,24,23,18,17,10,2024-25
1610612745,Houston Rockets,82,52,30,0.634,3956.0,3484,7659,0.455,1038,2938,0.353,1366,1851,0.738,1200,2774,3974,1914,1139.0,689,411,467,1557,1577,9372,370.0,1,4,4,4,14,11,1,21,22,20,21,20,8,30,1,8,1,28,11,10,13,28,20,5,13,7,2024-25
1610612754,Indiana Pacers,82,50,32,0.61,3971.0,3574,7326,0.488,1081,2934,0.368,1395,1768,0.789,752,2678,3430,2398,1082.0,694,448,366,1533,1541,9624,183.0,1,6,6,6,4,5,17,3,16,21,9,14,18,9,29,22,28,3,3,9,6,10,15,15,7,12,2024-25
1610612746,LA Clippers,82,50,32,0.61,3961.0,3409,7075,0.482,1022,2738,0.373,1416,1776,0.797,841,2750,3591,2064,1220.0,773,370,352,1503,1458,9256,382.0,1,6,6,6,9,17,26,6,25,29,7,10,17,7,23,10,17,23,22,3,20,6,14,26,20,6,2024-25
1610612747,Los Angeles Lakers,82,50,32,0.61,3946.0,3356,7007,0.479,1092,2981,0.366,1494,1902,0.785,792,2687,3479,2131,1145.0,633,367,344,1415,1576,9298,100.0,1,6,6,6,23,20,30,9,15,19,14,2,3,13,27,20,26,18,12,22,22,4,5,6,19,14,2024-25
1610612763,Memphis Grizzlies,82,48,34,0.585,3941.0,3670,7654,0.479,1141,3106,0.367,1499,1908,0.786,1056,2819,3875,2330,1285.0,726,462,450,1711,1653,9980,398.0,1,11,11,11,29,2,2,8,11,13,11,1,2,12,3,4,2,8,28,7,3,25,29,2,2,5,2024-25
1610612748,Miami Heat,82,37,45,0.451,3986.0,3318,7138,0.465,1124,3060,0.367,1309,1654,0.791,798,2760,3558,2166,1114.0,668,314,382,1275,1390,9069,46.0,1,20,20,20,1,24,24,18,12,16,12,26,27,8,26,9,21,14,8,15,30,13,1,29,24,15,2024-25
1610612749,Milwaukee Bucks,82,48,34,0.585,3951.0,3445,7082,0.486,1161,3003,0.387,1421,1895,0.75,674,2882,3556,2090,1097.0,601,384,315,1469,1552,9472,203.0,1,11,11,11,18,12,25,4,8,18,1,8,5,28,30,2,22,21,7,27,19,2,9,12,11,11,2024-25
1610612750,Minnesota Timberwolves,82,49,33,0.598,3966.0,3364,7182,0.468,1233,3269,0.377,1411,1789,0.789,908,2726,3634,2142,1186.0,654,406,368,1498,1571,9372,410.0,1,10,10,10,6,19,22,16,5,5,4,12,16,10,15,13,15,17,18,18,14,11,12,7,13,4,2024-25
1610612740,New Orleans Pelicans,82,21,61,0.256,3951.0,3332,7368,0.452,986,2839,0.347,1356,1799,0.754,993,2583,3576,2119,1201.0,701,429,428,1499,1471,9006,-773.0,1,27,27,27,18,22,13,24,27,25,24,22,14,27,7,26,20,19,19,8,10,21,13,25,25,29,2024-25
1610612752,New York Knicks,82,51,31,0.622,3976.0,3553,7315,0.486,1031,2794,0.369,1357,1696,0.8,890,2607,3497,2254,1088.0,671,324,406,1407,1554,9494,336.0,1,5,5,5,2,7,18,5,24,27,8,21,23,5,19,25,24,11,5,13,29,16,4,10,9,8,2024-25
1610612760,Oklahoma City Thunder,82,68,14,0.829,3941.0,3660,7600,0.482,1192,3184,0.374,1369,1672,0.819,871,2801,3672,2202,961.0,847,465,392,1631,1485,9881,1055.0,1,1,1,1,29,3,3,7,6,10,6,19,26,1,20,6,11,12,1,1,2,14,25,23,4,1,2024-25
1610612753,Orlando Magic,82,41,41,0.5,3946.0,3130,7034,0.445,921,2892,0.318,1464,1890,0.775,914,2517,3431,1887,1165.0,729,488,361,1648,1666,8645,-10.0,1,15,15,15,23,29,29,27,30,23,30,5,7,19,14,28,27,30,16,6,1,8,26,1,28,17,2024-25
1610612755,Philadelphia 76ers,82,24,58,0.293,3961.0,3254,7168,0.454,1041,3050,0.341,1439,1844,0.78,852,2411,3263,1901,1117.0,752,366,420,1556,1530,8988,-511.0,1,26,26,26,9,26,23,23,21,17,27,7,9,15,22,30,30,29,9,5,23,19,19,17,26,25,2024-25
1610612756,Phoenix Suns,82,36,46,0.439,3966.0,3381,7075,0.478,1176,3112,0.378,1379,1702,0.81,783,2701,3484,2277,1153.0,593,392,329,1471,1509,9317,-246.0,1,21,21,21,6,18,26,11,7,12,3,18,22,2,28,18,25,10,15,28,16,3,10,20,18,23,2024-25
1610612757,Portland Trail Blazers,82,36,46,0.439,3956.0,3325,7396,0.45,1057,3095,0.342,1386,1820,0.762,1095,2576,3671,1952,1309.0,678,433,453,1558,1581,9093,-244.0,1,21,21,21,14,23,9,26,19,14,26,16,12,26,2,27,12,27,29,11,8,26,21,3,22,22,2024-25
1610612758,Sacramento Kings,82,40,42,0.488,3976.0,3529,7385,0.478,1032,2887,0.357,1400,1738,0.806,901,2723,3624,2169,1092.0,620,357,350,1548,1515,9490,39.0,1,16,16,16,2,9,10,12,23,24,19,13,19,4,16,14,16,13,6,25,25,5,17,19,10,16,2024-25
1610612759,San Antonio Spurs,82,34,48,0.415,3946.0,3426,7362,0.465,1158,3246,0.357,1332,1721,0.774,896,2685,3581,2348,1138.0,674,455,356,1363,1428,9342,-226.0,1,23,23,23,23,14,15,17,9,7,20,24,21,21,17,21,19,6,10,12,4,7,3,28,16,21,2024-25
1610612761,Toronto Raptors,82,30,52,0.366,3961.0,3414,7462,0.458,969,2786,0.348,1294,1729,0.748,1034,2666,3700,2340,1257.0,664,348,484,1738,1484,9091,-352.0,1,24,24,24,9,15,6,20,29,28,23,28,20,29,4,24,10,7,24,16,28,29,30,24,23,24,2024-25
1610612762,Utah Jazz,82,17,65,0.207,3961.0,3305,7272,0.454,1144,3267,0.35,1421,1836,0.774,983,2741,3724,2093,1412.0,555,360,527,1549,1580,9175,-766.0,1,30,30,30,9,25,20,22,10,6,22,8,10,22,8,11,5,20,30,30,24,30,18,4,21,28,2024-25
1610612764,Washington Wizards,82,18,64,0.22,3946.0,3233,7371,0.439,1075,3210,0.335,1315,1690,0.778,867,2716,3583,2058,1276.0,623,420,428,1618,1490,8856,-1020.0,1,29,29,29,23,27,12,28,17,9,29,25,25,16,21,15,18,25,27,23,11,21,24,21,27,30,2024-25
1610612737,Atlanta Hawks,82,46,36,0.561,3951.0,3575,7541,0.474,1201,3237,0.371,1363,1762,0.774,900,2670,3570,2471,1162.0,768,384,402,1612,1515,9714,198.0,1,11,11,11,14,2,2,13,6,9,5,26,24,20,18,13,18,1,10,5,18,17,14,26,6,12,2025-26
1610612738,Boston Celtics,82,56,26,0.683,3946.0,3456,7398,0.467,1268,3456,0.367,1238,1534,0.807,1025,2777,3802,2021,1014.0,585,410,339,1562,1508,9418,631.0,1,4,4,4,26,14,9,16,3,4,8,29,30,7,7,7,3,27,1,28,11,3,9,27,19,4,2025-26
1610612751,Brooklyn Nets,82,20,62,0.244,3951.0,3071,6933,0.443,1073,3152,0.34,1471,1885,0.78,847,2378,3225,2050,1292.0,653,350,436,1728,1595,8686,-819.0,1,28,28,28,14,30,28,30,18,11,30,18,18,16,24,30,30,26,29,22,23,23,26,21,30,28,2025-26
1610612766,Charlotte Hornets,82,44,38,0.537,3951.0,3357,7292,0.46,1343,3549,0.378,1456,1780,0.818,1048,2730,3778,2160,1264.0,577,370,364,1564,1626,9513,396.0,1,16,16,16,14,24,21,25,1,2,3,20,23,2,5,8,5,15,25,29,21,9,10,18,13,8,2025-26
1610612741,Chicago Bulls,82,31,51,0.378,3951.0,3476,7417,0.469,1169,3287,0.356,1416,1824,0.776,849,2845,3694,2335,1257.0,627,410,457,1561,1545,9537,-427.0,1,22,22,22,14,13,6,14,9,6,19,23,22,18,23,2,9,7,23,23,11,26,8,24,12,22,2025-26
1610612739,Cleveland Cavaliers,82,52,30,0.634,3951.0,3554,7381,0.482,1173,3261,0.36,1520,1959,0.776,961,2682,3643,2321,1147.0,697,409,354,1605,1683,9801,337.0,1,8,8,8,14,6,12,8,8,7,13,15,14,19,12,12,11,8,9,16,13,6,12,7,4,9,2025-26
1610612742,Dallas Mavericks,82,26,56,0.317,3971.0,3432,7366,0.466,899,2615,0.344,1595,2113,0.755,863,2803,3666,2072,1193.0,619,423,432,1508,1723,9358,-452.0,1,23,23,23,4,17,14,19,29,27,26,10,5,28,22,6,10,22,18,24,10,21,2,5,23,23,2025-26
1610612743,Denver Nuggets,82,54,28,0.659,3986.0,3570,7196,0.496,1161,2934,0.396,1709,2116,0.808,801,2805,3606,2375,1057.0,560,325,380,1569,1759,10010,422.0,1,5,5,5,1,3,26,2,11,20,1,2,4,5,26,5,14,4,3,30,28,13,11,3,1,7,2025-26
1610612765,Detroit Pistons,82,60,22,0.732,3961.0,3560,7340,0.485,902,2534,0.356,1635,2144,0.763,1073,2663,3736,2281,1241.0,856,523,476,1803,1745,9657,669.0,1,3,3,3,8,5,16,3,28,29,17,7,3,27,3,14,8,11,21,1,1,29,30,4,8,3,2025-26
1610612744,Golden State Warriors,82,37,45,0.451,3961.0,3357,7280,0.461,1286,3616,0.356,1398,1732,0.807,932,2540,3472,2369,1284.0,796,346,342,1608,1524,9398,-46.0,1,20,20,20,8,24,22,24,2,1,20,24,27,6,15,25,21,6,27,2,26,5,13,25,22,20,2025-26
1610612745,Houston Rockets,82,52,30,0.634,3981.0,3523,7362,0.479,940,2580,0.364,1463,1917,0.763,1233,2713,3946,2083,1261.0,701,473,386,1501,1640,9449,428.0,1,8,8,8,2,8,15,10,25,28,10,19,16,25,1,9,1,21,24,14,3,14,1,15,18,6,2025-26
1610612754,Indiana Pacers,82,19,63,0.232,3951.0,3346,7304,0.458,1097,3084,0.356,1430,1842,0.776,806,2633,3439,2269,1190.0,605,374,390,1710,1633,9219,-655.0,1,29,29,29,14,27,19,26,17,16,18,22,21,17,25,16,25,12,17,27,19,16,23,17,27,26,2025-26
1610612746,LA Clippers,82,42,40,0.512,3955.998333,3322,6857,0.484,1019,2772,0.368,1666,2025,0.823,784,2545,3329,1947,1176.0,738,400,377,1549,1646,9329,93.0,1,18,18,18,12,29,30,4,21,23,7,4,12,1,27,24,29,30,14,7,14,12,6,14,24,16,2025-26
1610612747,Los Angeles Lakers,82,53,29,0.646,3941.0,3448,6863,0.502,970,2701,0.359,1674,2194,0.763,774,2587,3361,2122,1188.0,701,351,283,1517,1721,9540,144.0,1,6,6,6,29,16,29,1,23,24,14,3,2,26,29,22,27,17,15,14,22,1,3,6,11,14,2025-26
1610612763,Memphis Grizzlies,82,25,57,0.305,3946.0,3390,7431,0.456,1143,3241,0.353,1480,1867,0.793,916,2538,3454,2283,1236.0,723,393,434,1680,1599,9403,-493.0,1,25,25,25,26,21,4,27,12,8,22,16,20,9,16,26,23,10,20,10,16,22,21,20,20,24,2025-26
1610612748,Miami Heat,82,43,39,0.524,3940.971667,3582,7648,0.468,1123,3107,0.361,1624,2051,0.792,970,2825,3795,2374,1120.0,709,349,402,1547,1668,9911,191.0,1,17,17,17,30,1,1,15,15,15,11,9,10,11,10,4,4,5,7,13,24,17,5,10,2,13,2025-26
1610612749,Milwaukee Bucks,82,32,50,0.39,3951.0,3345,7012,0.477,1240,3205,0.387,1142,1564,0.73,731,2610,3341,2116,1247.0,607,326,340,1617,1443,9072,-509.0,1,21,21,21,14,28,27,12,4,10,2,30,29,30,30,19,28,18,22,26,27,4,16,30,29,25,2025-26
1610612750,Minnesota Timberwolves,82,49,33,0.598,3956.0,3495,7260,0.481,1128,3049,0.37,1558,2072,0.752,907,2708,3615,2138,1214.0,717,476,337,1738,1677,9676,275.0,1,10,10,10,11,10,23,9,14,17,6,13,7,29,17,10,13,16,19,12,2,2,28,8,7,10,2025-26
1610612740,New Orleans Pelicans,82,26,56,0.317,3960.971667,3455,7420,0.466,914,2635,0.347,1649,2104,0.784,1002,2596,3598,2058,1163.0,726,424,475,1634,1659,9473,-369.0,1,23,23,23,10,15,5,20,27,25,24,5,6,14,8,21,15,24,12,9,9,28,17,12,16,21,2025-26
1610612752,New York Knicks,82,53,29,0.646,3951.0,3500,7328,0.478,1168,3133,0.373,1381,1743,0.792,1040,2700,3740,2250,1119.0,666,322,355,1638,1595,9549,519.0,1,6,6,6,14,9,17,11,10,12,4,25,25,10,6,11,7,13,6,19,29,7,19,21,10,5,2025-26
1610612760,Oklahoma City Thunder,82,64,18,0.78,3971.0,3534,7307,0.484,1135,3111,0.365,1557,1905,0.817,784,2834,3618,2113,1031.0,796,449,358,1555,1670,9760,914.0,1,1,1,1,4,7,18,5,13,13,9,14,17,3,27,3,12,19,2,2,6,8,7,9,5,1,2025-26
1610612753,Orlando Magic,82,45,37,0.549,3966.0,3363,7244,0.464,961,2799,0.343,1804,2251,0.801,898,2659,3557,2177,1162.0,697,387,441,1719,1792,9491,52.0,1,13,13,13,6,22,25,21,24,22,27,1,1,8,20,15,19,14,10,16,17,24,25,2,15,17,2025-26
1610612755,Philadelphia 76ers,82,45,37,0.549,3975.998333,3422,7404,0.462,1011,2896,0.349,1647,2035,0.809,967,2611,3578,2017,1117.0,750,464,420,1667,1634,9502,-15.0,1,13,13,13,3,19,8,23,22,21,23,6,11,4,11,18,17,29,5,6,4,20,20,16,14,18,2025-26
1610612756,Phoenix Suns,82,45,37,0.549,3951.0,3362,7389,0.455,1210,3348,0.361,1298,1663,0.781,1064,2471,3535,2021,1188.0,781,347,366,1691,1547,9232,120.0,1,13,13,13,14,23,10,28,5,5,12,28,28,15,4,29,20,27,15,4,25,10,22,23,26,15,2025-26
1610612757,Portland Trail Blazers,82,42,40,0.512,3951.0,3350,7389,0.453,1186,3462,0.343,1583,2069,0.765,1157,2614,3771,2062,1417.0,677,448,469,1634,1804,9469,-24.0,1,18,18,18,14,26,10,29,7,3,28,12,9,24,2,17,6,23,30,18,7,27,17,1,17,19,2025-26
1610612758,Sacramento Kings,82,22,60,0.268,3951.0,3408,7299,0.467,843,2476,0.34,1443,1870,0.772,943,2523,3466,2095,1175.0,658,372,386,1614,1502,9102,-820.0,1,26,26,26,14,20,20,18,30,30,29,21,19,21,13,28,22,20,13,20,20,14,15,28,28,29,2025-26
1610612759,San Antonio Spurs,82,62,20,0.756,3946.0,3562,7371,0.483,1116,3108,0.359,1586,2016,0.787,935,2921,3856,2302,1103.0,617,447,374,1546,1659,9826,681.0,1,2,2,2,26,4,13,6,16,14,15,11,13,12,14,1,2,9,4,25,8,11,4,12,3,2,2025-26
1610612761,Toronto Raptors,82,46,36,0.561,3955.983333,3495,7250,0.482,932,2633,0.354,1478,1922,0.769,895,2557,3452,2417,1121.0,722,395,411,1710,1622,9400,232.0,1,11,11,11,13,10,24,7,26,26,21,17,15,22,21,23,24,3,8,11,15,19,23,19,21,11,2025-26
1610612762,Utah Jazz,82,22,60,0.268,3966.0,3489,7469,0.467,1036,3006,0.345,1628,2071,0.786,984,2609,3593,2429,1272.0,729,309,477,1733,1668,9642,-691.0,1,26,26,26,6,12,3,17,20,18,25,8,8,13,9,20,16,2,26,8,30,30,27,10,9,27,2025-26
1610612764,Washington Wizards,82,17,65,0.207,3950.983333,3428,7409,0.463,1070,2983,0.359,1332,1738,0.766,900,2536,3436,2054,1284.0,655,452,445,1750,1465,9258,-982.0,1,30,30,30,25,18,7,22,19,19,16,27,26,23,18,27,26,25,27,21,5,25,29,29,25,30,2025-26
